tree
version=v4
num_class=1
num_tree_per_iteration=1
label_index=0
max_feature_idx=17
objective=binary sigmoid:1
feature_names=winner lane lq2 q1a avg_st avg_st_vs1 avg_st_vs_oth st_setsu c_st cls_gap n_win m_2ren tenji_dev mot_pure f_count jcd wave wind
feature_infos=-1:0:1:2:3:4:5 -1:5:4:3:2:1:0 [-6.1258144378662109:-0.20784325897693634] [0.0031999875791370869:0.92820835113525391] [0:0.2800000011920929] [-0.27000001072883606:0.27000001072883606] [-0.22249999642372131:0.18250000476837158] none none [-3:3] [0:8.9899997711181641] [0:1] [-0.30666667222976685:0.48833334445953369] [-0.16131666302680969:0.12579929828643799] [0:3] -1:19:6:17:24:23:22:8:21:10:2:16:1:7:5:20:12:15:11:9:14:13:18:4:3 none none
tree_sizes=3400 3528 3513 3499 3507 3517 3502 3381 3547 3553 3430 3449 3562 3536 3525 3501 3514 3510 3511 3498 3472 3529 3449 3514 3497 3509 3480 3489 3559 3520 3529 3505 3545 3478 3453 3533 3560 3516 3472 3518 3525 3545 3520 3538 3478 3538 3504 3509 3494 3503 3540 3489 3542 3567 3520 3582 3524 3530 3542 3533 3517 3540 3525 3511 3566 3511 3517 3507 3522 3478 3536 3520 3543 3465 3522 3498 3530 3563 3510 3555 3490 3580 3495 3511 3490 3490 3491 3486 3530 3523 3534 3521 3524 3523 3536 3511 3521 3489 3517 3500 3496 3538 3499 3549 3536 3573 3552 3507 3574 3564 3527 3579 3506 3489 3579 3551 3518 3497 3516 3532 3499 3626 3538 3487 3525 3544 3497 3527 3507 3528 3523 3510 3458 3476 3485

Tree=0
num_leaves=31
num_cat=5
split_feature=2 2 2 2 2 2 2 2 2 2 2 2 2 2 2 2 1 1 12 2 13 15 2 12 12 6 2 15 12 15
split_gain=33582.6 5737.03 4959.45 1032.4 833.241 608.611 565.076 164.785 94.2731 88.8116 86.5775 76.55 75.2149 74.1498 72.9162 46.3742 32.0459 30.4311 26.9243 26.0358 23.5099 16.5483 14.6389 14.5349 16.2103 16.9033 14.3946 13.9879 13.9786 19.2636
threshold=-1.4343932867050169 -0.9347795546054839 -2.1721699237823482 -0.69920131564140309 -1.1684695482254026 -1.7509003877639768 -2.7854049205780025 -0.59706607460975636 -0.84565806388854969 -3.3279221057891841 -1.9420680403709409 -1.0755372047424314 -1.6025270223617551 -1.2337486743927 -2.4119105339050289 -0.47306984663009638 0 1 -0.0025000000605359669 -0.74564701318740834 0.0093876747414469736 2 -1.0062856674194334 0.015833333600312475 -0.087499998509883867 0.023750000633299354 -1.3080294728279112 3 -0.020833333022892472 4
decision_type=2 2 2 2 2 2 2 2 2 2 2 2 2 2 2 2 1 1 2 2 10 1 2 2 2 2 2 1 2 1
left_child=2 4 6 8 13 10 9 -5 -3 -1 -4 23 -7 16 -8 -9 28 27 22 -10 26 -22 -13 24 -6 -26 -18 -14 29 -2
right_child=1 3 5 7 11 12 14 15 19 -11 -12 18 17 -15 -16 -17 20 -19 -20 -21 21 -23 -24 -25 25 -27 -28 -29 -30 -31
leaf_value=-1.443850897927528 -1.376218261552747 -1.3178629554800905 -1.4080952873459924 -1.2805319145437941 -1.3663668241564066 -1.3903519851840009 -1.4264008223212286 -1.2588134826677018 -1.3065623811311362 -1.4344404724553146 -1.3986263258926213 -1.3356210100874919 -1.3732286455985412 -1.3555940413527217 -1.4176436406753701 -1.2293886105508149 -1.3711798995861577 -1.3852687105791481 -1.3399901535774215 -1.2940168707772908 -1.3912649062179205 -1.3728370909307543 -1.3266083959780157 -1.3524008249606074 -1.344803901257561 -1.3297212676161487 -1.3640307766418884 -1.3809624173688468 -1.3648616439334551 -1.3515991103676255
leaf_weight=5272.6398821473122 129.91999709606171 2052.3199541270733 5063.8398868143559 1131.1999747157097 80.799998193979263 3889.4399130642414 5322.0798810422421 719.51998391747475 1850.0799586474895 5012.3198879659176 4633.9198964238167 1043.5199766755104 1204.1599730849266 1830.879959076643 4404.7999015450478 230.55999484658241 1993.4399554431438 2152.4799518883228 1590.0799644589424 685.59998467564583 205.27999541163445 276.31999382376671 1055.1999764144421 744.15998336672783 1511.3599662184715 231.67999482154846 1115.519975066185 1235.1999723911285 1307.6799707710743 523.51998829841614
leaf_count=32954 812 12827 31649 7070 505 24309 33263 4497 11563 31327 28962 6522 7526 11443 27530 1441 12459 13453 9938 4285 1283 1727 6595 4651 9446 1448 6972 7720 8173 3272
internal_value=-1.3863 -1.33435 -1.41393 -1.29635 -1.35294 -1.39502 -1.4311 -1.2671 -1.30967 -1.43928 -1.40357 -1.33952 -1.38524 -1.36433 -1.42244 -1.25136 -1.36722 -1.3809 -1.33487 -1.3031 -1.37024 -1.3805 -1.33104 -1.34624 -1.34376 -1.34274 -1.3686 -1.3771 -1.36193 -1.35577
internal_weight=58499.5 20308.6 38190.9 6669.28 13639.4 18179 20011.8 2081.28 4588 10285 9697.76 6256.8 8481.28 7382.56 9726.88 950.08 5551.68 4591.84 3688.8 2535.68 3590.56 481.6 2098.72 2568 1823.84 1743.04 3108.96 2439.36 1961.12 653.44
internal_count=365622 126929 238693 41683 85246 113619 125074 13008 28675 64281 60611 39105 53008 46141 60793 5938 34698 28699 23055 15848 22441 3010 13117 16050 11399 10894 19431 15246 12257 4084
cat_boundaries=0 1 2 3 4 5
cat_threshold=3 7 18115206 12950644 27271172
is_linear=0
shrinkage=1


Tree=1
num_leaves=31
num_cat=3
split_feature=2 2 2 2 2 2 2 2 2 2 2 2 2 2 2 2 2 12 2 15 10 15 10 6 15 10 11 11 12 2
split_gain=30075.3 5100.48 4196.56 928.704 715.032 565.578 496.557 121.595 117.238 99.6799 91.354 80.4299 65.3571 62.8879 46.1061 31.0185 24.8078 19.5189 18.6322 17.6971 17.1877 17.0441 16.1285 15.2043 16.7784 14.8583 14.1203 13.499 13.1514 13.052
threshold=-1.4753534793853758 -0.91592651605606068 -2.1721699237823482 -1.1925404667854307 -0.68180623650550831 -2.7854049205780025 -1.7509003877639768 -0.53161874413490284 -0.83471965789794911 -1.0755372047424314 -3.4728074073791499 -1.3503937125205991 -1.9725716710090635 -2.4119105339050289 -1.6025270223617551 -0.74564701318740834 -0.99737027287483204 -0.032500000670552247 -1.2423597574234007 0 6.5250000953674325 1 6.2449998855590829 -0.0087499998044222576 2 6.6250000000000009 0.50104999542236339 0.26854999363422399 0.0041666666511446246 -3.018058061599731
decision_type=2 2 2 2 2 2 2 2 2 2 2 2 2 2 2 2 2 2 2 1 2 1 2 2 1 2 2 2 2 2
left_child=2 3 5 11 8 10 12 20 -3 19 -1 26 -4 -7 -8 22 17 -11 21 -5 -6 -13 -10 25 -25 -16 -2 -20 -23 -12
right_child=1 4 6 9 7 13 14 -9 15 16 29 18 -14 -15 23 -17 -18 -19 27 -21 -22 28 -24 24 -26 -27 -28 -29 -30 -31
leaf_value=-0.057742559702745271 0.013422322743311635 0.062392808413788997 -0.021748111645289669 0.031152810313881105 0.10561432760586356 -0.038704371415643063 -0.0036463672584772762 0.12953514486666229 0.079080945144855946 0.052203826964512472 -0.050068230081128123 0.01520779862184393 -0.013445311147266714 -0.03047709287493712 -0.0025788855169289792 0.086596479435050611 0.051988879986390471 0.041075416268866627 0.018045277884798535 0.04055902420411784 0.092254592491192056 0.027470666015887532 0.067910516390021936 0.01111645863059274 0.0023597152968536004 0.012057584831285053 -0.0051525089820432038 0.030262898181939103 0.018955335655757178 -0.044926712382118088
leaf_weight=4180.4431906342506 3405.3630778193474 1892.1209152638912 4314.0679341554642 1543.2315955609083 881.98065546154976 5214.825257435441 3881.7279624938965 520.99366392195225 984.03736935555935 579.85252478718758 3351.8983344435692 1116.9379197508097 5297.520278647542 4303.8351521193981 1037.1095607727766 964.91960752010345 2127.5219432860613 1580.3672729432583 296.77995520830154 1755.4062715023756 587.24261663854122 1102.4612665623426 705.71022109687328 1099.3740919083357 1116.9427909255028 206.12531836330891 104.50080090761185 1129.9938247799873 813.5596487224102 2424.969742834568
leaf_count=27060 21113 11349 27320 9430 5163 33395 24320 3001 5869 3515 21605 6901 33381 27414 6464 5703 12855 9598 1823 10726 3435 6801 4209 6846 6958 1286 648 6941 5028 15606
internal_value=2.38447e-05 0.0460483 -0.0278896 0.030468 0.0831039 -0.0437216 -0.00969829 0.108155 0.0720959 0.042989 -0.0520583 0.0185412 -0.0171757 -0.0349916 9.35241e-05 0.0789597 0.0480408 0.0441081 0.0229994 0.0363972 0.100407 0.0207476 0.0745015 0.00428948 0.00677024 -0.000136726 0.0128667 0.0277504 0.0237547 -0.0479263
internal_weight=58521.8 22093 36428.8 15556 6537.01 19476 16952.9 1990.22 4546.79 7586.38 9957.31 7969.6 9611.59 9518.66 7341.28 2654.67 4287.74 2160.22 4459.73 3298.64 1469.22 3032.96 1689.75 3459.55 2216.32 1243.23 3509.86 1426.77 1916.02 5776.87
internal_count=365763 134108 231655 95379 38729 125080 106575 11599 27130 46124 64271 49255 60701 60809 45874 15781 25968 13113 27494 20156 8598 18730 10078 21554 13804 7750 21761 8764 11829 37211
cat_boundaries=0 1 2 3
cat_threshold=20037990 8678924 11705390
is_linear=0
shrinkage=0.05


Tree=2
num_leaves=31
num_cat=6
split_feature=2 2 2 2 2 2 2 2 2 2 2 2 2 2 2 12 1 2 2 2 15 15 15 15 4 12 2 12 13 15
split_gain=26671.2 4337.14 3890.18 638.22 571.294 569.212 508.28 110.13 83.515 81.1256 67.864 63.2827 55.7375 46.8553 45.1996 28.5946 28.5292 27.5175 26.8883 22.8123 23.5819 20.5305 19.3817 18.0956 18.0243 16.2 15.8617 21.7321 15.6941 14.6439
threshold=-1.4426936507225034 -2.2060441970825191 -0.9347795546054839 -0.71466577053070057 -1.8159692287445066 -1.1925404667854307 -2.822860479354858 -0.59706607460975636 -1.6025270223617551 -3.4728074073791499 -1.1090694665908811 -2.4968943595886226 -0.83471965789794911 -1.992276608943939 -1.3503937125205991 0.020833333022892479 0 -0.47306984663009638 -0.99737027287483204 -1.7057085037231443 1 2 3 4 0.16499999910593036 1.0000000180025095e-35 -1.2175930738449094 -0.022499999962747094 -0.034219402819871896 5
decision_type=2 2 2 2 2 2 2 2 2 2 2 2 2 2 2 2 1 2 2 2 1 1 1 1 2 2 2 2 8 1
left_child=1 6 5 12 13 14 9 -5 19 -1 15 -8 -4 28 -2 29 23 -9 -12 20 -6 25 -16 -10 -14 -21 27 -24 -3 -7
right_child=2 4 3 7 8 10 11 17 16 -11 18 -13 24 -15 22 -17 -18 -19 -20 21 -22 -23 26 -25 -26 -27 -28 -29 -30 -31
leaf_value=-0.056966213871968707 0.01340759047147505 -0.0025710737945957734 0.057054581758912787 0.084331817469379899 -0.0024155167797978872 0.027439089447133021 -0.039448367412787906 0.1003783930288985 0.014609228979961468 -0.047382434780794486 0.039111717758856294 -0.031014667069077014 0.065031440734677287 -0.014500403731203072 0.016956050310018678 0.022068839490412745 0.00014850278064240725 0.12157825709441912 0.047086731623573387 -0.00049515837901330001 -0.01188513978821098 0.0021029855523462026 0.030152549164423843 0.0050760403574338815 0.075789283845219726 -0.012451735688442614 0.03304923148726175 0.019585404008416803 -0.022386546348496707 0.039305376944520562
leaf_weight=4041.6524398326874 2620.9970507919788 102.83895054459572 2466.3002870380878 1515.6168322861195 1136.4953566789627 755.63705432415009 4186.956664159894 810.59864203631878 753.19691915810108 5153.0626275986433 3182.2439061254263 4898.954265743494 1632.1927069425583 4096.0057594776154 1702.1735331267118 607.92766650021076 2059.4388007670641 268.3333466053009 1707.0386134237051 543.55648140609264 1614.2758560031652 1587.0320355147123 705.08900228142738 1555.8076958358288 657.00840646028519 590.06058119237423 459.31295777857304 1657.4379079788923 4348.9546224027872 1055.2236936241388
leaf_count=27126 16100 661 14298 8459 7182 4526 27488 4435 4650 34207 18889 31886 9313 26058 10368 3648 12819 1432 10030 3413 10201 9965 4276 9649 3743 3705 2773 10099 27956 6305
internal_value=-2.80653e-05 -0.0260672 0.0437627 0.0733761 -0.00891983 0.0286949 -0.0433122 0.0933614 -0.000704897 -0.0516066 0.0385065 -0.0349089 0.0624377 -0.0183741 0.0186513 0.0315894 0.00444916 0.105866 0.0419142 -0.00482008 -0.00802926 -0.00157184 0.021682 0.00824522 0.0681824 -0.00667092 0.0243723 0.022762 -0.0219302 0.0347577
internal_weight=58471.4 36668.3 21803.1 7350.05 18387.7 14453.1 18280.6 2594.55 9839.86 9194.72 7308.07 9085.91 4755.5 8547.8 7145.01 2418.79 4368.44 1078.93 4889.28 5471.42 2750.77 2720.65 4524.01 2309 2289.2 1133.62 2821.84 2362.53 4451.79 1810.86
internal_count=365660 236966 128694 41680 116259 87014 120707 14326 61584 61333 43398 59374 27354 54675 43616 14479 27118 5867 28919 34466 17383 17083 27516 14299 13056 7118 17148 14375 28617 10831
cat_boundaries=0 1 2 3 4 5 6
cat_threshold=7 8713496 12984946 8415004 12852260 18976518
is_linear=0
shrinkage=0.05


Tree=3
num_leaves=31
num_cat=8
split_feature=2 2 2 2 2 2 2 2 2 2 2 2 2 2 2 1 10 15 12 12 15 15 13 13 15 2 15 13 1 15
split_gain=24191.1 3775.55 3640.81 606.937 493.409 488.186 456.898 79.8626 79.1913 78.2595 64.6764 60.2947 52.1692 45.1522 43.6333 29.2954 22.5625 22.2053 20.3702 18.9848 18.8584 16.9763 16.3101 15.9945 15.5734 15.5227 15.3918 15.2615 15.0864 18.0501
threshold=-1.4753534793853758 -2.24220860004425 -0.9347795546054839 -1.1925404667854307 -1.8159692287445066 -0.66397362947463978 -2.9946316480636592 -0.76063054800033558 -2.5582106113433833 -1.1090694665908811 -2.0336883068084712 -1.3503937125205991 -1.7057085037231443 -3.6917496919631954 -0.56869837641715992 0 5.8949999809265146 1 0.0025000000605359678 -0.0025000000605359669 2 3 -0.025789009407162663 0.0083376676775515097 4 -0.88685262203216542 5 -0.026320744305849072 6 7
decision_type=2 2 2 2 2 2 2 2 2 2 2 2 2 2 2 1 2 1 2 2 1 1 8 10 1 2 1 8 1 1
left_child=1 6 3 11 10 7 13 22 -8 18 -3 -2 17 -1 -7 21 -9 -6 26 -11 -20 -14 -4 28 -25 -24 -5 -17 -13 -30
right_child=2 4 5 9 12 14 8 16 -10 19 -12 23 15 -15 -16 27 -18 -19 20 -21 -22 -23 25 24 -26 -27 -28 -29 29 -31
leaf_value=-0.057550836493872874 0.011313088727190357 -0.023014197086638037 0.070479868113082544 0.038975659977016019 -0.012847441128291193 0.082217120312849654 -0.040562259937184306 0.078617291462701452 -0.031559966398941791 0.042347181025582374 -0.014536220842453783 0.025632907583449823 0.0077617674572334379 -0.049278671047039167 0.098327907396576486 0.012479835559139936 0.065151697758284194 -0.0036654416233940245 0.032773274190880018 0.035946865477038049 0.017139928857754744 0.00039288985797791246 0.050634493812437356 0.022262625302808908 0.0062617996078655888 0.058008882754912727 0.025942710984594004 -0.0036217646464468418 0.011177415311681385 0.021332265828955928
leaf_weight=2865.9611643254757 3549.9170064628124 4158.1465949863195 229.13445380330086 663.92976103723049 1157.7104254961014 1080.7576216906309 4887.2172862887383 567.54176703095436 5010.0217065811157 2822.2935276627541 4941.2809886187315 1456.8384715765715 1552.1364705264568 4360.4152599871159 866.38379430770874 153.05730141699314 1015.6751335859299 1575.5475722551346 358.68731546401978 2192.7505169659853 669.2746022939682 1577.1691713780165 1192.7474007457495 258.14623162150383 417.26524391770363 2694.764728680253 764.1385108679533 2912.0879320651293 711.22686414420605 1717.6875651329756
leaf_count=19954 21700 27171 1278 3882 7369 5729 33048 3071 33336 16261 31792 8732 9629 29992 4454 957 5504 9987 2112 12712 3955 9828 6714 1557 2515 14976 4493 18217 4287 10306
internal_value=-3.07838e-05 -0.026195 0.0395601 0.0256875 -0.0102223 0.0678139 -0.0430072 0.060384 -0.0360126 0.0359692 -0.0184146 0.0162106 -0.00187028 -0.0525744 0.0894792 0.000669057 0.0700719 -0.00762153 0.0286024 0.0395642 0.0231325 0.00406354 0.0566259 0.0200156 0.0128462 0.0557735 0.0325019 -0.00280099 0.0212546 0.0184283
internal_weight=58379.9 35150.8 23229.2 15582.2 18027.1 7647 17123.6 5699.86 9897.24 7471.07 9099.43 8111.08 8927.71 7226.38 1947.14 6194.45 1583.22 2733.26 2456.03 5015.04 1027.96 3129.31 4116.65 4561.16 675.411 3887.51 1428.07 3065.15 3885.75 2428.91
internal_count=365518 231280 134238 92512 114950 41726 116330 31543 66384 43415 58963 49097 55987 49946 10183 38631 8575 17356 14442 28973 6067 19457 22968 27397 4072 21690 8375 19174 23325 14593
cat_boundaries=0 1 2 3 4 5 6 7 8
cat_threshold=7 7930086 4867728 31693860 3687484 14557388 3 8537116
is_linear=0
shrinkage=0.05


Tree=4
num_leaves=31
num_cat=4
split_feature=2 2 2 2 2 2 2 2 2 2 2 2 2 2 1 1 6 2 1 2 3 4 13 2 2 3 13 13 1 2
split_gain=21754.8 3660.69 2992.54 541.477 455.188 422.669 421.019 83.4965 80.5715 64.8471 62.835 61.4833 52.599 43.7833 27.965 23.6824 20.3876 23.8383 19.5336 15.292 14.4253 13.1467 12.9679 12.8431 11.4853 11.0375 10.7488 10.2905 10.1267 10.0468
threshold=-1.4753534793853758 -2.2182229757308956 -0.9347795546054839 -1.1925404667854307 -2.904711008071899 -0.73061922192573536 -1.7509003877639768 -0.53161874413490284 -1.992276608943939 -2.4968943595886226 -3.4728074073791499 -1.0242411494255064 -1.3247871994972227 -0.83471965789794911 0 1 -0.0087499998044222576 -1.687661826610565 2 -0.62296542525291432 0.038965050131082542 0.14500000327825549 -0.031841045245528214 -1.8822145462036131 -1.1007263660430906 0.40648932754993444 0.0047678458504378804 -0.0022252567578107114 3 -1.3752954602241514
decision_type=2 2 2 2 2 2 2 2 2 2 2 2 2 2 1 1 2 2 1 2 2 2 8 2 2 2 10 8 1 2
left_child=1 4 3 12 10 13 8 19 -3 -6 -1 18 15 -4 16 -2 -8 -18 24 -7 -14 -13 -16 -10 -5 -20 -22 -15 -25 -17
right_child=2 6 5 11 9 7 14 -9 23 -11 -12 21 20 27 22 29 17 -19 25 -21 26 -23 -24 28 -26 -27 -28 -29 -30 -31
leaf_value=-0.05546005696780202 0.0055941084777797823 -0.020851908261324971 0.047980367516248575 0.032885435322342914 -0.038414430490499252 0.068760146102374145 -0.0031739035010653355 0.09317152020324615 -0.014578183517481478 -0.029992743730822044 -0.046338006974746521 0.033968158374330273 0.036477292744468218 0.065127625343327986 0.012570535860415361 0.011813474556277447 -0.0039415224768795621 0.0076763712767786681 0.025121101298806167 0.078002644936479945 0.020177402033614785 0.042352789123009847 -0.0037913851270361953 -0.0041151070604120198 0.044575665462825056 0.030688329746530369 0.013071278207214499 0.055740760595989119 -0.011233803387322409 0.017911079509872696
leaf_weight=3761.9105489253998 1279.5944118499756 4533.3114877194166 2621.0298956781626 481.23589012026787 4784.074708327651 1656.7509957849979 990.00052355229855 607.5684467703104 2479.0326213687658 4496.8727074712515 4042.9446735829115 703.62457983195782 121.54886069893837 465.20237742364407 123.43354161083698 2002.3829610347748 558.09078171849251 2092.8977852761745 1468.3350393623114 863.5433709025383 3088.5795026421547 1880.0651076287031 3569.3311597555876 679.90881808102131 443.63170559704304 2630.7985023856163 661.65618000924587 1724.6975852996111 2458.220778554678 1040.7967579364777
leaf_count=27167 7771 29958 14306 2780 33092 8571 6167 2965 16077 30435 28548 3955 720 2480 769 12154 3526 12962 8427 4359 18299 10565 22414 4375 2520 15097 3951 9204 15819 6249
internal_value=-7.47453e-05 -0.0253831 0.0367765 0.0241891 -0.0418409 0.0618193 -0.00929729 0.0761583 -0.0158913 -0.0343412 -0.0507479 0.0337948 0.0152653 0.0524689 -0.000168822 0.0114646 0.00293598 0.00522942 0.0305389 0.0719863 0.0195007 0.0400974 -0.00322923 -0.0118819 0.0381652 0.0286375 0.0189313 0.0577924 -0.00974395 0.0138638
internal_weight=58311.1 34570 23741 15802.2 17085.8 7938.79 17484.2 3127.86 10150.5 9280.95 7804.86 7607.69 8194.56 4810.93 7333.75 4322.77 3640.99 2650.99 5024 2520.29 3871.78 2583.69 3692.76 5617.16 924.868 4099.13 3750.24 2189.9 3138.13 3043.18
internal_count=365682 231309 134373 92488 119242 41885 112067 15895 66229 63527 55715 43344 49144 25990 45838 26174 22655 16488 28824 12930 22970 14520 23183 36271 5300 23524 22250 11684 20194 18403
cat_boundaries=0 1 2 3 4
cat_threshold=7 40 1 3
is_linear=0
shrinkage=0.05


Tree=5
num_leaves=31
num_cat=7
split_feature=2 2 2 2 2 2 2 2 2 2 2 2 2 2 2 13 15 15 12 15 10 2 12 15 2 10 15 15 13 15
split_gain=19236.6 3057.23 2787.65 509.824 444.293 382.319 322.759 85.2661 69.3934 68.0299 57.9939 51.099 42.8431 41.4974 30.147 23.3166 20.4163 20.1174 19.4768 18.166 17.1585 18.1721 16.9128 18.6683 14.7168 22.6964 15.3056 14.6241 13.0399 18.0272
threshold=-1.5599700212478635 -0.99737027287483204 -2.2923933267593379 -0.73061922192573536 -1.2257527709007261 -2.9946316480636592 -1.8916326165199278 -0.53161874413490284 -1.4343932867050169 -0.87714511156082142 -2.6072126626968379 -3.6917496919631954 -1.7057085037231443 -2.0538365840911861 -1.1007263660430906 0.0093876747414469736 0 1 0.020833333022892479 2 5.4349999427795419 -0.66397362947463978 0.0091666667722165602 3 -1.3503937125205991 4.3849999904632577 4 5 -0.030484502203762528 6
decision_type=2 2 2 2 2 2 2 2 2 2 2 2 2 2 2 10 1 1 2 1 2 2 2 1 2 2 1 1 10 1
left_child=2 4 5 9 8 11 13 20 16 -3 -7 -1 17 -4 18 24 -2 -8 -6 -17 -5 -22 -14 -24 25 28 -27 -15 29 -10
right_child=1 3 6 7 14 10 12 -9 15 -11 -12 -13 22 27 -16 19 -18 -19 -20 -21 21 -23 23 -25 -26 26 -28 -29 -30 -31
leaf_value=-0.056082659112829572 0.001271586780894127 0.040278755345865641 -0.022427054913507261 0.075556125813120545 0.026850124985402742 -0.039095256765448616 -0.012096669027074515 0.086128710380220352 0.033833006219841151 0.050438536488006835 -0.030804314627363369 -0.047011371278737522 0.0015596704385702341 -0.0091729296023825204 0.031439738767816187 -0.0035220130106906225 0.0089789977335521191 -0.0052936029561101673 0.018550316580259057 0.011725261720672543 0.05748972486156935 0.067472539649553118 0.0023846176648328337 -0.0088247566773586913 0.017757642300106492 0.0044001118620590638 0.014019256479529006 -0.017043119951227838 0.039443533051661636 0.0048901922611349277
leaf_weight=2658.3315396308899 1587.0685382634401 3435.9164846688509 4455.439920514822 406.51022328436375 2826.1245883405209 4018.1123332232237 2071.6131699234247 637.82606375217438 87.86488139629364 3311.9012254029512 4592.9232200533152 4105.7130101919174 2214.2155665308237 887.44002637267113 3112.4481976628304 289.90443882346153 1897.8455585837364 2412.984684586525 972.19579493999481 576.31885723769665 922.28907559812069 1275.6616764515638 555.03012196719646 1103.6719541847706 3161.6917463243008 750.40386520326138 1013.0381654947996 2632.4229248315096 98.887787714600563 146.27287314832211
leaf_count=19960 9783 18612 30097 2017 16131 28659 13385 2997 527 17310 31953 30126 13840 5848 17353 1744 11666 15518 5608 3442 4650 6264 3467 6925 18593 4510 6090 17345 593 877
internal_value=-0.00012823 0.0313033 -0.0264077 0.053136 0.0180957 -0.0416866 -0.0120213 0.0694504 0.0111383 0.0452788 -0.0346812 -0.050592 -0.00515323 -0.0192154 0.0277638 0.0143431 0.0055011 -0.00847896 0.0247366 0.00672048 0.065303 0.0633397 -0.00129985 -0.00511433 0.0155959 0.0123219 0.0100399 -0.0151396 0.024273 0.017586
internal_weight=58218.1 26510.2 31707.9 9990.1 16520.1 15375.1 16332.8 3242.29 9609.3 6747.82 8611.04 6764.04 8357.52 7975.3 6910.77 6124.38 3484.91 4484.6 3798.32 866.223 2604.46 2197.95 3872.92 1658.7 5258.16 2096.47 1763.44 3519.86 333.026 234.138
internal_count=365890 148767 217123 51850 96917 110698 106425 15928 57825 35922 60612 50086 53135 53290 39092 36376 21449 28903 21739 5186 12931 10914 24232 10392 31190 12597 10600 23193 1997 1404
cat_boundaries=0 1 2 3 4 5 6 7
cat_threshold=19391000 3869412 18098310 16862348 365398 3164432 4817734
is_linear=0
shrinkage=0.05


Tree=6
num_leaves=31
num_cat=4
split_feature=2 2 2 2 2 2 2 2 2 2 2 2 1 2 2 2 13 1 1 6 11 11 6 0 2 12 12 2 13 11
split_gain=17491.4 2958.13 2439.26 476.281 431.675 324.421 278.325 90.4477 90.296 45.7117 44.4776 44.4345 42.7237 41.0318 32.6829 23.0114 19.5032 16.5134 16.1594 15.4191 14.7641 14.2578 15.9641 14.1129 14.0978 13.6006 13.3766 13.0233 14.128 12.9668
threshold=-1.6025270223617551 -0.99737027287483204 -2.3438787460327144 -1.2337486743927 -0.74564701318740834 -3.018058061599731 -1.9627658724784849 -0.59706607460975636 -1.4343932867050169 -0.87714511156082142 -3.6917496919631954 -2.6072126626968379 0 -1.8159692287445066 -2.1502938270568843 -1.1090694665908811 0.011556613724678757 1 2 -0.028749999590218064 0.16724999994039538 0.4423500001430512 -0.043750001117587083 3 -0.47306984663009638 -0.085833333432674394 0.044166667386889465 -1.0840346217155454 -0.013151644263416527 0.40874999761581426
decision_type=2 2 2 2 2 2 2 2 2 2 2 2 1 2 2 2 10 1 1 2 2 2 2 1 2 2 2 2 8 2
left_child=2 3 5 8 9 10 14 -6 17 21 -1 -7 27 -8 -4 20 18 23 26 -17 -14 22 -3 -2 -9 -20 -10 28 -5 -30
right_child=1 4 6 12 7 11 13 24 16 -11 -12 -13 15 -15 -16 19 -18 -19 25 -21 -22 -23 -24 -25 -26 -27 -28 -29 29 -31
leaf_value=-0.055368371368046676 -0.00040496240346893158 0.021440071251082403 -0.024127005805845599 0.039869158346379392 0.057713607681644664 -0.03849508077342078 -0.011554955291642285 0.071055928291907683 0.010763004679504168 0.046615320916035041 -0.046631557716188141 -0.030865441996653416 0.0032271772149068756 -0.0044868729009929611 -0.017317780845197275 0.017223628873272404 0.0056153675420623009 0.00078733424741049335 0.031474611195086981 0.028761800747776192 0.019755773235439849 0.048121621699617423 0.03788662155888553 0.0087444178860891855 0.085106412127520237 0.015361228092290017 -0.006500071932715565 0.034393649141288167 0.027992837298163362 0.015715075730310748
leaf_weight=2548.0666651725769 543.97096675634384 164.41506224870682 3325.3429354727268 219.73435953259468 2319.3966456651688 4136.384269297123 3316.5056567043066 958.91726629436016 984.73897263407707 3107.58271227777 3777.1754334717989 3686.2324880510569 145.49955981969833 5397.9844698756933 3827.2332483977079 378.33552260696888 725.14352256059647 2167.3960596323013 135.5618754774332 1417.6876662522554 2060.4990432113409 346.99821284413338 3005.7821770757437 1955.470159471035 308.77879828214645 3924.7610796242952 125.27572241425514 1279.8335181027651 1499.1544228047132 261.47723014652729
leaf_count=19888 3321 874 23062 1233 11318 30317 21770 4479 5823 15887 28629 26232 827 34353 25797 2082 4328 13454 795 7792 11680 1840 15957 11929 1393 23070 743 6997 8443 1471
internal_value=-0.000117883 0.0282788 -0.0266428 0.0159827 0.0497339 -0.0417367 -0.0131808 0.063722 0.00920276 0.0421428 -0.0501675 -0.0349086 0.0258383 -0.00717883 -0.0204894 0.0220741 0.0133151 0.00400424 0.0143924 0.0263531 0.0186695 0.038167 0.0370477 0.00676075 0.0746069 0.0158754 0.00872803 0.0302822 0.0277459 0.0261893
internal_weight=58051.3 28036.4 30014.9 17824.5 10211.9 14147.9 15867.1 3587.09 10562.3 6624.78 6325.24 7822.62 7262.22 8714.49 7152.58 4002.02 5895.48 4666.84 5170.34 1796.02 2206 3517.2 3170.2 2499.44 1267.7 4060.32 1110.01 3260.2 1980.37 1760.63
internal_count=365784 155736 210048 103988 51748 105066 104982 17190 63463 34558 48517 56549 40525 56123 48859 22381 34759 28704 30431 9874 12507 18671 16831 15250 5872 23865 6566 18144 11147 9914
cat_boundaries=0 1 2 3 4
cat_threshold=3 7 8 24
is_linear=0
shrinkage=0.05


Tree=7
num_leaves=31
num_cat=15
split_feature=1 10 10 1 1 1 0 10 0 1 9 9 1 10 10 10 1 0 6 0 10 10 0 10 6 0 9 10 0 1
split_gain=7118.41 2079.65 1599.6 611.276 543.088 427.409 643.161 424.571 424.056 331.713 228.789 190.385 142.011 107.325 105.941 104.916 82.7777 76.5838 75.1067 74.8999 68.9284 60.8066 60.6623 52.9667 51.9156 51.7469 50.8093 51.6671 49.7276 49.5477
threshold=0 5.3150000572204599 5.0750000476837167 1 2 3 4 2.7649999856948857 5 6 1.0000000180025095e-35 1.0000000180025095e-35 7 3.8649998903274541 6.4849998950958261 4.6449999809265146 8 9 -0.0037499999161809679 10 4.0250000953674325 5.5650000572204599 11 6.055000066757203 -0.023750000633299347 12 1.0000000180025095e-35 6.4149999618530282 13 14
decision_type=1 2 2 1 1 1 1 2 1 1 2 2 1 2 2 2 1 1 2 1 2 2 1 2 2 1 2 2 1 1
left_child=2 7 4 10 19 25 16 -2 13 15 12 22 18 -6 -12 -9 21 -14 -3 -1 -10 -7 -5 -13 -24 -4 -8 -28 -11 -17
right_child=1 3 5 11 8 6 26 9 20 28 14 23 17 -15 -16 29 -18 -19 -20 -21 -22 -23 24 -25 -26 -27 27 -29 -30 -31
leaf_value=0.035140956547272187 -0.049569879511976007 0.012266347269223418 0.048121949166739703 -0.0089193749125918761 -0.0077047958202770819 0.026102746707162186 0.0031907107891687202 -0.025634541177407245 -0.026919038098127498 -0.025277096137480127 0.0070934733088099076 -0.018263507115144569 0.013418779534363446 0.0098762767752531358 0.025388560096315755 -0.0092375504482746923 0.026309043603604809 -0.01222195958774314 -0.0025266284275973334 0.017220595352492315 -0.011256869150196273 0.040103734313350139 -0.013931544769516906 0.00084890786087534582 -0.032666678034233926 0.03298765032977221 0.0073979824660812231 0.027560934235955483 -0.04133555338701124 -0.020615243035016294
leaf_weight=943.15730576217175 2303.0607968270779 1790.3809305429459 2471.7783301323652 474.88716574013233 1070.1059272810817 1035.4907106161118 2630.9169043824077 5400.9000183194876 992.03778570890427 735.91340886056423 2015.711405262351 521.66794044524431 316.86904317140579 4566.7278882265091 1303.138405367732 2015.4013467654586 4152.5689647495747 2785.3923632055521 1644.9129072278738 1764.507321074605 2416.9462870955467 3296.9917637854815 457.07901290804148 1177.3329211398959 2034.6263584047556 1058.7837031036615 831.66628596186638 514.31812134385109 3242.5839755684137 1939.633345618844
leaf_count=5128 18146 10622 12357 3094 6904 5680 16211 38123 7000 5169 12167 3572 1873 27262 7264 13111 22626 18598 10274 10229 16151 17028 3125 7406 14962 5590 4945 2878 24908 13504
internal_value=-0.000274029 -0.0170855 0.0179993 -0.00346562 0.00400077 0.0282969 0.0238695 -0.0297426 -0.00189081 -0.0263112 0.00359697 -0.0183494 -0.00182761 0.00652554 0.014288 -0.0210786 0.031652 -0.00956137 0.00517067 0.0235903 -0.0157815 0.0366864 -0.0260286 -0.00503402 -0.029127 0.0437104 0.00721967 0.015132 -0.0384501 -0.0149005
internal_weight=57905.5 30159.5 27746 14522 11753.5 15992.5 12462 15637.5 9045.82 13334.4 9856.41 4665.59 6537.56 5636.83 3318.85 9355.93 8485.05 3102.26 3435.29 2707.66 3408.98 4332.48 2966.59 1699 2491.71 3530.56 3976.9 1345.98 3978.5 3955.03
internal_count=365907 205918 159989 92957 72674 87315 69368 112961 57317 94815 60798 32159 41367 34166 19431 64738 45334 20471 20896 15357 23151 22708 21181 10978 18087 17947 24034 7823 30077 26615
cat_boundaries=0 1 2 3 4 5 6 7 8 9 10 11 12 13 14 15
cat_threshold=7 24 1 1 1 1 24 8 2 8 2 24 22 24 8
is_linear=0
shrinkage=0.05


Tree=8
num_leaves=31
num_cat=0
split_feature=2 2 2 2 2 2 2 2 2 2 2 2 2 2 2 12 13 10 12 12 13 13 13 9 13 6 3 3 12 6
split_gain=14746.5 2373.03 2315.51 386.379 337.964 335.238 248.321 60.0447 58.6702 49.4812 48.0655 46.4236 39.4452 33.19 27.9725 22.3774 18.7361 16.2181 14.1366 12.9966 12.6912 12.1784 11.516 11.509 11.0613 10.2863 11.1828 9.83193 9.62365 9.1127
threshold=-1.5935863852500913 -2.3183943033218379 -0.99737027287483204 -1.2664995789527891 -3.018058061599731 -0.74564701318740834 -1.8916326165199278 -0.53161874413490284 -1.4343932867050169 -2.6072126626968379 -0.88685262203216542 -3.5539846420288081 -2.0336883068084712 -1.1925404667854307 -1.7057085037231443 0.015833333600312475 0.0098412125371396559 5.8949999809265146 0.014166666660457851 -0.064166665077209459 -0.025789009407162663 -0.018474896438419815 0.022064384073019031 -1.0000000180025095e-35 0.0011622433084994557 -0.018749999813735482 0.1477824151515961 0.42990471422672277 0.024166666902601722 -0.043750001117587083
decision_type=2 2 2 2 2 2 2 2 2 2 2 2 2 2 2 2 10 2 2 2 8 8 10 2 8 2 2 2 2 2
left_child=1 4 3 8 11 10 12 17 22 -6 19 -1 24 20 -8 25 -10 -7 -16 -4 -5 -21 -2 -19 -3 -15 -27 -9 -26 -23
right_child=2 6 5 13 9 7 14 27 16 -11 -12 -13 -14 15 18 -17 -18 23 -20 21 -22 29 -24 -25 28 26 -28 -29 -30 -31
leaf_value=-0.053616489284891294 0.0041429543261376758 -0.015728037113484455 0.042976485047657526 0.03334381420196119 -0.037211027137776798 0.05879589918725401 -0.0073721448566627995 0.076073433312155964 0.012617720811251384 -0.029208506596131209 0.041680331434485636 -0.044616785214571644 -0.012986897982016478 0.022251916341385753 0.0016506566737154752 0.01947222211630123 0.0037070609688159371 0.06153437654106101 -0.005493661709826239 0.04333879976024458 0.016309406185162034 0.018268279874153321 -0.0064353150956985199 0.048950852174797915 -0.019460917257516586 0.034126565498564285 0.026294893886752591 0.061759361854155218 -0.024586022435750931 0.031782034356700656
leaf_weight=2905.9000187441707 4184.1685382276773 1109.5773251801729 322.49035131931305 115.45243608951569 3918.2590324580669 976.01986841857433 4390.9520189613104 377.47231362760067 4294.746892079711 3942.0919530838728 3488.4085165709257 3063.1330806091428 3017.3922424912453 1232.1769205629826 1819.1578110456467 1741.1809704601765 686.20695562660694 239.97219914197922 1115.271736741066 233.77818493545055 2152.5527537316084 140.7147034406662 272.37854716181755 1837.3193530589342 2465.1116434186697 589.49488535523415 2571.4176494330168 298.16473992168903 1545.4237199127674 2616.0951461791992
leaf_count=24240 25611 7783 1661 655 29996 4547 28653 1653 25015 28950 17271 24463 20323 6677 11436 9510 4058 1118 7040 1204 12238 734 1663 8584 17296 3169 13888 1310 10826 13496
internal_value=-0.000105098 -0.0249884 0.0255868 0.0146095 -0.0400354 0.0441774 -0.0115274 0.0562418 0.00766394 -0.0332061 0.0375485 -0.0490146 -0.0175383 0.0224071 -0.0048472 0.0243242 0.0113921 0.053163 -0.00106654 0.0331755 0.0172052 0.0320906 0.00349383 0.0504623 -0.0202144 0.0262375 0.0277761 0.0699574 -0.0214471 0.031106
internal_weight=57662.5 29292.3 28370.2 17839.8 13829.4 10530.4 15462.9 3728.95 9437.5 7860.35 6801.49 5969.03 8137.5 8402.28 7325.38 6134.27 4980.95 3053.31 2934.43 3313.08 2268.01 2990.59 4456.55 2077.29 5120.11 4393.09 3160.91 675.637 4010.54 2756.81
internal_count=365068 211006 154062 102484 107649 51578 103357 17212 56347 58946 34366 48703 56228 46137 47129 33244 29073 14249 18476 17095 12893 15434 27274 9702 35905 23734 17057 2963 28122 14230
is_linear=0
shrinkage=0.05


Tree=9
num_leaves=31
num_cat=5
split_feature=10 10 12 12 9 9 12 10 6 10 12 10 6 10 10 6 10 12 10 12 15 15 12 10 3 15 15 15 10 3
split_gain=3275.15 1001.13 745.77 360.138 206.781 202.767 101.016 97.0941 92.8199 85.3145 78.0061 77.498 55.7559 54.0417 53.2069 46.7326 42.3869 42.2734 36.0036 35.9209 27.2032 24.2231 23.2257 23.1274 22.5384 22.2122 21.5781 20.1441 19.853 19.6839
threshold=4.9349999427795419 3.1250000000000004 0.0041666666511446246 -0.0041666666511446229 1.0000000180025095e-35 1.0000000180025095e-35 -0.030833332799375054 6.4149999618530282 -0.016249999869614836 2.495000004768372 0.039166666567325599 4.4649999141693124 -0.021250000223517414 3.9850000143051152 6.1150000095367441 0.0037499999161809687 6.1949999332427987 0.035833332687616355 5.9849998950958261 0.042500000447034843 0 1 -0.034166667610406869 5.3750000000000009 0.12462981417775156 2 3 4 7.0150001049041757 0.1029241979122162
decision_type=2 2 2 2 2 2 2 2 2 2 2 2 2 2 2 2 2 2 2 2 1 1 2 2 2 1 1 1 2 2
left_child=1 9 5 13 8 6 15 -6 16 -1 24 17 26 -3 22 20 -4 27 29 -13 -2 -17 -7 -12 -10 -9 -8 -5 -16 -14
right_child=2 3 4 11 7 14 12 25 10 -11 23 19 18 -15 28 21 -18 -19 -20 -21 -22 -23 -24 -25 -26 -27 -28 -29 -30 -31
leaf_value=-0.047316608626985994 0.026593120888890494 -0.010037111157411812 0.00068955902010691859 -0.022970365056398823 0.0046828911786614717 0.023806872708320825 0.030395251028885385 0.0127816791665833 -0.0096884335034169468 -0.02941286743555234 -0.017781804029790755 -0.0085545151350691767 -0.0076694886127962689 -0.00044529779175295512 0.025269669522246654 0.0035287020458062515 0.013031769527688839 -0.024853058530102883 0.011030703876891316 -0.018146636924402347 0.01702315977562369 0.0153976250078918 0.01392990369172168 -0.0084452294937713921 2.9653715062642394e-05 0.025158684062309217 0.014014142895081703 -0.014531125292842693 0.034579186388527236 0.0044868790170965803
leaf_weight=2092.4094570800662 1407.8896825388074 1937.6734939292073 1920.7140763103962 1056.3507021665573 2856.8708439394832 970.14115927368402 257.33630941063166 746.83190086483955 687.11929828673601 996.52406277507544 948.73811133205891 3128.1430917978287 370.00242282450199 6045.8204551115632 2965.4048847779632 684.82242863625288 1088.8696843832731 2709.9944974556565 2520.7424019873142 1422.3854852989316 2093.0445047020912 1255.6225244700909 1576.4826699867845 2223.684633128345 4445.0505005195737 920.76728077232838 1331.3062719106674 3075.5701376572251 733.8946020975709 3186.8136858418584
leaf_count=17498 7904 13096 11909 7436 17082 5360 1442 4154 4503 7549 6499 21030 2375 38777 15845 4072 6333 19700 14930 9985 11893 7428 9055 14506 28160 5086 7589 21405 3763 19656
internal_value=-0.00022175 -0.0151362 0.00929922 -0.0109193 0.00125304 0.0158833 0.0123471 0.0102849 -0.0023599 -0.0415634 -0.00508594 -0.016625 0.00864534 -0.00277526 0.0232979 0.0175573 0.00516067 -0.0199897 0.00646139 -0.0115594 0.0210092 0.0113142 0.0177083 -0.0112468 -0.00127472 0.0198649 0.0169817 -0.0167895 0.0271342 0.0032187
internal_weight=57657 22464.9 35192.1 19375.9 15838.6 19353.5 13107.6 4524.47 11314.2 3088.93 8304.59 11392.4 7666.2 7983.49 6245.92 5441.38 3009.58 6841.92 6077.56 4550.53 3500.93 1940.44 2546.62 3172.42 5132.17 1667.6 1588.64 4131.92 3699.3 3556.82
internal_count=366020 156476 209544 131429 98232 111312 77289 26322 71910 25047 53668 79556 45992 51873 34023 31297 18242 48541 36961 31015 19797 11500 14415 21005 32663 9240 9031 28841 19608 22031
cat_boundaries=0 1 2 3 4 5
cat_threshold=22585572 2689070 21893842 557128 1057186
is_linear=0
shrinkage=0.05


Tree=10
num_leaves=31
num_cat=13
split_feature=1 10 10 1 1 1 0 1 0 10 9 9 6 12 12 0 10 10 10 12 1 0 10 12 0 10 1 12 10 1
split_gain=5787.14 1730.18 1109.6 485.168 467.003 405.897 342.553 336.61 472.673 249.299 157.855 153.839 104.827 98.6927 92.4438 88.802 80.7274 68.5417 68.0684 64.2994 63.5597 92.9865 55.1196 53.3477 52.2901 49.7777 49.5794 48.0104 47.5964 41.1645
threshold=0 5.3350000381469735 5.0750000476837167 1 2 3 4 5 6 2.7649999856948857 1.0000000180025095e-35 1.0000000180025095e-35 -0.0012499999720603364 -0.029166666790843006 0.0025000000605359678 7 4.4849998950958261 3.745000004768372 6.4649999141693124 -0.0041666666511446229 8 9 3.804999947547913 -0.0041666666511446229 10 6.1150000095367441 11 0.035833332687616355 4.5450000762939462 12
decision_type=1 2 2 1 1 1 1 1 1 2 2 2 2 2 2 1 2 2 2 2 1 1 2 2 1 2 1 2 2 1
left_child=2 5 3 15 11 9 16 24 14 -2 -6 12 26 -11 -9 -1 23 -7 -13 -10 -15 -22 -8 -5 -4 -12 -3 -24 -17 -14
right_child=1 4 7 6 10 17 22 8 19 13 25 18 29 20 -16 28 -18 -19 -20 -21 21 -23 27 -25 -26 -27 -28 -29 -30 -31
leaf_value=0.034945953821251485 -0.04461274241958367 0.0094824255851997143 0.042106844485838436 0.0082895075383800747 -0.023665319776559095 -0.04857370560825116 -0.027503872312514329 0.031681501323993388 0.012966136172823503 -0.0080132692423870566 -0.016403344602037222 0.005698715615909563 -0.0029399976525675687 -0.016777965943375977 0.021324897407097407 0.0091774433657873366 0.0129173413200945 -0.035530571549510663 0.020159109479317275 0.00038548402990454039 -0.0054647724919503126 -0.029385244473614916 -0.0074312170863864036 -0.0048538714489862727 0.027665729348466568 0.0017178098708148623 -0.0022016074705548771 -0.023564309418062854 0.025827619875828225 -0.015181176422237128
leaf_weight=968.31811784952879 1068.2788292095065 1938.6823472827673 2565.8194002360106 1365.0291973054409 2829.6816018000245 1486.1475826352835 619.20531136542559 4937.6364909261465 1961.0634948164225 1651.7716627195477 568.63906164467335 1973.128944478929 1451.611328266561 3791.2863935381174 3863.1471605300903 1073.5050478279591 2494.0042641758919 3298.3085497021675 1385.8820831924677 2104.6788492724299 487.79447013884783 3215.6835766360164 2112.9459887444973 1771.8794328570366 1102.4280399382114 1127.2884539663792 1695.7255750969052 589.24560566991568 717.30960987508297 1323.0322643741965
leaf_count=5139 9146 11354 12309 8232 20852 12941 4637 24877 11296 11155 3944 11744 9070 26431 20671 6314 14462 26332 7469 12974 3233 24504 14323 11438 5620 6969 11000 4244 3946 9088
internal_value=-2.55873e-05 -0.0155935 0.016119 0.00434848 -0.00315004 -0.0274601 -0.00131309 0.0244642 0.0205912 -0.0217457 -0.0164036 0.00300624 -0.00153374 -0.0190895 0.0271105 0.0226285 0.00619601 -0.0395181 0.0116733 0.00644117 -0.0215278 -0.0262624 -0.0140201 0.000867122 0.0378712 -0.00437032 0.00405275 -0.0109641 0.01578 -0.00884895
internal_weight=57539.2 29292.9 28246.2 11711.4 14293.7 14999.3 8952.31 16534.8 12866.5 10214.8 4525.61 9768.06 6409.05 9146.54 8800.78 2759.13 5630.91 4784.46 3359.01 4065.74 7494.76 3703.48 3321.4 3136.91 3668.25 1695.93 3634.41 2702.19 1790.81 2774.64
internal_count=365714 205232 160482 72735 91490 113742 57336 87747 69818 74469 31765 59725 40512 65323 45548 15399 34132 39273 19213 24270 54168 27737 23204 19670 17929 10913 22354 18567 10260 18158
cat_boundaries=0 1 2 3 4 5 6 7 8 9 10 11 12 13
cat_threshold=7 1 24 24 1 1 1 2 8 8 22 8 8
is_linear=0
shrinkage=0.05


Tree=11
num_leaves=31
num_cat=13
split_feature=1 9 1 1 0 6 9 6 12 9 1 1 12 0 12 9 6 0 1 0 12 12 0 15 6 6 6 6 6 0
split_gain=5373.1 962.754 750.819 706.88 829.215 267.534 194.182 168.49 142.631 138.63 119.553 116.685 101.568 90.7841 84.6194 76.1408 65.9523 62.162 60.2811 59.0159 49.0957 46.8124 45.4411 45.1717 39.0387 38.8565 38.6938 38.032 37.46 35.4297
threshold=0 1.0000000180025095e-35 1 2 3 1.0000000180025095e-35 1.0000000180025095e-35 -0.08875000104308127 0.017500000074505809 1.0000000180025095e-35 4 5 0.015833333600312475 6 0.015833333600312475 -1.0000000180025095e-35 -0.0037499999161809679 7 8 9 -0.030833332799375054 -0.0041666666511446229 10 11 -0.028749999590218064 0.0037499999161809687 -0.0087499998044222576 -0.0062499998603016129 -0.028749999590218064 12
decision_type=1 2 1 1 1 2 2 2 2 2 1 1 2 1 2 2 2 1 1 1 2 2 1 1 2 2 2 2 2 1
left_child=3 2 5 13 6 7 8 -2 16 14 -3 21 18 23 25 29 -5 -12 -9 -13 -19 -7 -20 -1 -22 -6 -15 -10 -17 -4
right_child=1 10 15 4 9 11 -8 12 27 -11 17 19 -14 26 -16 28 -18 20 22 -21 24 -23 -24 -25 -26 -27 -28 -29 -30 -31
leaf_value=0.042525672181341366 -0.0466321582566884 0.013057325361877703 -0.026049990674688724 0.024439537534011058 0.003352473074823835 -0.0072731241801860941 0.029886471465796316 0.0048641642727158168 0.013986783380833681 0.010854738443429109 0.014542296493511115 -0.0089510157863574632 -0.012579042421470522 0.030231139595030754 -0.014011372912615739 -0.010420517506444446 0.015180638939762337 0.0068293528027635227 0.012554863536156743 -0.027914620887916748 0.0032995244887069975 -0.01800474530652418 -0.0095745456833176128 0.030204521798108532 -0.011333074662029527 -0.006890737488426741 0.017704015250383547 0.0035361393155203535 -0.028654595760133673 -0.039457654464243964
leaf_weight=1461.4956228807569 253.8917723223567 2011.0859768763185 798.50594734400511 3346.960140325129 1965.4000874310732 1684.9621395096183 2830.2185701131821 2363.2744163498282 1358.0477776378393 1538.4110464975238 479.93928081542253 501.58725895732641 2929.7667057663202 1007.3034852519631 2107.0182609185576 320.01323606818914 4563.3073848634958 732.94602397084236 256.35882522165775 3657.3892663046718 596.66137428581715 2574.5041940957308 1818.3707136660814 2441.7910907790065 1918.5489880442619 1746.9281971007586 1624.9028152450919 2424.4552149102092 2549.8978697881103 3570.1744282767177
leaf_count=7147 2256 11296 6125 17527 12196 11244 13909 14463 7615 8834 2801 3376 20164 5129 14617 2228 25750 4442 1537 28212 3609 18355 12512 12282 12662 11744 8852 14704 19963 30266
internal_value=6.90991e-05 -0.0150616 -0.0195886 0.01552 0.0111961 -0.0135247 0.0181217 -0.00674396 0.015285 -0.00248112 0.00327438 -0.0196766 -0.00535713 0.0299492 -0.00601338 -0.0329541 0.0191034 -0.00203666 -0.000586043 -0.0256599 -0.00453083 -0.0137327 -0.00678371 0.0349341 -0.00786205 -0.00146884 0.0224321 0.00729369 -0.0266301 -0.0371699
internal_weight=57434.1 29017.9 23278.7 28416.2 21880.7 16040.1 14523 7621.66 11692.8 7357.76 5739.18 8418.44 7367.77 6535.49 5819.35 7238.59 7910.27 3728.1 4438 4158.98 3248.16 4259.47 2074.73 3903.29 2515.21 3712.33 2632.21 3782.5 2869.91 4368.68
internal_count=365817 205511 170701 160306 126896 112119 79505 50932 65596 47391 34810 61187 48676 33410 38557 58582 43277 23514 28512 31588 20713 29599 14049 19429 16271 23940 13981 22319 22191 36391
cat_boundaries=0 1 2 3 4 5 6 7 8 9 10 11 12 13
cat_threshold=7 24 1 1 8 8 6 8 8 8 8 26054144 24
is_linear=0
shrinkage=0.05


Tree=12
num_leaves=31
num_cat=1
split_feature=2 2 2 2 2 2 2 2 2 2 2 2 2 2 10 13 4 2 13 13 10 12 2 13 13 11 5 2 13 1
split_gain=11480.6 2007.7 1748.9 323.084 288.452 256.931 193.821 48.8876 48.8281 44.075 43.7645 42.8609 35.37 21.7248 17.3856 17.781 15.4041 18.6706 14.3208 12.3555 12.2383 12.2036 12.1407 11.8086 11.5101 10.1751 9.78272 9.80475 9.69588 8.78545
threshold=-1.6025270223617551 -2.3438787460327144 -0.99737027287483204 -1.2423597574234007 -3.018058061599731 -0.69920131564140309 -1.8632881641387937 -0.89645344018936146 -1.4343932867050169 -3.6917496919631954 -2.0437734127044673 -0.59706607460975636 -2.6072126626968379 -1.1430547833442686 5.7149999141693124 -0.010067305527627466 0.15500000119209292 -1.3503937125205991 0.0098412125371396559 0.004371173446998001 5.5350000858306894 0.024166666902601722 -0.47306984663009638 0.016570173203945163 -0.026320744305849072 0.28599999845027929 0.024999999441206459 -0.83471965789794911 0.0047678458504378804 0
decision_type=2 2 2 2 2 2 2 2 2 2 2 2 2 2 2 8 2 2 10 10 2 2 2 10 8 2 2 2 10 1
left_child=1 4 3 8 9 7 10 -4 29 -1 19 20 -6 24 -9 -16 17 -10 -15 21 -7 -3 -13 -8 -5 -19 27 -17 -18 -2
right_child=2 6 5 13 12 11 23 14 16 -11 -12 22 -14 18 15 26 28 25 -20 -21 -22 -23 -24 -25 -26 -27 -28 -29 -30 -31
leaf_value=-0.052408976818898514 0.0047168672295572504 -0.015612698624415174 0.02793086061509727 0.030097518606333452 -0.034728218183193237 0.053893431800517339 -0.0036976725874131541 0.040189795501727694 0.0010858399144998468 -0.042977959607315992 -0.011693705409704134 0.053638251228886519 -0.027583056022584502 0.023159893265733561 0.042994034720620466 0.026436864555699158 0.012879365340762731 0.0026902317184937419 0.015017513928058897 -0.023881943933894104 0.042035099193186404 -0.021402257552178137 0.065636012622022261 -0.011045261076289673 0.015992308504247248 0.012745881507367994 0.04088268318451168 0.033375722362253231 0.0058700762152327189 0.00037874070139212393
leaf_weight=2113.5985499620438 2552.8205061554909 2763.3036845773458 3166.8283673971891 152.93559068441391 3702.6913838759065 301.21514858305454 5846.3205670267344 1684.6946425437927 961.56415767967701 3289.4207657203078 3821.7017277926207 1028.4600265324116 3388.9288101866841 4081.7331978529692 461.18882055580616 837.46735988557339 2902.5505392700434 337.46568712592125 639.87577039003372 975.88440347462893 1288.1730107665062 1396.0906820520759 337.64880995452404 602.09292507171631 3040.1984354406595 1001.1015404164791 303.80316063761711 1584.5030880868435 600.40843354165554 2159.1713391244411
leaf_count=19943 15195 20021 15774 827 30234 1341 37796 7975 5574 28730 26186 4439 26173 21325 2171 4034 16611 1904 3343 7088 5757 10215 1412 3886 16549 5651 1437 7396 3489 13462
internal_value=-0.000101991 -0.0230802 0.0216864 0.0122692 -0.0379722 0.0374678 -0.0109987 0.0328159 0.00652368 -0.0466853 -0.0157566 0.0500894 -0.0313224 0.0198987 0.0359787 0.0337288 0.00959328 0.0064049 0.0220633 -0.0187745 0.0443474 -0.0175653 0.0566952 -0.00438693 0.0166863 0.0102186 0.0321308 0.0310002 0.011682 0.00274083
internal_weight=57323.8 27900 29423.8 18429.8 12494.6 10994 15405.4 8038.49 10515.1 5403.02 8956.98 2955.5 7091.62 7914.74 4871.66 3186.96 5803.09 2300.13 4721.61 5135.28 1589.39 4159.39 1366.11 6448.41 3193.13 1338.57 2725.77 2421.97 3502.96 4711.99
internal_count=365938 210272 155666 103930 105080 51736 105192 38787 61886 48673 63510 12949 56407 42044 23013 15038 33229 13129 24668 37324 7098 30236 5851 41682 17376 7555 12867 11430 20100 28657
cat_boundaries=0 1
cat_threshold=7
is_linear=0
shrinkage=0.05


Tree=13
num_leaves=31
num_cat=0
split_feature=2 2 2 2 2 2 2 2 2 2 2 2 2 2 2 2 4 9 3 4 6 12 2 3 12 9 12 3 4 11
split_gain=10308.5 1885.01 1492.49 366.489 242.465 212.695 189.731 64.4764 55.7436 38.3269 31.2044 31.1158 18.0488 17.5475 12.3569 12.3304 11.6261 10.929 15.0774 10.0052 13.0368 9.5773 9.39965 9.68064 8.99374 8.61601 8.39387 8.00648 8.10914 7.51606
threshold=-1.7057085037231443 -1.0840346217155454 -2.4968943595886226 -0.74564701318740834 -1.4343932867050169 -3.2944207191467281 -2.0336883068084712 -0.9347795546054839 -1.2423597574234007 -0.59706607460975636 -2.2182229757308956 -2.7854049205780025 -1.8544636964797971 -3.7971545457839961 -0.47306984663009638 -1.5935863852500913 0.16499999910593036 -1.4999999999999998 0.34819145500659948 0.14500000327825549 -0.018749999813735482 0.024166666902601722 -0.84565806388854969 0.09140805155038835 -0.095833331346511827 -1.0000000180025095e-35 0.040833333507180221 0.073230240494012847 0.15500000119209292 0.40315000712871557
decision_type=2 2 2 2 2 2 2 2 2 2 2 2 2 2 2 2 2 2 2 2 2 2 2 2 2 2 2 2 2 2
left_child=2 4 5 7 15 13 10 16 17 19 -4 -7 -8 -1 -11 21 29 18 -6 20 -5 25 -9 -24 -10 -2 -12 -19 -29 -3
right_child=1 3 6 9 8 11 12 22 24 14 26 -13 -14 -15 -16 -17 -18 27 -20 -21 -22 -23 23 -25 -26 -27 -28 28 -30 -31
leaf_value=-0.052768430883216769 0.0038428989189925561 0.01997241354274068 -0.022939257324147672 0.03311545113021435 0.0277564697523239 -0.037080049934638266 -0.010922877531912189 0.028948210687660538 0.0022750371164046747 0.048935926100576961 -0.015020078572136462 -0.030035375377863816 -0.0059437311894760779 -0.045418250296922834 0.06066956749461825 0.0026115619165292467 0.026417092771857893 0.014333605835901675 0.011126713540508492 0.043793279700567546 0.048137919706342132 -0.00595009070906867 0.022629646906370746 0.034349347523576219 0.016764458195729876 -0.0026277406997645687 -0.021206092837515789 0.0052165562796370165 0.0095337557160130697 0.026343456875692669
leaf_weight=1737.7223605364561 936.48724122345448 2555.0152745842934 3956.0912472605705 661.18301233649254 172.10958285629749 3447.5399222001433 3787.1423592865467 2681.7753865122795 110.11840288341045 1058.1676608920097 2635.2793907374144 3029.3712402507663 3522.0315015166998 1866.0685750246048 348.64001241326332 4484.3667248934507 1697.724409148097 515.23165526986122 659.76053616404533 1684.267175540328 202.59377078711987 869.65730161964893 208.16255208849907 2277.2362127006054 5032.0312162637711 1136.6620932668447 712.74171312153339 1871.0198340117931 2629.1016130000353 596.58971281349659
leaf_count=17116 5891 12903 30368 2942 976 29879 26061 12880 588 4504 19029 24683 23194 17226 1440 27214 8604 2910 3766 7474 901 5560 958 10605 26860 7131 5217 10652 15005 3012
internal_value=-0.000104376 0.0184485 -0.0244373 0.0322963 0.00794074 -0.0392359 -0.0142248 0.0271974 0.0126565 0.0451902 -0.0199237 -0.0337954 -0.00852589 -0.0489898 0.0519258 0.000961667 0.023033 0.00931144 0.0146256 0.0414336 0.0367419 -0.00155258 0.0310952 0.0333868 0.0164552 0.000296076 -0.0163489 0.00842452 0.0077419 0.0211944
internal_weight=57081.9 32387.9 24694 13971.4 18416.5 10080.7 14613.3 10016.5 10989.4 3954.85 7304.11 6476.91 7309.17 3603.79 1406.81 7427.17 4849.33 5847.22 831.87 2548.04 863.777 2942.81 5167.17 2485.4 5142.15 2073.15 3348.02 5015.35 4500.12 3151.6
internal_count=365549 172776 192773 66223 106553 88904 103869 48962 60757 17261 54614 54562 49255 34342 5944 45796 24519 33309 4742 11317 3843 18582 24443 11563 27448 13022 24246 28567 25657 15915
is_linear=0
shrinkage=0.05


Tree=14
num_leaves=31
num_cat=8
split_feature=2 2 2 2 2 2 2 2 2 2 2 10 2 2 2 2 15 15 13 15 13 6 15 15 11 15 2 15 15 13
split_gain=9514.86 1588.55 1483.56 310.124 201.064 188.112 183.601 64.8298 47.6277 32.1676 27.1599 25.9126 25.6186 22.8066 22.5687 19.8827 21.4243 20.1161 17.927 18.7701 15.0987 14.7921 15.9326 15.6266 13.4042 13.2601 13.1696 18.0667 12.5614 12.5574
threshold=-1.7057085037231443 -1.1090694665908811 -2.4968943595886226 -0.78680923581123341 -2.0336883068084712 -3.2031141519546504 -1.4260990619659422 -0.53161874413490284 -0.95211133360862721 -1.2175930738449094 -2.2803796529769893 6.0350000858306894 -3.7449795007705684 -2.7854049205780025 -0.68180623650550831 -1.8632881641387937 0 1 0.017358352430164817 2 -0.027932694181799885 0.023750000633299354 3 4 0.41955000162124639 5 -1.5935863852500913 6 7 -0.016907546669244763
decision_type=2 2 2 2 2 2 2 2 2 2 2 2 2 2 2 2 1 1 10 1 8 2 1 1 2 1 2 1 1 8
left_child=2 6 5 8 10 12 18 11 -3 29 -4 -5 -1 -7 -13 17 -17 -6 26 -20 -10 23 -23 24 -11 -16 27 -2 -28 -8
right_child=1 3 4 7 15 13 9 -9 20 21 -12 14 -14 -15 25 16 -18 -19 19 -21 -22 22 -24 -25 -26 -27 28 -29 -30 -31
leaf_value=-0.051907093013694172 -0.0057906036710799434 0.021057550189086144 -0.023330155349011731 0.042234682998327867 -0.0059157407673401888 -0.036431379302601735 0.016668263349827708 0.053806334249696545 0.040335121989568026 0.01216615069449494 -0.017055755613391548 0.029081557431174562 -0.043535835224801908 -0.030071673350854783 0.045955713350804159 -0.00066381976321503496 -0.0084094108819783887 -0.013706287660858083 0.0018616023754474392 -0.014590428433791786 0.02731545874681281 0.0047945508529125963 0.028758730351307833 0.017673444577340342 -0.0020015523987235275 0.031751635460610113 0.0074039927116078784 0.002661264789815015 0.0018309274132538187 0.0089516318124218293
leaf_weight=1796.5394210964441 998.34095157682896 5192.3091662526131 2940.3129602745175 1681.7308755815029 1483.1282273679972 2873.0596360266209 581.37194550037384 711.36495839059353 242.20808814466 1237.2013496309519 4281.9009439274669 1228.7064887583256 2141.5147413089871 2981.7429508045316 574.71458688378334 1519.1666855216026 2188.2406671792269 2059.4573211073875 355.73054039478302 327.10544288158417 4604.6147072166204 107.78956459462643 355.42723852396011 1675.1687852889299 192.34205628931522 717.35194174945354 1631.0942088365555 1678.3271542042494 2692.559627816081 5832.3437773436308
leaf_count=18396 6312 26160 23106 7406 10287 25471 3266 2933 1135 6565 31638 5532 20219 24826 2478 9998 14536 14299 2192 2021 21746 570 1879 8835 1025 3095 9807 10600 16316 32892
internal_value=-0.000176549 0.0174608 -0.0238847 0.0294529 -0.0137117 -0.0389128 0.00730745 0.0397503 0.0244058 0.011779 -0.0196159 0.0373465 -0.0473792 -0.0332039 0.0340545 -0.00782625 -0.00526207 -0.0105053 0.00149667 -0.00622503 0.0279825 0.0155876 0.0239481 0.0143256 0.0101886 0.0387314 0.00225143 -0.000504757 0.00395716 0.00965608
internal_weight=56882.9 32617.8 24265.1 14953 14472.2 9792.86 17664.8 4913.87 10039.1 9981.64 7222.21 4202.5 3938.05 5854.8 2520.77 7249.99 3707.41 3542.59 7683.16 682.836 4846.82 3567.93 463.217 3104.71 1429.54 1292.07 7000.32 2676.67 4323.65 6413.72
internal_count=365541 172765 192776 70485 103864 88912 102280 21444 49041 55032 54744 18511 38615 50297 11105 49120 24534 24586 47248 4213 22881 18874 2449 16425 7590 5573 43035 16912 26123 36158
cat_boundaries=0 1 2 3 4 5 6 7 8
cat_threshold=8713752 7358840 19519574 16910378 25283398 25921874 371298 12598310
is_linear=0
shrinkage=0.05


Tree=15
num_leaves=31
num_cat=7
split_feature=2 2 2 2 2 2 2 2 2 2 2 2 2 2 15 15 15 3 12 15 5 1 15 1 9 12 11 12 10 5
split_gain=8619.63 1446.22 1426.8 343.272 194.006 166.493 159.686 64.4796 36.4346 34.5007 24.4776 21.8974 20.7313 19.6278 16.7017 14.7442 13.765 12.8858 13.3996 12.8377 12.9951 12.5611 11.8874 12.9323 17.564 11.8786 11.9569 11.3043 11.2695 11.2465
threshold=-1.7057085037231443 -1.1090694665908811 -2.4968943595886226 -0.74564701318740834 -3.2629365921020503 -2.1721699237823482 -1.3922906517982481 -0.91592651605606068 -0.59706607460975636 -1.8822145462036131 -2.7854049205780025 -3.7449795007705684 -1.5599700212478635 -1.2913727164268491 0 1 2 0.28991721570491796 -0.027500000782310959 3 1.0000000180025095e-35 4 5 6 -1.4999999999999998 -0.047499999403953545 0.35154999792575842 -0.060833333060145371 7.0150001049041757 0.034999999217689044
decision_type=2 2 2 2 2 2 2 2 2 2 2 2 2 2 1 1 1 2 2 1 2 1 1 1 2 2 2 2 2 2
left_child=2 6 4 7 11 -4 12 27 -5 -7 -6 -1 19 15 -11 21 17 -15 -19 20 -2 -8 -14 25 -25 26 -24 -3 -18 -9
right_child=1 3 5 8 10 9 13 29 -10 14 -12 -13 22 16 -16 -17 28 18 -20 -21 -22 -23 23 24 -26 -27 -28 -29 -30 -31
leaf_value=-0.051407100803095074 -0.008423855469001363 0.026251306345164045 -0.020795001729015872 0.036755509170341885 -0.035582925739286328 -0.011812093372394595 -0.0069806256963020038 0.026972474891897243 0.046853117645271329 -0.002533992705596684 -0.029083860747668635 -0.043195601206944378 0.0090179035620989376 0.011305593621535184 -0.0089431104620075509 0.0106705229916929 0.010419346809962721 0.027580927949039852 0.016423943296871784 0.0019068634160703977 0.00018165479047320106 0.0061704778093823135 0.0070409618626863322 0.011365424399334467 -0.0011704689867133166 0.0047379570091111642 0.031132645464630224 0.019313265717816722 0.021504173431273397 0.03568734727413183
leaf_weight=1743.0964752584696 827.55870278179646 672.55532793700695 4623.1893774271011 2638.3645899891853 3106.0894665718079 5642.198507450521 225.23827460408211 4262.4145373702049 1422.279779151082 2045.8416504114866 2892.2097959220409 1765.8538481891155 1004.8292873501778 803.27274104952812 2067.5760089457035 2069.9891059696674 3399.6092366874218 365.10939449071884 1094.9906875789165 2125.1199061274529 930.9159269630909 785.86138528585434 120.81894207000732 322.35489892959595 2014.9628531783819 1285.5974304378033 89.845735743641853 5753.7411096096039 246.20199654996395 427.8844155818224
leaf_count=18593 5194 3303 36324 11450 28401 40446 1299 19637 5893 13540 24611 17325 5965 4276 13848 11669 18228 1932 5870 13314 5865 4417 709 1946 12080 7577 530 28543 1317 1974
internal_value=-6.0016e-05 0.0165422 -0.0229197 0.0278679 -0.0379466 -0.01298 0.00683549 0.0233153 0.0403136 -0.00927299 -0.03246 -0.0473017 0.00201474 0.0115109 -0.00578615 0.00826542 0.0131997 0.0163693 0.0192477 -0.000706049 -0.00385129 0.00319335 0.004198 0.00289953 0.000564265 0.00651395 0.0175119 0.0200473 0.0111487 0.0277824
internal_weight=56775.6 32889.5 23886.1 15177.2 9507.25 14378.8 17712.3 11116.6 4060.64 9755.62 5998.3 3508.95 8722 8990.27 4113.42 3081.09 5909.18 2263.37 1460.1 3883.59 1758.47 1011.1 4838.41 3833.58 2337.32 1496.26 210.665 6426.3 3645.81 4690.3
internal_count=366076 172988 193088 70800 88930 104158 102188 53457 17343 67834 53012 35918 53180 49008 27388 17385 31623 12078 7802 24373 11059 5716 28807 22842 14026 8816 1239 31846 19545 21611
cat_boundaries=0 1 2 3 4 5 6 7
cat_threshold=25490970 804500 5148836 3937010 8 29700 35
is_linear=0
shrinkage=0.05


Tree=16
num_leaves=31
num_cat=9
split_feature=2 2 2 2 2 2 2 2 2 2 2 2 2 2 2 12 15 15 13 15 15 13 13 15 15 13 15 6 15 15
split_gain=7957.8 1387.28 1262.55 239.061 213.493 195.975 130.43 48.9148 45.3299 38.1755 35.132 23.3733 19.5507 15.446 14.9249 14.7228 19.1368 14.6398 14.1042 13.5747 12.4644 12.0243 11.8919 12.9588 11.7991 11.3723 10.8604 10.4334 15.4237 11.5573
threshold=-1.7509003877639768 -1.0840346217155454 -2.6072126626968379 -0.74564701318740834 -1.4343932867050169 -2.1721699237823482 -3.2944207191467281 -0.91592651605606068 -1.2175930738449094 -0.56869837641715992 -1.992276608943939 -1.5599700212478635 -3.7971545457839961 -2.3183943033218379 -2.904711008071899 0.012500000186264517 0 1 0.035242479294538505 2 3 -0.010532887652516363 0.016570173203945163 4 5 -0.012904567644000052 6 0.023750000633299354 7 8
decision_type=2 2 2 2 2 2 2 2 2 2 2 2 2 2 2 2 1 1 10 1 1 8 10 1 1 8 1 2 1 1
left_child=2 4 6 7 11 13 12 15 18 17 26 22 -1 -4 -8 -3 -17 -5 -6 -12 -13 -9 -2 -24 -23 -10 -7 29 -29 -27
right_child=1 3 5 9 8 10 14 21 25 -11 19 20 -14 -15 -16 16 -18 -19 -20 -21 -22 24 23 -25 -26 27 -28 28 -30 -31
leaf_value=-0.051373497237109371 -0.00110830159391096 0.021060576004045706 -0.023825247754695186 0.026639023397656433 0.0085055375360638535 -0.010684766699944802 -0.03715286272437781 0.032668009804885594 0.021441735614468854 0.045019021106695117 -0.010003478549186023 0.0071893572142110564 -0.04324176795477086 -0.01844236509341772 -0.03140838786430309 0.0089937138686039062 0.020368468452140173 0.036587795917373066 -0.0082379605012929662 -0.0048463791198112283 0.0010822018995149368 0.029379053067607203 -0.020552428648837912 -0.0030802839084200931 0.022639041671078924 0.0092725857853293084 -0.016823042167810106 0.0090579144138817173 0.027934221741420628 0.015417977811628967
leaf_weight=1534.4548880308867 4507.3580278307199 3965.1952447295189 3508.3602732047439 869.10757148265839 6628.2787258476019 1650.5257095620036 2243.2058516219258 669.73983225226402 549.41666242480278 1086.2986755222082 2448.6692416518927 1335.7055422067642 1694.7353280484676 2232.2755552306771 2580.9346147999167 744.34980839490891 880.09198282659054 2124.048393279314 126.70484200119972 2833.4006425887346 2233.5538980811834 1512.7433050423861 157.36451944708824 320.40908508002758 2559.9576365053654 1559.2841979414225 1652.7525451257825 226.85182915627956 287.27415950596333 1880.9414867758751
leaf_count=17087 28546 19303 29043 3724 37019 12162 21372 3039 2834 4445 16847 7989 17332 17386 23036 3683 4352 9095 721 19375 13481 6907 1003 2040 11695 8134 12173 1174 1486 9732
internal_value=-0.000312639 0.014847 -0.0234955 0.0266493 0.0062605 -0.0145879 -0.0393335 0.0225943 0.010784 0.0369033 -0.00980222 0.000305828 -0.0471352 -0.0217392 -0.0340938 0.0194083 0.0153543 0.0339298 0.00818913 -0.0072681 0.00339356 0.0263396 -0.0019054 -0.00938936 0.0252834 0.0146705 -0.0138475 0.0137194 0.0203894 0.0127113
internal_weight=56604 34224.7 22379.3 14411.5 19813.1 14326 8053.33 10332.1 11258.8 4079.45 8585.35 8554.39 3229.19 5740.64 4824.14 5589.64 1624.44 2993.16 6754.98 5282.07 3569.26 4742.44 4985.13 477.774 4072.7 4503.77 3303.28 3954.35 514.126 3440.23
internal_count=366215 180402 185813 66243 114159 106986 78827 48979 61100 17264 60557 53059 34419 46429 44408 27338 8035 12819 37740 36222 21470 21641 31589 3043 18602 23360 24335 20526 2660 17866
cat_boundaries=0 1 2 3 4 5 6 7 8 9
cat_threshold=20341906 4217904 11240164 13653284 10888264 19694122 7228186 17439866 18992908
is_linear=0
shrinkage=0.05


Tree=17
num_leaves=31
num_cat=7
split_feature=2 2 2 2 2 2 2 2 2 2 2 2 15 2 13 15 13 2 15 4 10 2 15 6 15 12 3 13 15 15
split_gain=7154.92 1255.06 1142.84 264.146 170.754 169.185 151.851 38.0209 36.3962 23.828 23.4678 20.0274 18.4297 18.2546 17.8004 29.1997 17.7022 16.8497 15.4979 20.4914 14.3221 14.2298 12.7117 12.09 12.7233 11.9063 11.7537 11.653 11.0198 10.9358
threshold=-1.7509003877639768 -1.1090694665908811 -2.6072126626968379 -0.78680923581123341 -2.1502938270568843 -1.4753534793853758 -3.2944207191467281 -0.69920131564140309 -1.2584189176559446 -2.0129398107528682 -0.97001484036445607 -3.9156665802001949 0 -2.3183943033218379 -0.023436801508069035 1 0.034347545355558402 -0.47306984663009638 2 0.16499999910593036 6.0150001049041757 -3.018058061599731 3 0.023750000633299354 4 -0.024166666902601715 0.64277985692024242 0.018224601633846763 5 6
decision_type=2 2 2 2 2 2 2 2 2 2 2 2 1 2 8 1 10 2 1 2 2 2 1 2 1 2 2 10 1 1
left_child=2 5 6 10 13 27 11 20 16 -6 -3 -1 -11 -4 15 -10 29 18 19 26 22 -8 -5 28 -25 -21 -9 -2 -16 -7
right_child=1 3 4 7 9 8 21 17 14 12 -12 -13 -14 -15 23 -17 -18 -19 -20 25 -22 -23 -24 24 -26 -27 -28 -29 -30 -31
leaf_value=-0.051506717506851853 0.0001976648744903488 0.017491766606692494 -0.022694858322620349 0.020918755171362276 -0.013248122903797861 0.0098868550519473075 -0.036263921046939755 0.029384446867309046 0.039034136196815561 -0.0028919480391449912 0.022307866074189102 -0.042940549321324545 -0.0092251674209017434 -0.017075470393291173 0.006385528318533615 0.0067177551451560987 -0.010608331810170672 0.047914306968563837 0.039937501066482181 0.030767432374222411 0.024561721406116205 -0.030133256569407758 0.037763691351763426 0.0051789658154061148 0.022471920761299932 0.053011135897915146 0.014658983183784348 -0.0069723348037926325 0.01241399722816326 0.0055875465130465363
leaf_weight=1217.6274989396334 6737.1440704315901 4719.2849613726139 3446.1368965506554 273.12599822878838 2519.7405235245824 2475.9283354878426 1443.2084961161017 727.64105267822742 148.75763545930386 1655.4040160775185 5610.7795382589102 1884.8884833753109 4008.4666637182236 2564.4117021635175 1147.254718452692 153.26886194944382 140.13371142745018 359.37702494859695 1619.6485256552696 128.29106409847736 1093.9009407907724 3255.5309485718608 613.67805461585522 168.506393045187 453.41891697049141 137.80132108926773 174.33279268443584 616.71843829751015 2880.78035376966 4039.5032159537077
leaf_count=14179 42052 23228 29018 1190 18766 13978 14348 3042 772 11394 25851 20150 27771 20106 6054 794 813 1446 6769 536 4805 30035 2674 889 2365 578 734 3894 15090 22861
internal_value=-8.41032e-05 0.0141501 -0.0223576 0.0247238 -0.013905 0.00552846 -0.0377294 0.034004 0.00928721 -0.00920149 0.0201114 -0.0463335 -0.00739719 -0.0203038 0.0125338 0.0242915 0.00686857 0.0374469 0.0360641 0.0300362 0.0285013 -0.0320309 0.0332946 0.01176 0.0182613 0.0425963 0.0265771 -0.000405366 0.0107477 0.0072476
internal_weight=56414.7 34419.3 21995.4 15457.9 14194.2 18961.4 7801.26 5127.8 11607.6 8183.61 10330.1 3102.52 5663.87 6010.55 4951.99 302.026 6655.57 3147.09 2787.71 1168.07 1980.7 4698.74 886.804 4649.96 621.925 266.092 901.974 7353.86 4028.04 6515.43
internal_count=366182 180415 185767 70853 107055 109562 78712 21774 63616 57931 49079 34329 39165 49124 25964 1566 37652 13105 11659 4890 8669 44383 3864 24398 3254 1114 3776 45946 21144 36839
cat_boundaries=0 1 2 3 4 5 6 7
cat_threshold=5268752 2663614 5305892 13698194 16910382 10584834 4807746
is_linear=0
shrinkage=0.05


Tree=18
num_leaves=31
num_cat=10
split_feature=2 2 2 2 2 2 2 2 2 1 2 13 2 10 15 15 13 15 2 14 11 1 15 15 13 2 9 15 15 15
split_gain=6515.41 1335.92 906.11 277.229 154.804 139.574 108.79 59.2603 42.8481 24.757 21.6786 21.4649 17.4538 15.5825 13.3542 13.2424 12.8817 15.4217 12.5793 13.4399 12.3279 17.5675 11.9723 11.7668 11.2557 11.2461 10.5182 21.4012 12.5798 10.3322
threshold=-1.8632881641387937 -1.1925404667854307 -2.6250073909759517 -0.77358368039131153 -1.4753534793853758 -3.2944207191467281 -2.24220860004425 -0.99737027287483204 -0.56869837641715992 0 -3.6917496919631954 -0.0040843619499355546 -1.7057085037231443 6.0350000858306894 1 2 0.016004119068384174 3 -1.9420680403709409 1.0000000180025095e-35 0.2759499996900559 4 5 6 -0.0010167934233322737 -2.904711008071899 -1.0000000180025095e-35 7 8 9
decision_type=2 2 2 2 2 2 2 2 2 1 2 8 2 2 1 1 10 1 2 2 2 1 1 1 8 2 2 1 1 1
left_child=2 4 5 7 12 10 -4 29 13 22 -1 -11 15 -5 18 20 26 -18 19 -8 21 -2 -9 -15 -13 -7 27 -14 -28 -3
right_child=1 3 6 8 -6 25 14 9 -10 11 -12 24 16 23 -16 -17 17 -19 -20 -21 -22 -23 -24 -25 -26 -27 28 -29 -30 -31
leaf_value=-0.049730736252806898 0.018999738732296476 0.016827437290209152 -0.021040224040304589 0.033500812192625559 0.0075996410896993025 -0.034476026842817802 -0.013154898425303308 0.0095993331720512481 0.040805526566259874 0.029834806150897432 -0.040842120270819293 0.0076506984657898243 -0.0032892463912768456 0.031921205870844925 -0.012733863908247382 -0.0070045964143313367 0.0033666157009690032 -0.012891637027673462 -0.0013315080937606747 -0.0041017995784492101 -0.0032235274277041034 -0.002578835888080451 0.019022217915842635 0.02277444289475769 0.022077150528735514 -0.029252223191798234 0.0020379813118731062 0.0065459325229437872 -0.0042310880369147508 0.012549360028805176
leaf_weight=1661.9292186424136 157.21826857328415 3330.5058967471123 4627.2156087830663 1488.7604590803385 8880.2191126942635 2121.238906249404 1172.1831587105989 621.00541995465755 1103.4107677936554 994.13808651268482 1327.6495886221528 142.64477548003197 821.11245630681515 891.42489530146122 4678.7613248452544 1967.0101197212934 232.78605815768242 372.56752829253674 547.70831707119942 633.6344543248415 1316.6304884105921 212.87079541385174 1056.6613389849663 1316.7396515309811 4070.2056341767311 2298.9991386979818 1619.7986533343792 1655.6286751329899 1560.5954834073782 3331.6559108793736
leaf_count=19954 1030 16630 39208 6305 49377 21352 8791 2858 4470 4537 14389 654 5098 3792 34620 13305 1452 2345 3826 4762 8759 1426 4862 5609 18687 21510 9983 10234 9688 16701
internal_value=-2.23146e-05 0.0121744 -0.0237782 0.0217715 0.00280545 -0.0374489 -0.0150853 0.0181079 0.0320986 0.021365 -0.0458133 0.0231326 -0.00148853 0.0294792 -0.011162 -0.0042338 0.000113984 -0.00680593 -0.00794134 -0.00998635 -0.000950977 0.00708217 0.0156272 0.02674 0.0215925 -0.0317735 0.000856608 0.0032984 -0.00104582 0.0147365
internal_weight=56212.9 37143.6 19069.3 18347.2 18796.4 7409.82 11659.5 13546.8 4800.34 6884.66 2989.58 5206.99 9916.22 3696.93 7032.29 3653.73 6262.49 605.354 2353.53 1805.82 1686.72 370.089 1677.67 2208.16 4212.85 4420.24 5657.14 2476.74 3180.39 6662.16
internal_count=366214 197802 168412 85105 112697 77205 91207 64929 20176 31598 34343 23878 63320 15706 51999 24520 38800 3797 17379 13553 11215 2456 7720 9401 19341 42862 35003 15332 19671 33331
cat_boundaries=0 1 2 3 4 5 6 7 8 9 10
cat_threshold=4 3425456 25491202 17832180 6 8607120 25493966 21348418 29423044 5147384
is_linear=0
shrinkage=0.05


Tree=19
num_leaves=31
num_cat=7
split_feature=2 2 2 2 2 2 2 2 2 2 2 2 10 15 14 15 15 10 1 2 10 15 12 15 10 15 11 10 2 2
split_gain=5936.29 1111.52 928.645 223.65 170.414 149.605 100.539 43.39 37.28 25.4852 23.8605 19.1061 18.6214 27.2549 14.9842 19.405 16.3059 14.1151 12.8995 12.7061 12.3695 13.7422 12.0112 15.5294 11.1403 13.049 12.8357 12.4145 10.7964 10.6701
threshold=-1.8159692287445066 -1.1430547833442686 -2.5426402091979976 -0.78680923581123341 -3.2629365921020503 -1.4840423464775083 -2.1721699237823482 -0.62296542525291432 -0.97001484036445607 -3.7971545457839961 -1.3503937125205991 -2.904711008071899 5.9249999523162851 0 1.0000000180025095e-35 1 2 4.2449998855590829 3 -2.4119105339050289 6.0350000858306894 4 0.057500001043081291 5 6.8949999809265146 6 0.30440001189708715 6.6050000190734872 -1.992276608943939 -0.47306984663009638
decision_type=2 2 2 2 2 2 2 2 2 2 2 2 2 1 2 1 1 2 1 2 2 1 2 1 2 1 2 2 2 2
left_child=2 5 4 8 9 -2 19 20 12 -1 14 -6 13 -3 16 -16 18 -10 -7 -4 -5 -22 -12 -24 25 -14 -26 -27 -8 -9
right_child=1 3 6 7 11 10 28 29 17 -11 22 -13 24 -15 15 -17 -18 -19 -20 -21 21 -23 23 -25 26 27 -28 -29 -30 -31
leaf_value=-0.04992934174711279 -0.0012156029191170885 0.023412761085300327 -0.022641774136395398 0.030090825625884856 -0.033572917310726584 0.00087875559240224623 -0.011498773456503778 0.034180818125118966 0.032138181959517106 -0.040412397015935173 0.010015585459558326 -0.027111985355533386 0.0047726836011681558 0.013504520857118035 0.0017574818076081949 0.013676260667114219 -0.0016970807433072149 0.019792447691897398 0.010762979162052936 -0.017035952169631108 0.017136878188627285 0.027318010754945433 0.010530776860898511 -0.0074844623734665813 0.027736085229683655 0.016178319144302618 0.012608551477518491 0.0042934989134306651 -0.0075300213502902807 0.044234963483846035
leaf_weight=1353.2934304103255 8588.7114203423262 1180.6354508250952 1495.5259557664394 1450.5742952078581 1932.7334090545774 626.79493986070156 3220.6194257438183 1439.1988235414028 245.72518612444401 1665.1154175400734 6291.2412189990282 3064.5094281360507 850.37488475441933 2083.1418123245239 604.34660470485687 814.67544174194336 1281.6130832433701 5443.0374182313681 708.7735308110714 3330.8990416377783 701.99411478638649 1209.678781747818 227.58616645634174 227.56581336259842 200.36582541465759 881.85899616777897 482.8705036342144 294.81242980062962 3708.8601891994476 360.81605918705463
leaf_count=17039 54480 5777 13065 6143 19941 3603 24359 5880 1128 18765 33504 28910 4152 10224 3470 4678 7347 24686 4042 27390 3000 5164 1234 1231 978 4311 2358 1439 26107 1445
internal_value=-0.000160719 0.0118741 -0.0221922 0.0212749 -0.0353139 0.00370769 -0.0132409 0.0299422 0.017434 -0.0447095 0.00762877 -0.0296232 0.014664 0.0172139 0.00458439 0.00871841 0.002338 0.0203368 0.00617335 -0.0187816 0.0265494 0.0238335 0.00944825 0.00159686 0.0115828 0.00970385 0.0171129 0.0131018 -0.00937737 0.036243
internal_weight=55967.9 36196.4 19771.6 16825.1 8015.65 19371.3 11755.9 5162.26 11662.8 3018.41 10782.6 4997.24 5974.06 3263.78 4036.2 1419.02 2617.18 5688.76 1335.57 4826.42 3362.25 1911.67 6746.39 455.152 2710.28 2027.05 683.236 1176.67 6929.48 1800.01
internal_count=365850 190274 175576 76685 84655 113589 90921 21632 55053 35804 59109 48851 29239 16001 23140 8148 14992 25814 7645 40455 14307 8164 35969 2465 13238 9902 3336 5750 50466 7325
cat_boundaries=0 1 2 3 4 5 6 7
cat_threshold=9218696 13205944 21589330 12 709730 19185726 8758930
is_linear=0
shrinkage=0.05


Tree=20
num_leaves=31
num_cat=11
split_feature=2 2 2 2 2 2 2 2 2 1 2 2 10 15 6 15 2 2 15 15 12 15 15 15 10 4 2 15 15 1
split_gain=5360.37 1025.8 823.688 254.148 141.12 105.351 86.5893 41.782 24.3454 23.3982 16.2095 16.0267 18.3585 15.203 14.9044 21.4138 14.355 13.7777 13.3202 12.7244 12.4068 15.7224 11.8055 11.8054 11.7752 11.4876 11.1287 11.6245 10.3463 10.2299
threshold=-1.8632881641387937 -1.1925404667854307 -2.6072126626968379 -0.83471965789794911 -3.2944207191467281 -1.5853455662727354 -2.1502938270568843 -0.59706607460975636 -3.7971545457839961 0 -1.0242411494255064 -1.3503937125205991 4.8250000476837167 1 -0.026250000111758705 2 -2.4119105339050289 -2.904711008071899 3 4 0.019166666083037857 5 6 7 5.9749999046325692 0.16499999910593036 -0.47306984663009638 8 9 10
decision_type=2 2 2 2 2 2 2 2 2 1 2 2 2 1 2 1 2 2 1 1 2 1 1 1 2 2 2 1 1 1
left_child=2 5 4 9 8 20 16 24 -1 14 28 12 13 -7 15 -3 -4 -6 -13 -16 -2 29 -8 -12 -5 26 27 -9 -11 -22
right_child=1 3 6 7 17 11 22 25 -10 10 23 18 -14 -15 19 -17 -18 -19 -20 -21 21 -23 -24 -25 -26 -27 -28 -29 -30 -31
leaf_value=-0.049339568506845073 -0.00081617438229745663 -0.0010558011428162535 -0.021285207255271717 0.027851896137589219 -0.032879583638622638 0.00086491808493037361 -0.0054648067728337918 0.02004611838393831 -0.03967596273400411 0.010484463421599234 0.023245185099069268 0.011150972559573613 0.002122111246794782 0.01037770590439754 0.017030474027656003 0.013204076984483233 -0.016056610788393443 -0.027105177974343059 0.0056509784016048588 0.010796266765838619 0.008234771988025455 -0.0076357827872774262 -0.010695137958494173 0.016671212650246067 0.022858183196126543 0.044205440109755183 0.040876838686970708 0.034707606006675315 0.016568999797515756 -0.0046083841984451059
leaf_weight=1298.5659569278359 4442.8976532816887 485.27723276615143 2100.549859598279 2098.2522171735764 2003.6734334602952 596.83933888375759 1617.2411148548126 364.31440687179565 1484.1522910892963 1385.9569263160229 1264.6339182108641 1715.761502161622 4766.2627163976431 1504.010222658515 1587.8008554577827 569.87539124488831 3664.9682662934065 2367.0162537842989 3357.3030847460032 2160.5419217795134 293.61990313231945 1771.1353107392788 3856.1927726715803 2659.0867155790329 2968.4474587887526 269.70754565298557 301.15399788320065 525.86367027461529 1951.3465844243765 304.36326107382774
leaf_count=17043 28929 2340 18844 8917 21277 3526 11900 1476 17360 6853 5798 9206 27896 8852 7672 2736 30310 23084 18095 10435 1928 11731 28500 12193 12678 1089 1205 2129 9619 2012
internal_value=-4.37322e-05 0.010838 -0.0221372 0.0191598 -0.0353987 0.00258606 -0.0136916 0.0271082 -0.0442177 0.0148553 0.0166909 0.00541645 0.0038401 0.00773203 0.0120151 0.00677111 -0.0179683 -0.0297662 0.0075479 0.013519 -0.0023752 -0.00529575 -0.0091818 0.0189025 0.0249364 0.0345955 0.0323494 0.0293793 0.0141309 0.00173576
internal_weight=55736.8 37344.5 18392.4 18592.3 7153.41 18752.2 11239 6527.74 2782.72 12064.5 7261.02 11940.2 6867.11 2100.85 4803.5 1055.15 5765.52 4370.69 5073.06 3748.34 6812.02 2369.12 5473.43 3923.72 5066.7 1461.04 1191.33 890.178 3337.3 597.983
internal_count=365633 197315 168318 85140 78764 112175 89554 27494 34403 57646 34463 67575 40274 12378 23183 5076 49154 44361 27301 18107 44600 15671 40400 17991 21595 5899 4810 3605 16472 3940
cat_boundaries=0 1 2 3 4 5 6 7 8 9 10 11
cat_threshold=12 18908312 9526822 17993826 15864596 16794392 1066266 8725130 114236 32514318 11
is_linear=0
shrinkage=0.05


Tree=21
num_leaves=31
num_cat=7
split_feature=2 2 2 2 2 2 2 2 2 2 10 15 2 2 13 9 13 13 13 15 2 15 15 2 15 2 15 15 2 11
split_gain=4983.28 966.238 791.259 215.533 149.31 110.024 96.4165 39.5745 38.7295 21.2476 18.3099 18.0986 17.1749 16.1539 14.7844 19.8947 14.6352 13.2345 13.1498 14.9757 13.0881 14.2257 12.3977 12.3634 12.05 11.399 18.9775 14.3735 11.3617 11.2973
threshold=-1.8632881641387937 -1.1925404667854307 -2.6250073909759517 -0.78680923581123341 -3.2944207191467281 -1.5003601312637327 -2.230048298835754 -0.9347795546054839 -0.53161874413490284 -3.7971545457839961 6.0350000858306894 0 -1.7057085037231443 -1.3080294728279112 0.017358352430164817 1.0000000180025095e-35 0.027348751202225689 0.0047678458504378804 -0.029121722094714638 1 -2.0336883068084712 2 3 -1.0501621365547178 4 -0.66397362947463978 5 6 -2.904711008071899 0.51240000128746044
decision_type=2 2 2 2 2 2 2 2 2 2 2 1 2 2 10 2 8 10 8 1 2 1 1 2 1 2 1 1 2 2
left_child=2 5 4 7 9 12 -4 11 10 -1 -5 16 22 29 -14 -16 -3 -15 19 -8 -20 -22 -2 -18 -19 27 -27 -12 -6 -7
right_child=1 3 6 8 28 13 18 -9 -10 -11 25 -13 14 17 15 -17 23 24 20 -21 21 -23 -24 -25 -26 26 -28 -29 -30 -31
leaf_value=-0.049374091450702415 -0.0075464064045350143 0.013924879504407789 -0.019219584075989907 0.029019279586323173 -0.032074389144976789 0.0046134755382957731 0.015282199680425554 0.018705867652294105 0.037445962633140692 -0.040125814617545295 0.01326548029561569 0.014887493390054268 0.0007990166403633209 0.0097943836282117017 -0.013272378441236575 0.011962863062022402 0.0041515246729051831 -0.005839058633330646 -0.012534186046114396 -0.0089683228104087565 -0.0046556436271118461 -0.011348085890025592 -0.001669119840382584 0.011713785575731337 0.007701453393981309 0.036556177737868234 0.020824979373931324 0.024063094869150703 -0.026668786385687898 -0.0087643600374252405
leaf_weight=1243.3539827242494 1694.0400499552488 1537.4449754059315 4612.0430242866278 1792.4848616123199 1959.9784812778234 5729.245790079236 101.30094177275896 4511.0980765372515 748.21339698135853 1435.2650131955743 679.00023272633553 5249.2397144883871 5019.1127086281776 3114.9555679410696 392.58996915817261 95.710860505700111 1208.9793762862682 277.34251832962036 3167.2138007134199 133.88219352066517 1659.2598844543099 1618.7681780308485 1937.1501281857491 980.64798867702484 370.55157214403152 352.1012137979269 801.26587590575218 825.71544070541859 2168.9530738592148 160.49428130686283
leaf_count=17003 11550 7477 40739 7456 21363 32514 763 20018 2998 17342 2889 25403 31162 16539 2494 600 6024 1500 24854 1006 11983 11787 12967 4628 2007 1440 3286 3503 21634 920
internal_value=-0.000237033 0.0101677 -0.0217795 0.018218 -0.0352425 0.00216132 -0.0136587 0.01488 0.0268687 -0.0444523 0.0250744 0.0129536 -0.00177058 0.00588344 -1.02176e-05 -0.00829745 0.0101561 0.00844267 -0.00981489 0.00178414 -0.0102385 -0.00801423 -0.00443903 0.00754596 0.00193372 0.0223944 0.026179 0.0194625 -0.0292491 0.00424608
internal_weight=55577.4 37477.4 18100 18686.2 6807.55 18791.2 11292.5 13487.4 5198.78 2678.62 4450.57 8976.31 9138.6 9652.59 5507.41 488.301 3727.07 3762.85 6680.42 235.183 6445.24 3278.03 3631.19 2189.63 647.894 2658.08 1153.37 1504.72 4128.93 5889.74
internal_count=365849 197375 168474 85122 77342 112253 91132 63550 21572 34345 18574 43532 58773 53480 34256 3094 18129 20046 50393 1769 48624 23770 24517 10652 3507 11118 4726 6392 42997 33434
cat_boundaries=0 1 2 3 4 5 6 7
cat_threshold=20050178 31055968 7494128 3344630 13215952 723282 719922
is_linear=0
shrinkage=0.05


Tree=22
num_leaves=31
num_cat=16
split_feature=1 10 10 10 1 1 1 1 9 10 1 12 12 12 12 1 15 10 12 10 15 15 15 12 15 10 15 15 15 15
split_gain=1907.61 811.025 278.211 229.702 169.473 149.527 129.311 95.5086 85.9677 73.664 50.8029 37.7405 37.4534 36.9584 36.8918 36.3638 30.153 29.8507 29.6665 26.4668 29.9552 27.3779 26.3975 25.5418 24.22 23.5938 23.3467 21.5394 20.867 20.8249
threshold=0 4.9349999427795419 4.5850000381469735 2.495000004768372 1 2 3 4 1.0000000180025095e-35 5.6349999904632577 5 -0.0041666666511446229 0.015833333600312475 0.015833333600312475 0.024166666902601722 6 7 3.7150000333786015 -0.037499999627470963 5.4849998950958261 8 9 10 0.014166666660457851 11 6.7950000762939462 12 13 14 15
decision_type=1 2 2 2 1 1 1 1 2 2 1 2 2 2 2 1 1 2 2 2 1 1 1 2 1 2 1 1 1 1
left_child=2 3 7 -2 9 10 15 -1 18 23 16 29 25 19 27 -5 -4 -13 -6 21 -21 -12 -14 -3 -15 -11 -10 -7 -27 -9
right_child=1 4 5 6 8 14 -8 11 26 12 13 17 22 24 -16 -17 -18 -19 -20 20 -22 -23 -24 -25 -26 28 -28 -29 -30 -31
leaf_value=0.0098022813480063749 -0.042062928546847039 -0.0025026587950759778 0.02431521899714199 -0.0111299495634904 -0.0055204031565916738 0.0043266008514062562 -0.029347274723399066 -0.0042240743911406767 0.0036852249669356526 0.0030673579915986657 0.001532406101136742 -0.016540679211077557 0.0047470212387398826 0.0012180383068715963 0.0006391162726487249 -0.019085946701789553 0.01574854582268622 -0.0043673353488216087 -0.018764478098653985 0.011264291151148645 0.02036836891778375 0.013700959875337721 -0.0053754083035957578 -0.010894051341119117 0.011222932768120275 0.0032326186496974899 -0.0079161584685031455 0.010493166831326882 0.016070630784565679 0.0051966604136494642
leaf_weight=1887.7748609930277 1211.7775082886219 2197.4598039016128 1656.8032139018178 3202.0354684144258 512.04043509811163 2379.7199777811766 2137.7498601004481 966.4717064127326 810.16680048406124 3879.3428854495287 702.45746912062168 635.7426999732852 950.62868285179138 1055.3543440699577 2274.5446300879121 2848.2234387174249 3491.296915024519 2406.6147142201662 2482.9645921587944 1660.2124766260386 2337.5343557447195 1415.9009120687842 1942.4656309187412 1543.9197154566646 1443.2518839389086 565.96524511277676 910.157370403409 3696.122803889215 766.88071640580893 1455.9757659137249
leaf_count=10147 15951 14894 7396 25054 4204 12565 23756 6277 5450 22830 3846 5164 5973 5893 13231 26142 15901 16787 23295 8011 11045 7727 12675 11660 7929 3157 6278 19323 4195 9255
internal_value=-0.000139632 -0.0100191 0.0085656 -0.0217519 -0.00336442 0.0113698 -0.0187364 0.000142719 -0.0113673 -0.000167923 0.0145724 -0.00320853 0.00251064 0.0121695 0.00606441 -0.0149057 0.0185557 -0.00692032 -0.0165054 0.0142774 0.0166742 0.00974291 -0.00205051 -0.00596943 0.0070512 0.00504219 -0.00247925 0.00810452 0.0107769 0.00144174
internal_weight=55427.6 25961.8 29465.8 9399.79 16562 22113.2 8188.01 7352.58 4715.33 11846.7 13762.8 5464.8 8105.28 8614.71 8350.39 6050.26 5148.1 3042.36 2995.01 6116.11 3997.75 2118.36 2893.09 3741.38 2498.61 5212.19 1720.32 6075.84 1332.85 2422.45
internal_count=366011 205514 160497 90903 114611 112867 74952 47630 39227 75384 67748 37483 48830 44451 45119 51196 23297 21951 27499 30629 19056 11573 18648 26554 13822 30182 11728 31888 7352 15532
cat_boundaries=0 1 2 3 4 5 6 7 8 9 10 11 12 13 14 15 16
cat_threshold=7 24 3 24 1 1 8 30245376 3338262 11012746 2114012 3584194 10166586 8736312 29463608 16901522
is_linear=0
shrinkage=0.05


Tree=23
num_leaves=31
num_cat=7
split_feature=2 2 2 2 2 2 2 2 2 15 2 6 2 15 12 2 2 13 15 15 6 12 1 13 13 15 15 2 12 2
split_gain=4435.93 854.074 684.833 160.628 146.64 102.406 73.8152 29.7653 19.1656 18.5798 16.1843 12.2498 12.1409 13.0158 16.067 12.0819 11.4241 10.9994 17.3596 10.9466 12.8 10.7608 10.4498 10.2268 10.0278 9.57194 9.318 9.31825 9.17761 9.16752
threshold=-1.8822145462036131 -1.1925404667854307 -2.6250073909759517 -0.84565806388854969 -3.4342366456985469 -1.5003601312637327 -2.2547546625137325 -0.62296542525291432 -1.0149891972541807 0 -2.904711008071899 0.053749999031424529 -0.47306984663009638 1 -0.027500000782310959 -1.6025270223617551 -3.8532700538635249 -0.020263501442968842 2 3 -0.043750001117587083 -0.062499999999999993 4 -0.030484502203762528 -0.013729935511946676 5 6 -1.4753534793853758 0.012500000186264517 -2.0336883068084712
decision_type=2 2 2 2 2 2 2 2 2 1 2 2 2 1 2 2 2 8 1 1 2 2 1 8 8 1 1 2 2 2
left_child=2 5 4 8 16 11 -4 -5 9 23 -6 15 13 14 -9 -2 -1 18 -7 -10 -21 -22 -11 -3 -23 -13 -19 -28 -20 -8
right_child=1 3 6 7 10 17 29 12 19 22 -12 25 -14 -15 -16 -17 -18 26 28 20 21 24 -24 -25 -26 -27 27 -29 -30 -31
leaf_value=-0.048882296634198796 -0.0032328836425610805 0.02295288268901453 -0.018668074968262942 0.0210112888770701 -0.031761456380380186 -0.0014350399185283607 -0.011831385859866555 0.010618461359812335 0.017888826803037508 0.018499017256827205 -0.025595165377342119 -0.0037394914580526151 0.036984061469082834 0.031033405832331593 0.026713825342305372 0.000726929799976842 -0.040915040984030676 0.0067088226587024265 0.013056730875408188 -0.00093486298489095379 0.024125263736363683 0.022227802341512424 0.012009053886982568 0.0077971160682765179 0.011855184778178159 0.014109683840463287 -0.0045584303487363493 0.0041105703485527422 0.029735946701177858 -0.0080610528029952302
leaf_weight=1062.8401293158531 6475.0499812662601 114.69120667874813 4135.8492464199662 5106.4027351886034 2360.7514457926154 193.67649972438812 3603.7613019421697 272.6676514595747 2797.6192633360624 1024.3703226149082 2084.3061148822308 114.49052274227142 353.61144164204597 823.5363284945488 370.597526460886 2740.7825358062983 991.25488613545895 4519.6100102216005 401.44074402749538 152.44891093671322 237.57193528115749 261.82645101845264 2377.7280039340258 2737.6962221115828 2246.7375473082066 199.80148950219154 333.43498316407204 4139.1902485638857 104.80853387713432 2961.7520287334919
leaf_count=15648 42933 559 37533 21573 27267 1060 28820 1101 12688 4947 21464 748 1417 3324 1499 16672 12973 24900 2186 701 1069 1183 11601 13454 10219 1299 1997 22716 582 21731
internal_value=-0.000139294 0.00937565 -0.0212139 0.0169292 -0.0340147 0.00195657 -0.0134348 0.0229889 0.0134137 0.0114937 -0.0288829 -0.00172368 0.028507 0.0264158 0.019641 -0.00205534 -0.045081 0.00557489 0.0116088 0.0155171 0.0131104 0.0139379 0.0140213 0.00839276 0.0129547 0.00795291 0.00510275 0.00345483 0.0162927 -0.0101335
internal_weight=55300.3 38099.8 17200.5 18877.5 6499.15 19222.3 10701.4 6926.82 11950.7 6254.49 4445.06 9530.12 1820.41 1466.8 643.265 9215.83 2054.1 9692.16 699.926 5696.2 2898.58 2746.14 3402.1 2852.39 2508.56 314.292 8992.24 4472.63 506.249 6565.51
internal_count=365864 200428 165436 85335 77352 115093 88084 28914 56421 30561 48731 61652 7341 5924 2600 59605 28621 53441 3828 25860 13172 12471 16548 14013 11402 2047 49613 24713 2768 50551
cat_boundaries=0 1 2 3 4 5 6 7
cat_threshold=28434694 5576496 15228944 15041182 49 4341942 20608098
is_linear=0
shrinkage=0.05


Tree=24
num_leaves=31
num_cat=10
split_feature=2 2 2 2 2 2 2 2 2 2 2 15 2 15 13 10 15 15 6 1 15 2 5 15 9 15 15 15 10 13
split_gain=4008.32 744.428 647.661 159.145 155.654 107.741 93.1447 21.0594 17.0071 17.0059 16.1279 14.8389 13.543 13.0342 12.9099 12.4217 16.6637 16.0519 12.6378 12.2427 12.1188 11.5946 11.3579 11.1892 11.016 14.6071 10.6688 10.5489 10.3649 18.9597
threshold=-1.8159692287445066 -2.6250073909759517 -1.0149891972541807 -1.4006915092468259 -3.3279221057891841 -0.68180623650550831 -2.2060441970825191 -0.84565806388854969 -1.5935863852500913 -3.9156665802001949 -1.1925404667854307 0 -3.018058061599731 1 -0.0012134629650972781 4.9549999237060556 2 3 0.028749999590218071 4 5 -2.4119105339050289 -0.014999999664723871 6 -1.0000000180025095e-35 7 8 9 4.8250000476837167 0.012012102641165258
decision_type=2 2 2 2 2 2 2 2 2 2 2 1 2 1 10 2 1 1 2 1 1 2 2 1 2 1 1 1 2 10
left_child=1 4 3 8 9 7 21 26 13 -1 27 -7 -6 -2 -14 17 18 -12 22 20 -19 -3 -17 -8 25 -9 -4 -5 29 -10
right_child=2 6 5 10 12 11 23 24 28 -11 15 -13 14 -15 -16 16 -18 19 -20 -21 -22 -23 -24 -25 -26 -27 -28 -29 -30 -31
leaf_value=-0.048804253748981258 0.0011695413282154891 -0.020051008429608927 0.016637244112029454 0.010585367216777759 -0.031272321114815045 0.031750959512859993 -0.0059099013383361008 0.011629707026098307 0.0072315165656517133 -0.039698111742220279 0.0010040573979289906 0.023096692697634827 -0.02290033731397818 -0.003773736774267929 -0.03108498586503293 0.018517048846043809 0.0068002902013072674 0.016994145800273763 0.029096280127610698 0.019741708064385105 -0.000666501895866416 -0.015048440669673188 0.0090151971541861161 -0.0099855630896166659 0.017214793778952655 0.02638325429504661 0.011968041961425487 0.0056297242358156448 0.00071180154258515679 -0.0089564400226786554
leaf_weight=928.06261329352856 2258.4633605778217 2139.5428761839867 2594.7793134003878 1395.1467077881098 1320.0429957658052 1269.9664831459522 3040.441033154726 283.59088882803917 1551.7452793121338 1393.1881391331553 210.93652817606926 1581.2899374812841 2010.0451646670699 3235.4796508848667 664.00342429429293 458.53668382763863 3181.6935304999352 186.9569093734026 115.68103125691414 873.4244589060545 196.68837584555149 2636.8763646930456 1022.0630588680506 4229.8088665604591 2937.6445693075657 857.00816103816032 3128.3182021081448 5329.8325032889843 3829.8870774656534 202.98984977602959
leaf_count=14291 14647 20344 11698 7470 15733 5139 22870 1200 9198 18711 1042 6411 21483 21245 7078 2216 15468 920 556 4262 969 23109 4941 31922 12449 3621 14142 28672 22607 1220
internal_value=-9.40153e-05 -0.0191651 0.00944772 0.00462938 -0.0330677 0.018604 -0.0118725 0.0161091 0.000228126 -0.0433777 0.0083879 0.0271631 -0.0270571 -0.00174669 -0.0249544 0.0102189 0.00897537 0.0142487 0.0131718 0.0163283 0.00819424 -0.0172967 0.0119789 -0.00830506 0.0188641 0.0230745 0.01414 0.00668476 0.00217081 0.00535081
internal_weight=55064.1 18362 36702.1 24049.5 6315.34 12652.6 12046.7 9801.34 11078.6 2321.25 12971 2851.26 3994.09 5493.94 2674.05 6245.98 4777.97 1468.01 1596.28 1257.07 383.645 4776.42 1480.6 7270.25 4078.24 1140.6 5723.1 6724.98 5584.62 1754.74
internal_count=365634 175541 190093 135433 77296 54660 98245 43110 68917 33002 66516 11550 44294 35892 28561 30374 23181 7193 7713 6151 1889 43453 7157 54792 17270 4821 25840 36142 33025 10418
cat_boundaries=0 1 2 3 4 5 6 7 8 9 10
cat_threshold=25872966 17888536 4852616 16843264 34 1500260 2539834 3170310 23429788 1151040
is_linear=0
shrinkage=0.05


Tree=25
num_leaves=31
num_cat=9
split_feature=2 2 2 2 2 2 2 2 2 2 13 13 0 2 2 15 15 12 15 4 15 15 10 15 10 15 13 2 10 15
split_gain=3660.57 863.164 492.958 208.494 96.8849 69.1505 57.6051 35.7872 31.6463 20.3928 17.9002 15.0523 14.292 14.1696 13.9109 13.1236 13.0942 13.7489 12.9382 12.8492 12.4398 12.1887 11.9653 11.703 10.5507 11.2714 11.6425 10.4326 11.6659 16.7179
threshold=-2.0336883068084712 -1.3247871994972227 -2.9946316480636592 -0.83471965789794911 -2.3183943033218379 -1.7057085037231443 -3.7971545457839961 -0.68180623650550831 -0.95211133360862721 -2.6072126626968379 0.012012102641165258 0.01133480202406645 0 -0.47306984663009638 -1.4592038989067075 1 2 0.0224999999627471 3 0.20499999821186068 4 5 4.3849999904632577 6 4.9549999237060556 7 -0.012904567644000052 -1.1768524050712583 5.3550000190734872 8
decision_type=2 2 2 2 2 2 2 2 2 2 10 10 1 2 2 1 1 2 1 2 1 1 2 1 2 1 8 2 2 1
left_child=2 5 6 8 9 21 -1 15 11 -4 14 24 18 23 19 -5 -6 -18 -12 -7 -13 -2 -16 -9 25 -3 -27 -26 29 -29
right_child=1 3 4 7 16 10 -8 13 -10 -11 12 20 -14 -15 22 -17 17 -19 -20 -21 -22 -23 -24 -25 27 26 -28 28 -30 -31
leaf_value=-0.047928923940877048 -0.0019661779117644699 0.0073097991372532978 -0.024158912894252083 0.014013682421072662 -0.0079020142426341877 0.00045605866831256589 -0.034010492613081832 0.030802359844985645 0.01474588269596702 -0.018132250808822647 -0.0084663050566366541 0.01082691189251068 -0.0070202085927175851 0.034931238621264959 0.011313681158677379 0.02062879632234349 -0.010703718826896903 -0.018703734661121102 0.010797847539390231 0.013546324038615895 0.0016176651548979475 -0.00633480176705771 0.0035523053021517554 0.021512132769840694 0.0070379422394759713 0.02394254173367558 0.013320495069997268 -0.0025430118492772436 0.01168130350716657 0.011587751898494463
leaf_weight=1072.4583129175007 2557.8465612828732 750.75803837180138 2660.9648457467556 1530.7409649342299 2009.7137847915292 5712.2857109606266 2576.1689523681998 642.67018714547157 3881.0406121462584 3076.2422858923674 121.16126142442226 573.40773804485798 949.25662013888359 356.61019118130207 590.14965011179447 2220.1152639091015 1465.756958141923 859.59253693372011 250.33127208054066 191.83328983187675 1017.1877411454916 4388.9608827903867 3104.2631607204676 1873.4726369678974 3111.2603621631861 307.19619789719582 1711.5927311629057 381.21312819421291 4550.977261275053 449.1195891648531
leaf_count=17093 17981 3785 28806 6443 16565 35144 33089 2594 17144 28983 735 2855 5728 1434 3289 9338 12019 7177 1518 1181 5093 31254 17262 7585 16211 1520 8575 1813 21633 2138
internal_value=-1.30918e-05 0.00743264 -0.0223811 0.0137599 -0.0166713 -0.000840012 -0.0381256 0.0212687 0.0107856 -0.0209349 0.00164107 0.00958765 -0.00381251 0.0254814 0.00239211 0.0180304 -0.0110215 -0.013616 0.00444658 0.000885823 0.00502516 -0.00473923 0.00479757 0.0241154 0.010231 0.0129186 0.0148853 0.00935174 0.0106864 0.00521834
internal_weight=54944.3 41223.5 13720.9 23357.4 10072.3 17866.1 3648.63 6623.61 16733.8 5737.21 10919.3 12852.7 1320.75 2872.75 9598.53 3750.86 4335.06 2325.35 371.493 5904.12 1590.6 6946.81 3694.41 2516.14 11262.1 2769.55 2018.79 8492.57 5381.31 830.333
internal_count=365985 222253 143732 108161 93550 114092 50182 27394 80767 57789 64857 63623 7981 11613 56876 15781 35761 19196 2253 36325 7948 49235 20551 10179 55675 13880 10095 41795 25584 3951
cat_boundaries=0 1 2 3 4 5 6 7 8 9
cat_threshold=44 11589714 20401170 6603232 10245156 1340184 9046082 17826572 12346472
is_linear=0
shrinkage=0.05


Tree=26
num_leaves=31
num_cat=13
split_feature=2 2 2 2 2 2 2 2 2 2 2 15 15 10 2 10 15 15 15 6 15 15 15 1 15 10 15 15 6 15
split_gain=3272.69 614.895 582.704 143.05 100.82 84.4268 79.4652 37.4512 15.0386 12.9823 12.8665 14.3363 12.627 12.8775 11.8541 14.318 13.8593 13.1698 10.7413 11.1091 10.4897 10.3996 10.2647 9.94276 22.5689 11.6277 17.7236 10.936 11.3919 9.58804
threshold=-1.9313741922378538 -1.2175930738449094 -2.7854049205780025 -0.74564701318740834 -3.4728074073791499 -2.3438787460327144 -1.5853455662727354 -0.98807975649833668 -0.47306984663009638 -3.9156665802001949 -2.1721699237823482 0 1 5.2950000762939462 -1.3503937125205991 4.805000066757203 2 3 4 0.041249999776482589 5 6 7 8 9 5.9749999046325692 10 11 -0.028749999590218064 12
decision_type=2 2 2 2 2 2 2 2 2 2 2 1 1 2 2 2 1 1 1 2 1 1 1 1 1 2 1 1 2 1
left_child=2 6 4 7 9 22 29 -3 12 -1 20 -12 13 -5 15 17 -17 -8 -9 23 -7 -16 -4 24 -20 27 -27 28 -25 -2
right_child=1 3 5 8 -6 10 14 18 -10 -11 11 -13 -14 -15 21 16 -18 -19 19 -21 -22 -23 -24 25 -26 26 -28 -29 -30 -31
leaf_value=-0.048493466481336532 0.00015229810248625807 0.0091714159981884768 -0.022022406062710883 0.035175500797719847 -0.02864749205144021 -0.0082538628277990002 0.00036609637595624899 0.017977537045710767 0.031922138757251528 -0.03931782236310858 -0.0044591543228277566 -0.010433794603755736 0.017491813251118881 0.022590348517001292 0.0083942946185861546 0.0042961385927811841 -0.0010916297613330806 0.0088747406777685191 0.0052123135238366404 0.023677875914136358 -0.015493452193630583 0.0034272008239845404 -0.016249403429629921 0.0066790034028685746 0.031064128919267436 0.0015743572417716255 0.011664994918141148 0.010926836274098154 0.019983103079893177 -0.0036309670601859072
leaf_weight=843.2324582785368 2364.2434027120471 8155.2355728745461 1704.9598589092493 236.96478241682053 3029.1843790784478 955.61713723093271 683.43396453559399 1566.064218133688 348.42586198449135 878.06005369126797 1786.4648737460375 2470.6369646117091 1874.4371424168348 1771.7210308015347 2213.5446114838123 2051.9115613698959 2824.6064641177654 1401.2714904695749 158.93117851018906 234.82436706125736 1354.4597440063953 2107.9906538426876 2388.4755545556545 192.56754025816917 220.48125524818897 563.48676778376102 2162.2501131892204 1406.9999666213989 1064.209537088871 5775.2218929156661
leaf_count=14121 15733 39388 16991 960 36950 8333 3999 6827 1405 12901 13862 19284 7631 7197 11714 11873 16428 8140 713 1029 11818 11242 23836 843 988 2461 9430 6153 4648 38949
internal_value=-8.24951e-05 0.00756217 -0.0196148 0.0137255 -0.0341772 -0.0131205 0.00122855 0.0115268 0.0218867 -0.0438639 -0.00960253 -0.00796481 0.0209702 0.0239892 0.00394469 0.00266649 0.0011828 0.00613264 0.0140613 0.0129825 -0.0126111 0.00600146 -0.018757 0.0125616 0.0207269 0.0119188 0.0096302 0.0142963 0.0178169 -0.00253656
internal_weight=54789.9 39378.8 15411.1 19956.6 4750.48 10660.6 19422.2 15725.1 4231.55 1721.29 6567.18 4257.1 3883.12 2008.69 11282.8 6961.22 4876.52 2084.71 7569.81 6003.75 2310.08 4321.54 4093.44 5768.93 379.412 5389.51 2725.74 2663.78 1256.78 8139.47
internal_count=365847 207751 158096 89673 63972 94124 118078 72480 17193 27022 53297 33146 15788 8157 63396 40440 28301 12139 33092 26265 20151 22956 40827 25236 1701 23535 11891 11644 5491 54682
cat_boundaries=0 1 2 3 4 5 6 7 8 9 10 11 12 13
cat_threshold=2280218 25930178 31478868 18908728 21234184 21374066 5476602 21016228 48 73044 1577024 531940 20993288
is_linear=0
shrinkage=0.05


Tree=27
num_leaves=31
num_cat=12
split_feature=2 2 2 2 2 2 2 2 2 1 0 15 15 2 15 5 15 10 2 0 15 1 15 3 2 2 10 15 15 2
split_gain=2957.74 640.18 494.277 145.621 105.409 80.9258 56.9857 45.2462 14.5774 13.5996 15.5982 16.7486 13.3673 15.8251 13.3055 12.3646 13.1939 12.1955 12.1715 13.8289 11.7471 11.0457 10.9459 10.537 9.69772 9.60927 9.14637 10.5224 9.93994 9.70626
threshold=-1.992276608943939 -1.2175930738449094 -2.7854049205780025 -0.69920131564140309 -3.4728074073791499 -1.6025270223617551 -2.4119105339050289 -0.94376397132873524 -3.9156665802001949 0 1 2 3 -1.4840423464775083 4 1.0000000180025095e-35 5 7.1349999904632577 -0.47306984663009638 6 7 8 9 0.43367022275924688 -3.0680031776428218 -2.1502938270568843 5.0150001049041757 10 11 -1.5169917345046995
decision_type=2 2 2 2 2 2 2 2 2 1 1 1 1 2 1 2 1 2 2 1 1 1 1 2 2 2 2 1 1 2
left_child=2 5 4 7 8 20 15 -3 -1 10 12 -12 17 -14 -9 16 -4 -7 19 -5 -2 -16 -17 -22 -6 -8 28 29 -11 -28
right_child=1 3 6 18 24 9 25 14 -10 26 11 -13 13 -15 21 22 -18 -19 -20 -21 23 -23 -24 -25 -26 -27 27 -29 -30 -31
leaf_value=-0.048215087983718957 -0.00043358570042679415 0.0090987798729219842 -0.012117676993961454 0.030753369976025326 -0.030545244199693806 0.0054980418757020789 -0.012145757873331031 0.016600155515221374 -0.038407846605292305 0.0029770346790347719 0.002092931233496896 -0.0091376527179964622 -0.0077318304755754352 0.0033794964735312872 0.0065507672646373406 -0.0098174666165400729 -0.025619214161189893 0.024472783137169756 0.03184555634106153 0.019942178051235819 -0.0062801006911472213 0.013566527540819308 -0.018591236255074344 -0.0020197266359128136 -0.024655450529290929 -0.0081488449174783179 -0.0098253491945841653 0.0047657134928413281 0.0087534254291806429 0.0013584840147213054
leaf_weight=813.62096142396331 2986.4903929308057 9743.8567450344563 312.84984927624464 444.64635209739208 1416.4648819342256 1216.845529422164 3415.0855283215642 3569.8361386358738 854.3306529968977 1238.1066621989012 665.72882141172886 646.87492017447948 468.46061336994171 1002.9509256482124 802.29750435054302 602.63303080946207 924.05701462179422 89.302959099411964 348.85595087707043 2428.0700238645077 3126.872132986784 2678.6531984657049 1407.2342322841287 2711.9940916001797 1555.656399205327 2726.9228763654828 229.58640502393246 3012.6958228498697 2014.9662508219481 1193.5972299575806
leaf_count=14216 20312 46429 3199 1792 18688 7083 30311 15259 12982 6935 3855 3755 2915 5605 3462 6215 9466 505 1411 9806 21556 11460 14544 18651 18420 21649 1377 16593 11211 6479
internal_value=-2.35513e-05 0.00681239 -0.0198152 0.0131804 -0.0331634 0.00062549 -0.0132127 0.0113101 -0.0432438 0.00333758 0.00099759 -0.00347435 0.00311677 -0.000162661 0.0143626 -0.0185722 -0.022534 0.00677898 0.0229177 0.0218121 -0.00299424 0.0119776 -0.0161141 -0.00429529 -0.0274811 -0.0103744 0.00457452 0.00310139 0.00659417 -0.000453752
internal_weight=54649.5 40620.7 14028.9 20016.2 4640.07 20604.5 9388.78 16794.6 1667.95 11779.1 4090.16 1312.6 2777.56 1471.41 7050.79 3246.77 1236.91 1306.15 3221.57 2872.72 8825.36 3480.95 2009.87 5838.87 2972.12 6142.01 7688.95 4435.88 3253.07 1423.18
internal_count=366141 216451 149690 89619 64306 126832 85384 76610 27198 66313 23718 7610 16108 8520 30181 33424 12665 7588 13009 11598 60519 14922 20759 40207 37108 51960 42595 24449 18146 7856
cat_boundaries=0 1 2 3 4 5 6 7 8 9 10 11 12
cat_threshold=24 25 21001706 10693270 30180076 3190800 20 1070364 4 8784704 4868680 18891670
is_linear=0
shrinkage=0.05


Tree=28
num_leaves=31
num_cat=3
split_feature=2 2 2 2 2 2 2 2 2 2 1 2 2 13 13 1 0 3 13 10 2 3 6 6 10 13 6 3 13 13
split_gain=2703.14 637.628 454.901 107.779 103.293 81.0308 74.6133 19.2324 19.1184 18.338 15.5383 14.4549 13.4351 13.0873 12.8653 12.5137 11.9819 15.8418 11.9212 11.7886 10.1522 9.74309 9.61045 9.4896 8.85386 8.80145 11.8035 10.4545 9.40096 8.55132
threshold=-2.0129398107528682 -1.1430547833442686 -2.904711008071899 -0.74564701318740834 -1.5087305307388303 -3.4728074073791499 -2.4968943595886226 -0.9347795546054839 -0.59706607460975636 -1.7057085037231443 0 -2.2182229757308956 -3.7971545457839961 -0.029778893105685707 0.0096000405028462427 1 2 0.052140828222036369 -0.0016305890749208627 5.9149999618530282 -1.2502885460853574 0.12462981417775156 -0.021250000223517414 -0.013749999925494192 4.4649999141693124 -0.006023725261911749 -0.018749999813735482 0.60770094394683849 -0.0086668883450329286 0.01071028644219041
decision_type=2 2 2 2 2 2 2 2 2 2 1 2 2 8 8 1 1 2 10 2 2 2 2 2 2 10 2 2 10 10
left_child=2 4 5 7 9 12 18 14 10 -2 -5 -8 -1 -13 -3 22 25 -18 -4 -12 -19 -22 -6 24 -11 28 -27 -28 -17 -10
right_child=1 3 6 8 15 -7 11 -9 29 23 19 13 -14 -15 -16 16 17 20 -20 -21 21 -23 -24 -25 -26 26 27 -29 -30 -31
leaf_value=-0.046859330534990216 -0.0042010622648806584 0.01269525999490507 -0.018494160366399885 0.0098735831674585731 0.00052646821075821447 -0.027999180191695151 -0.013231103369663898 0.013442543873927598 0.023622948990129608 -0.01374324243488443 0.024785150119421478 0.0080182925121001364 -0.037052688974016819 -0.0091245924054295796 0.0081896815447284436 0.0048829433287373488 0.01535860210971598 -0.0040968855901982598 -0.025828562948729435 0.017118049782605088 -0.0091003132425565188 0.0080697843793627443 0.007257174410170277 0.0010527152700454628 -0.0021685367296775831 0.0079819625799152135 0.0027484317900049182 -0.0071653872876253251 0.018913036841927616 0.035926417879345217
leaf_weight=946.63186190277338 6529.1471841782331 2300.2324922978878 2295.5385174751282 565.64025761187077 617.30783380568027 2171.2750094234943 3260.2493188679218 5712.484309732914 1298.409151032567 189.07278290390968 814.67967222630978 113.85061541199684 653.06918456405401 3218.271061129868 5173.4708207398653 3917.3210040926933 143.76503962278366 1293.7078806608915 754.96623243391514 1391.4453485161066 103.57248586416245 380.79702800512314 3777.1216092556715 3849.3041459470987 1230.3107409328222 409.99573239684105 555.48489283025265 506.77028714120388 121.45304687321186 166.94621050357819
leaf_count=17070 46432 10702 25074 2308 3220 28528 30457 24473 5219 1200 3294 913 10019 26265 24157 21244 786 7353 8264 5671 525 1961 19757 23963 7693 2236 3054 2777 659 671
internal_value=-0.000136614 0.00623121 -0.0196212 0.0134871 0.000879359 -0.0343427 -0.0138582 0.0112548 0.0204257 -0.00243069 0.0179532 -0.0108605 -0.0429071 -0.0085344 0.00957942 0.00418101 0.00291565 -0.000486737 -0.0203251 0.0198792 -0.00178645 0.00437599 0.00629802 -0.000236012 -0.00372754 0.00410063 0.000797156 -0.00198573 0.00531401 0.0250717
internal_weight=54462.3 41048.4 13413.9 17423.3 23625.1 3770.98 9642.88 13186.2 4237.12 11797.8 2771.77 6592.37 1599.7 3332.12 7473.7 11827.3 7432.87 1921.84 3050.5 2206.13 1778.08 484.37 4394.43 5268.69 1419.38 5511.02 1472.25 1062.26 4038.77 1465.36
internal_count=365945 219355 146590 76495 142860 55617 90973 59332 17163 79288 11273 57635 27089 27178 34859 63572 40595 10625 33338 8965 9839 2486 22977 32856 8893 29970 8067 5831 21903 5890
cat_boundaries=0 1 2 3
cat_threshold=4 3 25
is_linear=0
shrinkage=0.05


Tree=29
num_leaves=31
num_cat=10
split_feature=2 2 2 2 2 2 2 1 5 15 2 15 2 15 15 2 2 5 15 3 14 15 13 15 6 15 15 3 11 13
split_gain=2481.29 560.403 432.818 125.058 93.1315 69.5919 59.9306 19.0192 20.9267 21.8895 17.8856 17.365 14.7867 14.7088 14.2447 13.529 13.4337 12.8067 12.5743 13.515 12.2344 12.114 11.9174 11.5028 10.9734 14.4373 13.1516 11.7675 10.9207 10.7676
threshold=-2.0336883068084712 -1.1090694665908811 -2.9265335798263545 -1.5252023339271543 -0.76063054800033558 -3.6917496919631954 -2.4404587745666499 0 0.024999999441206459 1 -1.8159692287445066 2 -1.3503937125205991 3 4 -0.59706607460975636 -2.1838592290878291 -1.0000000180025095e-35 5 0.32852271199226385 1.0000000180025095e-35 6 0.017358352430164817 7 -0.0087499998044222576 8 9 0.63641816377639782 0.17684999853372577 -0.017826804891228672
decision_type=2 2 2 2 2 2 2 1 2 1 2 1 2 1 1 2 2 2 1 2 2 1 10 1 2 1 1 2 2 8
left_child=2 3 5 10 7 -1 -4 8 9 -3 -2 -10 20 -8 -9 -6 -15 -17 19 -14 23 -22 24 -5 25 -12 27 -26 -27 -23
right_child=1 4 6 12 15 -7 13 14 11 -11 22 -13 18 16 -16 17 -18 -19 -20 -21 21 29 -24 -25 26 28 -28 -29 -30 -31
leaf_value=-0.044567537001723896 -0.0049880901458382873 -0.0024569127492727366 -0.018401610596804195 -0.0029180137303628875 0.017419309098214427 -0.029275005705369946 -0.013006464552740231 0.0079658284121724085 0.027976052377163742 0.0082512195452158332 0.0035563323527286641 0.0079945993561733354 0.0044584811767218614 -0.010684722745246504 0.013129952150210403 0.018728696358842032 -0.003990521683205509 0.028251625150815286 0.0039491832892354656 0.010274860084018424 0.010562875881183474 0.018049064945384347 -0.0074035970565991763 0.0030331890967905221 0.0070332035117348429 0.008749962844535426 -0.00096396283911743858 -0.0028625643291745008 -0.0065978418500493132 0.00084609199390792058
leaf_weight=1080.8831712454557 4306.5986943021417 654.70427690446377 3672.2510735988617 1289.8376451134682 3149.6782229095697 2478.3580844551325 2566.5719322264194 1831.076307117939 193.15799061954021 1736.7360165566206 595.83311834931374 297.59962499141693 1684.4028691649437 1710.8936412334442 6905.472921282053 763.11607874929905 1338.8995730131865 696.00795666873455 4075.2942735403776 2469.6826356351376 774.01415964961052 97.963008180260658 646.65641705691814 2148.5772213935852 1262.3324407041073 123.39698740839958 2766.4356643557549 392.8152063190937 1574.4758445993066 1012.7332306057215
leaf_count=19927 31801 2944 40247 7375 12823 34433 22546 8157 869 7771 3842 1344 8545 15774 30702 3070 10928 2799 20906 12559 4385 559 4248 12227 8080 794 17833 2510 10146 5794
internal_value=7.75341e-05 0.00602855 -0.019119 0.00136477 0.013276 -0.0339415 -0.0134332 0.0108869 0.0072579 0.00534426 -0.00242943 0.0166707 0.00463141 -0.0101793 0.01206 0.0192916 -0.00772511 0.0233036 0.00595969 0.0079007 0.00257647 0.0058119 -0.000931707 0.000800676 -0.00030647 -0.00311123 0.00114925 0.00465593 -0.00544141 0.00237179
internal_weight=54296.5 41448.6 12847.9 25221 16227.5 3559.24 9288.62 11618.7 2882.2 2391.44 11668.5 490.758 13552.5 5616.37 8736.55 4608.8 3049.79 1459.12 8229.38 4154.09 5323.13 1884.71 7361.95 3438.41 6715.29 2293.71 4421.58 1655.15 1697.87 1110.7
internal_count=365938 222083 143855 151604 70479 54360 89495 51787 12928 10715 79254 2213 72350 49248 38859 18692 26702 5869 42010 21104 30340 10738 47453 19602 43205 14782 28423 10590 10940 6353
cat_boundaries=0 1 2 3 4 5 6 7 8 9 10
cat_threshold=4 8480272 13675396 13677028 3313664 5936362 13769826 1479362 25247812 12752272
is_linear=0
shrinkage=0.05


Tree=30
num_leaves=31
num_cat=4
split_feature=2 2 2 2 2 2 2 2 2 2 1 0 3 10 12 2 0 6 12 5 2 2 9 2 0 12 9 14 10 11
split_gain=2301.16 462.386 425.833 103.451 92.1006 73.2055 52.9148 18.7339 17.0403 14.4517 12.4033 20.0577 11.5443 13.3139 13.8791 11.0434 10.6149 10.4965 10.3328 10.0919 9.27197 8.83168 8.50252 8.3774 10.9904 8.31326 8.81463 7.92184 8.95612 7.63608
threshold=-2.0129398107528682 -1.1090694665908811 -2.7854049205780025 -1.4753534793853758 -3.4728074073791499 -0.68180623650550831 -2.3183943033218379 -0.89645344018936146 -1.7509003877639768 -3.9156665802001949 0 1 0.1477824151515961 4.8450000286102304 -0.010833333246409891 -0.47306984663009638 2 0.046250000596046455 -0.035833332687616341 0.034999999217689044 -2.6072126626968379 -3.2944207191467281 -1.0000000180025095e-35 -1.2913727164268491 3 -0.020833333022892472 1.5000000000000002 1.0000000180025095e-35 3.7150000333786015 0.51240000128746044
decision_type=2 2 2 2 2 2 2 2 2 2 1 1 2 2 2 2 1 2 2 2 2 2 2 2 1 2 2 2 2 2
left_child=2 3 4 8 9 7 20 18 10 -1 11 12 13 -2 -15 16 -7 22 -3 -18 -4 -6 -10 29 -25 -26 -27 -8 -29 -5
right_child=1 5 6 23 21 15 27 -9 17 -11 -12 -13 -14 14 -16 -17 19 -19 -20 -21 -22 -23 -24 24 25 26 -28 28 -30 -31
leaf_value=-0.046344725423163341 -0.011938091244130917 0.01246231485298141 -0.019475349210745396 0.0038977291159752766 -0.0319270398926687 0.02593509796763226 -0.0096441059610120582 0.013089050654676249 0.001656739370877766 -0.036070851680647317 -0.0055081453527620798 -0.004454974552285166 0.011710646678967668 0.021886774506166572 -0.0018754752635531961 0.028044287629653865 0.015729983612900636 0.0083680902821249448 0.0082221625471639043 0.029671028295498142 -0.014303207964796861 -0.024313341289477403 -0.0018696182696970884 0.00051974339998303891 0.009691277807374889 0.0048833287755690137 0.013887753787784432 -0.014590673508854702 -0.0037937425928025199 -0.0073680308751358503
leaf_weight=723.98642681539059 151.66320609301329 1939.825091406703 1277.5096132680774 5634.9480229020119 487.30005126073956 470.26338554918766 2950.5004358142614 5793.5418819636106 3017.3473877906799 770.48359080031514 3306.0508051365614 1284.3779861405492 393.82461939007044 92.948077149689198 173.38615317642689 354.75361064076424 1940.3397893607616 362.18079109489918 5667.6095230132341 140.40947711467743 2872.5904077365994 2302.1231212764978 3937.9723492711782 756.95286752283573 1902.1987361162901 3381.7427531182766 294.444740280509 221.17882869392633 1400.91924482584 152.75329752266407
leaf_count=14315 1129 8742 14560 30992 7252 1889 25041 24291 18918 12911 23916 9284 2879 651 1241 1449 7801 2261 25874 564 28846 29958 24690 3812 9452 17072 1480 1931 11875 853
internal_value=0.000170474 0.00596509 -0.0181603 0.00167068 -0.0310676 0.0125065 -0.0118156 0.0109434 -0.0014792 -0.0411033 -0.00360856 -0.000581178 0.00552315 -0.000203027 0.00651864 0.0197027 0.0185216 9.33841e-05 0.00930635 0.0166185 -0.0159039 -0.0256653 -0.000339782 0.0049753 0.00623206 0.00699326 0.0056117 -0.0080997 -0.0052821 0.00359795
internal_weight=54156.1 41149.5 13006.6 24842.8 4283.89 16306.7 8722.7 13401 12719.8 1494.47 5402.25 2096.2 811.822 417.997 266.334 2905.77 2551.01 7317.5 7607.43 2080.75 4150.1 2789.42 6955.32 12123 6335.34 5578.39 3676.19 4572.6 1622.1 5787.7
internal_count=365929 219240 146689 148630 64436 70610 82253 58907 84969 27226 39100 15184 5900 3021 1892 11703 10254 45869 34616 8365 43406 37210 43608 63661 31816 28004 18552 38847 13806 31845
cat_boundaries=0 1 2 3 4
cat_threshold=18 44 28 8
is_linear=0
shrinkage=0.05


Tree=31
num_leaves=31
num_cat=10
split_feature=2 2 2 2 2 2 2 2 2 13 1 13 15 15 2 13 10 15 15 15 10 15 5 6 9 15 0 6 2 15
split_gain=2133.15 426.994 410.982 105.122 73.329 63.183 55.4734 21.6104 21.4533 16.1099 15.2641 12.9999 17.8692 12.4891 11.6268 14.7892 11.2997 13.6922 13.3659 9.73271 9.67119 11.2608 9.61042 11.5978 9.57025 13.0518 9.56519 10.9225 9.5051 18.129
threshold=-1.992276608943939 -1.1684695482254026 -3.018058061599731 -0.74564701318740834 -2.4404587745666499 -1.5599700212478635 -3.7971545457839961 -0.89645344018936146 -0.53161874413490284 -0.0053820225875824681 0 0.011135498993098738 1 2 -2.1838592290878291 -0.030484502203762528 5.0150001049041757 3 4 5 4.0250000953674325 6 -0.044999999925494187 -0.023750000633299347 -1.0000000180025095e-35 7 8 0.013749999925494196 -1.8727517724037168 9
decision_type=2 2 2 2 2 2 2 2 2 8 1 10 1 1 2 8 2 1 1 1 2 1 2 2 2 1 1 2 2 1
left_child=2 5 6 7 9 28 -1 10 24 -4 -3 16 -13 -9 -6 -16 17 -7 -18 -11 21 -12 -20 -24 -5 -26 -15 -28 29 -2
right_child=1 3 4 8 14 11 -8 13 -10 19 20 12 -14 26 15 -17 18 -19 22 -21 -22 -23 23 -25 25 -27 27 -29 -30 -31
leaf_value=-0.045121490589015656 -0.010560949997362469 0.0043261986979362061 -0.010643670229953313 0.021099771395952857 -0.011694982335241237 0.0027767398819035678 -0.029745991317635306 0.014691816225003172 0.025859576984129818 -0.013999331377959027 0.004653891120659919 -0.008779154129456684 0.0026382390874257521 0.015211304858674238 0.011285675743520704 -0.0079925799335820603 0.0049845091715156851 0.0089466647817284892 0.0114513003489064 -0.021164924027396313 0.0085671716884164733 0.026176235172931023 -0.0057530416771362572 0.0014534680203866081 0.019692017338826546 0.011973015574568124 0.0054566528548648102 0.016471724971750173 -0.0012445627311690425 -0.0014447691215978985
leaf_weight=832.16208962723613 868.05340367555618 2498.2747944742441 610.66396670788527 839.81020194292068 3086.4705089107156 1709.886900395155 2091.5364180468023 2220.1164569854736 731.49298273026943 832.3732972368598 121.87270478904247 492.62998378276825 1057.6934599131346 510.35829803347588 101.1328889131546 3062.3757891878486 3384.9848580956459 1966.5359356552362 193.99899351596832 2567.6167850345373 6984.2703356295824 159.05307769775391 687.28653551638126 2935.8756970018148 981.0190359801054 1705.2414518594742 1413.5219829529524 266.81668858230114 7590.0203053951263 1466.2626662179828
leaf_count=16931 6542 11552 7029 3382 28949 9398 31642 9351 2969 9548 566 2746 5886 2150 804 25055 18290 10727 1050 29481 32061 737 3747 15942 3961 6891 5977 1127 50188 10880
internal_value=-0.000134764 0.0055171 -0.0176167 0.0111507 -0.0128999 0.000871254 -0.0341501 0.00907886 0.0180406 -0.0181773 0.00776338 0.00324641 -0.00103594 0.0119859 -0.00950866 -0.00736954 0.00385677 0.006112 0.00270419 -0.0195233 0.00892557 0.0180279 0.000665696 8.40277e-05 0.0164047 0.0149223 0.0091241 0.00718053 -0.00210336 -0.0048923
internal_weight=53969.4 40785.1 13184.3 18431.8 10260.6 22353.2 2923.7 14174.3 4257.56 4010.65 9763.47 12428.9 1550.32 4410.81 6249.98 3163.51 10878.6 3676.42 7202.15 3399.99 7265.2 280.926 3817.16 3623.16 3526.07 2686.26 2190.7 1680.34 9924.34 2334.32
internal_count=365559 216120 149439 80724 100866 135396 48573 63521 17203 46058 44916 67786 8632 18605 54808 25859 59154 20125 39029 39029 33364 1303 20739 19689 14234 10852 9254 7104 67610 17422
cat_boundaries=0 1 2 3 4 5 6 7 8 9 10
cat_threshold=4 440450 30187884 19187036 6862052 2163284 19596740 17522950 10 26026628
is_linear=0
shrinkage=0.05


Tree=32
num_leaves=31
num_cat=7
split_feature=1 10 1 10 10 0 10 10 10 0 12 0 1 13 1 12 6 12 12 12 12 13 10 9 11 13 6 11 10 6
split_gain=687.119 330.496 196.692 118.33 104.527 66.5262 55.8427 54.023 42.6331 33.2038 28.9441 25.8067 24.8817 21.4206 21.2134 20.8753 23.537 20.5594 20.4985 20.4106 19.5354 18.5559 15.3071 14.7019 13.5767 12.9803 12.5655 12.4207 11.793 11.7118
threshold=0 4.7449998855590829 1 4.9949998855590829 2.495000004768372 2 6.0850000381469735 4.5850000381469735 2.495000004768372 3 0.080833330750465407 4 5 0.0045523731969296941 6 0.039166666567325599 -1.0000000180025095e-35 1.332267629550188e-15 0.044166667386889465 0.0025000000605359678 0.0025000000605359678 -0.0064303178805857888 3.495000004768372 1.0000000180025095e-35 0.11215000227093698 -0.0051713888533413402 -0.0062499998603016129 0.43490000069141393 5.4549999237060556 0.0012499999720603369
decision_type=1 2 1 2 2 1 2 2 2 1 2 1 1 8 1 2 2 2 2 2 2 8 2 2 2 8 2 2 2 2
left_child=1 4 7 8 -1 14 12 9 -4 -2 13 18 27 -10 26 16 -8 21 29 25 -14 -9 -11 -18 -15 -6 -3 28 -7 -5
right_child=2 5 3 11 19 6 15 17 10 22 -12 -13 20 24 -16 -17 23 -19 -20 -21 -22 -23 -24 -25 -26 -27 -28 -29 -30 -31
leaf_value=-0.038829871361478703 0.012203239283646472 0.01690707682765015 -0.025195910782898807 0.0061091539569330363 -0.0047844947942652545 -0.011666713961873621 0.0022740463075295817 0.015107799582310892 0.00093214189836073275 -0.0077323588248181963 -0.020348031470500839 -0.0014199036958607116 -0.0094254582866835426 -0.017086833078543012 -0.00062698605232687759 -0.0099753700033737222 -0.011718509581875498 0.0062556690455097767 -0.0016783395585747197 -0.021040216539993568 -0.019733047942921852 0.0090371513201153112 0.0017131016250199111 0.0015545982112585609 -0.0048874654667888373 -0.015778252474242877 0.0041377715976295961 0.0027828435532017432 -0.0047214752993085434 0.0023638109144942712
leaf_weight=697.69739526510239 710.24362628161907 389.70520593971014 254.81071873754263 5837.5334685668349 346.69603217765689 1219.2766719050705 2361.5439335890114 1549.826502636075 1765.5209578722715 488.37820161506534 273.09552253782749 2918.4790940731764 907.22376621514559 238.07837254554033 958.68900951370597 681.47136218473315 602.78548639267683 5649.2544492483139 1424.9420234635472 1974.2628680765629 944.45741642639041 6824.2551086097956 3421.347381349653 317.84165864810348 4722.7039152942598 1223.1798309162259 382.49712920188904 287.69542430341244 1232.733224440366 3254.2210360690951
leaf_count=13292 3471 2075 3419 29453 3734 11233 15856 7129 12714 3796 2406 17450 9591 1860 6848 5595 5597 28655 8451 25093 11547 31732 21313 2021 35574 13718 2257 2257 9430 18224
internal_value=-0.000113649 -0.00940153 0.00331873 -3.85892e-05 -0.0211482 -0.00456324 -0.00636758 0.00704215 -0.00518379 0.00235538 -0.00444827 0.00273985 -0.0101272 -0.00379686 0.00436341 -0.00202566 -0.000370002 0.00859066 0.00389192 -0.0176475 -0.0146196 0.010164 0.000528533 -0.0071426 -0.00547959 -0.0133595 0.0104738 -0.00700361 -0.00818173 0.00476939
internal_weight=53860.4 14527.8 39332.7 20689.4 4241.84 10285.9 8555.03 18643.3 7254.21 4619.97 6999.4 13435.2 4591.39 6726.3 1730.89 3963.64 3282.17 14023.3 10516.7 3544.14 1851.68 8374.08 3909.73 920.627 4960.78 1569.88 772.202 2739.71 2452.01 9091.75
internal_count=365791 140144 225647 129551 55837 84307 73127 96096 55973 28580 52554 73578 44058 50148 11180 29069 23474 67516 56128 42545 21138 38861 25109 7618 37434 17452 4332 22920 20663 47677
cat_boundaries=0 1 2 3 4 5 6 7
cat_threshold=48 3 24 2 21 16 16
is_linear=0
shrinkage=0.05


Tree=33
num_leaves=31
num_cat=13
split_feature=2 2 2 2 2 2 2 13 1 1 15 15 5 15 13 15 13 3 2 15 15 13 15 15 13 12 15 15 15 2
split_gain=1853.45 422.565 338.826 95.4829 82.532 54.6254 52.9537 16.4903 14.0978 12.955 15.284 14.2733 12.8493 15.0252 12.424 16.8861 11.17 10.8762 10.8505 12.2081 10.731 10.5154 10.2999 10.0571 9.81718 9.38517 20.681 9.22402 9.0811 8.98682
threshold=-1.9313741922378538 -3.018058061599731 -0.97001484036445607 -1.4840423464775083 -2.4119105339050289 -0.71466577053070057 -3.6917496919631954 -0.0016305890749208627 0 1 2 3 0.024999999441206459 4 0.020359886810183529 5 -0.0077318463008850804 0.32436405122280126 -1.7057085037231443 6 7 0.013490718323737385 8 9 -0.039539610967040055 0.065833333879709258 10 11 12 -1.2423597574234007
decision_type=2 2 2 2 2 2 2 10 1 1 1 1 2 1 10 1 8 2 2 1 1 10 1 1 8 2 1 1 1 2
left_child=1 6 3 14 7 8 -1 -3 12 10 -7 -11 20 -14 18 -16 22 -17 27 -20 -4 25 -10 -23 -6 29 -27 -2 -18 -5
right_child=2 4 5 21 24 9 -8 -9 16 11 -12 -13 13 -15 15 17 28 -19 19 -21 -22 23 -24 -25 -26 26 -28 -29 -30 -31
leaf_value=-0.042831320132107574 -0.0051230781211534654 -0.015100167312207056 0.0098511595382190283 0.0041073215850476108 0.0070949418288107167 0.019563484764730257 -0.028141337922851974 -0.022416217491165333 0.0095305517404905594 0.0076638634587180929 0.010000960561441868 0.023057131447401059 0.002872610842050136 0.026900073032860711 0.001036440315670222 -0.004985794235241473 0.013595807735543997 -0.021166666285817967 -0.0028345142224625612 0.0022970376102751035 0.0013495458019285194 0.0051059132700809499 0.020962377837952489 -0.0021656428233163254 -0.0082797613100470662 0.011191275785862957 -0.0071628963390140687 -0.00055991577076116531 0.0089082017314684233 0.0065788036094254557
leaf_weight=937.48013731092215 1903.6198415011168 3165.1062852591276 605.59724621474743 6546.9481005072594 103.97128757834435 876.15860006213188 1852.8704221211374 1034.4563088938594 404.50297036767006 208.59011122584343 982.35595995187759 1495.316993534565 133.25558099150658 141.28460562229156 350.81636608392 186.70889549702406 1783.5010096728802 236.5459006279707 1624.1693516820669 3968.6311960965395 961.3291684538126 892.36520001292229 566.0244625210762 993.80640652775764 6931.116948671639 226.2750118970871 419.46727345883846 2649.746315844357 3157.9105288386345 8440.4992149323225
leaf_count=19888 13493 36789 2587 35450 875 3531 28749 12126 1704 841 3963 6030 573 604 2349 1255 7555 1587 10106 24508 4128 4574 2381 5104 59653 1170 2175 18557 13402 39965
internal_value=-6.81532e-05 -0.0156946 0.00544508 0.00253302 -0.0113655 0.0127621 -0.0331039 -0.0169121 0.0104023 0.0178893 0.0146056 0.0212395 0.00644103 0.0164194 -0.00113643 -0.00723393 0.011603 -0.0137622 -0.000669905 0.000805375 0.00471507 0.00482015 0.0165407 0.00129193 -0.00805059 0.00524562 -0.00065451 -0.00248152 0.0106504 0.00549988
internal_weight=53780.4 14025 39755.4 28439.6 11234.7 11315.8 2790.35 4199.56 7753.41 3562.42 1858.51 1703.91 1841.47 274.54 10920.2 774.071 5911.94 423.255 10146.2 5592.8 1566.93 17519.4 970.527 1886.17 7035.09 15633.2 645.742 4553.37 4941.41 14987.4
internal_count=365672 158080 207592 160293 109443 47299 48637 48915 32934 14365 7494 6871 7892 1177 71855 5191 25042 2842 66664 34614 6715 88438 4085 9678 60528 78760 3345 32050 20957 75415
cat_boundaries=0 1 2 3 4 5 6 7 8 9 10 11 12 13
cat_threshold=4 6 26157354 4152 6754618 3201988 442450 21234382 25613318 30269732 17080490 20154692 4654648
is_linear=0
shrinkage=0.05


Tree=34
num_leaves=31
num_cat=18
split_feature=1 10 10 10 1 1 1 0 10 0 10 1 3 15 15 15 13 15 15 6 15 15 15 15 0 6 10 15 10 13
split_gain=574.006 353.158 144.734 93.7564 58.7144 54.6143 52.7592 36.0426 34.781 31.5351 29.5431 28.4884 33.0671 27.0139 23.6444 21.7005 21.6022 20.6185 19.4995 19.1624 18.9434 18.6935 17.4799 17.1887 17.1297 15.8966 15.6985 14.6673 13.7469 13.2773
threshold=0 4.7449998855590829 2.495000004768372 4.4649999141693124 1 2 3 4 6.1549999713897714 5 5.6349999904632577 6 0.25221875309944158 7 8 9 -0.0032656323164701457 10 11 -0.031249999068677422 12 13 14 15 16 -2.0816681711721682e-17 1.5549999475479128 17 6.3949999809265146 -0.017537157051265236
decision_type=1 2 2 2 1 1 1 1 2 1 2 1 2 1 1 1 10 1 1 2 1 1 1 1 1 2 2 1 2 8
left_child=3 2 26 11 13 7 16 21 17 15 29 14 23 -5 -1 28 22 19 -12 -7 -14 -3 -4 -13 -15 -20 -2 -11 -6 -9
right_child=1 5 6 4 9 8 -8 10 -10 27 18 12 20 24 -16 -17 -18 -19 25 -21 -22 -23 -24 -25 -26 -27 -28 -29 -30 -31
leaf_value=-0.004590944510213679 -0.043944531607228193 0.00096135688459668552 -0.0037976241408949861 0.0051352983360631408 -0.0022265774373250182 0.013309056072439415 -0.021339920043306072 0.0045935015634456754 -0.001946027927389333 0.00098620411331052401 0.0047539578491007728 -0.002810107449490552 -0.004771914395799888 0.015514352275142191 0.0085122849484333581 0.0059021024622103214 -0.016428037757553363 -0.014731114593471246 0.0011286626474039955 -0.007768194233539763 0.0026331727352997998 0.016864937882723027 -0.011122110154295817 -0.01602372129465237 0.0087598264862092639 -0.0045823281391309256 -0.029409408488148759 -0.0090375847581183992 0.006645701167932944 -0.0052911407575388899
leaf_weight=480.24698074907064 319.7127719335258 331.01476861536503 1400.6017754115164 5555.0639067143202 1711.0044057965279 119.68190794065595 1392.2217413112521 371.40975609794259 2052.3575453311205 737.84486187621951 2213.4143596366048 433.21077608689666 1533.6301132813096 1107.0292313396931 1164.983009852469 5067.2548797801137 1043.5653637312353 1401.8445225134492 3602.8261604718864 955.89449393376708 1946.2058887220919 432.51315911859274 2072.8906385973096 615.32571599632502 8075.250152900815 1838.752592984587 508.89350066706538 712.1661404594779 583.92600484937429 3813.6917080059648
leaf_count=2574 6793 1851 13390 27134 9112 1023 20165 2671 16254 4964 13321 3762 10531 4685 6159 25864 10462 15437 20804 10076 12830 2407 19539 5428 39491 12371 9162 4766 2737 29595
internal_value=-8.69046e-05 -0.00585931 -0.0155578 0.00454956 0.00598879 -0.00204731 -0.0128053 -0.000351503 -0.00674779 0.00274845 -0.00103449 -0.00093328 -0.00297828 0.00791849 0.00468187 0.00407612 -0.0100969 -0.0107481 0.000811445 -0.00535286 -0.000637399 0.0100918 -0.0082155 -0.0107594 0.00959335 -0.00080063 -0.03511 -0.0039707 3.45707e-05 -0.00441215
internal_weight=53594.4 23871.3 6737.89 29723.1 23549.5 17133.4 5909.28 12603.6 4529.78 8812.2 11840.1 6173.6 4528.37 14737.3 1645.23 7362.19 4517.06 2477.42 7654.99 1075.58 3479.84 763.528 3473.49 1048.54 9182.28 5441.58 828.606 1450.01 2294.93 4185.1
internal_count=365358 205321 79511 160037 118753 125810 63556 83020 42790 47443 78762 41284 32551 71310 8733 37713 43391 26536 46496 11099 23361 4258 32929 9190 44176 33175 15955 9730 11849 32266
cat_boundaries=0 1 2 3 4 5 6 7 8 9 10 11 12 13 14 15 16 17 18
cat_threshold=7 3 24 24 8 3 1 3289490 23086212 8472120 1574334 10502804 3383730 12975168 2434866 25625772 2 19505502
is_linear=0
shrinkage=0.05


Tree=35
num_leaves=31
num_cat=11
split_feature=2 2 2 2 2 2 2 2 12 15 12 15 13 15 13 15 15 13 15 13 15 12 15 15 13 11 15 15 13 4
split_gain=1569.7 346.689 323.059 62.1829 58.4156 57.3661 52.2665 18.734 15.3461 15.8166 13.4693 14.4219 13.1511 14.6932 12.6203 12.537 12.1135 11.5796 13.5507 10.3848 14.918 9.93297 9.70438 9.57444 8.21318 8.29949 8.18817 8.16835 8.10333 8.03767
threshold=-2.0336883068084712 -3.018058061599731 -1.1925404667854307 -0.83471965789794911 -2.4968943595886226 -3.7449795007705684 -1.5599700212478635 -0.59706607460975636 0.014166666660457851 0 0.024166666902601722 1 0.0068249646574258813 2 -0.0018362950650043783 3 4 0.018224601633846763 5 -0.022979404777288433 6 0.0041666666511446246 7 8 -0.0066476084757596246 0.3960500061511994 9 10 -0.015103398356586693 0.16499999910593036
decision_type=2 2 2 2 2 2 2 2 2 1 2 1 10 1 10 1 1 10 1 8 1 2 1 1 8 2 1 1 8 2
left_child=1 5 6 19 14 -1 8 29 15 -10 12 -12 22 21 23 -2 -9 18 28 20 -4 -14 24 -3 27 -26 -19 -6 -8 -5
right_child=2 4 3 7 10 -7 17 16 9 -11 11 -13 13 -15 -16 -17 -18 26 -20 -21 -22 -23 -24 -25 25 -27 -28 -29 -30 -31
leaf_value=-0.043263861201294558 -0.0030962853151601101 -0.011579220750022604 0.001139252251033185 0.010404387233704881 0.014547809737288895 -0.027175690294523259 0.010767938821536503 0.010419985828255256 -0.00023464467362717501 -0.0067104239510498917 -0.0067896192489948284 -0.015345350468590514 -0.0099758487522399603 -0.01880259800802148 -0.022338402575064854 0.0013546452655479155 0.021230256468716152 0.0049943928730198745 0.0014149234930542324 0.0066823469893113833 0.016447856978415221 0.016611261399343068 -0.008255774967794902 -0.018361672707430592 -0.0026280946259799459 -0.012984962106519594 -0.0056280363485070577 -0.0014841740015289926 0.0042866025290233612 0.014806670450472049
leaf_weight=801.54800456762314 2906.654000133276 1241.5460355244577 229.20075261592865 3826.3680125772953 109.51885823905468 1867.7643879018724 541.14205992221832 456.98918570578098 1422.2563952207565 2835.1248373985291 927.69140437990427 1223.54458732903 89.316332578659058 392.58164443075657 814.83880948275328 3445.297543913126 991.37583424150944 238.79939986765385 5763.5440509617329 11897.509110510349 604.13007995486259 55.094884298741817 1663.896171823144 1248.8822406418622 1006.2878817543387 237.96383720636368 664.00840923190117 229.3663714826107 4396.361004024744 1446.274160310626
leaf_count=18343 19987 15110 1029 15639 994 30316 2907 1848 9939 19955 8662 11466 821 3612 10097 23565 4016 1345 31557 53961 2706 507 15262 15229 9179 2186 3732 2077 23917 5896
internal_value=-0.000161921 -0.0161681 0.00441397 0.00911851 -0.0115786 -0.0320355 0.000293806 0.0130098 -0.00224246 -0.0045645 -0.00860696 -0.0117683 -0.00680443 -0.0140442 -0.0169064 -0.000685176 0.0180567 0.00261269 0.00307151 0.00706248 0.0124607 0.000239498 -0.00559921 -0.0151126 -0.00273092 -0.00462651 -0.0028205 0.00413513 0.00499091 0.0116171
internal_weight=53574.9 11909.8 41665 19451.8 9240.53 2669.31 22213.2 6721.01 10609.3 4257.38 5935.26 2151.24 3784.03 536.993 3305.27 6351.95 1448.37 11603.9 10701 12730.8 833.331 144.411 3247.03 2490.43 1583.14 1244.25 902.808 338.885 4937.5 5272.64
internal_count=365860 143861 221999 85095 95202 48659 136904 27399 73446 29894 54766 20128 34638 4940 40436 43552 5864 63458 58381 57696 3735 1328 29698 30339 14436 11365 5077 3071 26824 21535
cat_boundaries=0 1 2 3 4 5 6 7 8 9 10 11
cat_threshold=16896536 15813138 17564714 27857580 349468 5348518 1966404 2611874 28394356 27279370 280608
is_linear=0
shrinkage=0.05


Tree=36
num_leaves=31
num_cat=2
split_feature=2 2 2 2 2 2 2 2 9 3 13 13 13 3 4 5 4 10 11 0 10 6 3 13 11 11 0 2 13 9
split_gain=1430.35 384.809 234.147 80.3818 48.5329 42.7342 31.4363 24.1398 14.5555 12.9777 10.9205 10.6052 9.7579 9.46761 9.0133 10.8426 8.97239 8.5489 8.32158 10.8612 8.30472 7.89713 7.86596 7.75816 9.89944 7.6057 7.43682 8.60633 9.75964 7.1619
threshold=-2.2060441970825191 -1.3503937125205991 -3.146593332290649 -0.95211133360862721 -1.7509003877639768 -3.6917496919631954 -2.692536354064941 -0.59706607460975636 -1.0000000180025095e-35 0.16196691989898684 -0.017826804891228672 0.0083376676775515097 0.0049815892707556495 0.3365705013275147 0.15500000119209292 -0.014999999664723871 0.16499999910593036 5.6949999332427987 0.22125000506639483 0 7.5450000762939462 0.013749999925494196 0.021130881272256378 0.023101079277694229 0.36495000123977667 0.40664999186992651 1 -0.47306984663009638 0.01071028644219041 1.0000000180025095e-35
decision_type=2 2 2 2 2 2 2 2 2 2 8 10 10 2 2 2 2 2 2 1 2 2 2 10 2 2 1 2 8 2
left_child=2 4 5 20 -2 -1 11 8 9 -5 17 -4 -10 -7 18 21 26 -6 19 -12 22 25 -3 -17 -25 -16 -9 28 -28 -14
right_child=1 3 6 7 10 13 -8 16 12 -11 14 -13 29 -15 15 23 -18 -19 -20 -21 -22 -23 -24 24 -26 -27 27 -29 -30 -31
leaf_value=-0.041547163902807216 -0.0046318381172927138 0.018532315012318723 -0.017196192802232006 -0.00068345597781658163 0.0091275481467310484 -0.032872149188576498 -0.01153147517879247 0.026771279827426966 0.009555368436923721 0.013947481761220966 -0.0092094358596058207 -0.02662980958121727 0.0087861758586542261 -0.023635800428278116 0.0070988387051965883 0.00080018968139937928 0.025276186786671342 -0.0008145920008060082 -0.0028217655096419094 0.009754171414475668 0.014578511701322815 -0.0037296283277965339 0.0048718414795540718 -0.011833367890624991 0.0078375194894748385 0.02329031151489758 0.0027769597571586113 0.020908685014988271 0.014484485569623546 0.00089535735008998462
leaf_weight=849.46850124001503 8361.245326846838 104.46431438624859 1843.0581361837685 161.14969174563885 600.10777949541807 454.53036473691463 4711.2033113688231 130.29899226129055 5463.5856527239084 2498.1339482963085 92.511308237910271 364.60869122296572 526.56301221251488 827.42425401508808 454.57740350067616 5574.7621128633618 261.84443309903145 336.88700547814369 3361.0040966793895 280.08328361809254 227.54959556460381 135.21509104967117 13743.369792431593 255.47819517552853 83.540274247527122 85.244625762104988 268.16923627257347 273.62235520780087 534.1165619790554 631.77715793251991
leaf_count=19933 64735 498 24891 667 3597 7764 49254 529 22738 10421 562 5007 2199 13898 2741 33549 1062 1989 20181 1675 1092 812 66473 1594 527 515 1078 1137 2147 2625
internal_value=-0.000203061 0.00348649 -0.0183189 0.00762238 -0.00174661 -0.0328052 -0.0138481 0.0108781 0.00993151 0.013061 0.000396404 -0.0187769 0.00867117 -0.0269567 -7.31905e-05 0.00103893 0.0168409 0.00555883 -0.0020353 0.00503622 0.00513482 0.00703265 0.00497755 0.000352626 -0.00696857 0.00973221 0.014971 0.0131248 0.0105878 0.00449136
internal_weight=53495.6 44445.3 9050.29 24824.6 19620.7 2131.42 6918.87 10749.3 9281.21 2659.28 11259.4 2207.67 6621.93 1281.95 10322.4 6588.82 1468.05 936.995 3733.6 372.595 14075.4 675.037 13847.8 5913.78 339.018 539.822 1206.21 1075.91 802.286 1158.34
internal_count=365890 245143 120747 112666 132477 41595 79152 44603 38650 11088 67742 29898 27562 21662 62156 39738 5953 5586 22418 2237 68063 4068 66971 35670 2121 3256 4891 4362 3225 4824
cat_boundaries=0 1 2
cat_threshold=6 4
is_linear=0
shrinkage=0.05


Tree=37
num_leaves=31
num_cat=13
split_feature=2 2 2 2 2 2 2 2 11 13 15 15 15 12 15 15 1 15 13 13 15 9 15 15 3 13 15 14 15 1
split_gain=1344.68 339.335 224.416 76.5948 45.6842 37.6727 22.7502 22.3497 15.2848 18.3605 14.9067 13.932 12.3199 11.325 13.8637 11.6999 11.967 10.8812 11.1736 9.99533 26.9249 9.6999 15.9725 9.47101 9.07667 9.67117 8.83258 8.80641 19.5784 12.6002
threshold=-2.2803796529769893 -1.2913727164268491 -3.2944207191467281 -0.87714511156082142 -1.8632881641387937 -2.6250073909759517 -3.9156665802001949 -0.68180623650550831 0.39714999496936804 0.018224601633846763 0 1 2 0.039166666567325599 3 4 5 6 -0.011314539704471825 -0.028520417399704453 7 -1.0000000180025095e-35 8 9 0.74908423423767101 0.004371173446998001 10 1.0000000180025095e-35 11 12
decision_type=2 2 2 2 2 2 2 2 2 10 1 1 1 2 1 1 1 1 8 8 1 2 1 1 2 10 1 2 1 1
left_child=2 4 6 -3 12 -4 -1 21 9 19 -9 -10 24 14 -14 16 -15 18 -7 20 -6 22 -5 -23 25 -2 -26 28 -21 -29
right_child=1 3 5 7 8 17 -8 10 11 -11 -12 -13 13 15 -16 -17 -18 -19 -20 27 -22 23 -24 -25 26 -27 -28 29 -30 -31
leaf_value=-0.043944479434548545 -0.0012596240453339039 0.0053089302578818581 -0.018805199841645595 0.0065896489956685251 -0.010728833802496463 0.0061337074511876449 -0.031235348501421095 0.020291927872169165 -0.00042478921097078919 -0.0066898085147976717 0.012153906323607916 0.0063632122423431872 -0.011441235883628822 0.0092676117435042966 -0.0032974244345032461 -0.014875087025227024 -0.011624966461579435 -0.013343908633476759 -0.0088892486781788991 0.001389871989645035 0.015851832762236943 0.010832956967257813 0.017429808432148711 0.0056505268474133759 -0.0064049185869151891 -0.0092874541281487647 0.014681886291164743 0.0060606968926976935 -0.0038492962090606376 -0.00013513490608671274
leaf_weight=559.52388382703066 1976.9782728850842 14766.9130974859 3084.9057737253606 650.21563678979874 131.20090804249048 138.25620109587908 1064.524833817035 927.38306410610676 1332.1469915136695 1087.1312354579568 1955.9621130824089 1744.9522590488195 652.18963070213795 118.73306776583195 2629.0712357088923 631.55329655110836 132.78460536897182 2054.4517976343632 1085.110653668642 3558.4982857257128 288.71388699114323 1692.90218937397 827.61082865297794 2054.7655815184116 68.87908835709095 461.29036571085453 138.24216395616531 1159.7019030302763 3555.0469887331128 2745.116676017642
leaf_count=14235 16194 69026 42807 2683 786 1460 20254 3746 8120 6811 7892 10640 5383 1010 21646 5346 1106 21821 11505 21533 1726 6983 3404 8493 569 3786 1157 6701 21615 17025
internal_value=-0.00016574 0.00317039 -0.0190789 0.00745409 -0.00120219 -0.0148361 -0.0356626 0.0113584 0.000289272 -0.000486528 0.0148961 0.00344545 -0.00461852 -0.00630992 -0.00496698 -0.0113487 -0.00178938 -0.0110914 -0.00712607 0.000104119 0.00765673 0.00940134 0.012838 0.00804003 -0.00192209 -0.00278476 0.00807098 -0.000185052 -0.00123224 0.00172231
internal_weight=53274.8 45288 7986.77 22875.8 22412.2 6362.72 1624.05 8108.84 15602.5 12525.4 2883.35 3077.1 6809.72 4164.33 3281.26 883.071 251.518 3277.82 1223.37 11438.3 419.915 5225.49 1477.83 3747.67 2645.39 2438.27 207.121 11018.4 7113.55 3904.82
internal_count=365463 253381 112082 102227 151154 77593 34489 33201 94957 76197 11638 18760 56197 34491 27029 7462 2116 34786 12965 69386 2512 21563 6087 15476 21706 19980 1726 66874 43148 23726
cat_boundaries=0 1 2 3 4 5 6 7 8 9 10 11 12 13
cat_threshold=9078854 31727152 3294322 8393216 8395264 50 3606616 648480 11565110 23413038 1179680 23901460 3
is_linear=0
shrinkage=0.05


Tree=38
num_leaves=31
num_cat=17
split_feature=1 10 10 1 12 1 10 3 10 15 15 6 15 15 15 12 1 15 1 1 15 15 10 15 10 15 3 15 10 12
split_gain=381.54 242.504 125.095 58.6172 47.3923 46.4029 35.7382 29.4591 22.8568 21.7191 20.4879 17.6609 22.4245 17.5882 16.8374 16.635 16.6137 20.6779 15.3546 14.5002 14.6336 14.394 15.8023 14.3049 13.4556 25.9104 13.4011 13.3283 13.1433 12.9854
threshold=0 4.7449998855590829 1.6749999523162844 1 0.015833333600312475 2 4.4449999332427987 0.37967135012149816 6.0350000858306894 3 4 -0.018749999813735482 5 6 7 0.047499999403953559 8 9 10 11 12 13 4.2850000858306894 14 6.8350000381469735 15 0.25592826306819921 16 2.7649999856948857 0.0025000000605359678
decision_type=1 2 2 1 2 1 2 2 2 1 1 2 1 1 1 2 1 1 1 1 1 1 2 1 2 1 2 1 2 2
left_child=3 2 -2 6 8 13 19 -5 16 15 29 24 -13 -4 -10 -9 27 -18 -14 20 -1 22 26 -7 -6 -26 -21 -3 -15 -8
right_child=1 4 5 7 11 23 10 9 14 -11 -12 12 18 28 -16 -17 17 -19 -20 21 -22 -23 -24 -25 25 -27 -28 -29 -30 -31
leaf_value=-0.0039699808047650902 -0.042487774065793661 -0.0045829267870528788 -0.0056917480784086328 -0.0026713915371857858 -0.0030541962429888971 -0.025973045210023384 0.0061914205646671902 0.0068187797485078673 0.0055862292983138388 5.2696089803016807e-05 0.0082080603258117332 -0.010720935999951414 -0.0011690619618716287 -0.02499306083545887 -5.330150835814716e-05 -0.0042965715004408137 0.00043169475764364551 -0.0077975009511589508 -0.010398900522234016 -0.0058901546349682393 0.0072501848209642009 -0.005615892443863661 -0.0089334571189321164 -0.014766646378892748 -0.0079609685513601699 0.019631116438354981 0.0086720776412039444 0.0035997467394877206 -0.010922265650082384 0.0017303753734539832
leaf_weight=371.72209844365716 340.86881162971258 693.70993898063898 2263.846255492419 3936.2792731709778 1440.438190035522 558.42034633457661 4235.5942669287324 3047.7490171790123 2523.1171705760062 3699.5547204911709 8081.9779774360359 2036.0344695672393 1779.9062361866236 179.11949130892754 2778.417831029743 377.00150985643268 1319.6277172267437 1810.74845251441 595.70913141965866 201.929109364748 1252.9076391756535 1085.8499724566936 240.99306392669678 891.54958818480372 141.89728048816323 187.45575571060181 704.78805971890688 1681.4130794741213 2210.4977336935699 2655.557999137789
leaf_count=1995 8156 4264 23107 26179 10372 9457 19785 15874 15520 19801 38717 17916 13465 2902 17173 2279 11504 16530 6839 1763 6597 7730 1522 14214 819 1104 4639 10360 21864 13674
internal_value=-5.37912e-05 -0.00482927 -0.0130883 0.00369024 -0.00169799 -0.011433 0.00538709 0.000798554 0.000299437 0.00271708 0.00649551 -0.00518907 -0.0068812 -0.00892639 0.0026422 0.00557712 -0.00195667 -0.00434004 -0.00352417 0.00109824 0.00467268 -0.00151767 0.00237764 -0.0192603 -0.000968016 0.00811934 0.00542319 0.00119878 -0.011947 0.00446684
internal_weight=53324.7 23432.8 6444.3 29891.9 16988.5 6103.43 18831.3 11060.6 10807 7124.31 14973.1 6181.44 4411.65 4653.46 5301.54 3424.75 5505.5 3130.38 2375.62 3858.19 1624.63 2233.56 1147.71 1449.97 1769.79 329.353 906.717 2375.12 2389.62 6891.15
internal_count=366121 205566 79700 160555 125866 71544 96422 64133 75351 37954 72176 50515 38220 47873 32693 18153 42658 28034 20304 24246 8592 15654 7924 23671 12295 1923 6402 14624 24766 33459
cat_boundaries=0 1 2 3 4 5 6 7 8 9 10 11 12 13 14 15 16 17
cat_threshold=7 3 24 24547496 3846422 14038178 2193078 28861376 8 17973918 24 1 20988036 21778092 21249680 22333264 22561284
is_linear=0
shrinkage=0.05


Tree=39
num_leaves=31
num_cat=10
split_feature=2 2 2 2 2 2 2 2 13 12 15 15 15 13 13 15 15 10 10 13 15 4 11 13 1 15 15 14 1 5
split_gain=1221.82 296.721 236.363 49.9762 47.1961 41.0027 33.8335 18.2101 14.6065 14.5976 12.9511 12.1738 10.776 9.57885 9.20443 10.3292 9.11755 8.86592 10.0116 8.69574 14.7926 8.37954 10.3664 8.2335 8.10976 9.48311 8.29712 8.06945 8.04199 9.41093
threshold=-2.0336883068084712 -3.0680031776428218 -1.2175930738449094 -0.88685262203216542 -3.8532700538635249 -2.5426402091979976 -1.7509003877639768 -0.59706607460975636 -0.017826804891228672 0.040833333507180221 0 1 2 -0.0053820225875824681 0.020359886810183529 3 4 5.9149999618530282 6.2950000762939462 0.0047678458504378804 5 0.15500000119209292 0.28235000371932989 0.004371173446998001 6 7 8 1.0000000180025095e-35 9 0.034999999217689044
decision_type=2 2 2 2 2 2 2 2 8 2 1 1 1 8 10 1 1 2 2 8 1 2 2 8 1 1 1 2 1 2
left_child=1 4 6 19 -1 13 -2 10 11 23 17 -8 -11 -3 15 21 -16 -5 -19 20 -4 22 -10 24 26 27 -7 -26 29 -12
right_child=2 5 3 7 -6 9 8 -9 14 12 28 -13 -14 -15 16 -17 -18 18 -20 -21 -22 -23 -24 -25 25 -27 -28 -29 -30 -31
leaf_value=-0.043136188195113064 -0.0030882864781607206 -0.0086852419262574525 0.011585471244629303 0.016398933619442172 -0.026497354788982592 0.0028193900477768673 0.011449316169172122 0.015848040285885944 0.0038917962634104509 -0.0065259212203241032 0.0051852100777859799 0.0018231095464263302 -0.016176028740861988 -0.016663498097599299 -0.0090089854093461357 0.00192510238582102 0.00035195741166338992 0.0032556202445285613 0.012901173415113924 0.0048682391576516859 0.0046828962927015277 0.00051481231363576289 -0.0093909774216935499 -0.0081819181201865758 0.00060993309310816343 -0.0039124415840545374 -0.013113406643642437 0.019329949109897829 0.010356469774280369 0.016511190037930511
leaf_weight=583.33653356507421 5637.8370189592242 451.97426544502378 1478.4700923115015 996.34239406883717 1662.6105188764632 110.02099063247442 622.97596719115973 1436.7191419154406 195.49363100528717 508.9394732862711 2320.0293804109097 711.10748813301325 868.73280902206898 2476.745118688792 429.26093807071447 11168.790689319372 639.83029157668352 381.2421208769083 925.76425363123417 8764.0990682393312 1737.8397593051195 1323.8563985079527 577.57805217802525 3539.5365859046578 147.60443034768105 601.29325195401907 312.99172290414572 92.515208184719086 2159.4613937586546 197.81924682855606
leaf_count=15665 41798 5899 6711 4079 30153 1003 3553 5850 1137 4912 9534 4044 8525 32688 2587 64394 3848 1560 3794 40176 7924 7691 3324 33693 1400 5709 2881 876 8844 812
internal_value=-4.35987e-05 -0.014582 0.00391576 0.0077626 -0.0308535 -0.0105647 0.000232653 0.0107155 0.00142781 -0.00825112 0.00965489 0.006428 -0.0127903 -0.015439 0.000961625 0.00132144 -0.00349727 0.0127794 0.0100969 0.00568647 0.00791164 -0.00189273 -0.00603067 -0.00694461 -0.00347354 -0.000563914 -0.009006 0.00760838 0.00806689 0.00606339
internal_weight=53060.8 11356.3 41704.5 20397.8 2245.95 9110.35 21306.7 8417.38 15668.9 6181.63 6980.66 1334.08 1377.67 2928.72 14334.8 13265.7 1069.09 2303.35 1307.01 11980.4 3216.31 2096.93 773.072 4803.96 1264.43 841.413 423.013 240.12 4677.31 2517.85
internal_count=365064 143404 221660 89284 45818 97586 132376 34473 90578 58999 28623 7597 13437 38587 82981 76546 6435 9433 5354 54811 14635 12152 4461 45562 11869 7985 3884 2276 19190 10346
cat_boundaries=0 1 2 3 4 5 6 7 8 9 10
cat_threshold=17629514 31721130 3149394 2361352 29820068 13122226 10 3235976 917666 6
is_linear=0
shrinkage=0.05


Tree=40
num_leaves=31
num_cat=9
split_feature=2 2 2 2 2 2 2 2 13 13 15 13 13 15 15 15 12 2 15 11 10 13 5 10 15 6 15 1 6 15
split_gain=1058.58 244.132 230.159 49.2066 47.551 40.7482 35.1066 16.0719 11.298 11.2387 13.1354 12.3185 11.1449 15.1054 10.2384 9.87767 9.42624 12.2556 9.34027 9.30277 10.4599 9.27343 8.97598 8.85322 17.9096 9.76999 9.7254 8.79415 10.6035 12.7724
threshold=-2.1502938270568843 -1.2664995789527891 -3.2031141519546504 -0.88685262203216542 -2.6072126626968379 -1.7057085037231443 -3.6917496919631954 -0.62296542525291432 0.0083376676775515097 0.010236651636660101 0 -0.015103398356586693 -0.023436801508069035 1 2 3 0.029166666790843013 -2.4404587745666499 4 0.35535000264644628 6.6050000190734872 0.012012102641165258 0.074999999254941954 4.9549999237060556 5 0.036250000819563873 6 7 0.0062499998603016147 8
decision_type=2 2 2 2 2 2 2 2 10 10 1 8 8 1 1 1 2 2 1 2 2 10 2 2 1 2 1 1 2 1
left_child=2 5 6 12 8 18 -1 -5 -4 10 11 14 13 -3 -6 19 17 -12 -2 20 -9 22 -7 24 -14 -26 -27 -23 29 -29
right_child=1 3 4 7 9 21 -8 15 -10 -11 16 -13 23 -15 -16 -17 -18 -19 -20 -21 -22 27 -24 -25 25 26 -28 28 -30 -31
leaf_value=-0.040067982650316601 -0.0051565693820816248 0.02081134001723331 -0.015369720487561387 0.0086477344462344615 0.019681957687798273 0.0014322908970753737 -0.025594468266388632 0.020341881777802877 -0.023968666982461563 -0.014588117723826935 -0.015134123951364828 -0.0059184604222447396 0.0019149956157098183 0.0059259127181423357 -0.0023468897296073134 0.010102411782183728 -0.015243835925640145 -0.0052677695417613253 -0.001832847247754253 0.024753297327558297 0.0056527036798716523 -0.0081330113730709828 0.016235323464581161 0.0038621934350302452 0.0087286117364469649 0.0061314320787820911 0.028595293882801232 0.010605887593589285 -0.0065102987753685032 -0.0028184828080591185
leaf_weight=741.10162241756916 3939.8232141584158 241.01065419614315 2370.9421550147235 6638.9242060929537 78.310054026544094 11319.636628463864 1010.6084814965725 274.16336040198803 464.1469679325819 677.16683165729046 442.09266911447048 1699.7330547496676 1084.3220226317644 623.35680274665356 127.06351473927498 958.47971683740616 672.15210700035095 1094.766002856195 4637.9203115925193 337.5405365973711 219.65897224843502 472.71841423213482 101.36234837770462 10027.784283697605 1499.7328474074602 108.01923458278179 123.93555122613907 330.31723371893167 398.17921178042889 362.3551416695118
leaf_count=19841 30165 1094 33321 27225 783 65209 18800 1115 6672 6993 5001 17369 5122 2844 1270 3890 6997 10596 34873 1374 896 2840 584 46302 7033 505 581 1966 2375 2163
internal_value=-0.000179194 0.00309209 -0.0154199 0.00678021 -0.0116601 -0.000694596 -0.0317565 0.0097866 -0.0167934 -0.00861694 -0.00762749 -0.00449663 0.00493051 0.0104235 0.00699757 0.0139965 -0.0102544 -0.00812191 -0.00336845 0.0181125 0.0138571 0.00107203 0.00156649 0.00455927 0.00703706 0.0101687 0.0197603 -0.00253712 -2.70405e-05 0.00370745
internal_weight=53077.3 43699.2 9378.08 22136.9 7626.37 21562.3 1751.71 8428.77 2835.09 4791.28 4114.12 1905.11 13708.2 864.367 205.374 1789.84 2209.01 1536.86 8577.74 831.363 493.822 12984.6 11421 12843.8 2816.01 1731.69 231.955 1563.57 1090.85 692.672
internal_count=365799 238156 127643 97981 89002 140175 38641 34500 39993 49009 42016 19422 63481 3938 2053 7275 22594 15597 65038 3385 2011 75137 65793 59543 13241 8119 1086 9344 6504 4129
cat_boundaries=0 1 2 3 4 5 6 7 8 9
cat_threshold=3367274 4236464 131176 26910922 30081764 19939788 5113376 36 18942842
is_linear=0
shrinkage=0.05


Tree=41
num_leaves=31
num_cat=9
split_feature=2 2 2 2 2 2 2 15 13 14 2 13 15 9 15 15 13 15 9 13 15 15 2 9 15 6 15 3 3 13
split_gain=941.498 262.552 211.238 53.094 41.0817 32.3251 25.948 13.755 12.8921 12.7106 12.2551 12.1443 19.4965 15.1596 10.7972 10.4183 9.99942 14.8017 11.5646 10.2176 14.2323 11.2193 9.75022 9.09805 15.7126 10.081 9.33068 10.6344 9.29915 8.93804
threshold=-2.2673600912094112 -1.3503937125205991 -3.2944207191467281 -0.83471965789794911 -1.8822145462036131 -2.6072126626968379 -3.7971545457839961 0 0.0017828283016569915 1.0000000180025095e-35 -0.53161874413490284 0.018224601633846763 1 1.0000000180025095e-35 2 3 -0.0064303178805857888 4 -1.0000000180025095e-35 0.013259171508252622 5 6 -0.87714511156082142 -1.0000000180025095e-35 7 -0.0062499998603016129 8 0.095867309719324126 0.41025534272193914 0.018851527944207195
decision_type=2 2 2 2 2 2 2 1 10 2 2 10 1 2 1 1 8 1 2 8 1 1 2 2 1 2 1 2 2 10
left_child=2 4 6 16 -2 15 -1 -7 -9 11 23 14 -13 -14 -6 -4 17 -3 19 20 -18 22 -21 24 28 -26 27 -25 -5 -20
right_child=1 3 5 10 9 7 -8 8 -10 -11 -12 12 13 -15 -16 -17 18 -19 29 21 -22 -23 -24 26 25 -27 -28 -29 -30 -31
leaf_value=-0.041570794334941152 -0.0050119694217669822 0.012451718464815457 -0.010867626611696754 -0.0044620921096845687 0.0021178896618486479 -0.013016043712891577 -0.027764147889130692 -0.0040748162818725472 -0.013901303209620392 0.0018992622962941763 0.016006719753980398 -0.016088357447980806 -0.004847145272026291 0.018896348162510034 -0.001845906696653331 -0.017927093449026311 0.0088670935014709875 0.0048701389745354623 0.0035531031143894616 0.0091019517524550606 -0.0031084775060048796 0.0047761199923619371 0.023957330374408413 -0.0049246069380027352 0.0108085907095409 0.020231103502327104 0.0097375856912507771 0.0065151137829844788 0.010660052162776738 -0.0016979897740006346
leaf_weight=594.3678386323154 6202.1036884486675 938.13366654515266 883.18831869214773 188.84599217772484 2404.1959046125412 1210.1004356443882 857.26972852647305 1579.6689109057188 422.32755346596241 4989.2280598804355 718.19839602708817 331.56254144757986 305.96525459736586 83.99946166574955 5941.9601724371314 2168.5692803040147 389.63885442912579 2187.5625118613243 8851.9945728033781 1707.6715792268515 639.26691788434982 2478.2834566831589 117.13646538555622 234.03881227970123 589.17429879307747 564.27198460698128 2765.4777106642723 1475.6121817082167 216.06843359768391 890.84127156436443
leaf_count=17053 52024 4326 12830 764 14806 13136 17289 16956 4599 31092 2980 2138 1987 525 37053 31567 1833 10132 41283 8109 3015 11685 488 947 2385 2283 11220 5992 880 4217
internal_value=-0.00014949 0.00260558 -0.0162901 0.00603866 -0.00162299 -0.0123001 -0.0334666 -0.0087896 -0.00612897 -0.000127222 0.00982537 -0.00124241 -0.00745657 0.000329192 -0.000703535 -0.0159868 0.00463301 0.00720753 0.00409831 0.00597045 0.00149084 0.00704037 0.0100258 0.00908451 0.0123812 0.0153126 0.0079315 0.00491645 0.00353322 0.00307272
internal_weight=52926.7 45211.2 7715.49 24952.2 20259 6263.85 1451.64 3212.1 2002 14056.9 6751.69 9067.68 721.527 389.965 8346.16 3051.76 18200.5 3125.7 15074.8 5332 1028.91 4303.09 1824.81 6033.49 1558.36 1153.45 4475.13 1709.65 404.914 9742.84
internal_count=365594 252164 113430 112539 139625 79088 34342 34691 21555 87601 27451 56509 4650 2512 51859 44397 85088 14458 70630 25130 4848 20282 8597 24471 6312 4668 18159 6939 1644 45500
cat_boundaries=0 1 2 3 4 5 6 7 8 9
cat_threshold=29394566 14079024 12641536 3490820 16784546 9057354 1016374 2179222 6601744
is_linear=0
shrinkage=0.05


Tree=42
num_leaves=31
num_cat=14
split_feature=1 1 9 4 12 12 1 15 15 12 15 9 15 15 4 15 3 4 15 3 4 9 0 12 13 0 15 15 3 3
split_gain=261.564 88.1262 67.4437 56.3477 34.826 30.8332 31.181 33.5533 22.1655 21.2495 20.7003 18.8596 16.5548 15.9079 15.2149 14.5288 13.9432 14.8208 12.8738 12.2502 12.5239 11.9869 11.4809 11.3443 10.7548 10.2182 9.59142 9.47171 9.19567 9.14023
threshold=0 1 1.0000000180025095e-35 1.0000000180025095e-35 -0.0041666666511446229 -0.020833333022892472 2 3 4 -0.00083333335351287719 5 -1.4999999999999998 6 7 0.16499999910593036 8 0.75532579421997081 0.13499999791383746 9 0.27783855795860296 0.18500000238418582 -1.4999999999999998 10 -0.0091666667722165567 0.026388239115476612 11 12 13 0.36770680546760565 0.13977786153554919
decision_type=1 1 2 2 2 2 1 1 1 2 1 2 1 1 2 1 2 2 1 2 2 2 1 2 10 1 1 1 2 2
left_child=2 9 3 -1 12 8 7 16 -5 26 21 -8 -3 -13 -10 -11 17 -7 -4 20 -12 -6 -17 -20 25 -9 -2 -27 -29 -15
right_child=1 4 18 5 10 6 11 24 14 15 19 13 -14 29 -16 22 -18 -19 23 -21 -22 -23 -24 -25 -26 27 -28 28 -30 -31
leaf_value=-0.034647776677802507 0.0074777631886242526 0.0042656487884463416 -0.004022330988622873 0.0032397871819280833 -0.0051895133157121593 0.015413429007694698 -0.021443259948361725 -0.0041483955251508412 -0.0021248787677954511 0.00018172181028006294 -0.0059789858894362053 -0.01744164766181781 3.1758392665997282e-06 -0.016010248019554682 -0.01137774065934675 0.011376210165519596 0.012730601173303957 -0.0039063774626869998 0.0064388956556061701 -0.0028229569725469689 -0.01801593983667828 0.0011959091586627307 0.0034542175731471178 -0.00087241267315008172 -0.023912795755527422 -0.015252732530233921 0.0044395816391369003 -0.016053289301507637 -0.0053137876606348848 -0.0063462000311956604
leaf_weight=196.06145634129643 4946.1100869886577 4170.916927035898 1332.8964561596513 902.5974996779114 882.51401303336024 106.86580638960004 595.63359873183072 791.47511794045568 969.66342658922076 3772.2882766835392 1376.3054541964084 745.27972157299519 5011.8691540006548 306.97394886426628 819.77480831742287 516.36833889037371 176.70551526173949 1127.2824497520924 914.099036924541 4480.1207216158509 255.48091907799244 4345.073013857007 3811.5824802815914 1259.6777877956629 127.79778985306621 827.17837572842836 5816.4419762194157 261.3088675327599 836.79726200550795 1208.596252437681
leaf_count=5194 23961 23892 9096 8749 7312 809 10684 6483 8384 20835 10018 10486 29101 3820 9320 2313 1791 11471 5589 28961 2475 27891 20935 8904 1375 9281 28393 2991 9038 16401
internal_value=-0.000135468 0.0019238 -0.00613653 -0.00823296 -0.000344066 -0.00769775 -0.0094227 -0.00665023 -0.00313712 0.00438985 -0.00219759 -0.013475 0.00194439 -0.0114182 -0.00633639 0.00245685 -0.000322155 -0.00221123 -0.000174327 -0.00416931 -0.0078833 0.000116136 0.00442823 0.00219508 -0.00977431 -0.00912808 0.00584803 -0.0110897 -0.00782282 -0.00826766
internal_weight=52891.7 39385.1 13506.7 9999.99 20522.3 9803.93 7111.89 4255.41 2692.04 18862.8 11339.5 2856.48 9182.79 2260.85 1789.44 8100.24 1410.85 1234.15 3506.67 6111.91 1631.79 5227.59 4327.95 2173.78 2844.56 2716.76 10762.6 1925.28 1098.11 1515.57
internal_count=365953 226087 139866 116277 129650 111083 84630 43239 26453 96437 76657 41391 52993 30707 17704 44083 14071 12280 23589 41454 12493 35203 23248 14493 29168 27793 52354 21310 12029 20221
cat_boundaries=0 1 2 3 4 5 6 7 8 9 10 11 12 13 14
cat_threshold=48 3 16 10619538 17998210 7525652 24524868 21382016 12202436 21286464 2 12 26036064 5518344
is_linear=0
shrinkage=0.05


Tree=43
num_leaves=31
num_cat=10
split_feature=2 2 2 2 2 2 2 2 12 15 0 15 12 15 4 15 15 9 15 15 11 11 3 3 15 14 15 4 2 12
split_gain=859.282 254.998 169.018 71.1368 34.6095 26.7437 19.116 18.8953 11.6711 12.4678 11.5663 10.3393 9.06807 12.9939 9.53666 12.7294 9.97295 8.95472 10.4929 9.98845 8.91551 8.85991 8.78936 8.53002 8.52467 8.43563 8.32903 8.12984 8.0737 8.43807
threshold=-2.3438787460327144 -1.4006915092468259 -3.3279221057891841 -0.78680923581123341 -1.8632881641387937 -2.7854049205780025 -3.9156665802001949 -1.0419208407402036 0.019166666083037857 0 1 2 0.062500000000000014 3 0.15500000119209292 4 5 -1.0000000180025095e-35 6 7 0.32360000908374792 0.25049999356269842 0.80691334605216991 0.44129881262779241 8 1.0000000180025095e-35 9 0.16499999910593036 -0.74564701318740834 -0.015833333600312468
decision_type=2 2 2 2 2 2 2 2 2 1 1 1 2 1 2 1 1 2 1 1 2 2 2 2 1 2 1 2 2 2
left_child=2 4 6 7 11 -4 -1 12 26 20 -11 22 14 -14 16 -16 21 18 -5 27 -10 -3 25 -8 -12 -2 -6 -19 29 -21
right_child=1 3 5 17 8 -7 23 -9 9 10 24 -13 13 -15 15 -17 -18 19 -20 28 -22 -23 -24 -25 -26 -27 -28 -29 -30 -31
leaf_value=-0.041258441846679081 -0.0050891984120864575 -0.0085186735166173522 -0.017619971428859873 0.019785087026985552 0.0031317766081331196 -0.010285329554799254 -0.03398191975449219 0.005923159374563179 -0.0097194400290939887 0.0020030123848666999 -0.00024472983714980006 -0.0065540143352479461 0.0033992003576118167 -0.010522464849658256 0.001830997075517379 0.0061958993469491911 0.003611443047753043 0.0045633400991320896 0.0098851876952360546 -0.0010009184638068058 -0.002425953044352214 0.00036954480365448787 0.011952724939624845 -0.023631185674042324 -0.011554079361759487 0.00012249971174914945 -0.00039407218980337346 0.01351163107242884 0.012959606594976856 0.012316266950144969
leaf_weight=461.14693716540933 2155.2520080879331 325.10522310435772 1967.0522901676595 527.59591946005821 2358.4781143441796 3413.9708271175623 389.00706220045686 8706.0733290463686 811.6766115128994 1635.3072339966893 348.23993065953255 3929.3753518611193 371.41934329271317 288.5271118581295 2880.2687008082867 4068.6082658320665 2630.7225412577391 1315.9210496842861 731.78147746622562 237.78073179721832 867.51540532708168 1961.6058993786573 96.388750851154327 470.94600809365511 318.28261446207762 1212.855325512588 5705.1827560514212 313.89880089461803 1961.8112826794386 235.45717716217041
leaf_count=14280 18356 1606 31229 2131 14664 40511 8632 37403 5232 10433 2256 33858 1897 1476 14333 20101 12980 5344 2958 971 5614 9706 838 10160 2062 10305 35655 1271 7934 965
internal_value=-0.000191857 0.00224558 -0.0169151 0.00543056 -0.00210578 -0.0129721 -0.0329319 0.00413398 -0.000452552 -0.00266697 -0.00026134 -0.00479804 0.00288971 -0.00280833 0.00320702 0.00439927 0.00152115 0.0105976 0.0142926 0.00944639 -0.00592356 -0.000896529 -0.00277689 -0.0283814 -0.00575408 -0.00321351 0.000641091 0.00626282 0.0114974 0.00564893
internal_weight=52697.3 45995.1 6702.12 26556.6 19438.6 5381.02 1321.1 21232.3 12044.7 3981.02 2301.83 7393.87 12526.3 659.946 11866.3 6948.88 4917.43 5324.25 1259.38 4064.87 1679.19 2286.71 3464.5 859.953 666.523 3368.11 8063.66 1629.82 2435.05 473.238
internal_count=365161 260349 104812 121076 139273 71740 33072 99502 75916 25597 14751 63357 62099 3373 58726 34434 24292 21574 5089 16485 10846 11312 29499 18792 4318 28661 50319 6615 9870 1936
cat_boundaries=0 1 2 3 4 5 6 7 8 9 10
cat_threshold=5441754 41 3171826 17605310 27272086 1559574 17605352 3448352 8925956 9575426
is_linear=0
shrinkage=0.05


Tree=44
num_leaves=31
num_cat=17
split_feature=1 10 10 12 12 10 10 13 10 15 1 13 1 15 15 10 15 0 15 0 0 15 15 15 15 3 15 15 11 13
split_gain=223.637 168.234 67.5361 48.974 46.925 30.023 21.5654 20.2545 19.8808 18.8365 17.5827 17.2374 17.2225 19.3031 19.2983 16.8952 16.8077 20.5765 16.7873 18.1243 16.6981 15.8398 15.5146 14.2483 14.1128 14.8182 13.6521 11.9396 11.9148 11.632
threshold=0 4.0650000572204599 1.6749999523162844 0.015833333600312475 0.0041666666511446246 5.2950000762939462 4.4249999523162851 -0.029778893105685707 3.804999947547913 1 2 0.022718477062880996 3 4 5 5.4849998950958261 6 7 8 9 10 11 12 13 14 0.73977094888687145 15 16 0.27725000679492956 -0.024772538803517815
decision_type=1 2 2 2 2 2 2 8 2 1 1 10 1 1 1 2 1 1 1 1 1 1 1 1 1 2 1 1 2 8
left_child=4 2 -2 7 6 -5 20 21 -6 -7 26 15 14 -14 -8 18 17 -12 19 -9 22 -3 28 -4 25 -17 -10 -13 -1 -11
right_child=1 3 23 5 8 9 12 11 10 29 16 27 13 -15 -16 24 -18 -19 -20 -21 -22 -23 -24 -25 -26 -27 -28 -29 -30 -31
leaf_value=-0.0035278704862507244 -0.038425368186735587 -0.0036507888152236437 -0.020272484472540465 -0.0097058458899175835 -0.0074762028370424245 0.00031270602338297876 0.0031409874780592047 0.0097383036315602071 0.0049544824836780807 0.01272280616356254 0.0045122206078244149 -0.00084511978146408233 -0.00091920254552641022 0.0054387834941053625 0.008005421644585951 -0.0057258777761109219 -0.0038174126892039882 -0.0098662915165006419 -0.0060474004249416137 -0.0019570640895810393 -0.0056756960561161612 0.013416181667854238 0.00025304942192133059 -0.010581017258650346 0.0019885789427219426 0.015225738307980546 0.00043861685052792155 -0.016499384660923457 0.012682870713438356 -0.0066505475813486026
leaf_weight=143.10145485773683 288.23960504680872 193.85542441904545 524.76184544526041 2716.4244930371642 761.52393926307559 2181.0982051976025 3058.6726283282042 391.52595024183393 3067.1259732171893 78.203386709094048 1567.0789782628417 223.67871860787272 2059.4916757754982 2828.7629953697324 6410.6934449076653 1059.7751878127456 2927.7017439566553 284.12150499597192 2155.116943847388 1837.9397259019315 773.44190267473459 435.5548665560782 1806.8510780334473 1868.5257951803505 6030.7594286985695 89.767451394349337 3686.8793138563633 279.18678997457027 529.79583825170994 2460.8889000490308
leaf_count=860 8238 1355 7565 30996 6457 16780 14259 2944 16032 570 8822 1788 10517 14288 29600 6817 17906 2291 20164 17303 5673 3033 10783 26342 39300 678 19879 2232 3064 19334
internal_value=-0.000136733 -0.00386391 -0.0156257 -0.00229793 0.00270726 -0.00551957 0.00436288 -0.000410477 0.000337584 -0.00310732 0.00085474 -0.000867098 0.00519564 0.00276438 0.00644014 -0.000472217 -0.00146497 0.00225608 -0.00291713 0.000137949 0.000686635 0.00831938 0.00268609 -0.01285 0.00102114 -0.00403116 0.00249451 -0.00991072 0.00910034 -0.00602062
internal_weight=52720.5 22815.3 2681.53 20133.8 29905.2 7436.61 17610.8 12697.2 12294.4 4720.19 11532.9 12067.8 14357.6 4888.25 9469.37 11564.9 4778.9 1851.2 4384.58 2229.47 3253.19 629.41 2479.75 2393.29 7180.3 1149.54 6754.01 502.866 672.897 2539.09
internal_count=365870 205439 42145 163294 160431 67680 89044 95614 71387 36684 64930 91226 68664 24805 43859 87206 29019 11113 40411 20247 20380 4388 14707 33907 46795 7495 35911 4020 3924 19904
cat_boundaries=0 1 2 3 4 5 6 7 8 9 10 11 12 13 14 15 16 17
cat_threshold=7 18969244 3 3 8736420 3281178 16158724 3 3877530 56 7 6821256 409676 18743296 4229136 5623336 20243980
is_linear=0
shrinkage=0.05


Tree=45
num_leaves=31
num_cat=4
split_feature=2 2 2 2 2 2 2 4 1 4 1 13 10 2 1 3 13 13 2 2 13 14 2 3 2 10 0 6 3 3
split_gain=740.676 183.377 170.136 48.5503 31.2191 25.2141 24.454 12.4827 12.0496 11.4894 11.3849 10.338 9.88762 9.59729 12.1788 9.23986 9.23396 9.09782 8.86659 8.84092 8.61066 8.42842 10.7391 8.20088 7.49413 7.22246 8.44746 8.32049 7.33844 7.00604
threshold=-2.2060441970825191 -3.3279221057891841 -1.2664995789527891 -0.74564701318740834 -2.6250073909759517 -3.7971545457839961 -1.7057085037231443 0.19500000029802325 0 0.16499999910593036 1 -0.011550796218216417 4.9549999237060556 -1.0149891972541807 2 0.69847652316093456 -0.0093553387559950334 0.018545702099800113 -0.53161874413490284 -0.59706607460975636 0.039254503324627883 1.0000000180025095e-35 -1.9821896553039549 0.032646885141730315 -2.24220860004425 7.2550001144409189 3 -0.011249999981373547 0.40648932754993444 0.14247605949640277
decision_type=2 2 2 2 2 2 2 2 1 2 1 8 2 2 1 2 10 10 2 2 10 2 2 2 2 2 1 2 2 2
left_child=1 5 6 12 17 -1 21 20 11 10 -5 -6 -4 25 16 -16 -15 29 -12 -11 -8 22 -2 -23 -13 26 -14 -27 -28 -3
right_child=2 4 3 9 8 -7 7 -9 -10 19 18 24 13 14 15 -17 -18 -19 -20 -21 -22 23 -24 -25 -26 27 28 -29 -30 -31
leaf_value=-0.039736224401353493 -0.006423543588114429 -0.019359205959777605 0.0067350295469398832 0.0060872888837105767 0.010654770746472565 -0.025240789955247384 0.00048184419571013738 0.0064076573363884594 -0.0093429898036004703 0.012223578766583761 0.010402712856680516 -0.0063502729047557761 0.0059235600225660337 0.016093404149842019 0.0035595015111125877 0.0082090280592466008 0.0017802964712730356 -0.023621808180936815 0.020440882610405373 0.023109606967784177 -0.011809705764300391 -0.013500017883377784 -0.0020636945795294319 -8.3908534079409004e-05 0.010413466155865024 0.015963887921115961 -0.001101911817655025 0.0012314711513996492 0.0026957657055289254 -0.012549359189177109
leaf_weight=533.78907844796777 2270.3145459145308 467.2221059165895 3643.0193061977625 1770.2364008724689 122.52013040333986 730.1296546086669 11901.834845282137 908.13535208255053 3105.1938033401966 717.90122492611408 1208.6994164437056 730.30198698863387 1164.427287504077 418.30385479331017 5524.767697840929 1325.4655634611845 154.69788756966591 260.49767331779003 271.29637812077999 256.80096828937531 142.21058776974678 116.14230607450008 3740.5105205178261 3177.4859785139561 71.546348363161087 204.63950911164284 2062.7315569221973 179.40813943743706 3312.8728685677052 2169.9935333319008
leaf_count=17074 19569 7119 16670 7156 1354 15914 68670 5262 33172 2879 4861 8416 5511 1812 23314 5619 675 4084 1140 1057 869 891 27144 24705 716 965 9774 844 15652 33151
internal_value=-9.84596e-05 -0.0139131 0.00244655 0.00554184 -0.0107115 -0.0314157 -0.000643205 0.000761495 -0.0078584 0.0103646 0.00892617 -0.00273152 0.00440821 0.00381653 0.00506554 0.00445478 0.0120394 -0.014671 0.0121857 0.0151331 0.000334775 -0.00259835 -0.00371202 -0.000564903 -0.00483231 0.0024764 0.00208339 0.00912366 0.00123635 -0.0137696
internal_weight=52663.1 8191.19 44471.9 22215.3 6927.28 1263.92 22256.6 12952.2 4029.56 4224.93 3250.23 924.368 17990.3 14347.3 7423.24 6850.23 573.002 2897.71 1480 974.702 12044 9304.45 6010.83 3293.63 801.848 6924.08 6540.03 384.048 5375.6 2637.22
internal_count=366039 121000 245039 97929 88012 32988 147110 74801 43658 17093 13157 10486 80836 64166 31420 28933 2487 44354 6001 3936 69539 72309 46713 25596 9132 32746 30937 1809 25426 40270
cat_boundaries=0 1 2 3 4
cat_threshold=32 6 48 20
is_linear=0
shrinkage=0.05


Tree=46
num_leaves=31
num_cat=15
split_feature=10 1 10 1 10 15 13 0 15 6 10 15 15 10 15 15 6 13 1 15 0 15 1 15 13 13 10 3 3 3
split_gain=181.622 143.109 66.8014 43.9518 22.3299 21.2105 20.9058 20.0752 21.0907 20.4875 17.5892 16.9773 16.4842 16.0347 14.6204 14.5874 12.4805 12.4059 12.0232 11.9912 11.225 11.0053 10.6357 10.3523 10.3368 9.34173 9.16048 13.0766 9.77449 10.6483
threshold=2.495000004768372 0 4.7449998855590829 1 1.6749999523162844 2 0.0024056978290900592 3 4 -0.0062499998603016129 1.0000000180025095e-35 5 6 4.6250000000000009 7 8 1.0000000180025095e-35 -0.0053820225875824681 9 10 11 12 13 14 0.014201994054019453 -0.0032656323164701457 5.5150001049041757 0.78697714209556591 0.53029325604438793 0.26332508027553564
decision_type=2 1 2 1 2 1 10 1 1 2 2 1 1 2 1 1 2 8 1 1 1 1 1 1 10 8 2 2 2 2
left_child=4 5 3 19 10 -2 15 9 -9 12 -1 18 -4 14 -7 25 -16 21 -11 -3 -18 -14 -13 -19 -21 -5 27 28 29 -25
right_child=1 2 7 6 -6 13 -8 8 -10 11 -12 22 17 -15 16 -17 20 23 -20 24 -22 -23 -24 26 -26 -27 -28 -29 -30 -31
leaf_value=-0.0061876710781804661 0.0010513289700724809 9.3088654497902408e-05 -0.0016890743672630538 -0.004720846427407728 -0.01729407490658947 -0.0020115227616108859 -0.019451717349727539 -0.0066107526373398425 -0.00066965206214086598 -0.0018751079863716408 -0.040013105811040624 0.0022021164897197128 0.012493574511064634 0.0057775425748268728 -0.00097255674522349692 -0.0049405826926689324 0.010930522182608829 0.0052176507296816561 -0.0081339567613191634 -0.0038692077293493395 0.0012599476801934664 0.0029842817847236811 -0.0021826606258401461 -0.010229565938721402 -0.013374659315498617 -0.015450843668705562 0.002036675196179216 0.016773424938374689 -0.011525589102459134 0.0061079298109275879
leaf_weight=46.111052840948105 5472.2829754054546 2062.1261831521988 2259.5097388811409 269.15628872998059 459.76721078716218 1446.0691655315459 535.12018907815218 2373.5820035673678 4021.4427175633609 2147.3804225102067 256.05538254603744 3256.6189370751381 606.58124347031116 9911.3332361578941 664.33512243255973 1363.1718040052801 823.98026397451758 1922.6478256881237 1201.5884992815554 2959.2670931108296 487.95627307891846 644.74991898983717 2385.6485197022557 163.2109917961061 315.21050093695521 850.56292706355453 2968.7513618469238 68.761033564805984 372.47665664553642 249.66593496128917
leaf_count=911 28060 16498 14012 3570 8956 8871 8160 17092 28050 12552 7607 21077 3504 46704 3777 18635 4714 11910 12102 23610 3303 3793 19873 1164 2745 12026 17227 505 2831 1844
internal_value=-0.000157841 0.000199051 -0.00178481 -0.00564849 -0.0243596 0.00367878 -0.0104603 -0.000475277 -0.00288301 0.000370133 -0.0349259 -0.00132941 0.00202133 0.0047552 0.00180666 -0.0085505 0.00458668 0.0032175 -0.00414177 -0.00289931 0.00743386 0.00772997 0.000347459 0.00223796 -0.00477725 -0.0127708 0.000721907 -0.00383364 -0.0056759 -0.000368492
internal_weight=52565.1 51803.2 32997.2 8354.61 761.934 18806 3018.01 24642.6 6395.02 18247.6 302.166 8991.24 9256.35 13333.7 3422.34 2482.89 1976.27 6996.84 3348.97 5336.6 1311.94 1251.33 5642.27 5745.51 3274.48 1119.72 3822.87 854.115 785.354 412.877
internal_count=365683 348209 252780 85244 17474 95429 42391 167536 45142 122394 8518 65604 56790 67369 20665 34231 11794 42778 24654 42853 8017 7297 40950 35481 26355 15596 23571 6344 5839 3008
cat_boundaries=0 1 2 3 4 5 6 7 8 9 10 11 12 13 14 15
cat_threshold=3 12 3289108 25 9276992 25435240 4473890 25772416 22166116 12 20009060 19 26214876 20 2239040
is_linear=0
shrinkage=0.05


Tree=47
num_leaves=31
num_cat=12
split_feature=2 2 2 2 2 2 4 15 15 15 15 2 1 15 2 1 14 15 15 12 10 0 11 11 15 11 6 11 2 15
split_gain=652.489 167.11 156.654 39.1574 30.7715 30.7133 11.2765 13.0853 10.912 10.6898 10.6172 10.0934 11.6606 12.9043 9.92128 9.78577 9.41743 13.4174 12.1805 9.56584 9.20282 10.5941 10.1726 8.6845 8.44572 9.6781 8.67598 10.2657 8.36544 8.51049
threshold=-2.3438787460327144 -1.3080294728279112 -3.4728074073791499 -0.73061922192573536 -2.7854049205780025 -1.7602643966674802 0.15500000119209292 0 1 2 3 -0.99737027287483204 4 5 -3.9156665802001949 6 1.0000000180025095e-35 7 8 0.029166666790843013 3.8950001001358037 9 0.28454999625682836 0.38764999806880956 10 0.36315000057220465 0.023750000633299354 0.41615000367164617 -1.9821896553039549 11
decision_type=2 2 2 2 2 2 2 1 1 1 1 2 1 1 2 1 2 1 1 2 2 1 2 2 1 2 2 2 2 1
left_child=2 5 14 11 9 16 7 -7 -5 -4 -6 24 13 -13 -1 -10 18 -18 19 -2 21 -19 -22 -15 25 -3 -26 -28 -20 -30
right_child=1 3 4 8 10 6 -8 -9 15 -11 -12 12 -14 23 -16 -17 17 20 28 -21 22 -23 -24 -25 26 -27 27 -29 29 -31
leaf_value=-0.039882770378346616 3.7197388845558112e-05 0.0031365290241539357 -0.021169139067806039 0.0045019771694460873 -0.0045865331055016164 -0.004388127982666557 0.0016111327399809449 0.00092067695877075424 0.014400847160541373 -0.013231611349388626 -0.010729802288991367 0.014122172743952896 0.0044237880068980348 0.0014822699914174046 -0.029063776804655231 0.0083491117492129219 -0.0054831877075243963 -0.00082004109583202079 -0.0088107105698058026 -0.0061866892344648603 0.0083385301428342083 -0.020897583935922816 0.0001957189397563211 0.013378462586561972 0.0013638307091287556 0.0084891852876878265 0.0085673325228195936 -0.0053635665311305616 0.0029731125692009155 -0.00576686820836168
leaf_weight=409.86484803259373 1907.8808474168181 2485.9944693595171 819.21630663052201 915.1153253018856 1107.6929131634533 2096.7892546802759 8151.7167083472013 2578.1174162477255 1258.2303142696619 1356.2897232621908 2237.7347278036177 726.38139198720455 7074.734213501215 566.33093059062958 526.45778463594615 1758.3970383107662 1155.7678909301758 238.54668132960796 1784.9530765190721 910.68025913834572 527.35887922346592 81.319038301706314 1392.8702810108662 208.72842471301556 6456.3578698635101 1280.3408467173576 837.84926788508892 155.54576931893826 355.83549062162638 1207.9524105489254
leaf_count=14226 15582 11826 14035 3705 13395 12463 48519 15219 5116 23130 27267 3110 29617 2435 13017 7104 9651 2047 16245 7760 4328 718 11390 895 30863 6078 3987 742 2627 8960
internal_value=-9.68401e-05 0.00198781 -0.0149802 0.0049117 -0.0117647 -0.00111047 0.000488575 -0.0014687 0.00946871 -0.0163953 -0.00874544 0.00400558 0.00529709 0.00930938 -0.0338746 0.0109203 -0.00325484 -0.00113943 -0.00441889 -0.00196972 0.00112405 -0.00669721 0.00243836 0.00465231 0.00301728 0.00494654 0.00203148 0.00637964 -0.00645275 -0.0037947
internal_weight=52571.1 46113.8 6457.26 23724 5520.93 22389.8 12826.6 4674.91 3931.74 2175.51 3345.43 19792.3 8576.17 1501.44 936.323 3016.63 9563.16 3395.86 6167.3 2818.56 2240.09 319.866 1920.23 775.059 11216.1 3766.34 7449.75 993.395 3348.74 1563.79
internal_count=366057 260987 105070 105478 77827 155509 76201 27682 15925 37165 40662 89553 36057 6440 27243 12220 79308 28134 51174 23342 18483 2765 15718 3330 53496 17904 35592 4729 27832 11587
cat_boundaries=0 1 2 3 4 5 6 7 8 9 10 11 12
cat_threshold=19302522 4201504 5112714 3410520 56 12067756 49 9117740 256062 11 1186978 4195392
is_linear=0
shrinkage=0.05


Tree=48
num_leaves=31
num_cat=13
split_feature=2 2 2 2 2 2 2 15 13 10 15 2 15 15 1 15 11 15 6 15 1 2 15 15 13 15 15 3 10 10
split_gain=662.579 162.465 151.444 35.6248 27.1434 26.0508 25.9192 10.5373 10.4402 10.3428 15.2055 11.1272 13.0941 10.2794 9.5247 15.82 10.3019 12.6747 9.37926 9.18027 8.95879 13.6593 14.4221 9.42024 9.26976 8.63592 8.58554 8.2354 8.12184 8.1586
threshold=-2.1838592290878291 -3.2629365921020503 -1.2584189176559446 -0.78680923581123341 -2.7854049205780025 -1.6113901138305662 -3.9156665802001949 0 0.027348751202225689 5.4349999427795419 1 -0.47306984663009638 2 3 4 5 0.39029999077320104 6 0.026250000111758712 7 8 -2.3183943033218379 9 10 -0.01479947194457054 11 12 0.27068080008029943 5.3949999809265146 5.6849999427795419
decision_type=2 2 2 2 2 2 2 1 10 2 1 2 1 1 1 1 2 1 2 1 1 2 1 1 8 1 1 2 2 2
left_child=1 6 5 19 13 14 -1 -7 20 10 -5 25 -13 -3 15 -2 18 -18 -16 -4 21 22 24 -23 -6 -11 -10 -8 -17 -30
right_child=2 4 3 9 8 7 27 -9 26 11 -12 12 -14 -15 16 28 17 -19 -20 -21 -22 23 -24 -25 -26 -27 -28 -29 29 -31
leaf_value=-0.039785385927122746 -0.000165878300889594 -0.019742873140660217 0.0027049555201556046 0.022364095285263938 0.0045147654087271732 -0.00074764929083232748 -0.032428371152212858 0.002475411772947383 0.0012325299056741611 0.003564041766005617 0.0081385726035094995 0.0244350367265504 0.0029700651812298081 -0.01131766303026391 -0.0030375327754137826 -0.0099683537263463452 -0.0034689543670793689 0.0049832930592571085 0.0021860127729434659 0.0051429032041578476 -0.010038207115568618 -0.0062267705805285024 -0.0052433886723477719 0.0048717312354379667 -0.017638925198173307 0.0087042796023263664 -0.023233202043095383 -0.021440823098232847 0.010041313307899667 -0.0061145774292040954
leaf_weight=395.729014294222 1125.545312911272 786.10346854105592 6288.0683475583792 326.99042667448521 51.854781623929739 4047.4431220144033 241.73462365940213 6769.1045190319419 51.799317829310894 1200.3558884561062 529.7316342741251 196.14316609501839 128.18250489234924 940.10490808263421 5728.9129753857851 1214.3383916467428 688.5748612433672 1205.2668256983161 1009.4775545150042 10417.515227511525 2198.1576739549637 325.39778283238411 1516.7909474037588 429.2237516567111 454.97321824729443 2954.8935076743364 173.44533755630255 691.37054574862123 106.29182281345129 278.95177861303091
leaf_count=14262 7982 13035 28302 1320 628 22721 5815 37956 602 4849 2137 842 549 15466 43236 8783 5226 9138 7793 46801 23992 3258 18767 4303 5720 11941 2026 15872 740 1938
internal_value=4.49808e-06 -0.0129957 0.00243258 0.00536736 -0.00991841 -0.000484946 -0.029 0.00127106 -0.00810983 0.00892383 0.0139628 0.00795432 0.0168615 -0.0153526 -0.00215726 -0.00472908 -0.00133742 0.00191774 -0.00225458 0.00423038 -0.00762712 -0.00565714 -0.00781658 6.42659e-05 -0.0150674 0.00725132 -0.0186137 -0.0243506 -0.00791483 -0.0016282
internal_weight=52472.5 8256.69 44215.8 22041.9 6927.85 22173.9 1328.83 10816.5 5201.64 5336.3 856.722 4479.58 324.326 1726.21 11357.4 2725.13 8632.23 1893.84 6738.39 16705.6 4976.4 2778.24 2023.62 754.622 506.828 4155.25 225.245 933.105 1599.58 385.244
internal_count=366000 123746 242254 96741 87797 145513 35949 60677 59296 21638 3457 18181 1391 28501 84836 19443 65393 14364 51029 75103 56668 32676 25115 7561 6348 16790 2628 21687 11461 2678
cat_boundaries=0 1 2 3 4 5 6 7 8 9 10 11 12 13
cat_threshold=7088404 19570980 12955296 13257618 5 22205452 21249120 13726016 48 20974628 20531496 2262564 1336832
is_linear=0
shrinkage=0.05


Tree=49
num_leaves=31
num_cat=15
split_feature=10 1 10 1 12 12 1 10 1 10 15 15 15 10 15 13 15 15 10 15 15 15 12 10 12 15 13 13 15 10
split_gain=159.368 111.287 62.155 22.412 22.323 22.1615 18.9581 18.3784 16.9546 16.5783 19.7056 16.5457 14.2584 14.2168 15.4489 14.1774 17.8833 13.9372 12.8928 12.6719 12.4793 11.6955 12.8632 11.625 11.1333 12.3348 11.1112 10.4522 13.8949 9.8834
threshold=2.495000004768372 0 4.7449998855590829 1 0.025833333842456344 0.0224999999627471 2 4.0050001144409189 3 5.4649999141693124 4 5 6 6.0350000858306894 7 0.0019886203808709983 8 9 6.1349999904632577 10 11 12 0.069166667759418501 1.5549999475479128 -0.057500001043081277 13 -0.026320744305849072 -0.0018362950650043783 14 6.7449998855590829
decision_type=2 1 2 1 2 2 1 2 1 2 1 1 1 2 1 10 1 1 2 1 1 1 2 2 2 1 8 10 1 2
left_child=6 4 3 15 8 13 20 11 17 10 -10 -6 -7 27 18 16 -3 -2 -15 -5 -1 22 -9 -8 25 -11 -16 -4 -29 -14
right_child=1 2 5 19 7 12 23 21 9 24 -12 -13 29 14 26 -17 -18 -19 -20 -21 -22 -23 -24 -25 -26 -27 -28 28 -30 -31
leaf_value=0.0029338922523211349 0.0080820319630650946 0.0013830187447081265 -0.00032667814655943181 -0.021420552454111709 0.0052330264631208837 -0.0078956124840039131 -0.039577702483923741 0.0049697513284522633 0.0030878147626795496 0.013639574544603903 -0.0017844104410713775 -0.013026413260716447 -0.0031373749025710423 0.01515331578490817 0.012311050307356014 -0.011546502600717832 -0.0064162418493877707 0.0031837257472685796 0.0036127719933037442 -0.009435725010717648 -0.020155273236066903 -0.0012240914690377627 -0.004315656140409534 -0.023240621864693774 0.0030817023597682078 0.003139373534173328 -0.0013001191681837427 0.0025331715887683187 -0.009102305815556334 0.0038791067294853504
leaf_weight=106.68205717764795 2641.1478396728635 1071.3025699816644 4703.3727934285998 349.01462233066559 164.32103215530515 1406.1674076169729 179.92944630235434 2024.6845167391002 4143.9611986577511 553.82888219505548 4134.7235127277672 462.06832537427545 2974.2693240065128 264.80281798541546 156.8804657869041 755.0111688002944 2329.7539732474834 3327.7502212002873 2640.9755448065698 777.63129154965281 119.34826701506972 3522.1712100207806 455.4761591553688 312.92464157193899 7708.0860973596573 597.16522287577391 2662.6338297761977 368.53461793065071 824.2045493144542 601.91354609653354
leaf_count=1641 11759 11225 37295 6468 1307 12347 6179 11442 25106 2466 25209 3848 26155 1790 908 8588 23771 15087 16408 13840 1863 20285 2757 7823 36577 2679 16697 3061 6939 4267
internal_value=1.63178e-05 0.000342335 -0.00236298 -0.00708681 0.00233359 -0.000860776 -0.0233304 -0.000223363 0.00306808 0.0022638 0.000656151 -0.00835902 -0.00364989 0.0003354 0.00210973 -0.00534249 -0.00397497 0.00536302 0.00465814 -0.013335 -0.0096591 0.000628156 0.00324931 -0.0287596 0.00376819 0.00835222 -0.000532703 -0.00138766 -0.00556392 -0.00194946
internal_weight=52340.7 51621.9 21886.5 5282.71 29735.4 16603.8 718.884 6628.72 23106.7 17137.8 8278.68 626.389 4982.35 11621.4 5725.29 4156.07 3401.06 5968.9 2905.78 1126.65 226.03 6002.33 2480.16 492.854 8859.08 1150.99 2819.51 5896.11 1192.74 3576.18
internal_count=365787 348281 189759 63892 158522 125867 17506 39639 118883 92037 50315 5155 42769 83098 35803 43584 34996 26846 18198 20308 3504 34484 14199 14002 41722 5145 17605 47295 10000 30422
cat_boundaries=0 1 2 3 4 5 6 7 8 9 10 11 12 13 14 15
cat_threshold=7 24 11 1 14050508 25430026 5637250 20132556 341552 10329608 20985616 23292308 24646684 32509362 808454
is_linear=0
shrinkage=0.05


Tree=50
num_leaves=31
num_cat=9
split_feature=2 2 2 2 2 2 2 11 15 12 15 15 13 15 10 4 5 15 12 15 13 15 10 11 13 6 15 12 10 15
split_gain=589.878 156.559 129.088 32.9241 26.2859 22.7483 20.3629 11.9805 11.3274 18.3031 10.9248 9.92344 9.69813 9.46655 11.9301 8.92789 8.843 10.0313 8.49726 19.4007 13.8383 23.4613 10.1917 9.72483 7.77136 8.44268 7.70667 7.51802 7.32727 13.9518
threshold=-2.2547546625137325 -3.2944207191467281 -1.1430547833442686 -1.8159692287445066 -3.7971545457839961 -0.68180623650550831 -2.6072126626968379 0.13175000250339511 0 0.030833332799375061 1 2 -0.0064303178805857888 3 4.9749999046325692 0.16499999910593036 -0.024999999441206452 4 0.039166666567325599 5 0.004371173446998001 6 6.2449998855590829 0.26854999363422399 -0.0058246226981282226 -0.011249999981373547 7 -0.0091666667722165567 6.9749999046325692 8
decision_type=2 2 2 2 2 2 2 2 1 2 1 1 8 1 2 2 2 1 2 1 10 1 2 2 8 2 1 2 2 1
left_child=1 4 3 7 -1 12 16 13 15 -10 -8 -5 -4 14 -2 -7 -3 -18 20 22 26 -22 -20 -23 25 -12 -9 -15 -14 -30
right_child=2 6 5 11 -6 8 10 18 9 -11 24 -13 28 27 -16 -17 17 -19 19 -21 21 23 -24 -25 -26 -27 -28 -29 29 -31
leaf_value=-0.039290646023003847 0.010204947209004717 -0.022429332762012703 0.007245395272143385 0.0033659377017615437 -0.023918914812147262 0.010794712512044568 -0.012523953806851791 -0.0040702443312183095 0.0047003415810690534 0.023649465067220713 -0.013223842830946764 0.00035133625172514062 0.0034721832531942123 -0.0056168305503957088 -0.014407020852357989 0.021129515372337353 -0.0065952038728225061 -0.014208621648652038 -0.0012632953083342685 -0.010293494044168315 0.0043287474917967353 0.0010632453960934328 0.017748080585750923 -0.015638297111877031 -0.0068881081710892803 0.004871647215103303 0.00066890897212510097 -0.025935674227848583 -0.00021640644529937549 0.010716450581048104
leaf_weight=462.63987321220338 91.118113614618778 241.06563411653042 2626.5544981211424 3256.8759795203805 739.58259905874729 1016.257861033082 791.88183508813381 1137.7915735095739 1433.8714031130075 138.11983546614647 80.395851563662291 16607.938150845468 11065.487064033747 69.057848483324051 102.60266497731209 265.92629757523537 646.30833250284195 1908.1887173764408 453.06333597749472 923.5691038146615 296.47196310758591 104.39921217411757 81.439733631908894 518.3806761354208 2051.092877343297 294.20366782695055 3370.744418092072 139.62626291066408 430.37093475461006 935.85551497340202
leaf_count=17100 770 3843 11235 18507 17344 4146 9035 9405 5830 559 869 95111 47798 559 835 1085 10171 30151 3844 7940 2449 871 662 4308 23062 3207 27682 1176 1844 4015
internal_value=-0.000158633 -0.0134297 0.00196667 -0.000206882 -0.0298897 0.00526117 -0.0101299 -0.00308081 0.0093537 0.00635284 -0.00740977 0.000847746 0.00448433 -0.0114465 -0.00270633 0.0128675 -0.0132532 -0.0123704 -0.00258874 -0.00597522 -0.00167716 -0.00726125 0.00165784 -0.0126418 -0.00565638 0.000938424 -0.000535897 -0.018453 0.0038999 0.00735398
internal_weight=52280.9 7215.36 45065.5 27153.1 1202.22 17912.4 6013.14 7288.26 2854.18 1571.99 3217.57 19864.8 15058.3 402.405 193.721 1282.18 2795.56 2554.5 6885.86 1458.07 5427.79 919.252 534.503 622.78 2425.69 374.6 4508.54 208.684 12431.7 1366.23
internal_count=365413 114782 250631 174119 34444 76512 80338 60501 11620 6389 36173 113618 64892 3340 1605 5231 44165 40322 57161 12446 44715 7628 4506 5179 27138 4076 37087 1735 53657 5859
cat_boundaries=0 1 2 3 4 5 6 7 8 9
cat_threshold=9153094 21005828 13344 22099696 17236036 10506834 17583364 8459330 23861248
is_linear=0
shrinkage=0.05


Tree=51
num_leaves=31
num_cat=15
split_feature=10 1 10 1 13 10 0 15 13 15 15 13 15 15 10 3 10 3 15 1 10 0 4 15 15 15 15 10 10 10
split_gain=119.863 78.8085 45.8562 24.3822 23.6377 18.3694 17.8686 17.4086 14.5841 25.2653 14.5613 11.7396 11.6044 11.307 11.2323 10.6621 10.8484 10.8659 10.2014 9.87102 9.3721 14.2925 11.2694 11.7533 10.5113 10.4615 9.24388 11.9513 9.12541 8.72056
threshold=2.495000004768372 0 4.7449998855590829 1 0.016827598214149479 1.6749999523162844 2 3 -0.031155068427324292 4 5 -0.0040843619499355546 6 7 7.3550000190734872 0.55829933285713207 5.3550000190734872 0.044373428449034698 8 9 4.5650000572204599 10 0.14500000327825549 11 12 13 14 4.0650000572204599 1.0000000180025095e-35 6.4349999427795419
decision_type=2 1 2 1 10 2 1 1 8 1 1 8 1 1 2 2 2 2 1 1 2 1 2 1 1 1 1 2 2 2
left_child=5 7 3 12 26 28 13 11 9 -8 -10 -2 -3 19 -13 16 -12 -18 -7 -4 21 24 25 -24 -9 -22 -5 -28 -1 -25
right_child=1 2 6 4 -6 18 8 20 10 -11 15 14 -14 -15 -16 -17 17 -19 -20 -21 22 -23 23 29 -26 -27 27 -29 -30 -31
leaf_value=-0.0098280852277979041 0.0096026884787890569 -0.0058849866044274682 -0.001965932739840854 -0.0049784060581424408 -0.013234451983436674 -0.0053219307719898452 -0.012047451665498029 -0.0014522591945955363 -0.0059817777012307225 0.021793964279029771 -0.0063813944417186593 0.0035704839790272089 -0.016545235826704956 -0.00049245846410263976 0.019164135270266988 0.016284403310260081 0.012096128051123853 -0.0007071348642834946 -0.021540248032575413 0.0028062024608621295 0.002738768356166852 -0.0023004645810151404 -0.001914377971062031 0.0033850719189554659 0.014042926448125848 -0.0037498576646156807 -0.0047563125107840405 0.00091921857587746666 -0.035168141742947578 0.008437134165628973
leaf_weight=44.54062433168292 1106.7950963005424 539.72291161678731 1291.0102145150304 2482.1081019993871 564.42856807075441 212.30538802780211 78.710816029459238 193.21964202821255 2393.0247279014438 140.92934127524495 836.72956220246851 5054.5521133728325 558.69164604693651 10383.012740533799 116.31410685181618 85.336929747834802 174.91885022819042 2615.1567195765674 215.54784435592592 6565.4339052308351 1242.700854331255 2445.5362359620631 896.19023806601763 5302.0974401533604 246.57584660500288 1218.7770660147071 1437.909611877054 2605.3999838810414 220.97519074566662 1018.1014783382416
leaf_count=956 5354 9675 13439 22792 5751 4277 502 914 17431 903 7278 25457 10663 70050 506 524 1153 17087 4681 39209 5686 15882 4368 26041 1164 5583 14518 22077 7620 4537
internal_value=-7.96641e-05 0.000198248 -0.00128383 -0.00452416 -0.00343079 -0.0207001 -0.00020394 0.00277373 -0.0024913 0.0101069 -0.00295178 0.00492382 -0.0114274 0.000590466 0.00392852 -0.00097759 -0.0013952 0.000103633 -0.0141797 0.00202022 0.00169569 -0.00080363 0.00244259 0.00343884 0.00737752 -0.000478553 -0.00258426 -0.00109779 -0.0310226 0.00419467
internal_weight=52286.8 51593.4 32752.5 8188.26 7089.85 693.369 24564.3 18840.9 6324.81 219.64 6105.17 6277.66 1098.41 18239.5 5170.87 3712.14 3626.81 2790.08 427.853 7856.44 12563.2 2885.33 9677.87 7216.39 439.795 2461.48 6525.42 4043.31 265.516 6320.2
internal_count=366078 348544 253052 85476 65138 17534 167576 95492 44878 1405 43473 31317 20338 122698 25963 26042 25518 18240 8958 52648 64175 17960 46215 34946 2078 11269 59387 36595 8576 30578
cat_boundaries=0 1 2 3 4 5 6 7 8 9 10 11 12 13 14 15
cat_threshold=3 32 25 4998696 2246448 27101760 12288106 3846800 6910990 32 2 2105344 19042436 18950214 21531584
is_linear=0
shrinkage=0.05


Tree=52
num_leaves=31
num_cat=5
split_feature=2 2 2 2 2 2 2 2 13 1 11 13 13 11 9 4 2 0 6 10 13 11 1 6 10 0 10 2 0 10
split_gain=498.222 140.003 108.911 36.7501 20.7627 18.7156 14.4465 13.2265 10.6954 10.1572 11.9636 9.8252 9.35729 9.80379 9.55222 8.49228 8.57144 14.6339 8.60319 8.08821 8.08178 8.02769 7.86945 10.0315 8.79992 10.5844 9.4033 7.88379 7.43682 6.92864
threshold=-2.4968943595886226 -1.4753534793853758 -3.4728074073791499 -0.99737027287483204 -1.992276608943939 -3.018058061599731 -0.47306984663009638 -3.9856251478195186 -0.0018362950650043783 0 0.31434999406337744 0.021032029762864116 -0.0051713888533413402 0.45475000143051153 1.0000000180025095e-35 0.19500000029802325 -0.69920131564140309 1 -0.043750001117587083 6.8550000190734872 0.011556613724678757 0.24814999848604205 2 -0.013749999925494192 4.6649999618530282 3 4.0650000572204599 -1.5508890748023985 4 4.1849999427795419
decision_type=2 2 2 2 2 2 2 2 10 1 2 8 10 2 2 2 2 1 2 2 10 2 1 2 2 1 2 2 1 2
left_child=2 4 7 20 11 -4 9 -1 21 10 -5 -2 13 14 22 16 18 -18 -11 -13 29 -7 24 27 26 -26 -6 -24 -20 -3
right_child=1 3 5 6 12 8 -8 -9 -10 15 -12 19 -14 -15 -16 -17 17 -19 28 -21 -22 -23 23 -25 25 -27 -28 -29 -30 -31
leaf_value=-0.04030840927132353 -0.0016980563529651886 0.0059969486740351465 -0.01762399346993207 0.002520638499521272 -0.00096915567213904676 -0.015040045494698518 0.016024159066932119 -0.02689337317168022 -0.015359032297337325 -0.0026884991147555896 0.016887209036253303 -0.0053074684417220054 -0.0030849870477479605 0.0058701670404649794 -0.004152194834516002 0.012665366568245438 0.01467155207667206 0.0053412464542402296 0.00059100234780848533 -0.015878078196642675 -0.00090835318316865991 -0.0067782768169442568 -0.007256196700712654 0.00049726590115168256 0.0045312759543052403 -0.0053373406812479438 0.01690385947178951 0.0034302088462248772 0.0049844291346380753 0.0021288661445754923
leaf_weight=311.79618827067316 2280.8383919671178 1267.2106970101595 1093.6675250604749 226.85088334977627 111.72437777370214 352.57021186500788 325.18577541410923 513.9454745836556 681.87325401231647 456.24126461148262 403.11389298737049 3776.8432728052139 3212.3848388344049 669.46481581032276 1413.4670609086752 350.65432038903236 524.14063203334808 2244.4810815304518 1138.974173784256 188.73432490974665 2019.1041614115238 1788.8212760835886 812.16164871305227 4279.0506270080805 884.14109790325165 379.03658325225115 212.43996012210846 217.71888142824173 6810.8556329607964 13281.214426547289
leaf_count=12689 22003 6398 21700 965 869 4953 1408 14350 10031 1911 1709 36898 21910 4507 9235 1460 2122 9061 4726 1764 10273 25245 5492 28278 6280 2723 1618 1289 28410 65678
internal_value=-0.000107281 0.00143628 -0.0155562 0.00359917 -0.00197126 -0.0120658 0.00564808 -0.032044 -0.00990175 0.00536791 0.0115553 -0.00431485 -0.000769996 5.87131e-05 -0.00041078 0.00501339 0.00477554 0.00718916 0.00397907 -0.00581831 0.0020552 -0.0081513 0.000357046 -0.00056855 0.00343154 0.00155991 0.0107757 -0.0049948 0.0043623 0.00246657
internal_weight=52228.7 47486 4742.67 29048 18438 3916.93 12480.5 825.742 2823.26 12155.3 629.965 6246.42 12191.6 8979.21 8309.74 11525.3 11174.7 2768.62 8406.07 3965.58 16567.5 2141.39 6896.27 5308.93 1587.34 1263.18 324.164 1029.88 7949.83 14548.4
internal_count=365955 276987 88968 134121 142866 61929 51772 27039 40229 50364 2674 60665 82201 60291 55784 47690 46230 11183 35047 38662 82349 30198 46549 35059 11490 9003 2487 6781 33136 72076
cat_boundaries=0 1 2 3 4 5
cat_threshold=48 28 48 25 36
is_linear=0
shrinkage=0.05


Tree=53
num_leaves=31
num_cat=3
split_feature=2 2 2 2 2 2 1 5 2 3 13 0 1 6 3 12 2 9 13 13 11 3 9 11 9 11 3 11 3 3
split_gain=446.447 137.054 98.6778 29.8796 19.9425 19.4762 14.6731 15.6881 15.1605 11.227 10.2256 9.74969 9.64327 10.1626 9.55153 9.07125 8.05905 7.82523 9.64841 8.52853 8.00539 10.4698 7.80207 9.3904 9.70089 9.75776 9.21073 7.7338 7.29202 7.20133
threshold=-2.4968943595886226 -1.4343932867050169 -3.6436011791229244 -1.1090694665908811 -2.0336883068084712 -2.904711008071899 0 0.024999999441206459 -0.71466577053070057 0.46857833862304693 0.0009753159829415382 1 2 0.021250000223517421 0.18232238292694095 -0.007500000298023223 -4.1308522224426261 -1.0000000180025095e-35 0.024660568684339527 0.0017828283016569915 0.24595000594854358 0.75887373089790355 -1.0000000180025095e-35 1.0000000180025095e-35 -1.4999999999999998 0.21804999560117724 0.73977094888687145 0.26854999363422399 0.40648932754993444 0.71016046404838573
decision_type=2 2 2 2 2 2 1 2 2 2 10 1 1 2 2 2 2 2 10 10 2 2 2 2 2 2 2 2 2 2
left_child=2 4 16 28 12 9 7 -5 10 -4 -8 -10 13 -2 -13 -15 -1 18 19 29 -21 -22 23 -14 25 -25 -24 -27 -3 -6
right_child=1 3 5 6 17 -7 8 -9 11 -11 -12 14 22 15 -16 -17 -18 -19 -20 20 21 -23 26 24 -26 27 -28 -29 -30 -31
leaf_value=-0.041628976364340819 -0.0020361611143796983 0.00023863290042807307 -0.020144317300272659 0.0026029793388430088 -0.0010311620550157836 -0.0091801875894455941 0.0064230142258334781 0.0082326652427452129 0.015211395779758281 -0.01201111962072912 0.0013448832679750027 0.0029336733031702848 -0.020890863261480746 0.026613363653647987 0.013025559877157153 0.0012051998520627536 -0.028961067918193806 -0.0019580070542809199 -0.0084181292221307772 0.014882724125828063 0.0054508213638625128 -0.009912086529269129 -0.0037299416165543654 0.013766707542840871 -0.0094400246793311243 -0.015526752319968763 0.014082931436308 -0.0026962764907502716 0.0027995073261800111 0.0034012299575297482
leaf_weight=232.47692208737135 897.09884654730558 5339.7255846709013 880.04214581660926 7487.7246447652578 3904.3757613524795 2374.8149677142501 4732.2026690095663 1481.5571181327105 713.69147846102715 845.49560364894569 1255.4703654944897 551.62575721740723 118.7708408087492 60.463990695774555 407.7961100935936 80.729535408318043 345.82129938341677 7713.3726029470563 293.34730318188667 169.98310584574938 694.73181930184364 130.00220670551062 1843.2863734513521 77.741524048149586 1334.1110333912075 133.57930839061737 73.605139270424843 889.54553881660104 5797.2108644396067 1195.2373249381781
leaf_count=10002 9311 27037 17801 31664 26339 33148 20235 6320 2898 16703 5379 2263 1175 643 1667 891 11392 51619 2074 1155 4732 892 17886 767 13141 1329 704 8856 29348 8022
internal_value=-0.00013863 0.00131672 -0.01487 0.0035766 -0.00188323 -0.0121314 0.00491875 0.00353059 0.00652954 -0.0161777 0.00535906 0.010746 -0.0044337 -6.53414e-05 0.00716679 0.0123056 -0.0341795 -0.000886342 0.000407943 0.000835403 0.00506555 0.00301106 -0.00543545 -0.00725702 -0.0065754 -0.00309301 -0.00303199 -0.00439845 0.00157193 8.61943e-06
internal_weight=52055.6 47377 4678.65 27767 19610 4100.35 16630.1 8969.28 7660.79 1725.54 5987.67 1673.11 5508.93 1038.29 959.422 141.194 578.298 14101.1 6387.68 6094.33 994.717 824.734 4470.64 2553.75 2434.98 1100.87 1916.89 1023.12 11136.9 5099.61
internal_count=365393 276347 89046 126811 149536 67652 70426 37984 32442 34504 25614 6828 54703 10845 3930 1534 21394 94833 43214 41140 6779 5624 43858 25268 24093 10952 18590 10185 56385 34361
cat_boundaries=0 1 2 3
cat_threshold=6 21 32
is_linear=0
shrinkage=0.05


Tree=54
num_leaves=31
num_cat=14
split_feature=10 1 10 10 1 12 15 12 15 13 10 15 15 12 15 0 13 15 10 3 15 15 15 6 13 13 12 15 15 11
split_gain=94.422 58.1068 44.0168 41.9076 18.6996 15.2969 15.1924 14.6149 14.1232 13.0479 13.0434 12.7296 12.6803 13.4878 19.5 12.647 12.4193 13.6411 12.3826 12.0103 11.5022 11.4386 11.3412 10.8148 9.8195 9.69088 9.50624 16.6414 9.85165 9.44963
threshold=3.554999947547913 0 5.3350000381469735 1.6749999523162844 1 0.027500000782310966 2 0.080833330750465407 3 -0.0064303178805857888 7.4549999237060556 4 5 -0.030833332799375054 6 7 -0.017826804891228672 8 1.0000000180025095e-35 0.15356243401765826 9 10 11 -0.036250000819563859 -0.028520417399704453 0.0031962981447577481 -0.020833333022892472 12 13 0.29639999568462377
decision_type=2 1 2 2 1 2 1 2 1 8 2 1 1 2 1 1 8 1 2 2 1 1 1 2 10 8 2 1 1 2
left_child=3 9 4 18 7 22 25 8 -3 11 12 -2 23 14 -14 19 17 24 -1 21 -12 -6 -5 -4 -17 -7 27 -18 -28 -25
right_child=1 2 10 5 15 6 -8 -9 -10 -11 20 -13 13 -15 -16 16 26 -19 -20 -21 -22 -23 -24 29 -26 -27 28 -29 -30 -31
leaf_value=-0.0050364675161495504 0.00025579049884135564 -0.0044784950912886336 0.004316094780794766 0.00093355075007103881 0.00260535747494481 0.016674748511423528 -0.023398267832356854 -0.012723126956290427 -6.706188100305805e-06 0.0018980305376435748 -0.00011516965760653949 0.0076452617227222401 0.0098299439396366609 0.00028316841604607653 0.00088560800996244783 0.0028723146934733243 -0.013094304225896991 -0.0052627246300958382 -0.034962971522884766 0.0043456984114564525 0.012588760695597216 -0.013725441199445102 -0.0084477624596646754 0.00084011974047440072 0.033159151931989858 -0.010056882774774139 -0.0062833172947996873 0.0017868909870680781 -0.013014795469913146 -0.0035467243772702539
leaf_weight=42.511432778090239 823.38815486803651 2656.2439971249551 698.80170270614326 487.26306561566889 184.33008552715182 39.83617396093905 263.05859824642539 300.29192799143493 5230.0120185110718 15448.778338193893 325.79809606447816 2057.9485480561852 990.892015831545 9108.8774488735944 1575.485747879371 57.905392181128263 282.42524032667279 222.19419787451625 201.97424082271755 513.8859443590045 395.67075056023896 243.59155666828156 954.10807586833835 1739.620211917907 48.437710179015994 178.82966051064432 1099.7345657702535 516.95401116646826 1250.6953805498779 4163.2425982803106
leaf_count=930 4017 19431 3776 6164 1676 604 4139 2738 37929 77701 1858 9902 5616 60356 8921 683 3424 2801 7597 4312 2247 2285 12006 11589 648 2909 16476 6212 19451 27444
internal_value=-0.000209069 0.000234583 -0.00106432 -0.0104204 -0.00335505 -0.00792285 -0.0156223 -0.00193095 -0.00151933 0.00247327 0.000455373 0.00556265 0.000194711 0.00118455 0.00438575 -0.00597269 -0.00736809 0.00185165 -0.0298424 -0.000791262 0.00703992 -0.0069701 -0.00533152 -0.00155512 0.0155864 -0.00485974 -0.00835368 -0.00363138 -0.00995528 -0.00225404
internal_weight=52102.8 49935.2 31605.1 2167.58 12606.7 1923.1 481.724 8186.55 7886.26 18330.1 18998.4 2881.34 18276.9 11675.3 2566.38 4420.15 3478.35 328.537 244.486 941.808 721.469 427.922 1441.37 6601.66 106.343 218.666 3149.81 799.379 2350.43 5902.86
internal_count=365842 331493 239873 34349 118066 25822 7652 60098 57360 91620 121807 13919 117702 74893 14537 57968 49695 4132 8527 8273 4105 3961 18170 42809 1331 3513 45563 9636 35927 39033
cat_boundaries=0 1 2 3 4 5 6 7 8 9 10 11 12 13 14
cat_threshold=3 12 32066626 17304528 20056324 12928552 17965314 24 8569536 8176012 690590 11022380 18947236 19485042
is_linear=0
shrinkage=0.05


Tree=55
num_leaves=31
num_cat=0
split_feature=2 2 2 2 2 2 2 3 13 2 12 13 3 13 13 3 13 12 10 10 10 3 2 13 6 10 11 3 10 4
split_gain=374.328 109.963 93.6214 27.6899 18.0659 17.7505 14.493 10.4001 9.3696 9.05371 8.65306 7.16232 8.42338 7.75368 8.19525 7.12745 7.12621 6.48655 7.81599 7.26397 9.36999 8.65309 7.04049 6.91919 7.28519 9.02173 6.56957 6.7653 6.37489 6.24392
threshold=-2.4404587745666499 -1.4753534793853758 -3.6436011791229244 -0.9347795546054839 -2.9946316480636592 -2.0336883068084712 -0.53161874413490284 0.46077188849449163 -0.0018362950650043783 -4.1308522224426261 0.029166666790843013 0.018224601633846763 0.40648932754993444 0.013961900956928732 0.004371173446998001 0.044373428449034698 0.010236651636660101 0.015833333600312475 7.3949999809265146 5.3550000190734872 6.6349999904632577 0.036036575213074691 -1.6113901138305662 0.032846935093402869 -0.0087499998044222576 4.1849999427795419 0.46350000798702246 0.22422973811626437 6.8550000190734872 0.15500000119209292
decision_type=2 2 2 2 2 2 2 2 8 2 2 10 2 10 10 2 8 2 2 2 2 2 2 10 2 2 2 2 2 2
left_child=2 5 9 29 16 10 -5 -8 -6 -1 11 13 -13 14 28 -10 -4 18 -7 21 -21 -19 -22 24 25 -23 27 -26 -2 -3
right_child=1 3 4 6 8 17 7 -9 15 -11 -12 12 -14 -15 -16 -17 -18 19 -20 20 22 23 -24 -25 26 -27 -28 -29 -30 -31
leaf_value=-0.040448869778505397 -0.0014174800928194338 0.0010432148820727204 -0.0095165021711503157 0.0048324593969864367 -0.0027382525023943727 -8.394866631458321e-05 0.017313769920961515 0.0048471760297332002 -0.025275741521107026 -0.026829601757827976 -0.00740012654602153 -0.019541094876855462 -0.00038907521700376875 0.012591791262297711 -0.011398927637267173 -0.009308693707529762 -0.017657037635062132 -0.016876580084396627 0.012425616911354189 -0.0060300850484782823 -0.0022186555784156118 -0.016243662758777307 0.010363571554104858 0.013554213866341758 0.0060372908661108582 -0.0018572925396519954 0.014502582343768188 -0.0012732514882175352 -0.0127971223735558 0.0028825959456319707
leaf_weight=217.51023160852492 2770.7874235771596 7938.5899735540152 382.62688235938549 9469.5527521669865 583.41846622526646 7887.7454805523157 415.36632952094078 282.65489083528519 70.679393012076616 336.99360227398574 1531.2217293605208 131.85518951714039 100.67338220775127 83.505950294435024 245.90940866619349 2514.1147401332855 974.85554201342165 75.191209726035595 124.87272503972054 1741.0643605068326 365.40579605847597 136.05798007547855 157.489248290658 90.316578179597855 421.8419251665473 520.51888401806355 87.264208234846592 1247.3781682103872 126.84967562556267 11025.263392239809
leaf_count=9918 26699 38607 8104 38745 7994 53111 1779 1187 1002 11539 15485 1301 1004 830 2419 35524 20753 559 821 11987 2619 991 960 672 3044 3704 615 8774 1176 53988
internal_value=-4.58646e-05 0.00134861 -0.0129362 0.0032419 -0.0105507 -0.00174199 0.00534701 0.0122939 -0.00847318 -0.0322981 -0.00427218 -0.00288427 -0.0113232 -0.00226955 -0.00267209 -0.00976451 -0.0153799 -0.000759173 0.000114059 -0.0022035 -0.00426887 -0.000388223 0.001596 0.000120096 -0.000393527 -0.00487876 0.0012867 0.000579268 -0.00192413 0.00211279
internal_weight=52057.6 46977.4 5080.2 29131.4 4525.7 17845.9 10167.6 698.021 3168.21 554.504 4990.8 3459.58 232.529 3227.05 3143.55 2584.79 1357.48 12855.1 8012.62 4842.53 2263.96 2578.57 522.895 2503.38 2413.06 656.577 1756.48 1669.22 2897.64 18963.9
internal_count=365911 271077 94834 134306 73377 136771 41711 2966 44520 21457 48914 33429 2305 31124 30294 36526 28857 87857 53932 33925 15566 18359 3579 17800 17128 4695 12433 11818 27875 92595
is_linear=0
shrinkage=0.05


Tree=56
num_leaves=31
num_cat=5
split_feature=2 2 2 2 2 13 2 2 13 1 1 4 5 3 3 1 2 4 10 1 2 10 5 12 1 3 13 6 13 11
split_gain=397.527 102.865 81.0751 25.1528 22.7424 10.5559 10.466 9.61615 9.08226 9.47242 8.94237 8.87 8.69945 7.97316 7.93358 7.68376 7.27175 7.25437 7.30574 7.00985 6.6682 6.64308 6.62396 7.08882 6.59306 14.3124 8.40427 7.88359 6.71592 6.76108
threshold=-2.5426402091979976 -1.2175930738449094 -3.4728074073791499 -1.9627658724784849 -0.62296542525291432 0.010484128724783661 -4.1308522224426261 -3.2325164079666133 -0.0066476084757596246 0 1 0.15500000119209292 -0.044999999925494187 0.73977094888687145 0.059547079727053649 2 -0.85672175884246815 0.15500000119209292 5.8949999809265146 3 -1.1684695482254026 4.2650001049041757 1.0000000180025095e-35 -0.035833332687616341 4 0.61387255787849437 0.0041702513117343196 0.048750000074505813 -0.017826804891228672 0.22255000472068789
decision_type=2 2 2 2 2 10 2 2 8 1 1 2 2 2 2 1 2 2 2 1 2 2 2 2 1 2 8 2 8 2
left_child=2 3 6 8 10 7 -1 -4 9 -2 12 21 -3 19 -9 -15 -13 18 -11 -10 -14 -12 -6 -24 25 27 -27 -5 29 -26
right_child=1 4 5 24 22 -7 -8 14 13 17 11 16 20 15 -16 -17 -18 -19 -20 -21 -22 -23 23 -25 28 26 -28 -29 -30 -31
leaf_value=-0.03915125031097573 -0.005451011820858935 0.018865519526968837 -0.017670935823925229 7.1642720445395591e-05 0.0071926448421453628 -0.018255431104408564 -0.025667262839071798 -0.022128307574127083 -0.0020345115995553343 -0.011699565493520699 0.012946769799744543 0.003313428800608008 -0.0018789206899987232 0.0079566794540056624 -0.008579262212365572 -0.0035008155742614062 0.0064190205105024104 0.0077459153321277193 0.0058445441290510868 -0.0059135317925277852 0.0074420645306572334 0.0017222672909839552 0.0065280746045199697 0.017874347695365743 0.014350395024797312 -0.00013897553474262871 0.010184191078936649 0.015195581523676675 -0.00060854212354487193 0.0020015808754389078
leaf_weight=211.21925614774227 374.19507500529289 142.15776796638966 385.92046906985343 3629.1086953654885 1172.5027268230915 490.31707651168108 545.67741090990603 112.02042356878519 1778.9036000445485 116.65872096642852 132.13406231999397 6761.7425750046968 227.82661658525467 248.39875834435225 2453.4457271248102 324.09756410121918 2618.1037563085556 487.769949067384 116.92146524041891 3589.1820731908083 1190.5009650290012 7832.1945802122355 222.17406000196934 374.85626715421677 121.32737044245005 275.28220400214195 692.24038209021091 86.261768966913223 14186.211629576981 1106.4806606173515
leaf_count=9991 3487 636 8681 23581 4843 8525 17207 1787 17550 1126 591 30138 1134 2514 38586 3201 10599 4755 1070 35330 5340 33689 923 1549 701 1819 4703 588 84849 6468
internal_value=2.63578e-05 0.00132207 -0.0147209 -0.000702458 0.0039789 -0.0114503 -0.0295234 -0.0103081 -0.00327483 0.000906886 0.0034708 0.00313772 0.00709861 -0.00404606 -0.00918765 0.0015584 0.00418145 0.00422786 -0.00294258 -0.00464412 0.00594429 0.00191169 0.0093971 0.0136879 0.000198392 0.00183882 0.00725279 0.00043077 -0.000301154 0.0032432
internal_weight=52005.8 47807.2 4198.6 27133 20674.2 3441.7 756.897 2951.39 7036.13 1095.55 18904.7 17344.2 1560.49 5940.58 2565.47 572.496 9379.85 721.35 233.58 5368.09 1418.33 7964.33 1769.53 597.03 20096.9 4682.89 967.523 3715.37 15414 1227.81
internal_count=365961 281184 84777 191742 89442 57579 27198 49054 69033 10438 82127 75017 7110 58595 40373 5715 40737 6951 2196 52880 6474 34280 7315 2472 122709 30691 6522 24169 92018 7169
cat_boundaries=0 1 2 3 4 5
cat_threshold=10 48 16 34 48
is_linear=0
shrinkage=0.05


Tree=57
num_leaves=31
num_cat=5
split_feature=2 2 2 2 2 2 13 9 9 0 2 11 13 11 1 3 3 13 6 1 11 12 13 2 0 9 10 10 0 11
split_gain=328.648 96.278 85.8467 21.7989 14.8575 13.8167 12.3763 11.8449 9.6556 9.13355 8.76393 8.3591 8.23739 11.338 8.1216 12.2668 8.13878 7.84216 7.72608 12.7109 7.38728 7.35404 6.3334 6.13004 11.8777 8.37376 6.6989 6.69472 6.03739 8.61819
threshold=-2.4119105339050289 -1.4753534793853758 -3.4728074073791499 -0.84565806388854969 -2.9946316480636592 -3.9856251478195186 -0.022979404777288433 -1.0000000180025095e-35 -2.4999999999999996 0 -1.7602643966674802 0.21450000256299975 -0.002853167941793799 0.46684999763965612 1 0.19409890472888949 0.18512852489948275 0.043592689558863647 0.053749999031424529 2 0.33175000548362737 0.010833333246409895 0.0041702513117343196 -0.73061922192573536 3 1.0000000180025095e-35 6.1649999618530282 6.6349999904632577 4 0.37845000624656683
decision_type=2 2 2 2 2 2 8 2 2 1 2 2 8 2 1 2 2 10 2 1 2 2 8 2 1 2 2 2 1 2
left_child=2 8 5 6 9 -1 11 -6 20 -4 17 -3 -9 -14 16 23 -5 -10 28 -20 -2 -13 -7 26 25 -25 -16 -28 29 -12
right_child=1 3 4 14 7 22 -8 12 10 -11 18 21 13 -15 15 -17 -18 -19 19 -21 -22 -23 -24 24 -26 -27 27 -29 -30 -31
leaf_value=-0.037004269232476565 0.00012243763059036032 -0.0059441318944072436 -0.010331488761241783 0.016276425011208885 -0.005194362461789493 -0.011437162602757815 0.0020051152746663149 -0.0026989574221399086 -0.0025473142904906734 -0.020571989477380089 -0.010063746039508764 0.0062137955480112191 -0.011902224803850545 -0.036699386155430301 0.0052437589965021007 0.010286837844075938 0.0034447286129762065 -0.017596172509114716 -0.0068724675446345937 0.016288783441052238 0.022547217805403683 0.016024092331055565 -0.025607881250804623 -0.0041575971456779609 0.013154063668295763 0.0080066413341558992 -0.013324541859916918 0.0015681269280182757 -0.00030874523163767819 0.004733359287145261
leaf_weight=263.94804029166698 74.626548171043396 115.57070669531822 697.28131762519479 126.12579119205475 2000.1440358348191 107.03375748731196 20640.534727349877 236.37184816971421 9847.2962803915143 398.99374831281602 362.74299731850624 1053.4766138195992 1097.5324392952025 46.709941226989031 335.81191830337048 1709.5079474151134 3628.5991913676262 85.402491621673107 86.553471744060516 154.18893426656723 70.354012914001942 233.23449428379536 360.79182857647538 283.84420317411423 398.89167158305645 278.31287637352943 132.43549685180187 171.17750619351864 6725.9228936582804 133.38900229334831
leaf_count=12608 600 542 14345 514 28468 3269 98795 3166 84752 8551 2293 4883 15299 653 1357 6965 14741 758 544 958 576 1119 11135 1169 1621 1148 537 695 42375 836
internal_value=-4.1641e-06 0.00132611 -0.0119135 0.00308937 -0.00931018 -0.0277723 0.00231436 -0.00766171 -0.00159994 -0.0143706 -0.00170758 0.00685694 -0.0112236 -0.0129768 0.00550615 0.00732049 0.00387388 -0.00268022 -0.000412661 0.00836158 0.0111631 0.00801416 -0.0224283 0.00418884 0.00670873 0.00183911 0.000392372 -0.00497272 -0.000707378 -0.00596269
internal_weight=51856.8 46648 5208.81 29107.5 4477.03 731.774 22042.8 3380.76 17540.5 1096.28 17395.5 1402.28 1380.61 1144.24 7064.71 3309.98 3754.72 9932.7 7462.8 240.742 144.981 1286.71 467.826 1600.47 961.049 562.157 639.425 303.613 7222.05 496.132
internal_count=365272 267778 97494 134086 70482 27012 105339 47586 133692 22896 132516 6544 19118 15952 28747 13492 15255 85510 47006 1502 1176 6002 14404 6527 3938 2317 2589 1232 45504 3129
cat_boundaries=0 1 2 3 4 5
cat_threshold=33 6 9 34 16
is_linear=0
shrinkage=0.05


Tree=58
num_leaves=31
num_cat=13
split_feature=1 12 15 15 9 15 6 0 15 15 13 0 6 15 13 6 13 13 15 11 13 12 11 12 15 6 15 4 15 12
split_gain=51.369 30.6092 18.2509 18.0453 14.8781 14.691 14.4288 12.1042 21.9997 11.3113 11.2948 9.93017 10.4778 15.5679 11.0338 9.02566 9.17603 8.81436 9.56905 8.67976 8.54312 8.38862 8.13386 8.30923 8.23512 8.00786 12.3078 7.91406 8.54624 7.48287
threshold=0 0.039166666567325599 1 2 1.5000000000000002 3 -0.15375000238418576 4 5 6 -0.0056026913225650779 7 -0.016249999869614836 8 0.012494712602347137 -0.013749999925494192 0.012243502773344518 0.010484128724783661 9 0.26365000009536749 0.01523861847817898 0.019166666083037857 0.32149998843669897 0.11916666477918626 10 -0.0012499999720603364 11 0.18500000238418582 12 -0.042500000447034829
decision_type=1 2 1 1 2 1 2 1 1 1 10 1 2 1 10 2 8 10 1 2 10 2 2 2 1 2 1 2 1 2
left_child=2 4 -1 15 6 -6 -2 9 -9 10 -8 19 13 -13 -15 -3 -17 -10 -19 -5 -7 25 24 -24 -14 26 -11 28 -23 -27
right_child=1 3 -4 11 5 20 7 8 17 21 -12 12 22 14 -16 16 -18 18 -20 -21 -22 27 23 -25 -26 29 -28 -29 -30 -31
leaf_value=0.0037149123870356218 -0.01802969065465591 -0.0031922948313025837 0.00059671562969174042 -0.01598151065871144 -0.0016385608058120246 0.0081352894821114363 0.0022295640788877725 -0.0061016258787365534 0.00031054109102535707 0.0075829018158155683 -0.0018937980902984154 -0.0042269813705355852 5.3003368775454815e-05 0.013869434500823292 -0.0065724679647484203 -0.0037379331907761906 -0.012718658653201176 0.00062065900530805344 -0.012759120288534979 -0.0043857162860378674 -0.0061152184677188996 0.0012618792178241602 -0.00079875136635960519 0.019071705121971233 -0.0094377376401605251 -0.0069444134025361849 -0.00028293908042427191 -0.013138783955512226 -0.0067539878449956962 -0.0011467957819453055
leaf_weight=8665.5831845328212 119.9216915294528 625.14187699183822 10250.82285782136 202.69142823107541 850.03441682830453 1172.3681132420897 6611.0693389419466 2664.1094824951142 4284.3090245313942 586.09924785979092 2216.065162172541 326.47975068725646 365.57662655040622 365.14179007150233 79.222764547914267 387.50137713178992 1089.9144497904927 257.97181124985218 272.95512460172176 776.30354080162942 114.07514326274395 602.51557482965291 1043.7441496066749 53.399395626038313 626.64997184276581 702.73876660317183 2952.8253718856722 232.70934112370014 728.88416540622711 2652.4479833729565
leaf_count=43526 3823 5375 52633 2145 4507 6067 50963 22587 35131 3832 17542 2609 3744 2831 630 4019 11870 2274 2451 7911 625 4941 10254 587 6536 5277 19518 2695 6073 22967
internal_value=-4.956e-05 -0.0012413 0.00202661 -0.00449025 -0.000527056 0.00347514 -0.000870917 -0.000786378 -0.00246495 -5.84033e-05 0.00119284 -0.00242608 -0.000925648 0.0040467 0.0099881 -0.00820296 -0.0103714 -0.000442726 -0.00650786 -0.00674544 0.00681123 -0.00136406 -0.00276667 0.000201313 -0.00604228 -0.000615078 0.00104393 -0.00466907 -0.0031712 -0.00236451
internal_weight=51879.3 32962.9 18916.4 5941.77 27021.1 2136.48 24884.6 24764.7 7479.35 17285.4 8827.13 3839.21 2860.21 770.844 444.365 2102.56 1477.42 4815.24 530.927 978.995 1286.44 8458.22 2089.37 1097.14 992.227 6894.11 3538.92 1564.11 1331.4 3355.19
internal_count=365943 269784 96159 58511 211273 11199 200074 196251 62443 133808 68505 37247 27191 6070 3461 21264 15889 39856 4725 10056 6692 65303 21121 10841 10280 51594 23350 13709 11014 28244
cat_boundaries=0 1 2 3 4 5 6 7 8 9 10 11 12 13
cat_threshold=3 21827176 21902720 19256512 9 9274890 28680842 6 51808 16803892 16980 2112 659728
is_linear=0
shrinkage=0.05


Tree=59
num_leaves=31
num_cat=11
split_feature=2 2 2 2 2 2 4 15 15 2 3 15 15 15 3 3 15 15 15 12 15 3 4 11 15 12 6 12 11 0
split_gain=297.978 87.5721 66.1185 20.9781 16.4602 12.0254 10.271 16.0134 10.2653 8.76108 11.8746 16.8051 13.9162 10.723 8.54683 13.0866 10.3019 9.45807 8.50653 8.25921 17.2568 9.39772 8.52899 8.52355 8.13176 7.91487 8.53096 8.05577 7.88608 11.4903
threshold=-2.6072126626968379 -1.4753534793853758 -3.5539846420288081 -0.62296542525291432 -2.2182229757308956 -3.9156665802001949 0.15500000119209292 0 1 -1.1768524050712583 0.49853946268558508 2 3 4 0.1506198272109032 0.15900792181491855 5 6 7 0.015833333600312475 8 0.066543053835630431 0.17500000447034839 0.41685000061988836 9 -0.044166667386889451 0.033749999478459365 -0.050833333283662789 0.34385000169277197 10
decision_type=2 2 2 2 2 2 2 1 1 2 2 1 1 1 2 2 1 1 1 2 1 2 2 2 1 2 2 2 2 1
left_child=2 4 5 6 -2 -1 7 -3 -5 13 11 -11 -12 -8 17 -16 -17 -4 -7 24 21 -21 -22 -24 -6 27 -27 -13 29 -9
right_child=1 3 14 8 19 18 9 28 -10 10 12 25 -14 -15 15 16 -18 -19 -20 20 22 -23 23 -25 -26 26 -28 -29 -30 -31
leaf_value=-0.036468228614319399 -0.0048228311828909555 0.0030981545384298308 -0.0088550433011417261 0.012360942155344466 0.0017396712766520315 -0.010623176847798968 -0.00084252343919975596 -0.016750226901510842 0.0044760159125841921 -0.0010587169578621795 0.0028690362378194305 0.0068040834121459648 0.0088215991085986642 0.0034375601186085029 0.019985726578293256 -0.0046301173322285186 -0.012115907821229682 -0.023124021260313939 -0.029765271864432979 -0.0087066802304853162 -0.0070234013967412565 0.0010770023876171652 -0.0029832557467147527 0.011857174518312946 -0.0012707008272402898 0.0022520715524760155 0.011883802087080161 0.02015583290442519 0.0014365749715823696 -0.0015177308565789891
leaf_weight=288.87667305953801 3555.5710583142936 5795.3050996214151 280.04819641076028 738.94040243327618 3582.8253720402718 151.4131447635591 2508.1211742311716 116.75556810200214 1019.4690141230822 2005.4812778532505 1834.9671075046062 643.01997575163841 2193.3779798001051 3496.4515726864338 34.914351603016257 683.45381464809179 1757.569214258343 274.41385207511485 166.50563673302531 267.94340271502733 2040.4271981194615 2702.8626317828894 822.21382558345795 107.6400730535388 5955.0131525471807 2024.4336161762476 257.62099932134151 136.35002797842026 2879.7992215305567 3502.5304879248142
leaf_count=14150 40608 26524 5036 3071 25264 4768 13105 548 4218 8591 7963 2732 9501 18206 627 12348 31564 4990 5306 2018 15211 20073 6308 814 42341 8720 1108 581 13205 16121
internal_value=-0.000160021 0.000881838 -0.0139559 0.00260411 -0.00175593 -0.0290032 0.00226391 0.00119068 0.00789544 0.00313747 0.004116 0.00250357 0.0061419 0.0016544 -0.0109258 -0.00965408 -0.010094 -0.0165494 -0.0220345 -0.00105092 -0.00251398 0.000188692 -0.00519857 -0.00124356 -0.000139255 0.00482403 0.00334885 0.00918557 -0.000514642 -0.00206855
internal_weight=51824.3 48187.1 3637.19 29152.6 19034.5 606.795 27394.2 12294.4 1758.41 15099.8 9095.25 5066.91 4028.35 6004.57 3030.4 2475.94 2441.02 554.462 317.919 15478.9 5941.09 2970.81 2970.28 929.854 9537.84 3061.42 2282.05 779.37 6499.09 3619.29
internal_count=365620 286831 78789 134194 152637 24224 126905 56398 7289 70507 39196 21732 17464 31311 54565 44539 43912 10026 10074 112029 44424 22091 22333 7122 67605 13141 9828 3313 29874 16669
cat_boundaries=0 1 2 3 4 5 6 7 8 9 10 11
cat_threshold=23663556 26402914 23295040 16343808 31458094 5325836 19032946 27902658 27482904 5295428 32
is_linear=0
shrinkage=0.05


Tree=60
num_leaves=31
num_cat=10
split_feature=2 2 2 2 2 1 15 10 3 15 3 11 11 2 10 15 4 15 2 13 15 10 15 15 10 9 10 15 10 15
split_gain=270.904 84.2495 64.2969 21.4609 21.256 13.1728 14.2777 13.8621 12.2961 11.9243 10.9982 10.6886 10.416 9.85836 9.24913 11.0434 9.44964 9.23019 9.68272 9.02472 14.7076 8.56288 9.67396 9.63141 14.6585 8.57931 8.54581 11.3829 8.41802 9.21959
threshold=-2.3438787460327144 -3.3279221057891841 -1.4840423464775083 -3.9156665802001949 -0.85672175884246815 0 1 3.6049998998641972 0.077813889831304564 2 0.70464158058166515 0.3368500024080277 0.40315000712871557 -2.1165535449981685 4.0050001144409189 3 0.17500000447034839 4 -0.53161874413490284 0.037078650668263442 5 6.3350000381469735 6 7 6.1150000095367441 -1.4999999999999998 7.4549999237060556 8 5.6150000095367441 9
decision_type=2 2 2 2 2 1 1 2 2 1 2 2 2 2 2 1 2 1 2 10 1 2 1 1 2 2 2 1 2 1
left_child=1 3 5 -1 19 6 7 -2 14 12 21 -12 -7 -11 -3 16 -16 -6 -19 26 -21 23 -23 25 -25 -9 28 -28 29 -4
right_child=2 8 4 -5 17 9 -8 10 -10 13 11 -13 -14 -15 15 -17 -18 18 -20 20 -22 22 -24 24 -26 -27 27 -29 -30 -31
leaf_value=-0.035477160455213111 -0.012383707056757088 -0.027935783333322424 0.0013608828094982186 -0.018827576620796333 0.00090783218743584182 -0.0058937772529398663 -0.0015432322401828526 0.010823684814425888 -0.0067291070076983626 -0.0068437613765546653 0.0031019017081793609 0.019385976129312865 0.0012220219782885274 6.610178909381428e-05 -0.0094526198006472523 -0.019235914627368289 0.01792836819261746 0.005182364084888225 0.011919769887659732 0.0038826244832140915 -0.016502756595869274 0.004694104715167683 -0.0078405191389195831 0.0042282186745803965 0.021503387701716999 -0.0040022055967160637 -0.0030395773857402634 0.013461038731060197 0.000992401886171033 0.004413915054477374
leaf_weight=280.72760724462569 145.85035945102572 112.58515067026019 4682.4393434226513 654.86346667073667 1154.1342417597771 3064.4690900892019 4826.8616153821349 115.61443392187357 4414.2656921539456 592.90617471933365 209.23646375536919 194.04171171784401 617.16262854635715 3900.6324126645923 85.772309623658657 158.69685098901391 47.159794796258211 5658.6584898978472 588.55886581540108 179.21698708832264 159.25139756500721 244.52092771232128 380.52701908349991 1619.9568352624774 131.09520676732063 571.4656106159091 149.12395176291466 337.38076734542847 11191.076570466161 5308.0161599218845
leaf_count=14248 1253 1875 22807 18821 4700 22668 37201 910 66091 5808 1625 1522 4495 27110 1174 2238 656 22917 2529 884 787 1801 2764 12610 973 4375 698 1582 53016 25701
internal_value=5.49604e-05 -0.0101715 0.00133394 -0.0238884 0.0027386 -0.00115237 0.000234485 0.00260716 -0.00749933 -0.00258085 0.00325219 0.0109942 -0.00468819 -0.000846386 -0.0158361 -0.0110065 0.000356558 0.0050563 0.00581142 0.00195871 -0.00612009 0.00222643 -0.00298778 0.00356451 0.00551316 -0.00146207 0.00208546 0.00862485 0.00193446 0.00298932
internal_weight=51776.3 5754.07 46022.2 935.591 29407.9 16614.3 8439.17 3612.31 4818.48 8175.17 3466.46 403.278 3681.63 4493.54 404.214 291.629 132.932 7401.35 6247.22 22006.5 338.468 3063.18 625.048 2438.13 1751.05 687.08 21668 486.505 21181.5 9990.46
internal_count=365839 105103 260736 33069 135621 125115 65034 27833 72034 60081 26580 3147 27163 32918 5943 4068 1830 30146 25446 105475 1671 23433 4565 18868 13583 5285 103804 2280 101524 48508
cat_boundaries=0 1 2 3 4 5 6 7 8 9 10
cat_threshold=50 11059862 28844698 20343320 21520 30353674 11042816 2146304 12590208 31998268
is_linear=0
shrinkage=0.05


Tree=61
num_leaves=31
num_cat=5
split_feature=2 2 2 2 2 2 12 0 2 10 12 12 10 12 1 12 12 14 1 0 6 12 1 10 2 5 4 9 3 12
split_gain=262.317 81.3204 56.3347 18.0423 16.4639 11.8392 9.00488 8.54879 8.32736 9.44759 8.01531 7.5261 7.43538 10.5665 7.26818 8.42442 7.22434 7.30901 6.98369 7.66569 7.48855 6.94073 6.45874 6.77298 6.74809 6.50562 11.401 10.889 8.99444 9.19643
threshold=-2.6072126626968379 -1.4753534793853758 -3.4728074073791499 -2.0641610622406001 -0.62296542525291432 -3.9856251478195186 0.029166666790843013 0 -1.0242411494255064 5.9249999523162851 0.11583333462476732 -0.070833332836627946 4.8650000095367441 0.064166665077209487 1 0.0091666667722165602 0.090833336114883437 1.0000000180025095e-35 2 3 -0.026250000111758705 -0.095833331346511827 4 5.0950000286102304 -1.0585453510284422 -0.014999999664723871 0.15500000119209292 1.0000000180025095e-35 0.73401013016700756 -0.0025000000605359669
decision_type=2 2 2 2 2 2 2 1 2 2 2 2 2 2 1 2 2 2 1 1 2 2 1 2 2 2 2 2 2 2
left_child=2 3 5 6 8 -1 11 -5 12 -10 -9 21 -3 22 15 -6 17 -15 -11 -20 -21 -2 23 -14 -25 27 -27 28 29 -24
right_child=1 4 -4 7 14 -7 -8 10 9 18 -12 -13 13 16 -16 -17 -18 -19 19 20 -22 -23 25 24 -26 26 -28 -29 -30 -31
leaf_value=-0.035120299188385599 0.0016306289905317801 0.0034719229547537792 -0.010012717070848092 -0.0030895352687257461 0.0017466716482638048 -0.021002488772593267 -0.0068178746290838213 -2.8113650914425702e-05 0.0049167395402043559 0.00024213243171049517 0.015677841282845516 -0.0020732438304116646 0.0056046494699646086 -0.013878811117903019 0.010674614973819746 0.013662285843360432 0.002664523120926794 8.5596907565181981e-06 0.012316653164746314 -0.00061721539666134814 0.0045322917074777699 -0.019549769622376038 0.0044360618545651598 -0.0059366192895651468 0.00590713629785454 -0.0016074058224694405 0.0024979442892289661 0.00086338167298323845 -0.0052245055468542259 0.013217712350786729
leaf_weight=237.53804392367601 56.939507346600294 3959.1965846866369 2872.7401956934482 2619.8642868325114 740.20851239562035 439.50777408666909 1802.8537344299257 10593.108902066946 5317.5371181219816 2901.0020328611135 79.860518269240856 3751.1537932381034 219.74712009727955 273.44671276211739 843.26131357252598 183.7640468031168 188.14895018935204 144.41877268254757 223.96068713068962 1024.5164567232132 2265.7772563695908 116.72261384129524 669.14122648537159 783.0341577231884 140.36151266098022 2754.1416825354099 4375.2554863840342 1548.4700425118208 133.81100878119469 540.32102085649967
leaf_count=12673 594 19925 51639 18427 3057 14376 19845 73125 22171 12011 579 39256 1027 1403 3535 753 973 740 943 4268 9427 1212 3309 3618 606 13731 21827 7664 659 2744
internal_value=3.0661e-05 0.000995972 -0.0130834 -0.00154854 0.00265175 -0.0260445 -0.003894 -0.00053748 0.00235035 0.00335847 9.22351e-05 -0.00254814 0.00159805 0.000967256 0.00732743 0.00409665 -0.00545211 -0.00910201 0.00206572 0.00355927 0.00292059 -0.0126657 0.00131662 -0.00223062 -0.00412742 0.00172214 0.00091201 0.0037234 0.00701413 0.00837456
internal_weight=51799.8 48250 3549.79 19020.5 29229.5 677.046 5727.67 13292.8 27462.3 11732.8 10673 3924.82 15729.5 11770.3 1767.23 923.973 606.014 417.865 6415.26 3514.25 3290.29 173.662 11164.3 1143.14 923.396 10021.1 7129.4 2891.74 1343.27 1209.46
internal_count=366117 287429 78688 153038 134391 27049 60907 92131 127046 48820 73704 41062 78226 58301 7345 3810 3116 2143 26649 14638 13695 1806 55185 5251 4224 49934 35558 14376 6712 6053
cat_boundaries=0 1 2 3 4 5
cat_threshold=18 38 5 8 1
is_linear=0
shrinkage=0.05


Tree=62
num_leaves=31
num_cat=10
split_feature=2 2 2 2 14 15 2 15 12 15 3 11 11 3 15 2 13 11 15 15 12 15 13 15 15 12 13 3 12 15
split_gain=221.715 75.6084 55.75 21.4101 14.6075 19.275 13.0327 12.0916 11.8498 11.9748 9.23628 8.97903 9.69836 8.9288 10.3481 9.60752 8.37227 8.03721 10.3104 10.029 8.02237 11.536 7.73243 14.9984 9.2633 8.85545 7.71273 7.57501 8.16778 7.8604
threshold=-2.7854049205780025 -1.2913727164268491 -3.7449795007705684 -2.2060441970825191 1.0000000180025095e-35 0 -0.68180623650550831 1 0.020833333022892479 2 0.025816019624471668 0.27224999666213995 0.35535000264644628 0.12956104427576068 3 -3.2325164079666133 -0.025789009407162663 0.31829999387264257 4 5 0.014166666660457851 6 -0.039539610967040055 7 8 0.069166667759418501 0.0024056978290900592 0.53029325604438793 0.072499997913837447 9
decision_type=2 2 2 2 2 1 2 1 2 1 2 2 2 2 1 2 8 2 1 1 2 1 8 1 1 2 8 2 2 1
left_child=2 3 -1 -2 22 16 10 11 17 -10 -3 -8 -13 20 26 27 -6 19 -19 -9 21 -4 23 -5 25 -24 -15 28 -16 -29
right_child=1 6 13 4 5 -7 7 8 9 -11 -12 12 -14 14 15 -17 -18 18 -20 -21 -22 -23 24 -25 -26 -27 -28 29 -30 -31
leaf_value=-0.032409745723198484 -0.0043857128381134284 0.013297395494895128 0.0058237415654257274 0.020276120935407257 0.018354153316678307 -0.00052013014463421861 0.020573735650406967 -0.0084151868526935372 0.023206342100677665 0.0014174104657050301 0.0020816897074101889 0.0020854788141246904 0.01393771405549012 0.0047718838638517776 -0.029523825298965946 -0.0098722657379739804 0.0043097342758133296 -0.0012543075565131818 0.0089128156687816023 0.0035361000771061768 -0.027426610557445569 -0.022703801151472525 0.00028905343589822566 -0.0053726326609720232 -0.0028629263816712523 -0.0080241127130663229 -0.0079472006062569316 0.001753205910120929 0.0041870121877950603 -0.018798440152768728
leaf_weight=372.58745524566621 4621.3034331463277 183.32169629633427 61.947941614314914 102.62528689205647 109.90053962171078 5288.535129122436 183.77933941781521 320.21335798501968 131.39166834950447 127.99090246856213 20214.411602556705 339.57953557372093 350.74915048480034 151.61069721728563 182.16971153020859 790.13179178163409 2149.7169952914119 418.82112653553486 608.36513559520245 363.29593649506569 154.40763964876533 65.666636457666755 5335.7715661376715 108.98475633561611 7845.0400734767318 338.79909388720989 536.43968555890024 72.834755076095462 19.398412615060806 135.56871095485985
leaf_count=18464 56573 814 1327 659 720 35480 758 1312 535 521 89653 1401 1451 3105 4893 14556 14404 1715 2496 1488 3354 1421 35524 703 52898 2426 11201 1853 517 3463
internal_value=-0.0001891 0.000556072 -0.0145798 -0.00130172 -0.000631608 0.0011351 0.00262632 0.00579629 0.003555 0.0134899 0.00218378 0.0106658 0.00813035 -0.0114916 -0.0102316 -0.0130296 0.00498639 0.00205539 0.00484734 -0.00214228 -0.0197957 -0.0102818 -0.00160281 0.00783741 -0.0017517 -0.000209566 -0.00506546 -0.0193536 -0.0262703 -0.0124776
internal_weight=51685.4 49142.6 2542.76 25900.7 21279.4 7548.15 23241.9 2844.19 1970.08 259.383 20397.7 874.108 690.329 2170.18 1888.15 1200.1 2259.62 1710.7 1027.19 683.509 282.022 127.615 13731.2 211.61 13519.6 5674.57 688.05 409.972 201.568 208.403
internal_count=365685 301531 64154 199387 142814 50604 102144 11677 8067 1056 90467 3610 2852 45690 39588 25282 15124 7011 4211 2800 6102 2748 92210 1362 90848 37950 14306 10726 5410 5316
cat_boundaries=0 1 2 3 4 5 6 7 8 9 10
cat_threshold=17911874 25757730 7358088 2737236 6571032 5387392 20273442 13896394 21554452 16916738
is_linear=0
shrinkage=0.05


Tree=63
num_leaves=31
num_cat=13
split_feature=10 12 15 10 13 10 13 15 15 10 1 12 11 12 5 15 1 1 1 15 3 15 13 1 15 5 6 10 15 6
split_gain=56.2796 24.8866 19.4436 18.4383 16.6666 12.1821 11.6624 19.0621 12.051 11.5716 10.3985 10.232 12.7395 9.67792 9.52561 9.49126 9.02022 8.65114 8.61102 9.29301 8.32512 7.972 7.96515 7.93906 14.9941 8.87566 7.87855 7.81723 7.60082 7.41058
threshold=1.6749999523162844 0.017500000074505809 0 6.3650000095367441 -0.028520417399704453 4.7449998855590829 -0.0032656323164701457 1 2 1.0000000180025095e-35 3 0.047499999403953559 0.39835000038146978 -0.042500000447034829 0.054999999701976783 4 5 6 7 8 0.14247605949640277 9 0.01371899899095297 10 11 0.014999999664723875 1.0000000180025095e-35 3.745000004768372 12 -0.031249999068677422
decision_type=2 2 1 2 8 2 10 1 1 2 1 2 2 2 2 1 1 1 1 1 2 1 8 1 1 2 2 2 1 2
left_child=9 4 11 10 23 6 8 14 13 -1 21 20 27 -6 -8 -5 -14 28 19 -7 -3 26 -17 24 -2 -26 -4 -13 -15 -25
right_child=1 2 3 15 5 18 7 -9 -10 -11 -12 12 16 17 -16 22 -18 -19 -20 -21 -22 -23 -24 29 25 -27 -28 -29 -30 -31
leaf_value=-0.0017662957349747087 -0.0087251075746372243 -0.0083682226258187352 0.0068386828242217538 0.0074613303033558079 -0.002965444272700961 9.3450230592994265e-05 -0.00018855222995672424 -0.0087483943958668632 -0.0015885198548137719 -0.032028515327258957 -0.00054463757231203419 -0.025790231449990805 0.012991570160797298 0.0054795465802946206 0.019342646596801329 0.0064617925157295685 -0.0061870423484704767 0.0071806318121161606 0.0003336371741736858 0.0033715489764795169 -0.0015578829038316439 -0.0059263143679300833 -0.0013498210385822285 0.018414269353753163 0.015832352912454262 -0.0036297668039878329 -0.0052565800917351094 -0.0088332683426784221 -0.0070991169564661233 0.006242020730290042
leaf_weight=39.332651019096375 239.14923864044249 543.30304303392768 277.98053789511323 876.49541137740016 516.96776936016977 3306.8377772085369 672.94048923440278 1104.6085842903703 4596.5258323159069 163.62095813639462 6745.3424547798932 70.967996317893267 104.43474471010268 223.46998465619981 66.806668508797884 462.03813635930419 119.82385414652526 1143.1470452528447 15437.794964795932 6275.8309360966086 2542.5475665330887 1856.8294075597078 1097.9514772184193 139.50707107782364 157.79277360439301 91.484895698726177 257.39940828830004 1155.5849170703441 233.65105919353664 1132.9485513605177
leaf_count=948 1423 4302 3257 5345 3733 15078 5585 9868 38481 7540 45831 1205 732 2374 640 2783 1233 9170 99763 28648 19952 25479 6706 734 909 615 3934 9968 2537 7127
internal_value=-8.91668e-05 1.49979e-05 -0.00161355 -0.000523155 0.000757477 0.000508656 -0.00111956 -0.00463881 -0.000151681 -0.0262381 -0.00155417 -0.00438313 -0.00785377 0.00295978 0.00160113 0.00333943 0.00308086 0.00489372 0.00106562 0.00224186 -0.00276157 -0.00437738 0.000962971 0.00549633 -1.47256e-06 0.00838406 0.00100688 -0.00985478 -0.000966993 0.00754415
internal_weight=51653.1 51450.2 16110.7 11574 35339.5 33578.6 8558.12 1844.36 6713.76 202.954 9137.55 4536.66 1450.81 2117.24 739.747 2436.49 224.259 1600.27 25020.5 9582.67 3085.85 2392.21 1559.99 1760.88 488.427 249.278 535.38 1226.55 457.121 1272.46
internal_count=365900 357412 130727 93335 226685 215877 72388 16093 56295 8488 78501 37392 13138 17814 6225 14834 1965 14081 143489 43726 24254 32670 9489 10808 2947 1524 7191 11173 4911 7861
cat_boundaries=0 1 2 3 4 5 6 7 8 9 10 11 12 13
cat_threshold=926912 5914716 2438180 48 37148 11 36 3 7901442 2097936 17 27270430 2166816
is_linear=0
shrinkage=0.05


Tree=64
num_leaves=31
num_cat=3
split_feature=2 2 2 2 2 1 6 4 2 13 13 13 10 1 2 10 13 2 6 13 13 2 3 4 1 3 2 5 6 5
split_gain=203.804 60.1296 59.6586 19.8209 13.4751 10.2319 9.4953 9.34643 9.51781 9.29955 8.69948 8.47282 7.38083 7.06101 11.3777 9.15506 7.62403 7.26957 6.88191 6.42992 6.51448 6.39563 7.63208 6.90576 6.78227 6.36481 6.2417 6.23106 5.98106 5.95215
threshold=-2.4119105339050289 -3.6917496919631954 -1.6113901138305662 -0.83471965789794911 -3.146593332290649 0 0.081250000745058074 0.19500000029802325 -0.47306984663009638 0.022064384073019031 0.010484128724783661 -0.0018362950650043783 5.8949999809265146 1 -1.0242411494255064 5.0150001049041757 0.016004119068384174 -1.1925404667854307 0.056250000372529037 0.015501000918447973 -0.0016305890749208627 -1.3503937125205991 0.021130881272256378 0.15500000119209292 2 0.55482310056686412 -4.4216327667236319 -0.054999999701976769 0.013749999925494196 0.024999999441206459
decision_type=2 2 2 2 2 1 2 2 2 10 8 10 2 1 2 2 10 2 2 8 10 2 2 2 1 2 2 2 2 2
left_child=1 26 6 13 10 -5 9 8 12 -2 -3 -6 -7 14 19 16 18 -18 -15 20 -4 23 -23 -17 -24 -13 -1 -14 -11 -20
right_child=2 4 3 5 11 7 -8 -9 -10 28 -12 25 27 15 -16 21 17 -19 29 -21 -22 22 24 -25 -26 -27 -28 -29 -30 -31
leaf_value=-0.039762236912052468 -0.0014709771389111738 -0.0056431466100562025 0.0037272579432432226 0.015040769861950902 -0.005273818729402936 0.0058935769613753389 0.014877993653211999 0.01678870913607082 0.012378094232386522 -0.0040713380113810696 -0.016758194766437074 -0.013934950563855823 -0.0082886153581174429 0.0030182468955676951 0.018184338855804349 -0.0029849750910784542 -0.006812382267762639 0.0045351054194093634 0.019708838882806057 0.00055776410916370605 0.017040103684681059 0.013820206487350743 0.0021972017705010789 0.0010177486772032414 -9.0187010470441472e-05 -0.0049227851437715631 -0.024382440938932048 0.0026151730828654911 -0.013140162596601411 0.0054498819993047884
leaf_weight=92.879623911343515 12699.329067923129 250.09007777459919 256.51626822352409 219.91025060415268 2798.0169730857015 2134.9303548187017 83.768782410770655 143.77180509269238 318.32819807529449 603.14420517161489 615.52691105566919 583.47921097837389 133.80393722653389 6438.535424888134 149.17211183905602 2037.8154598921537 370.25391445308924 225.58712700009346 111.91804203391075 679.06560023874044 142.55261625349522 119.43867692351341 7628.0638704001904 2282.6505453884602 5634.8990654796362 299.08324867486954 307.64938704203814 3788.820168197155 260.20859988406301 211.32067295908928
leaf_count=5756 102903 6205 1407 895 42008 8641 699 582 1414 5062 15536 9210 542 32653 652 11664 2148 1009 564 3829 804 540 35096 13034 25307 4757 14184 15362 2222 1072
internal_value=4.95056e-05 -0.00959872 0.00107244 0.00222146 -0.00795454 0.00464027 -0.00170836 0.00425536 0.00397424 -0.00181299 -0.0135673 -0.00662785 0.00352867 0.00160103 0.00528972 0.0014173 0.00290003 -0.00251539 0.00337783 0.00352421 0.00854404 0.000801598 0.00134155 -0.000870706 0.0012271 -0.0108989 -0.0281287 0.0022392 -0.00682867 0.0104777
internal_weight=51620.5 4946.73 46673.8 33027.4 4546.2 6739.56 13646.5 6519.65 6375.88 13562.7 865.617 3680.58 6057.55 26287.8 1227.31 25060.5 7357.62 595.841 6761.77 1078.13 399.069 17702.9 13382.4 4320.47 13263 882.562 400.529 3922.62 863.353 323.239
internal_count=365757 97656 268101 157215 77716 27436 110886 26541 25959 110187 21741 55975 24545 129779 6692 123087 37446 3157 34289 6040 2211 85641 60943 24698 60403 13967 19940 15904 7284 1636
cat_boundaries=0 1 2 3
cat_threshold=48 32 26
is_linear=0
shrinkage=0.05


Tree=65
num_leaves=31
num_cat=11
split_feature=10 1 10 15 10 15 11 3 4 15 0 3 6 6 6 10 15 6 4 15 11 1 15 3 6 6 15 15 4 6
split_gain=51.0893 22.4306 30.4217 15.7496 13.6969 13.2959 10.6842 11.0216 14.152 9.54029 9.26143 7.60865 6.98762 6.96792 9.52431 7.08478 6.64634 6.28142 7.77353 9.35863 7.59259 7.07684 11.8712 9.08942 7.06618 6.12165 7.484 7.30919 6.21214 5.92932
threshold=1.6749999523162844 0 4.1449999809265146 1 1.0000000180025095e-35 2 0.37524999678134924 0.38332597911357885 0.12499999627470972 3 4 0.27068080008029943 0.031249999068677429 0.033749999478459365 0.018749999813735489 5.9149999618530282 5 -0.0087499998044222576 0.15500000119209292 6 0.47379998862743383 7 8 0.24189757555723193 1.0000000180025095e-35 0.0012499999720603369 9 10 0.16499999910593036 0.063749998807907118
decision_type=2 1 2 1 2 1 2 2 2 1 1 2 2 2 2 2 1 2 2 1 2 1 1 2 2 2 1 1 2 2
left_child=4 9 5 6 -1 11 -4 12 -9 -2 -5 -3 16 14 -10 -16 -8 -12 19 -19 21 22 23 -20 -25 27 28 -23 -27 -13
right_child=1 2 3 10 -6 -7 7 8 13 -11 17 29 -14 -15 15 -17 -18 18 20 -21 -22 25 -24 24 -26 26 -28 -29 -30 -31
leaf_value=0.00097139665488348589 5.9946283543316219e-05 -0.014076780400084345 0.00011724443237962819 -0.003456187500650955 -0.032025044564947293 -0.0025132740949276346 0.012920937142415946 0.018756694437536362 0.00061305493013486824 0.0023373527753100176 0.00071151300893811901 -0.0072367269310856675 -0.0048424187235717366 0.010652826722874782 -0.016234934195332361 0.0025968672725212218 0.0051557569592761161 0.001199883084624394 0.022017196790606548 -0.0079224768178099286 0.0075978272879843774 0.0063769287182968443 -0.0024886470397783396 -0.0062139095148960478 0.0076536586326524172 -0.0080800472450675408 -0.0056610281321457859 -0.0028996869606666771 0.0015164124942906349 0.0098700722703469052
leaf_weight=39.118350800126791 7848.4886318817735 467.33852449245751 9717.8747497778386 3836.071568461135 156.06729394011199 2085.7179107135162 396.62320845201612 105.37603446282446 1852.1059869658202 11117.457841878757 4994.6170743107796 953.55626588501036 124.95070382580161 146.03220096603036 153.5831687040627 72.826862035319209 1053.3856166005135 410.63676646910608 85.297745984047651 891.1673869304359 255.23157993704081 379.19625079631805 708.71229809336364 116.69487316906452 408.55171959660947 206.0580512303859 1626.1383585799485 454.65701124072075 888.15917278081179 51.794211022555828
leaf_count=936 40309 6431 72517 30245 7527 27423 2797 609 12595 55913 31725 13068 1048 1141 1361 484 7409 2979 624 6590 1918 2853 5187 742 2995 1725 14283 3522 8138 749
internal_value=-6.73473e-05 3.0085e-05 -0.000768402 -0.000231079 -0.0254692 -0.00512949 0.00100432 0.0032133 0.00102751 0.00139555 -0.00133361 -0.00874993 0.00644146 0.000171594 -0.000574328 -0.0102078 0.00741915 -0.000618065 -0.00165162 -0.00509908 -0.00077491 -0.00121634 0.0019028 0.00695005 0.00456079 -0.00237321 -0.00352813 0.00136564 -0.000299462 -0.00633756
internal_weight=51603.5 51408.3 32442.4 28883.9 195.186 3558.41 13622.8 3904.88 2329.92 18965.9 15261.2 1472.69 1574.96 2224.55 2078.52 226.41 1450.01 11425.1 6430.5 1301.8 5128.7 4873.47 1319.26 610.544 525.247 3554.21 2720.36 833.853 1094.22 1005.35
internal_count=365843 357380 261158 213487 8463 47671 99961 27444 16190 96222 113526 20248 11254 15581 14440 1845 10206 83281 51556 9569 41987 40069 9548 4361 3737 30521 24146 6375 9863 13817
cat_boundaries=0 1 2 3 4 5 6 7 8 9 10 11
cat_threshold=3 20590982 26913152 3815572 6 8322 51216 8 345616 8749568 101448
is_linear=0
shrinkage=0.05


Tree=66
num_leaves=31
num_cat=11
split_feature=10 1 15 9 10 10 15 10 11 12 15 10 11 15 6 11 3 15 15 12 10 10 15 15 11 12 6 15 0 12
split_gain=48.6423 19.2948 26.695 17.5915 13.604 11.7134 13.2507 10.4354 10.1395 9.46526 20.2096 9.30952 8.65143 8.34314 7.6848 7.13442 7.13432 11.5698 9.56127 7.10275 7.04335 6.90509 6.85671 6.82662 6.7732 6.75942 6.62467 7.88171 7.59736 6.52166
threshold=1.6749999523162844 0 1 1.0000000180025095e-35 3.6049998998641972 7.4549999237060556 2 1.0000000180025095e-35 0.35455000400543218 0.039166666567325599 3 6.8550000190734872 0.26974999904632574 4 0.058749999850988395 0.22625000029802325 0.36770680546760565 5 6 -0.015833333600312468 1.4249999523162844 6.2650001049041757 7 8 0.28335000574588781 -0.094166666269302354 -0.018749999813735482 9 10 0.027500000782310966
decision_type=2 1 1 2 2 2 1 2 2 2 1 2 2 1 2 2 2 1 1 2 2 2 1 1 2 2 2 1 1 2
left_child=7 2 3 25 12 9 -7 -1 19 -6 -11 14 16 -14 15 22 17 -3 -18 -5 -9 -10 -4 -22 -15 -2 27 -17 -28 -26
right_child=1 4 11 8 5 6 -8 20 21 10 -12 -13 13 24 -16 26 18 -19 -20 -21 23 -23 -24 -25 29 -27 28 -29 -30 -31
leaf_value=-0.0015532888023822996 0.017405776504018589 0.0022247198076495995 -0.005536735182945644 0.020424857794892483 0.00082933942305608637 0.012613630357970376 0.00044173578860467138 -0.040912137381439395 0.0087352025806189636 -0.0045413154877030201 0.0010257718976054134 0.00090274176167096836 0.0037072162154241197 0.010563932780569212 0.015441471327143311 0.0083630212959990135 -0.014687907305892846 -0.025791013428641485 0.0062385041975317867 0.0074579718157441847 0.0031847642456965235 -0.0068624565906640171 -0.022462302683997269 -0.027878132117922335 -0.0033953855829315103 -0.0024184979430654729 -0.0018988147786177653 -0.0050261785269671263 -0.010172019188777307 -0.013414132091282319
leaf_weight=38.514215647242963 42.353906089439988 57.164853475987911 141.62383074685931 164.6536436509341 36880.265960436314 418.42885891348124 478.75874022766948 80.570332093164325 126.53056259825826 2705.8233051914722 4068.0604112986475 422.08829145506024 431.5571959130466 66.572130529209971 35.359544856473804 131.82097759097815 92.899082627147436 115.86652941815555 105.07823758199811 299.66152141243219 30.01917150337249 156.40551777556539 137.66799626126885 43.023511894978583 694.615492740646 1423.5705367671326 387.86910083889961 462.69971836451441 1169.8262703828514 210.94405356328934
leaf_count=927 438 687 2175 1095 216216 2062 2346 4530 1060 20146 29734 3476 4823 818 730 1380 1183 1468 1253 2377 1244 960 2070 1878 7334 21585 3880 4913 20376 2907
internal_value=4.31041e-05 0.000137396 -0.00277723 0.00135433 0.000459006 0.000630182 0.00627906 -0.0249382 0.00759338 0.000513802 -0.00120387 -0.00593484 -0.00383142 -0.0020296 -0.0071286 -0.00746924 -0.0106011 -0.0179621 -0.00405223 0.0121241 -0.030706 0.000125254 -0.0149754 -0.0186578 -0.00456986 -0.00182279 -0.00648217 -0.00198341 -0.00819444 -0.0057536
internal_weight=51620.3 51428.2 5102.13 2213.18 46326 44551.3 897.188 192.127 747.251 43654.1 6773.88 2888.96 1774.7 1403.69 2466.87 2431.51 371.009 173.031 197.977 464.315 153.613 282.936 279.292 73.0427 972.132 1465.92 2152.22 594.521 1557.7 905.56
internal_count=366071 357492 66515 27515 290977 270504 4408 8579 5492 266096 49880 39000 20473 15882 35524 34794 4591 2155 2436 3472 7652 2020 4245 3122 11059 22023 30549 6293 24256 10241
cat_boundaries=0 1 2 3 4 5 6 7 8 9 10 11
cat_threshold=32 1777978 16912126 1014912 11035656 17312068 11370956 14729856 31590548 2097668 24
is_linear=0
shrinkage=0.05


Tree=67
num_leaves=31
num_cat=12
split_feature=2 2 2 2 10 15 1 15 15 10 1 15 15 13 10 13 13 12 3 15 2 13 15 15 2 1 13 10 3 15
split_gain=175.521 51.3757 35.6319 13.7924 10.7465 17.0701 11.7391 29.4073 13.1386 10.0149 11.1155 12.6961 9.55175 13.7067 9.36053 8.64005 8.59706 8.45302 10.8347 10.0815 8.36065 10.5371 10.4477 8.13528 7.87445 7.79656 11.243 7.95564 7.681 7.53534
threshold=-2.7854049205780025 -1.7509003877639768 -3.9156665802001949 -1.0840346217155454 5.6150000095367441 0 1 2 3 4.8250000476837167 4 5 6 0.0047678458504378804 4.0850000381469735 0.010236651636660101 -0.013729935511946676 -0.057500001043081277 0.66298872232437145 7 -2.1502938270568843 0.023492382839322094 8 9 -0.71466577053070057 10 -0.037098195403814309 4.3250000476837167 0.2037085443735123 11
decision_type=2 2 2 2 2 1 1 1 1 2 1 1 1 8 2 10 8 2 2 1 2 10 1 1 2 1 10 2 2 1
left_child=2 20 -1 9 5 -5 7 -6 24 12 11 -11 13 -3 -7 -4 -10 28 -19 -20 21 22 -2 -23 -8 26 27 -14 -18 -22
right_child=1 3 15 4 6 14 8 -9 16 10 -12 -13 25 -15 -16 -17 17 18 19 -21 29 23 -24 -25 -26 -27 -28 -29 -30 -31
leaf_value=-0.031592995533229952 -0.00026878953023399432 0.006766868318690192 -0.0098977911327226206 0.007296064084529129 -0.0047048168909298201 0.01171777993045744 -0.0025461563957950486 0.013980974919387414 0.0077086447232091451 -0.011754026012901044 0.00030578011385714866 -0.00058586280931778015 0.0075880330165062184 -0.0040117735251915792 0.00052083406739567007 -0.01877770156403627 0.014239608039626449 -0.0001661619274654758 -0.0022260343782687787 0.0084081328755915875 -0.0034121682046726609 -0.0011405131194434056 -0.0049807158458035003 -0.018737299553254625 0.0026151466459084813 0.0029855443310453193 -0.0021680841825949724 0.029250666905507667 0.0031252431474775295 1.2708984735757072e-06
leaf_weight=236.40377201512456 1900.9786377511919 402.42268611490726 1889.2267266595736 2591.1220438182354 327.99066799879074 201.6883989572525 2737.5590837597847 563.75163584947586 726.72704166173935 410.25669723749161 13834.469579823315 656.64401285350323 79.12012804299593 1087.8876761496067 2235.0143260955811 322.68887333013117 242.08131693303585 3590.7554981708527 307.18144705891609 794.0210677832365 2419.2238491103053 112.54082312062383 3112.7600851096213 186.92851654440165 1010.1624691188335 4086.5208271145821 89.643403232097626 94.130179807543755 432.39457479119301 4836.5149685665965
leaf_count=14105 22541 2234 42369 10938 1413 862 11534 2423 3014 1971 75814 3146 513 6175 9431 7543 1007 15030 1292 3329 19432 1414 37301 2365 4130 22777 580 587 1791 38307
internal_value=-0.000141492 0.000510632 -0.0132014 0.00145999 0.00257488 0.00448215 0.00168072 0.00713696 0.0011765 0.000612655 -7.52162e-05 -0.00496334 0.00236734 -0.00108879 0.00145052 -0.011209 0.00260769 0.00191915 0.00116525 0.0054991 -0.00224619 -0.00375285 -0.00320546 -0.0128352 -0.00115125 0.00354588 0.0117454 0.0195572 0.00714469 -0.00114217
internal_weight=51518.8 49070.5 2448.32 36501.5 15760.4 5027.82 10732.6 891.742 9840.88 20741.1 14901.4 1066.9 5839.72 1490.31 2436.7 2211.92 6093.16 5366.43 4691.96 1101.2 12568.9 5313.21 5013.74 299.469 3747.72 4349.41 262.894 173.25 674.476 7255.74
internal_count=365368 301351 64017 179991 66194 21231 44963 3836 41127 113797 80931 5117 32866 8409 10293 49912 25463 22449 19651 4621 121360 63621 59842 3779 15664 24457 1680 1100 2798 57739
cat_boundaries=0 1 2 3 4 5 6 7 8 9 10 11 12
cat_threshold=3641028 48 17403142 438484 1 550004 23331080 9519112 27722320 9735952 16 8981344
is_linear=0
shrinkage=0.05


Tree=68
num_leaves=31
num_cat=11
split_feature=2 2 2 2 2 15 15 5 1 15 15 1 15 3 15 14 15 2 6 6 12 15 2 9 6 3 15 12 12 3
split_gain=180.511 50.1725 42.4288 17.2246 12.8512 11.6042 10.7179 9.70724 11.4082 14.5892 10.257 10.4215 9.56982 9.52097 9.45545 9.42536 8.79089 8.38974 8.75315 8.12655 7.97834 9.38985 7.78121 7.9135 7.70969 11.9779 12.4174 7.41795 8.12262 7.32441
threshold=-2.4404587745666499 -3.7971545457839961 -1.2584189176559446 -3.018058061599731 -0.53161874413490284 0 1 0.024999999441206459 2 3 4 5 6 0.43367022275924688 7 1.0000000180025095e-35 8 -1.125627279281616 0.023750000633299354 -0.013749999925494192 0.065833333879709258 9 -0.90645834803581227 -1.0000000180025095e-35 0.0012499999720603369 0.59834453463554393 10 -0.039166666567325585 0.014166666660457851 0.3637420535087586
decision_type=2 2 2 2 2 1 1 2 1 1 1 1 1 2 1 2 1 2 2 2 2 1 2 2 2 2 1 2 2 2
left_child=1 -1 15 14 7 -5 -6 8 9 13 -9 24 22 -4 -3 20 -17 -15 -19 -13 -2 -22 23 -10 -12 -26 -27 -25 -29 -24
right_child=2 3 4 5 6 -7 -8 10 12 -11 11 19 -14 17 -16 16 -18 18 -20 -21 21 -23 29 27 25 26 -28 28 -30 -31
leaf_value=-0.029450316291983317 -0.0010606172172784409 -0.0066029650847464517 -0.00074588975267295436 -0.0030515449166059467 0.014588066805871637 -0.0092869883257634938 0.0019051504414618736 0.008411520952883219 0.0043607623271362103 -0.0013700407697591172 0.01107485173244066 -0.012478682399014628 0.0037682692914978049 0.0097385043350562278 -0.016313310250539517 0.0023945986964338411 -0.00076990080820824708 0.0036730394480792537 -0.0092380186313609346 0.00075149604408959736 -0.00087670491743040808 -0.010236394249638507 0.00044454381039431637 0.0026908452689594002 0.010850024043229356 0.0070982408543780826 -0.0060780868883596739 -0.015410296365171437 -0.0014377472557773757 0.014177254020380359
leaf_weight=295.84003941901028 14842.948323279619 434.20259648747742 1440.9288252443075 1540.8642805665731 376.6873721331358 1505.8561009969562 314.66798162460327 1129.6427934318781 208.93602657318115 5027.8431226462126 448.17298988997936 126.96925373375416 6868.057940647006 555.56675511598587 819.16230126470327 4022.1938836537302 4805.6829920299351 2235.3992993235588 137.57203648984432 1158.7245581448078 557.8981376811862 521.07672709971666 387.0762410312891 149.22200573980808 345.39386606216431 299.32170632481575 408.23320247232914 275.32640014588833 167.14723055064678 127.6684346050024
leaf_count=17045 104176 10934 6293 23037 1639 22847 1356 4924 953 21815 1958 553 29984 2626 20715 28261 33952 9407 582 5063 4235 4056 1572 667 1538 1319 1792 1252 780 522
internal_value=-0.000139093 -0.00959383 0.000787028 -0.00821467 0.00237459 -0.00617798 0.0090755 0.00215826 0.00165643 0.00046523 0.00440896 0.00274165 0.00301962 0.002575 -0.0131478 -0.000636321 0.000673977 0.00421716 0.00291738 -0.000567997 -0.00136281 -0.00551023 -0.000888077 -0.00397457 0.00555835 0.00324647 -0.000485343 -0.00692267 -0.0101623 0.00389226
internal_weight=51534.3 4595.93 46938.4 4300.09 22188.6 3046.72 691.355 21497.2 17580.7 9397.31 3916.46 2786.82 8183.43 4369.47 1253.36 24749.8 8827.88 2928.54 2372.97 1285.69 15921.9 1078.97 1315.38 800.632 1501.12 1052.95 707.555 591.696 442.474 514.745
internal_count=365853 94578 271275 77533 96595 45884 2995 93600 76453 40723 17147 12223 35730 18908 31649 174680 62213 12615 9989 5616 112467 8291 5746 3652 6607 4649 3111 2699 2032 2094
cat_boundaries=0 1 2 3 4 5 6 7 8 9 10 11
cat_threshold=28337012 32023272 6 22421806 1607312 38 9250 630878 5299906 289086 25317696
is_linear=0
shrinkage=0.05


Tree=69
num_leaves=31
num_cat=13
split_feature=2 2 2 2 2 13 15 14 15 1 3 2 0 1 15 15 1 10 1 12 12 13 15 3 15 3 2 15 11 15
split_gain=155.569 45.5846 44.001 15.2046 14.3221 11.0983 12.3234 10.7024 11.2913 12.6922 9.5643 8.98044 8.76851 9.11654 8.26446 8.2127 9.34797 8.42576 8.4153 8.52256 7.86995 12.666 7.66634 7.49354 9.05358 9.16868 7.28671 6.97129 6.9403 12.3796
threshold=-2.6250073909759517 -1.3922906517982481 -3.9156665802001949 -3.2629365921020503 -0.78680923581123341 0.018545702099800113 0 1.0000000180025095e-35 1 2 0.064120788127183928 -1.9821896553039549 3 4 5 6 7 5.3949999809265146 8 -0.0041666666511446229 -0.049166666343808167 -0.018474896438419815 9 0.26716536283493048 10 0.78697714209556591 -1.5599700212478635 11 0.40764999389648443 12
decision_type=2 2 2 2 2 10 1 2 1 1 2 2 1 1 1 1 1 2 1 2 2 10 1 2 1 2 2 1 2 1
left_child=2 7 -1 23 -3 6 -5 11 12 14 -11 -2 13 -9 -10 18 17 28 19 -13 21 22 -20 -4 25 -25 -15 -19 29 -17
right_child=1 4 3 5 -6 -7 -8 8 9 10 -12 15 -14 26 -16 16 -18 27 20 -21 -22 -23 -24 24 -26 -27 -28 -29 -30 -31
leaf_value=-0.03195277023068218 -0.0036594988156193661 0.0015065210786114136 -0.024446245774136604 -0.010133010474448045 0.004413734838449041 -0.018301911001148665 -0.0024150926337020602 -0.01579527529930139 0.00051278111746336501 -0.0078731675963775744 0.002211231190045878 -0.017822680936187697 0.0043360673722741853 -0.0026151189115305156 -0.0061321315444063497 0.012234423799875891 -0.0031556597711887391 0.0087260746847201334 0.025122944280645834 0.0014564396335920106 0.00096857588129269426 -0.0071609639970385084 0.0051796762214566024 -0.0074018828698169063 -0.017928844085929409 0.0273406796028576 0.013230613539574006 -0.0027199837858335554 0.018369221730192006 -0.0048739882265932408
leaf_weight=223.07127471826971 4539.4354327507317 21297.906222075224 174.06816739030182 956.9369774479419 5287.7148645818233 198.45177109912038 1159.1539394613355 94.919420331716537 707.4890582896769 257.70362763851881 2485.521797504276 113.59535412490368 2300.8529138602316 376.79888867586851 1390.1742026843131 196.77820659428835 4588.2893388941884 142.50600932538509 99.185756608843803 113.16127255558968 2650.6859140023589 82.217336006462574 120.96669285744429 212.6561735868454 300.9716235883534 18.870532029308379 87.741529867053032 956.68816896528006 98.969628296792507 206.24234052747488
leaf_count=14107 47306 97972 5716 17144 21549 3807 20591 640 5397 1998 19853 647 17750 3288 10558 1459 29535 963 634 668 17420 523 776 6285 9061 562 518 6489 727 1526
internal_value=-1.48383e-05 0.000698736 -0.0106096 -0.00901357 0.00208504 -0.00704297 -0.0059708 -0.0010068 0.0004885 -0.000983658 0.00125427 -0.00183469 0.00297203 -0.00261102 -0.0039008 -0.000949969 -0.00200891 0.00127618 0.00111404 -0.00792646 0.0018375 0.00945876 0.0156741 -0.0154307 -0.0124032 -0.00418125 0.000412832 -0.00116835 0.00663764 0.00368023
internal_weight=51439.7 48195.5 3244.18 3021.11 26585.6 2314.54 2116.09 21609.9 7701.2 4840.89 2743.23 13908.7 2860.31 559.46 2097.66 9369.29 6189.47 1601.18 3179.81 226.757 2953.06 302.37 220.152 706.566 532.498 231.527 464.54 1099.19 501.99 403.021
internal_count=365469 288196 77273 63166 119521 41542 37735 168675 60002 37806 21851 108673 22196 4446 15955 61367 40699 11164 20668 1315 19353 1933 1410 21624 15908 6847 3806 7452 3712 2985
cat_boundaries=0 1 2 3 4 5 6 7 8 9 10 11 12 13
cat_threshold=4778450 1398152 12 18 3 16908388 14689556 48 1 8398080 11092342 1572864 16943778
is_linear=0
shrinkage=0.05


Tree=70
num_leaves=31
num_cat=11
split_feature=10 12 15 10 10 10 12 15 15 1 13 15 15 12 6 4 1 13 6 15 10 5 15 3 12 15 1 13 13 5
split_gain=31.8798 15.7338 15.5762 11.8535 11.62 11.4999 8.88812 15.4472 12.8686 8.48328 9.80155 10.7106 7.82942 7.79809 7.66692 7.63611 8.21764 8.08553 7.60404 7.56046 7.54017 8.54208 12.8526 7.36319 9.00528 7.15401 6.94717 9.70835 8.16879 7.84835
threshold=1.6749999523162844 0.017500000074505809 0 4.1449999809265146 7.4549999237060556 1.0000000180025095e-35 -0.01916666608303785 1 2 3 0.024225121363997463 4 5 -1.3322676295501877e-15 0.031249999068677429 0.15500000119209292 6 -0.0026419884525239463 0.023750000633299354 7 6.8150000572204599 -0.054999999701976769 8 0.18232238292694095 -0.037499999627470963 9 10 0.012995644006878139 0.028381230309605602 -0.024999999441206452
decision_type=2 2 1 2 2 2 2 1 1 1 10 1 1 2 2 2 1 10 2 1 2 2 1 2 2 1 1 8 8 2
left_child=5 4 3 14 9 -1 8 13 -6 19 11 15 -12 -8 -3 -11 23 -18 -19 -2 21 22 -4 24 -17 -22 27 -5 -29 -30
right_child=1 2 20 26 6 -7 7 -9 -10 10 12 -13 -14 -15 -16 16 17 18 -20 -21 25 -23 -24 -25 -26 -27 -28 28 29 -31
leaf_value=0.0036806267436625671 0.002664455699479408 -0.011981514338072154 0.0061914200152913251 0.00057939605067314811 -0.0077892222312190857 -0.027563810960117022 0.030250577359249544 -0.00031226246557593132 0.0096555421793117473 -0.00059583699662092661 0.001038660363340331 -0.0011224334293687807 -0.0099031953297906341 0.010773542186039133 -0.00017792286292983824 -0.015971815308489137 0.0020789775491148531 -0.0013514405115960242 -0.015157629845069534 0.00028547495949956766 0.0085979938253321966 -0.00039737043946212557 -0.022462489413785799 0.0066033999644189616 0.0032851085774415812 -0.00029701105731754786 -0.0013775938817809658 -0.017534545762987241 0.0042273966174349534 -0.0077461759328039184
leaf_weight=36.485707323998213 5724.9387091193348 580.78491890709847 60.225712004117668 512.22869743593037 192.19595931842923 141.81684770900756 112.76448009908199 160.14482977986336 207.71548234671354 3477.3645271891728 255.96423351950943 11413.919111908413 453.74485095962882 99.15490461140871 180.16324460040778 81.077999327331781 2752.319701676257 447.91035387758166 126.47632323764265 8016.8008857890964 444.06196503899992 8498.9709171596915 92.22414599917829 1502.9438567925245 223.7612132485956 455.37727884016931 3939.2733963653445 175.95695778168738 160.21166674792767 894.00173364393413
leaf_count=920 28015 7524 475 4862 927 7648 566 860 1003 22568 2079 85211 3681 527 2609 520 25528 4134 1450 39386 2608 70420 850 8252 1680 2747 26242 1828 1298 9103
internal_value=-0.000212744 -0.000138892 -0.00143948 -0.00333646 0.000451268 -0.0212004 0.00651013 0.0120507 0.00132105 0.000315235 -0.000323354 -0.000118572 -0.00608962 0.0203711 -0.00919467 0.00121177 0.00243809 0.000949693 -0.00443352 0.00127804 -0.000155768 -0.000609238 -0.0122626 0.00513934 -0.00190737 0.00419596 -0.00255478 -0.00517403 -0.00760873 -0.00592196
internal_weight=51421 51242.7 15993.5 6442.62 35249.2 178.303 771.976 372.064 399.911 34477.2 20735.5 20025.8 709.709 211.919 760.948 8611.85 5134.49 3326.71 574.387 13741.7 9550.86 8651.42 152.45 1807.78 304.839 899.439 5681.67 1742.4 1230.17 1054.21
internal_count=365521 356953 130566 53466 226387 8568 3883 1953 1930 222504 155103 149343 5760 1093 10133 64132 41564 31112 5584 67401 77100 71745 1325 10452 2200 5355 43333 17091 12229 10401
cat_boundaries=0 1 2 3 4 5 6 7 8 9 10 11
cat_threshold=5159104 8609252 25684072 3 3848384 21262380 4 519360 16924 9453628 40
is_linear=0
shrinkage=0.05


Tree=71
num_leaves=31
num_cat=11
split_feature=1 13 9 15 15 0 15 12 3 15 12 12 11 15 9 6 3 12 6 15 15 11 11 6 3 11 15 6 15 5
split_gain=21.0384 12.2635 11.502 10.9007 10.6646 12.2376 10.3126 11.2834 9.68458 11.1074 10.1868 9.75973 8.75692 8.52319 7.77373 7.63439 7.45644 9.29784 9.45249 7.9165 7.42921 8.63009 12.4624 6.78123 6.71436 6.53158 14.1405 8.75677 7.39526 6.72582
threshold=0 0.018224601633846763 1.5000000000000002 1 2 3 4 0.065833333879709258 0.19409890472888949 5 -0.032500000670552247 -0.055833334103226655 0.36705000698566442 6 -1.0000000180025095e-35 0.031249999068677429 0.43367022275924688 0.0008333333535128774 0.01124999998137355 7 8 0.40545000135898596 0.32844999432563787 -0.0062499998603016129 0.71872004866600048 0.43285000324249273 9 -0.028749999590218064 10 0.044999999925494201
decision_type=1 10 2 1 1 1 1 2 2 1 2 2 2 1 2 2 2 2 2 1 1 2 2 2 2 2 1 2 1 2
left_child=4 2 6 -4 -1 8 7 -2 9 -6 -10 12 -11 -12 -15 16 17 18 20 -18 23 22 -22 -7 -17 27 -27 28 -21 -29
right_child=1 -3 3 -5 5 15 -8 -9 10 11 13 -13 -14 14 -16 24 19 -19 -20 25 21 -23 -24 -25 -26 26 -28 29 -30 -31
leaf_value=0.0029561206657005728 0.00072024450543862876 -0.0040506925893491032 0.006441980330617568 -0.00039756074470633602 -0.0056683972468400158 0.0007831889121854064 -0.0015631428585877447 -0.0059250313614348255 0.011834698903044779 -0.012678625635954961 0.010395730379655925 0.0043595985513439871 0.0050203512633191219 -0.0017897804807200806 0.0078941537476252283 0.0058496573741252736 -0.0050388947629858728 -0.0064209693695870575 -0.0077866924839797352 0.0032023790828835741 -0.0061071074236963216 -0.013361609142941181 0.0075906714296737057 0.010706454341135667 -0.0063619220842351517 -0.0049908103277217352 0.015653077973661538 0.0021542610105485189 -0.011831281904240947 -0.0082444850346467136
leaf_weight=7185.1598143223673 12203.955522861332 2457.8905062843114 1144.1525173336267 1179.3837783634663 531.53559965267777 442.81334192678332 14772.069123658352 672.07013635523617 467.44507715851068 175.47395137697458 305.16938679665327 1358.2408291939646 113.85106347873807 724.38145060837269 288.0018454156816 698.38227530755103 579.05455369316041 1207.3236106596887 386.86033015139401 121.7340717241168 367.61312850564718 144.32253953069448 299.50451505929232 280.03893275372684 132.40780944563448 131.49244775623083 202.27983467280865 2451.3571402058005 230.08908751048148 164.06711948290467
leaf_count=36109 100919 22460 6050 6263 2648 2097 126317 7391 2231 814 1595 6929 523 3951 1437 4173 2825 7009 2161 543 1809 694 1461 1444 670 629 934 11840 1019 857
internal_value=0.000117255 -0.000656634 -0.000378265 0.00299899 0.00143845 0.000512535 -0.000662284 0.000372236 0.00277227 0.000541293 0.00550768 0.0025679 -0.00572732 0.00324842 0.000965709 -0.00063263 -0.00117093 -0.00298635 -0.000823479 0.000293609 0.000940094 -0.00233624 4.68597e-05 0.00458325 0.00389282 0.001243 0.0078565 0.000498469 -0.00688467 0.00149614
internal_weight=51418.1 32429.5 29971.6 2323.54 18988.6 11803.4 27648.1 12876 3964.1 2179.1 1785 1647.57 289.325 1317.55 1012.38 7839.34 7008.55 3128.48 1921.15 3880.07 1534.29 811.44 667.118 722.852 830.79 3301.02 333.772 2967.25 351.823 2615.42
internal_count=365802 269400 246940 12313 96402 60293 234627 108310 20128 10914 9214 8266 1337 6983 5388 40165 35322 16675 9666 18647 7505 3964 3270 3541 4843 15822 1563 14259 1562 12697
cat_boundaries=0 1 2 3 4 5 6 7 8 9 10 11
cat_threshold=3 5985676 21316720 38 28520594 2109696 561664 2129920 8927364 10628 131852
is_linear=0
shrinkage=0.05


Tree=72
num_leaves=31
num_cat=10
split_feature=2 2 2 2 4 15 5 15 2 15 10 15 15 10 14 13 3 15 10 15 13 15 13 13 3 2 15 15 10 11
split_gain=118.968 48.5934 25.3337 15.3649 12.9403 13.2071 11.7122 11.2366 11.0023 10.7269 10.6605 9.7414 9.74057 9.61785 9.46297 8.859 8.44458 11.491 8.75933 8.34707 8.29508 12.545 7.79807 7.69391 7.51936 7.59128 14.4639 8.53286 7.47483 7.44824
threshold=-2.4404587745666499 -3.7971545457839961 -0.9347795546054839 -1.8632881641387937 0.15500000119209292 0 -0.024999999441206452 1 -0.59706607460975636 2 4.305000066757203 3 4 1.6749999523162844 1.0000000180025095e-35 -0.011550796218216417 0.72184595465660106 5 7.3949999809265146 6 0.027892078272998336 7 -0.028520417399704453 -0.0056026913225650779 0.046943247318267829 -2.8436473608016963 8 9 4.2650001049041757 0.11215000227093698
decision_type=2 2 2 2 2 1 2 1 2 1 2 1 1 2 2 8 2 1 2 1 10 1 8 8 2 2 1 1 2 2
left_child=1 -1 3 11 5 16 12 -4 28 14 -7 23 -3 -8 -10 -14 18 -18 29 -6 24 -22 -12 -2 -15 27 -27 -26 -9 -5
right_child=2 6 7 4 19 10 13 8 9 -11 22 -13 15 20 -16 -17 17 -19 -20 -21 21 -23 -24 -25 25 26 -28 -29 -30 -31
leaf_value=-0.028099488040107059 0.0060233029243332015 -0.0028643437632768082 -0.0015332802591991573 -0.013413033162682815 0.0025186664970609485 0.010910175039440403 -0.027594669057286771 0.011296592047374775 0.0064579302079816438 0.010929613811993592 0.0093023781952557595 -0.0032735020248945931 0.00562952048437912 -0.019843556459173503 -0.010510792210302848 -0.024875631717009686 0.0087893320072413624 -0.0047920052770620931 0.0067569819228475271 0.00033189033112548044 0.0057997418828041819 -0.024620694186576218 7.3189710791848026e-06 -0.00078788288412673282 -0.011448160810282229 -0.0080978195654279241 0.00064636813358279275 -0.003793697790849974 0.0024985299801465813 -0.0034218399278683198
leaf_weight=276.70084913447499 494.59446041285992 132.23532189242542 1277.9221001118422 193.82988177984953 8694.3996962681413 247.7405049353838 47.666899209842086 247.70255149900913 231.16069155931473 844.65449187159538 232.7618737667799 4949.3424182012677 26.025090377777815 80.776475680992007 124.87127476930618 212.60736793838441 341.05838423222303 269.71073640882969 200.8722552806139 8774.3486590534449 47.118544341996312 108.66589742898941 5809.5625615417957 2509.6117183342576 667.38348277099431 734.87341384589672 1291.338949482888 868.23454117774963 7459.8226949870586 4066.2340708076954
leaf_count=16982 4381 2514 5241 1040 47428 1435 1582 1015 974 3583 1195 46174 493 1325 524 4126 1806 1423 1030 48051 906 2145 30799 23134 15221 10728 18389 19758 30418 21814
internal_value=-0.0001015 -0.00787187 0.000642192 3.10853e-05 0.000567838 -0.000745566 -0.00653191 0.00284858 0.0034752 0.00792818 0.00078563 -0.00191422 -0.0150023 -0.00570775 0.000467943 -0.0206706 -0.0026405 0.00286109 -0.00340061 0.00142207 -0.00541871 -0.0166557 0.000368342 0.000335615 -0.00492926 -0.00458008 -0.0025666 -0.00723004 0.00278414 -0.00388251
internal_weight=51463.8 4493.63 46970.2 36784.1 28830.5 11361.8 4216.93 10186.1 8908.21 1200.69 6290.06 7953.55 370.868 3846.06 356.032 238.632 5071.71 610.769 4460.94 17468.7 3798.39 155.784 6042.32 3004.21 3642.61 3561.83 2026.21 1535.62 7707.53 4260.06
internal_count=365634 94169 271465 229710 156021 60542 77187 41755 36514 5081 33429 73689 7133 70054 1498 4619 27113 3229 23884 95479 68472 3051 31994 27515 65421 64096 29117 34979 31433 22854
cat_boundaries=0 1 2 3 4 5 6 7 8 9 10
cat_threshold=1502234 21504 2427144 3557432 2210568 1450008 450450 5245764 5032972 7799234
is_linear=0
shrinkage=0.05


Tree=73
num_leaves=31
num_cat=16
split_feature=2 2 2 2 15 15 2 10 1 15 6 5 15 15 1 15 4 15 6 1 15 1 0 15 2 10 10 10 1 15
split_gain=123.678 41.2309 31.0699 11.0649 10.743 8.09995 9.55187 7.94033 9.78252 9.13608 10.5155 9.44497 10.6499 8.53521 7.64041 15.2847 7.71297 14.0765 7.31917 7.01477 6.69398 6.6923 6.42213 8.72769 9.30043 10.1758 8.83993 6.27613 11.0071 7.07867
threshold=-2.6250073909759517 -3.7971545457839961 -1.5599700212478635 -0.97001484036445607 0 1 -1.9420680403709409 5.0350000858306894 2 3 -0.023750000633299347 -0.03499999921768903 4 5 6 7 0.14500000327825549 8 0.051249999552965171 9 10 11 12 13 -2.4692664146423335 4.9549999237060556 5.4349999427795419 5.4949998855590829 14 15
decision_type=2 2 2 2 1 1 2 2 1 1 2 2 1 1 1 1 2 1 2 1 1 1 1 1 2 2 2 2 1 1
left_child=1 -1 5 7 -3 6 -2 13 20 11 -11 12 -10 18 15 -5 17 -16 -4 -8 -9 -14 -7 24 -24 -26 -27 -13 -29 -30
right_child=2 4 3 14 -6 22 19 8 9 10 -12 27 21 -15 16 -17 -18 -19 -20 -21 -22 -23 23 -25 25 26 -28 28 29 -31
leaf_value=-0.028171198710847885 -0.0047108803320398008 -0.012194476205376911 0.0035525059345448552 0.019193948548363985 -0.005599452610014221 0.00058891577696130516 -0.01061988932172191 -0.00051499512978544549 -0.00046212415906933166 -0.0050465230677546472 -0.00040716372331068315 -0.0025794324515715497 0.022902415689125696 0.00045304554939598835 0.004609993817348129 0.0019896246625156501 0.0033429534761666465 -0.0020254971934974483 0.013669503268850925 -0.0002164419517274485 0.0080559552814475147 0.0063245623557944804 0.020226929189354349 -0.0034744048930010715 -0.0054698907837608919 0.015737239959306638 0.0010541036215059448 0.0035887897316130633 0.0044362028093492961 -0.003862141094966764
leaf_weight=271.26932836230844 2871.8758581653237 956.66168404743075 2855.0986441299319 199.10938753187656 1948.6226543448865 6801.0456319116056 159.01136176288128 362.28816488385201 236.38165161013603 1538.2887360304594 5901.468268558383 1160.5371672362089 119.83768291771412 3124.9609544426203 1267.8042427450418 357.50043810904026 7516.367260068655 2117.3849389404058 189.09437488019466 3116.5640128552914 619.92312909662724 168.38216513395309 64.364936966449022 2654.360325999558 366.55534527823329 146.04457499086857 334.2921934351325 2498.5246874690056 325.73761591315269 1083.7644890993834
leaf_count=17106 29809 19910 14485 826 40358 56754 999 1963 1154 7621 29307 5795 598 15998 5220 1491 30938 8731 958 21615 3329 813 861 22694 3213 1188 2578 12456 1553 5216
internal_value=-3.94865e-05 -0.00959212 0.000591006 0.00150847 -0.00783918 -0.00116691 -0.00260279 0.000803873 0.000145821 -0.000218782 -0.00136569 0.00130644 0.0076822 0.00229831 0.00274931 0.00841911 0.00244837 0.000468479 0.00417579 -0.000760707 0.00492651 0.0138573 -0.000312276 -0.00202741 0.00217783 0.000787311 0.0055652 0.000646345 0.00160511 -0.00192312
internal_weight=51333.1 3176.55 48156.6 31642.5 2905.28 16514.1 6147.45 20184.3 14015.1 13032.9 7439.76 5593.17 524.601 6169.15 11458.2 556.61 10901.6 3385.19 3044.19 3275.58 982.211 288.22 10366.7 3565.62 911.257 846.892 480.337 5068.56 3908.03 1409.5
internal_count=365537 77374 288163 148452 60268 139711 52423 101246 69805 64513 36928 27585 2565 31441 47206 2317 44889 13951 15443 22614 5292 1411 87288 30534 7840 6979 3766 25020 19225 6769
cat_boundaries=0 1 2 3 4 5 6 7 8 9 10 11 12 13 14 15 16
cat_threshold=5386386 29921444 32 6836468 4194356 10435106 48 11723392 23603976 1 29548032 20 41 2230528 26 4100
is_linear=0
shrinkage=0.05


Tree=74
num_leaves=31
num_cat=10
split_feature=2 2 2 2 15 3 2 2 13 15 6 13 3 11 15 3 15 10 10 15 15 11 6 10 15 10 15 10 15 15
split_gain=118.188 46.1189 24.6297 18.5109 12.0664 9.77647 9.11182 8.92029 8.4165 16.2972 8.83664 8.30187 9.91748 9.86487 13.6767 8.67199 17.2885 8.30674 8.13727 9.41802 7.89443 7.84687 7.7608 10.7347 8.11035 7.5156 7.33585 12.3354 7.29943 7.17547
threshold=-2.904711008071899 -2.0538365840911861 -3.7449795007705684 -1.1090694665908811 0 0.041600629687309272 -0.66397362947463978 -0.47306984663009638 0.019750090315937999 1 0.031249999068677429 0.010236651636660101 0.50922369956970226 0.37295000255107885 2 0.66631072759628307 3 4.9049999713897714 5.9749999046325692 4 5 0.34325000643730169 -0.013749999925494192 5.0950000286102304 6 6.2049999237060556 7 5.6949999332427987 8 9
decision_type=2 2 2 2 1 2 2 2 10 1 2 10 2 2 1 2 1 2 2 1 1 2 2 2 1 2 1 2 1 1
left_child=2 8 -1 28 7 -6 18 -5 29 -10 -11 12 20 -13 -15 16 17 -14 19 -7 -4 26 -18 24 -24 -20 -17 -28 -3 -2
right_child=1 3 11 4 5 6 -8 -9 9 10 -12 13 15 14 -16 21 22 -19 25 -21 -22 -23 23 -25 -26 -27 27 -29 -30 -31
leaf_value=-0.025804087910793052 -0.0053525086262693356 0.0011772543915603241 -0.00055773481423859825 0.00044048435819429865 -0.0077030176058001561 0.0072931356321232141 0.0074828941314907214 0.013279238337799591 -0.01857475422428664 -0.0047275020599189992 0.019612525794436998 -0.024471121579472753 -0.00042436288466927649 0.024463718900089432 -0.01966706141652301 0.0099577528785640759 -0.011086222274445693 -0.026353471530135449 -0.0032039110743804244 0.0022926981379481504 -0.014827386232834416 -0.018643699292585646 0.019246561735279891 0.038212031606055838 -0.0096750809887238484 0.0024059052381339907 -0.00079909234296418738 -0.036139196024649399 -0.00060518114328072267 -0.00183760327467444
leaf_weight=298.89452779199928 2177.1122747734189 8669.5594973042607 127.49839037284255 7519.8359539061785 193.15686057507992 1726.8930660784245 1298.8651647865772 135.77605687081814 246.31866167113185 250.04573236778378 41.770042013376951 174.55236009508371 73.200627507641912 20.935069557279348 25.663198789581656 64.580558519810438 23.437576603144407 51.521687103435397 745.20789547264576 2130.3201366662979 593.36363514885306 131.20324231870472 44.977680310606956 45.95455963537097 34.340286722406745 2971.4386784285307 93.076046068221331 31.654212053865194 16962.116818293929 4444.6396922487766
leaf_count=18492 26029 51841 3137 31646 808 7285 5405 607 3100 3163 558 4424 1786 525 654 1507 532 1129 3155 9046 14591 3059 1108 1008 834 12518 2242 686 102566 52301
internal_value=-0.000247188 0.000214827 -0.0127012 0.000842288 0.00213635 0.00336912 0.00361563 0.000670719 -0.00349602 -0.00950006 -0.00109641 -0.0101212 -0.00858932 -0.0190698 0.00133729 -0.00378679 0.00274593 -0.0105498 0.00295062 0.00455888 -0.0125249 -0.00934236 0.0136812 0.0194914 0.00797214 0.00127999 -0.00276848 -0.0094508 -2.02903e-06 -0.00300536
internal_weight=51347.9 49513.1 1834.85 42353.2 16721.5 9065.88 8872.72 7655.61 7159.89 538.134 291.816 1535.96 1314.81 221.151 46.5983 593.946 273.432 124.722 7573.86 3857.21 720.862 320.514 148.71 125.273 79.318 3716.65 189.311 124.73 25631.7 6621.75
internal_count=365742 310028 55714 224877 70470 38217 37409 32253 85151 6821 3721 37222 31619 5603 1179 13891 6397 2915 32004 16331 17728 7494 3482 2950 1942 15673 4435 2928 154407 78330
cat_boundaries=0 1 2 3 4 5 6 7 8 9 10
cat_threshold=7533608 6517924 5999904 15467384 264912 3084 16792706 15253696 5461248 5285636
is_linear=0
shrinkage=0.05


Tree=75
num_leaves=31
num_cat=12
split_feature=2 2 2 2 2 15 15 3 10 1 1 15 15 3 3 12 2 1 15 15 2 13 15 2 13 6 13 0 9 15
split_gain=104.678 43.6725 15.4489 12.6076 11.5211 10.4496 9.00591 8.8783 8.14735 8.37237 8.05267 15.3824 12.1626 10.9882 9.49112 9.25882 8.90169 8.01185 7.90873 7.89471 7.52207 7.46982 11.9199 8.28219 10.0081 7.10857 7.01735 7.18392 7.8137 9.89135
threshold=-3.2944207191467281 -1.6025270223617551 -4.4216327667236319 -0.89645344018936146 -2.3183943033218379 0 1 0.29385975003242498 5.6250000000000009 2 3 4 5 0.49853946268558508 0.070995777845382704 -0.0058333333581686011 -1.9420680403709409 6 7 8 -0.59706607460975636 -0.015103398356586693 9 -1.9217842817306516 0.016004119068384174 -0.0087499998044222576 -0.030484502203762528 10 1.0000000180025095e-35 11
decision_type=2 2 2 2 2 1 1 2 2 1 1 1 1 2 2 2 2 1 1 1 2 8 1 2 8 2 8 1 2 1
left_child=2 4 -1 -3 -2 7 17 -4 19 -10 11 -6 13 16 25 21 -12 -5 -17 -8 -11 -14 23 -23 -25 -13 -16 -28 29 -29
right_child=1 3 5 6 10 -7 8 -9 9 20 12 14 15 -15 26 18 -18 -19 -20 -21 -22 22 -24 24 -26 -27 27 28 -30 -31
leaf_value=-0.0397703856108199 -0.0038068701171187179 0.00079219547120751614 -0.021605245019696726 0.0082776918057926741 -0.003001976378979978 -0.020117625746547657 0.01379496698259129 -0.0016398096693425351 0.013021745130560489 0.0014569924108850038 -0.0014686811434018664 0.0052651474801781156 0.0073393737517762504 -0.0035519187808721038 0.016178306666859047 -0.0014587964052224433 0.0051836548793892179 0.00028178483686454976 -0.0066711745114777735 0.005136696931908 0.007217909227371826 0.010118633877670421 -0.0055305498413545729 0.01154354642796597 -0.005330991574994194 -0.011734739167879161 0.005129245782580825 0.0079658425777187191 -0.010358245919639096 -0.0053072834573004478
leaf_weight=71.611243081279099 4744.5821288209409 24085.055762179196 75.046540271490812 335.25008818507195 1674.4213352575898 461.12166558392346 373.13584522902966 202.16307796258479 192.39365011453629 2922.8536667972803 809.07548134401441 92.572722196578979 257.32208653539419 1065.6153661236167 110.86467152833939 1120.3655541390181 1323.6383773759007 3231.5000706017017 2185.5777586586773 1014.2828533053398 701.38296742737293 261.42372528091073 917.47412308305502 116.16972281038761 340.76300250738859 175.76142161339521 1734.8398175574839 298.84885312616825 163.95978940278292 245.57089770585299
leaf_count=5742 73482 119954 3021 1376 14098 17910 1519 7567 786 11849 7257 752 1866 8003 869 8830 9015 13208 17293 4129 2977 2259 6872 776 2278 1511 14464 2614 1281 2171
internal_value=1.96188e-05 0.000305992 -0.0177907 0.00138337 -0.00170077 -0.0155572 0.00300623 -0.00691332 0.00432984 0.00314249 -0.000925343 0.000781888 -0.00183828 0.000588213 0.0030299 -0.0033289 0.00266098 0.00105858 -0.00493126 0.00761803 0.00256816 -0.000546089 -0.00179395 0.0030154 -0.00100923 -0.00587438 0.00398111 0.00341486 -0.000846611 0.00202989
internal_weight=51304.6 50494.7 809.943 32855.9 17638.8 738.331 8770.8 277.21 5204.05 3816.63 12894.3 4496.84 8397.43 3198.33 2822.42 5199.1 2132.71 3566.75 3305.94 1387.42 3624.24 1893.15 1635.83 718.356 456.933 268.334 2554.08 2443.22 708.38 544.42
internal_count=365729 331489 34240 155798 175691 28498 35844 10588 21260 15612 102209 37760 64449 24275 23662 40174 16272 14584 26123 5648 14826 14051 12185 5313 3054 2263 21399 20530 6066 4785
cat_boundaries=0 1 2 3 4 5 6 7 8 9 10 11 12
cat_threshold=2736484 9461524 48 48 4527444 5264692 40 27265536 303232 434376 41 2771106
is_linear=0
shrinkage=0.05


Tree=76
num_leaves=31
num_cat=8
split_feature=2 2 2 2 15 10 15 13 6 2 11 15 3 15 10 3 15 15 13 10 11 15 13 2 3 13 15 6 9 11
split_gain=92.0986 32.0985 22.509 10.1992 9.54397 9.4574 9.4456 11.4298 14.7932 9.38627 9.27408 7.42422 7.41327 7.57987 6.95783 10.6727 8.69511 6.87406 6.52918 6.19339 5.9093 8.41798 9.6511 5.88881 5.69513 5.40856 8.26933 6.21806 9.80532 5.40676
threshold=-3.018058061599731 -1.5599700212478635 -3.9856251478195186 -2.161329865455627 0 6.8849999904632577 1 0.010919373016804458 1.0000000180025095e-35 -1.0419208407402036 0.37655000388622289 2 0.78697714209556591 3 6.0850000381469735 0.67226529121398937 4 5 0.028381230309605602 4.1449999809265146 0.40764999389648443 6 -0.0086668883450329286 -3.2325164079666133 0.021130881272256378 -0.0095926038920879347 7 0.013749999925494196 -1.4999999999999998 0.42430000007152563
decision_type=2 2 2 2 1 2 1 8 2 2 2 1 2 1 2 2 1 1 10 2 2 1 8 2 2 10 1 2 2 2
left_child=2 3 -1 4 5 14 7 8 -4 17 23 -11 -8 -14 20 16 -16 -3 29 -9 25 -22 -23 -10 -5 26 27 28 -2 -6
right_child=1 9 6 24 18 -7 12 19 10 11 -12 -13 13 -15 15 -17 -18 -19 -20 -21 21 22 -24 -25 -26 -27 -28 -29 -30 -31
leaf_value=-0.029400175802033243 -0.012335105548910631 0.0016459325074031112 -0.014908073140767761 -0.0090987245144424026 -0.0036952272734841218 -0.015411873771156839 -0.0144382939003149 -0.017909458058899003 0.017135208698202783 0.00074621528307633337 -0.0082852811188291187 0.0031932330895716727 0.02149214933123075 -0.0093176200191451512 0.013476292022784357 0.021418695243768614 -0.0061560226410097597 -0.00033399024909166558 -0.016553804630166213 -0.0030289398781669589 0.011831718739689941 0.0073123440761990819 -0.013884383295052583 0.050097458282505426 -0.00024284521715148586 -0.0040240580629915543 -0.0012411109524511138 0.01291856233242944 0.0074961821222683973 -0.010784455437151785
leaf_weight=169.31506157759577 85.007667854428291 8824.0045528039336 39.719627554528415 182.31975386291742 2511.1860084198415 106.25421781465411 793.10264624003321 112.959741092287 36.462404328398407 4628.7422480881214 18.611382367089391 9515.8829521387815 20.955277983099222 40.048458834178746 75.34503386542201 86.278537813574076 147.49926093965769 8698.2208878993988 114.56021145172417 181.12341031245887 44.224435515701771 65.363524835556746 273.3721883315593 23.371047224849463 12065.64232718572 649.34868081472814 1012.6644446700811 219.95335543900728 217.99002300202847 300.1788488291204
leaf_count=12626 1093 44870 1087 1339 33212 1306 22786 3603 1127 19284 507 39654 582 1133 902 1075 1745 44640 1660 4746 563 815 3656 506 89390 8840 13263 2848 2760 3983
internal_value=0.000116505 0.000476492 -0.0123599 -0.00119941 -0.0029051 -0.000900601 -0.0100388 -0.00347953 0.00946499 0.00143744 0.0218698 0.00239546 -0.0129968 0.00354442 -0.000357469 0.0067048 0.000868184 0.0006639 -0.004927 -0.00882704 -0.00121217 -0.00692424 -0.00949657 0.0312143 -0.000376135 -0.000205597 0.00141221 0.00643639 0.001888 -0.0044593
internal_weight=51259.7 49824 1435.67 18157.2 5909.23 2983.3 1266.35 412.248 118.164 31666.9 78.4448 14144.6 854.106 61.0037 2877.05 309.123 222.844 17522.2 2925.93 294.083 2567.92 382.96 338.736 59.8335 12248 2184.96 1535.62 522.951 302.998 2811.36
internal_count=365601 316898 48703 168450 77721 38866 36077 11576 3227 148448 2140 58938 24501 1715 37560 3722 2647 89510 38855 8349 33838 5034 4471 1633 90729 28804 19964 6701 3853 37195
cat_boundaries=0 1 2 3 4 5 6 7 8
cat_threshold=20277712 651270 4258832 22020432 1057152 14169332 2097152 3211328
is_linear=0
shrinkage=0.05


Tree=77
num_leaves=31
num_cat=9
split_feature=10 13 10 15 6 15 13 15 11 13 10 12 15 10 15 6 3 12 15 12 3 6 15 10 6 15 15 11 12 5
split_gain=21.9868 13.1453 10.4913 11.9237 12.8919 10.5259 9.56881 13.2459 10.6997 8.93778 8.7277 7.72492 16.1332 6.52004 17.4194 8.9293 9.40936 11.501 7.8396 9.70238 8.34584 7.42723 7.19133 8.06477 6.83009 7.42243 6.43525 10.5325 6.2539 7.60133
threshold=1.6749999523162844 0.018224601633846763 4.7650001049041757 0 0.043750001117587096 1 -0.0053820225875824681 2 0.2564499974250794 0.023492382839322094 1.0000000180025095e-35 -0.06583333387970923 3 3.554999947547913 4 0.051249999552965171 0.55482310056686412 0.039166666567325599 5 0.080833330750465407 0.51651304960250866 0.043750001117587096 6 3.1250000000000004 0.0012499999720603369 7 8 0.3793999999761582 -0.020833333022892472 0.014999999664723875
decision_type=2 10 2 1 2 1 8 1 2 10 2 2 1 2 1 2 2 2 1 2 2 2 1 2 2 1 1 2 2 2
left_child=10 6 3 4 -3 -4 7 8 28 -5 -1 12 -8 14 -13 16 17 -16 21 -20 24 -15 23 -18 25 -21 27 -14 -2 -30
right_child=1 2 5 9 -6 -7 11 -9 -10 -11 -12 13 26 18 15 -17 22 -19 19 20 -22 -23 -24 -25 -26 -27 -28 -29 29 -31
leaf_value=0.0030089326838591102 0.0037021282170129699 -0.0046744012161526989 -0.0049783995125665869 -0.023248667923740845 0.019461223970091979 0.0011076470025407508 0.011716754115072043 -0.00010074572688930405 0.0047806342745046089 -0.0082399383904081733 -0.02443034483872903 -0.010868163943972489 -0.0063972337265605517 -0.0011420903066787379 -0.00098917596841536929 0.015874709996474275 0.030398721126406632 -0.0210609158558063 0.00080883972409977883 -0.0062250612545178561 -0.014123955807517123 0.0041535772378597444 -0.0027811058598597132 0.0040450027744205553 -0.0088739402495879097 0.0125710123966844 0.0031833576799858085 0.0053447586922209921 -0.00075676125669104602 -0.015247414086825459
leaf_weight=36.987319766543806 266.68701209314167 494.41153665911406 1121.6212608246133 148.25326393079013 60.284638412296772 1896.9395451815799 400.36086408980191 4523.3679758803919 3761.4588424889371 303.73908186424524 125.38082310836762 497.1175449276343 568.14856726489961 14820.681343254633 357.57856046874076 88.489390186965466 53.900192820467055 87.233802070841193 18334.610279041342 82.92961682844907 196.32184657547623 691.12510985601693 95.984319013543427 61.881007907912135 161.59347019903362 112.65878536738455 1225.9407964348793 285.37051560543478 239.59444335568696 143.65426620189101
leaf_count=966 1556 4845 7343 1577 652 12354 2348 29850 24986 3349 7564 7686 3156 101040 5065 1332 1052 1562 123371 669 1823 5362 1365 656 1682 902 6997 1528 1638 1199
internal_value=3.84931e-05 9.72375e-05 -0.00264447 -0.00705941 -0.00195571 -0.00116839 0.000331867 0.00180444 0.00374888 -0.0129581 -0.0182191 -1.33412e-05 0.00268387 -0.000201142 -0.00375695 0.00113443 -0.000877124 -0.00500217 -7.25301e-05 0.000611357 -0.00589854 -0.000905055 0.00775325 0.0153207 -0.00132405 0.00494029 0.000874681 -0.00243952 -0.0021612 -0.00623929
internal_weight=51244.3 51081.9 4025.25 1006.69 554.696 3018.56 47056.7 8934.76 4411.39 451.992 162.368 38121.9 2479.82 35642.1 1242.18 745.067 656.578 444.812 34399.9 18888.1 553.504 15511.8 211.766 115.781 357.182 195.588 2079.46 853.519 649.936 383.249
internal_count=365475 356945 30120 10423 5497 19697 326825 59229 29379 4926 8530 267596 14029 253567 18718 11032 9700 6627 234849 128447 5076 106402 3073 1708 3253 1571 11681 4684 4393 2837
cat_boundaries=0 1 2 3 4 5 6 7 8 9
cat_threshold=22594172 15335664 30710922 9044736 22446320 10231434 2717696 2220096 21042260
is_linear=0
shrinkage=0.05


Tree=78
num_leaves=31
num_cat=13
split_feature=12 15 13 12 15 12 6 15 13 3 15 3 13 15 15 1 13 13 15 13 3 1 12 15 1 15 13 13 15 4
split_gain=14.4078 15.3916 14.192 8.52141 7.92107 7.065 9.39837 11.3014 10.4221 8.82 8.40093 6.46816 6.43065 7.7436 6.67618 6.98925 9.04105 9.75764 7.47258 6.49237 6.38623 8.31975 7.21359 6.07538 5.96871 5.83716 5.83225 6.37324 6.25601 7.0722
threshold=0.015833333600312475 0 -0.0079377265647053701 0.080833330750465407 1 0.065833333879709258 -0.041249999776482575 2 0.0031962981447577481 0.082480002194643035 3 0.073230240494012847 -0.022979404777288433 4 5 6 -0.002853167941793799 -0.010788904968649147 7 0.004371173446998001 0.077813889831304564 8 0.074166666716337218 9 10 11 0.0045523731969296941 0.0036175847053527836 12 0.18500000238418582
decision_type=2 1 8 2 1 2 2 1 10 2 1 2 8 1 1 1 8 10 1 10 2 1 2 1 1 1 10 10 1 2
left_child=4 2 -2 20 26 6 7 -3 -9 11 -7 -8 13 -11 -14 16 17 -16 19 -17 21 -4 -22 -18 -6 -5 27 -1 -28 -30
right_child=1 5 3 25 24 10 9 8 -10 12 -12 -13 14 -15 15 18 23 -19 -20 -21 22 -23 -24 -25 -26 -27 28 -29 29 -31
leaf_value=0.0015470529084016323 0.0039799702128297801 0.0049363110591351782 -0.01803990713640968 -0.0016329702845381034 0.00056120143280297683 0.0019832105500858488 -0.0021670897628163228 -0.019422118066789239 0.0036413704873020473 -0.0029356478603329459 -0.0048544352808874798 -0.015165119984775039 -0.0012058898582720781 0.014424338711370242 0.002582171942961379 -0.0025047922790108167 0.0064796470697906939 0.021123386259190632 0.0016291102269447939 -0.01763898273283129 -0.003200090035478843 -0.0038801388326042286 0.0082173787868958219 0.00097425271569600246 -0.0013298636378317348 -0.016320615137235418 0.0015829859100160095 0.011778271602547021 -0.0019517848514706488 -0.013090893043274807
leaf_weight=14730.527798397467 638.76970854494721 130.42156948428601 154.15909393783659 115.04781010281295 9776.7978926906362 661.10039005428553 560.69597897585481 184.394390986301 65.679360564798117 95.498274235986173 1368.3300328562036 113.66002929117531 1922.8650422841311 186.04779101721942 133.55901251919568 314.16925911977887 792.84112046472728 150.93346169870347 1810.5862952694297 89.845036287792027 5191.3398419646546 331.73021580372006 140.26312933210284 1363.4741335585713 7261.8182492880151 209.48950568120927 1288.3718880312517 151.85308641754091 1178.9261190518737 160.27286575362086
leaf_count=96079 5244 1055 1421 1256 52785 6071 4440 1620 510 733 12909 927 15688 1425 854 3123 4993 934 17687 920 43278 2634 1371 8781 58441 2145 8569 990 7539 1450
internal_value=-6.06312e-05 -0.00126518 -0.00309937 -0.00384172 0.000522529 -1.09651e-05 0.000663998 -0.00698228 -0.0128732 0.00105191 -0.0026414 -0.00439622 0.00158861 0.00896197 0.00127041 0.00229096 0.00413227 0.0124977 0.000250248 -0.00579786 -0.00339915 -0.00887746 -0.00289675 0.00303716 -0.000245135 -0.0117056 0.00126889 0.00165302 -0.000901569 -0.00327799
internal_weight=51273.5 16724.9 6780.8 6142.03 34548.6 9944.1 7914.67 380.495 250.074 7534.18 2029.43 674.356 6859.82 281.546 6578.27 4655.41 2440.81 284.492 2214.6 404.014 5817.49 485.889 5331.6 2156.32 17038.6 324.537 17510 14882.4 2627.57 1339.2
internal_count=365872 140019 57349 52105 225853 82670 63690 3185 2130 60505 18980 5367 55138 2158 52980 37292 15562 1788 21730 4043 48704 4055 44649 13774 111226 3401 114627 97069 17558 8989
cat_boundaries=0 1 2 3 4 5 6 7 8 9 10 11 12 13
cat_threshold=4108480 10385602 25183744 562 25182724 4210722 11 1032 20 1560 11 536704 1335362
is_linear=0
shrinkage=0.05


Tree=79
num_leaves=31
num_cat=7
split_feature=2 2 2 15 2 15 6 14 6 15 14 13 6 13 15 2 10 2 15 13 3 3 11 15 10 15 3 13 13 12
split_gain=73.016 29.7927 24.1253 9.43287 8.53647 11.09 10.1788 8.10992 8.01702 8.07945 11.2641 7.48204 7.38501 7.20712 7.15816 11.5516 7.44847 7.1414 7.12108 10.1947 7.27251 6.84774 8.00925 8.84778 7.13696 7.00416 7.00828 6.70353 10.5371 7.36995
threshold=-2.6250073909759517 -3.9156665802001949 -1.0755372047424314 0 -1.8159692287445066 1 -0.016249999869614836 1.5000000000000002 -0.043750001117587083 2 1.0000000180025095e-35 -0.052186314016580575 0.068750001490116133 0.039254503324627883 3 -0.47306984663009638 4.1649999618530282 -1.7974256277084348 4 0.0062148727010935554 0.068723134696483626 0.60770094394683849 0.41685000061988836 5 4.8849999904632577 6 0.68698853254318248 -0.012066903524100779 -0.0036747228587046261 -0.050833333283662789
decision_type=2 2 2 1 2 1 2 2 2 1 2 10 2 10 1 2 2 2 1 10 2 2 2 1 2 1 2 10 10 2
left_child=1 -1 4 -3 8 6 21 -5 -2 13 -11 -9 -7 -10 -4 16 -16 -8 20 -20 -12 22 -6 -24 -23 -26 -27 29 -29 -22
right_child=2 3 14 7 5 12 17 11 9 10 18 -13 -14 -15 15 -17 -18 -19 19 -21 27 24 23 -25 25 26 -28 28 -30 -31
leaf_value=-0.026799345949461581 -0.012300759102853999 -0.0033770499023191743 0.00067023983566315108 -0.0099730321399912735 -0.001524905446516384 -0.0010409220091902669 0.013205466451516192 0.024496704609759775 -0.0027894535848580742 -0.0018691215491007992 -0.006055460212751957 -0.011907733370283925 0.011409153741799948 -0.01865017465327564 0.010440863698940882 0.015155038845008146 0.0023238441283822005 0.0020455430489079267 0.0020489068884542889 -0.011687350680657951 -0.012811693662650029 -0.0064158548702940316 -0.0021060248386286905 -0.020795021666245993 0.016687014060090342 0.010979507824055249 -0.0025421717884847642 0.032051321341684556 0.0084729046268584209 0.0059956668496004084
leaf_weight=188.35486252605915 171.920589864254 1424.9100789334625 6488.4169172942638 1407.4052850399166 1799.4031639546156 12230.066585756838 144.30189260095358 31.728497319854796 4424.8291867524385 3544.8149714134634 115.10366359725595 22.657230167649686 118.29200649261475 70.87772972881794 290.54274746775627 185.02184174954891 8517.9691265821457 7313.6186172738671 768.52250266075134 161.7913055382669 55.297049548476934 149.41670840978622 154.05053795129061 109.46903404593468 105.87967763096094 153.34064551442862 248.64727304875851 59.004100382328033 224.11915390193462 584.19484215974808
leaf_count=14223 1665 30858 27179 31004 9959 68200 1019 715 43212 33970 1085 517 666 739 1234 841 35592 40516 7265 1608 512 841 838 595 578 833 1352 547 2205 5546
internal_value=-0.000162379 -0.0076298 0.000314433 -0.00636131 -0.000455283 8.77796e-05 0.00130889 -0.00917594 -0.00165671 -0.00147145 -0.000185054 0.0094461 -0.000919083 -0.00304093 0.00194037 0.00285245 0.00259389 0.00226496 0.00284616 -0.0003561 0.00566112 -0.00130727 -0.00272292 -0.0108303 0.00313062 0.00595338 0.00258069 0.00719403 0.0135771 0.00433452
internal_weight=51264 3075.06 48188.9 2886.7 32707 22526.5 10178.1 1461.79 10180.5 10008.6 5512.85 54.3857 12348.4 4495.71 15482 8993.53 8808.51 7457.92 1968.03 930.314 1037.72 2720.21 2062.92 263.52 657.284 507.868 401.988 922.615 283.123 639.492
internal_count=365914 77317 288597 63094 223751 125397 56531 32236 98354 96689 52738 1232 68866 43951 64846 37667 36826 41535 18768 8873 9895 14996 11392 1433 3604 2763 2185 8810 2752 6058
cat_boundaries=0 1 2 3 4 5 6 7
cat_threshold=19129436 14171416 29932556 19289200 2376640 13119496 12582920
is_linear=0
shrinkage=0.05


Tree=80
num_leaves=31
num_cat=14
split_feature=2 2 2 15 13 2 0 11 13 15 15 4 13 15 2 3 15 1 15 9 15 3 13 1 0 15 15 12 0 3
split_gain=73.2758 23.7151 21.1444 11.8159 9.35157 8.93174 8.02945 7.47634 7.28632 11.3559 8.15973 7.99795 8.73543 7.54302 6.78812 7.27373 15.3484 11.8753 8.3063 7.65852 7.34174 8.54056 6.76393 6.65253 14.7012 12.4972 9.60567 7.96956 7.74265 7.70031
threshold=-2.7854049205780025 -3.9856251478195186 -1.5599700212478635 0 -0.016907546669244763 -3.6436011791229244 1 0.40995000302791601 -0.034219402819871896 2 3 0.16499999910593036 -0.0066476084757596246 4 -0.83471965789794911 0.095867309719324126 5 6 7 1.0000000180025095e-35 8 0.30901013314723974 -0.020609617233276364 9 10 11 12 -0.050833333283662789 13 0.27068080008029943
decision_type=2 2 2 1 8 2 1 2 8 1 1 2 8 1 2 2 1 1 1 2 1 2 8 1 1 1 1 2 1 2
left_child=1 22 8 -3 -5 -6 7 -7 9 -2 11 -10 13 -13 -4 16 -16 18 -17 -20 -21 -22 -1 24 26 27 -12 29 -27 -25
right_child=2 3 14 4 5 6 -8 -9 10 -11 23 12 -14 -15 15 17 -18 -19 19 20 21 -23 -24 25 -26 28 -28 -29 -30 -31
leaf_value=0.01241436820087821 0.01374157087027819 -0.0022609802151020153 0.00093649889268975482 0.0045615790301301437 -0.024822212979417457 -0.004460878853656973 -0.015598128989697493 -0.020197208954686598 -0.0014715673193276138 -0.0024392574393147654 -0.00083888389007130768 0.01701191222008722 0.00084116117641955593 0.0035482911530076476 0.011221528178595562 -0.0018263832534092036 -0.0064533427155159034 0.0058912643626236891 0.0058504323697578875 -0.0064889539267909725 0.013443852709247212 6.2108493453350984e-05 -0.029686256100448779 -0.0001771937144910767 0.00038750815930926278 -0.015392484461585507 -0.012076626287467305 0.00032338127670192382 -0.0050651549005900492 -0.023955145124520641
leaf_weight=9.1175721269100887 201.92774630710483 779.681631391868 24946.466083943844 97.868680001236498 111.7751902481541 600.95255005545914 404.6991653367877 84.717967450618744 3757.6248515993357 218.54118403419852 353.83213725686073 145.61325792968273 3432.7180896028876 365.37322226539254 150.04993484914303 1277.7368822693825 501.58763936161995 2509.4013878405094 1244.896200850606 294.55561096966267 146.66934812068939 602.31497226655483 150.55311460886151 67.292940501123667 4190.6454067490995 196.3206025660038 423.39558773860335 1803.5060363262892 2030.7320170886815 66.983329143375158
leaf_count=730 1645 18951 120975 2349 5138 13625 9528 1929 32070 1820 3430 1261 31256 3195 613 5196 2049 10269 5049 1198 596 2461 11962 506 38769 1638 4167 15183 17296 528
internal_value=0.000144662 -0.00869567 0.000549609 -0.00725344 -0.0101443 -0.0114314 -0.0100157 -0.0063657 -0.000858597 0.00562729 -0.00102125 0.000178515 0.00175114 0.00783711 0.00131675 0.00272612 -0.00228859 0.00326455 0.00139354 0.00319152 4.49497e-05 0.00267577 -0.0271584 -0.00203076 -0.00079047 -0.00350367 -0.0070512 -0.000554378 -0.00605315 -0.0122162
internal_weight=51167.6 2239.37 48928.2 2079.7 1300.01 1202.14 1090.37 685.671 17254.5 420.469 16834 7701.33 3943.7 510.986 31673.7 6727.21 651.638 6075.57 3566.17 2288.44 1043.54 748.984 159.671 9132.71 4967.87 4164.83 777.228 1937.78 2227.05 134.276
internal_count=365382 64212 301170 51520 32569 30220 25082 15554 152764 3465 149299 67782 35712 4456 148406 27431 2662 24769 14500 9304 4255 3057 12692 81517 46366 35151 7597 16217 18934 1034
cat_boundaries=0 1 2 3 4 5 6 7 8 9 10 11 12 13 14
cat_threshold=2212966 33 9702122 19359000 394240 1591302 6 1367168 6422548 50 18 4200548 8423586 4
is_linear=0
shrinkage=0.05


Tree=81
num_leaves=31
num_cat=2
split_feature=10 10 10 3 6 5 11 12 3 14 10 13 1 13 11 10 11 9 11 5 3 10 6 10 12 13 10 13 0 5
split_gain=25.186 8.27842 6.04363 9.64202 9.30117 13.5837 6.38785 13.4032 10.5835 5.46374 6.48939 8.40881 9.82877 6.92397 9.58538 6.64752 5.87583 9.75266 7.72842 9.50772 7.68 7.46154 7.26172 7.21367 6.97917 6.32523 10.696 6.42657 9.98871 7.46878
threshold=1.6749999523162844 7.4549999237060556 3.554999947547913 0.089228674769401564 0.063749998807907118 0.044999999925494201 0.27085000276565557 -0.0091666667722165567 0.35215161740779882 1.0000000180025095e-35 4.4449999332427987 -0.0032656323164701457 0 -0.017537157051265236 0.33390000462532049 4.4249999523162851 0.44975000619888311 -1.0000000180025095e-35 0.4118999987840653 0.014999999664723875 0.70733454823493969 4.8650000095367441 1.0000000180025095e-35 4.7049999237060556 -0.11416666954755782 -0.011785007081925867 4.7650001049041757 0.00020028977451147514 1 0.034999999217689044
decision_type=2 2 2 2 2 2 2 2 2 2 2 8 1 10 2 2 2 2 2 2 2 2 2 2 2 10 2 10 1 2
left_child=-1 2 3 -2 6 -6 7 8 -5 10 11 12 13 -4 -15 -13 18 -18 19 24 21 25 -23 -19 -11 -21 27 29 -29 -27
right_child=1 -3 9 4 5 -7 -8 -9 -10 16 -12 15 -14 14 -16 -17 17 23 -20 20 -22 22 -24 -25 -26 26 -28 28 -30 -31
leaf_value=-0.020163514274895083 -0.014620316726924074 0.0044212754492477958 0.0012581381552909652 -0.013924034603118522 0.034972269317758577 -0.0011974770431671413 -0.0011010744433486237 -0.017530647271396773 0.0158217895548994 0.014187232120843227 -1.6833507131667612e-05 -0.0026562373693543202 -0.0015309422521930778 0.0046078910094405883 0.027970432333775358 -0.013873381319120793 0.0092146953346396963 -0.010696921823060018 -0.0032770263500321271 0.0019696216202655143 0.0061613099922382814 0.0039663590794248834 -0.0019877022902613137 0.0025209797580250572 -0.00027615543534465484 0.0032579287748484109 0.028538166901392673 0.012246793370676712 -0.0044722483807458366 0.025771255958349438
leaf_weight=152.45119693502784 158.07316407375038 1062.3409463670105 143.29764075949788 48.419755337759852 39.241138551384211 69.703626176342368 1173.6584241297096 186.02898325864226 71.681094907224178 82.196678299456835 26663.068081805483 3681.7518611326814 607.22947136964649 90.994113601744175 84.586805731058121 135.15129263885319 531.68144450802356 120.97695547156036 1227.9628185974434 1184.1708895964548 1139.0983359022066 723.49433689564466 1739.040171360597 640.63262679520994 8896.2916581733152 73.244023887440562 57.289263488724828 136.91772671137005 213.76767642702907 73.491750174202025
leaf_count=8525 2226 5576 967 627 486 1190 16986 3413 922 438 170256 33975 5633 644 584 1191 3700 889 7914 10274 8203 4205 11476 3514 56830 631 449 1228 2076 638
internal_value=-3.15025e-06 5.78359e-05 -3.50592e-05 -0.00292252 -0.00174172 0.0122262 -0.00278517 -0.00919271 0.00379785 6.9601e-05 -0.000320025 -0.0020237 0.0022467 0.00916705 0.0160511 -0.00306048 0.000796182 0.00403176 0.000526543 0.00085314 0.00252327 0.00153445 -0.000236596 0.00039888 -0.000140615 0.00403993 0.00843659 0.00601643 0.00230822 0.0147285
internal_weight=51207.9 51055.5 49993.1 1746.81 1588.73 108.945 1479.79 306.13 120.101 48246.3 31406.1 4743.01 926.108 318.879 175.581 3816.9 16840.3 1293.29 15547 14319 5340.51 4201.42 2462.53 761.61 8978.49 1738.88 554.71 497.421 350.685 146.736
internal_count=365666 357141 351565 25850 23624 1676 21948 4962 1549 325715 213250 42994 7828 2195 1228 35166 112465 8103 104362 96448 39180 30977 15681 4403 57268 15296 5022 4573 3304 1269
cat_boundaries=0 1 2
cat_threshold=9 42
is_linear=0
shrinkage=0.05


Tree=82
num_leaves=31
num_cat=12
split_feature=2 2 2 2 15 13 1 13 15 15 15 13 10 10 15 4 15 5 15 13 0 2 9 10 13 15 15 13 0 3
split_gain=70.9996 34.1234 16.3276 12.213 8.67422 8.65186 8.02737 11.2733 12.3253 11.1906 10.4795 9.4641 9.43273 9.17488 8.46984 8.15705 8.98766 7.46458 7.10583 8.55964 7.10132 6.53815 7.28016 8.86763 6.1351 12.0575 11.3535 9.40633 7.26327 7.13606
threshold=-3.3279221057891841 -2.0641610622406001 -4.1308522224426261 -1.1090694665908811 0 -0.0463615134358406 1 0.01371899899095297 2 3 4 -0.011785007081925867 5.8650000095367441 4.7449998855590829 5 0.16499999910593036 6 0.044999999925494201 7 0.025545564480125908 8 -2.9946316480636592 -1.4999999999999998 4.6050000190734872 0.0045523731969296941 9 10 0.011792634613811971 11 0.13724429160356524
decision_type=2 2 2 2 1 8 1 10 1 1 1 8 2 2 1 2 1 2 1 10 1 2 2 2 8 1 1 8 1 2
left_child=2 5 -1 -3 -4 -2 7 10 -9 17 11 -5 -12 14 -11 16 -16 -8 21 -20 -14 22 23 -7 25 -15 27 -26 29 -27
right_child=1 3 4 6 -6 18 9 8 -10 13 12 -13 20 24 15 -17 -18 -19 19 -21 -22 -23 -24 -25 26 28 -28 -29 -30 -31
leaf_value=-0.032792534737658655 0.015227626640916045 2.0993644726478704e-05 -0.00021834403808015826 -0.0016037934593038307 -0.015314169863698726 -0.01264537610527396 -0.0017819774983296372 -0.016421707612295607 0.0049406698820290721 -0.00011533329731929371 0.0098494429535570249 0.011744994795670788 0.0024455789420270496 0.0075640307768537517 -0.0075953413290588681 0.012016159920172083 0.0096023021952157204 0.0087521711641743195 -0.0015840116738945077 -0.010544835727010329 -0.0070818186234688192 -0.0045127893166578611 -0.019712235402305083 0.025550480766324841 -0.012352172486562556 0.015662737878025416 0.0022340248154303281 -0.0011026401631975074 -0.0014959211853440054 -7.1086643314611952e-05
leaf_weight=115.86038103140891 63.584171961992979 25726.059573233128 129.50365549232811 159.82991945743561 467.81699754856527 42.273785963654518 3243.2301662415266 122.62666928768158 129.89306418597698 403.50557275116444 369.56585109233856 769.87046298384666 1170.0187850147486 1076.7487491518259 130.4900366216898 608.38992004096508 151.6805148422718 175.39061494171619 5284.0056894700974 278.76558176800609 222.62742634117603 2100.4551193639636 148.11626820638776 21.13693930208683 201.42715346813202 138.47875934839249 4361.8257464319468 2153.9515805393457 1046.1681786030531 147.94298726320267
leaf_count=9939 770 155562 4814 680 18147 1039 13594 539 570 1718 1634 3322 4996 4486 552 2574 645 737 70380 4104 967 26152 3471 478 842 574 18256 9026 4357 617
internal_value=-7.81888e-05 0.000143576 -0.0157217 0.000705552 -0.0123121 -0.00286522 0.00175472 0.00412158 -0.00593177 0.00124674 0.00508365 0.00935125 0.0027555 0.00206078 0.00599975 0.00866866 0.00172238 -0.00123312 -0.00301514 -0.00203304 0.000881321 -0.00534245 -0.0137117 0.000478534 0.00150333 0.00366685 0.000726459 -0.00206558 0.000451206 0.00733734
internal_weight=51161.2 50448.1 713.181 42509.7 597.321 7938.34 16783.7 2944.43 252.52 13839.2 2691.91 929.7 1762.21 10420.6 1294.07 890.56 282.171 3418.62 7874.75 5562.77 1392.65 2311.98 211.527 63.4107 9126.54 2409.34 6717.2 2355.38 1332.59 286.422
internal_count=365542 332642 32900 226248 22961 106394 70686 12708 1109 57978 11599 4002 7597 43647 5489 3771 1197 14331 105624 74484 5963 31140 4988 1517 38158 10034 28124 9868 5548 1191
cat_boundaries=0 1 2 3 4 5 6 7 8 9 10 11 12
cat_threshold=639040 56 19862360 5391376 10633876 16875586 796684 5243810 13 11024516 11022464 28
is_linear=0
shrinkage=0.05


Tree=83
num_leaves=31
num_cat=10
split_feature=2 2 2 2 15 1 5 15 15 6 15 2 10 13 13 6 3 15 2 15 2 13 3 10 15 11 3 1 12 15
split_gain=61.9985 34.2648 12.9919 8.77165 10.9021 8.10505 10.4892 16.4604 9.36105 9.35702 8.01918 13.5487 11.763 8.97738 19.6926 7.76708 8.65812 11.1257 7.71756 10.7199 8.2713 8.19982 8.12543 10.1421 7.96436 7.54787 9.58054 7.30849 8.46822 8.86899
threshold=-2.2547546625137325 -3.7971545457839961 -1.4753534793853758 -0.47306984663009638 0 1 -0.014999999664723871 2 3 -0.0062499998603016129 4 -0.95211133360862721 6.2249999046325692 -0.010067305527627466 0.002598064718768001 0.0037499999161809687 0.23138978332281115 5 -2.904711008071899 6 -2.8838900327682491 -0.018150531686842438 0.35215161740779882 5.7950000762939462 7 0.41335000097751623 0.19409890472888949 8 0.035833332687616355 9
decision_type=2 2 2 2 1 1 2 1 1 2 1 2 2 10 10 2 2 1 2 1 2 10 2 2 1 2 2 1 2 1
left_child=1 -1 -2 5 -5 8 7 9 -4 -7 11 12 15 -13 -15 -8 17 -17 19 -3 21 -20 -21 -24 -22 26 -14 28 29 -12
right_child=2 18 3 4 -6 6 10 -9 -10 -11 27 13 25 14 -16 16 -18 -19 20 22 24 -23 23 -25 -26 -27 -28 -29 -30 -31
leaf_value=-0.023637205135914191 -0.00043107894089709168 0.00030366854585039071 -0.0013415707707593117 -0.0028605264386884488 0.016193083238169485 0.012440386420822748 -1.4761637974439971e-05 0.0024005341455609125 0.0013139045305668993 0.00066910964209613481 0.013814582923578783 0.0098611220178785163 0.0071727553941461552 -0.01449899088760403 0.0089287880930802883 -0.009327645620540545 0.010658900957583005 0.0072218163407959061 0.025372666760013096 -0.015093517466663771 -0.00081098865889350476 -0.007913200761623565 -0.0033066759107260309 -0.018654405779115254 -0.0051455870083270882 -0.016311834295061403 -0.0063309196013940673 -0.00079834439277256001 -0.0067522198326932237 0.002670313550346809
leaf_weight=226.83260756824166 15805.553614277393 384.53879723418504 4893.538139924407 117.27763366699219 199.88723900914192 784.54197052121162 1016.4196625649929 2978.6326192542911 10254.4861548841 215.26175780594349 225.09182758629322 917.14560045301914 186.11349636316299 135.20222926139832 257.08223338425159 153.73785918951035 509.21021330356598 250.61951987445354 48.330284558236599 412.06902648787946 1998.4929143544286 28.03967940993607 569.46394061576575 131.12099031172693 2280.762183431536 111.33196142315865 433.89676178991795 4717.2592973709106 167.97835944592953 798.06153401732445
leaf_count=17067 116786 9577 22237 527 916 3579 5035 13753 46430 995 1118 3751 893 554 1054 737 2530 1199 856 11156 26630 524 14818 3013 31246 551 2172 21414 879 3968
internal_value=8.57821e-05 -0.00465335 0.000724412 0.00134723 0.00959161 0.00125643 0.00212969 0.00429837 0.000455676 0.00981441 0.0012578 0.00299123 0.000948273 0.00715845 0.000821733 0.00299409 0.00633441 0.0008629 -0.00390978 -0.00700529 -0.00284301 0.0132615 -0.0094453 -0.00622407 -0.00313649 -0.00444402 -0.00226738 8.70102e-05 0.00356629 0.005305
internal_weight=51208 6079.65 45128.3 29322.8 317.165 29005.6 13857.6 3978.44 15148 999.804 9879.15 3970.76 2661.33 1309.43 392.284 1929.99 913.568 404.357 5852.82 1497.19 4355.63 76.37 1112.65 700.585 4279.26 731.342 620.01 5908.39 1191.13 1023.15
internal_count=365965 114887 251078 134292 1443 132849 64182 18327 68667 4574 45855 18476 13117 5359 1608 9501 4466 1936 97820 38564 59256 1380 28987 17831 57876 3616 3065 27379 5965 5086
cat_boundaries=0 1 2 3 4 5 6 7 8 9 10
cat_threshold=3436810 6 2233024 3185176 1543704 394248 2203716 3550034 48 2621568
is_linear=0
shrinkage=0.05


Tree=84
num_leaves=31
num_cat=13
split_feature=2 2 2 2 13 15 6 15 13 1 15 15 12 1 13 15 9 1 15 0 2 13 15 15 13 2 13 13 13 1
split_gain=57.1637 22.9851 12.4586 12.2326 9.9302 13.6447 11.6555 11.2976 9.9662 9.4444 12.9217 11.8096 10.0838 8.43796 7.74466 13.854 7.70171 17.1883 19.0558 12.1459 10.235 6.96754 14.4404 7.15215 9.77208 9.5167 7.17228 6.88454 9.16619 9.55955
threshold=-3.146593332290649 -1.8822145462036131 -4.4216327667236319 -0.73061922192573536 -0.0047433411236852399 0 0.051249999552965171 1 -0.0066476084757596246 2 3 4 0.017500000074505809 5 0.010236651636660101 6 -1.0000000180025095e-35 7 8 9 -1.7696979641914365 -0.022979404777288433 10 11 0.017637765966355804 -1.4176700115203855 0.013490718323737385 0.0047678458504378804 0.0038035582983866338 12
decision_type=2 2 2 2 8 1 2 1 10 1 1 1 2 1 8 1 2 1 1 1 2 8 1 1 10 2 10 8 10 1
left_child=2 4 -1 16 5 6 8 -6 -2 10 -5 12 -11 -7 15 -4 17 18 -3 20 -20 22 -19 24 26 -26 -23 28 29 -18
right_child=1 3 14 9 7 13 -8 -9 -10 11 -12 -13 -14 -15 -16 -17 27 21 19 -21 -22 23 -24 -25 25 -27 -28 -29 -30 -31
leaf_value=-0.033432528603863559 -0.0065542924591486364 0.0001889445005955364 -0.014376112757737054 0.0073689574193814807 -0.00034747076323355264 0.0085932032113731523 0.020410587271239546 -0.0039596840870464939 0.012548815315658697 -0.0015616826313949229 -0.0013765202491891689 0.0093917682782680579 0.013924272812137076 -0.0011144467093760063 -0.012943979144519314 0.006961774623809521 0.005173755437170636 0.012477877311521827 0.0036804679273499865 0.0060721199054409895 0.024481749643046339 0.0026414777310123957 -0.0010145826363010253 -0.00033082770468979714 -0.01734017371769047 0.00055815040230774635 0.015353033117069068 -0.00055100846155454412 0.011903685173327934 2.9433510037667829e-05
leaf_weight=59.443140996620059 701.69437526166439 629.25732093304396 130.34625067934394 582.28057214617729 3735.9976830314845 681.79926147870719 47.129715047776699 5168.6485606506467 73.759727833792567 602.2255352884531 1452.6921048909426 1096.5599214285612 125.27643063664436 333.65104854479432 701.23524161148816 153.42143118567765 1123.3304026350379 366.50153447687626 77.658022850751877 440.02076009660959 256.96901623904705 3488.2362139672041 420.15265971422195 7512.3446798324585 116.26222687214613 199.32078981399536 112.73511014133692 16129.33138756454 200.85470020025969 4425.6124233528972
leaf_count=5815 7672 3969 4653 2377 43263 7831 545 60621 826 2484 5927 4544 514 3329 25802 5337 5964 1820 590 2705 1576 18013 2108 39248 781 941 603 83008 1013 22020
internal_value=4.92883e-05 0.000290856 -0.0115167 0.00085038 -0.00175883 0.00158584 -0.00318573 -0.00244941 -0.00470963 0.00352315 0.00115441 0.00612178 0.00112052 0.00542775 -0.0101291 -0.00313107 0.000559642 0.001493 0.00670884 0.0119214 0.0191364 0.00088634 0.0054326 0.0005733 0.00230176 -0.00610335 0.00304774 -2.14452e-05 0.00146376 0.00108171
internal_weight=51144.7 50100.3 1044.45 39357.6 10742.7 1838.03 822.584 8904.65 775.454 3859.03 2034.97 1824.06 727.502 1015.45 985.003 283.768 35498.6 13619.5 1403.91 774.648 334.627 12215.6 786.654 11428.9 3916.55 315.583 3600.97 21879.1 5749.8 5548.94
internal_count=365899 324292 41607 200205 124087 20203 9043 103884 8498 15846 8304 7542 2998 11160 35792 9990 184359 72354 8840 4871 2166 63514 3928 59586 20338 1722 18616 112005 28997 27984
cat_boundaries=0 1 2 3 4 5 6 7 8 9 10 11 12 13
cat_threshold=10564532 7412020 6 17498382 4790072 52 5269488 48 630132 49 16018848 8795652 8
is_linear=0
shrinkage=0.05


Tree=85
num_leaves=31
num_cat=13
split_feature=2 2 2 15 15 3 6 2 1 15 0 15 15 0 1 12 6 15 14 12 2 9 3 11 15 15 15 3 11 11
split_gain=49.8137 21.0945 14.691 10.0831 7.68827 6.84778 10.323 16.6568 6.7045 17.7035 13.4511 8.41552 6.04598 6.36759 10.5486 9.91036 9.84843 8.66767 8.45599 8.40665 7.47527 6.86743 8.73106 8.62199 8.30451 8.0023 6.8858 7.00264 6.88169 6.52833
threshold=-2.6072126626968379 -3.4728074073791499 -1.5599700212478635 0 1 0.56503224372863781 0.0087499998044222611 -3.6436011791229244 2 3 4 5 6 7 8 -0.070833332836627946 0.031249999068677429 9 1.5000000000000002 0.080833330750465407 -1.8916326165199278 -1.0000000180025095e-35 0.55829933285713207 0.24009999632835391 10 11 12 0.14247605949640277 0.41685000061988836 0.27934999763965612
decision_type=2 2 2 1 1 2 2 2 1 1 1 1 1 1 1 2 2 1 2 2 2 2 2 2 1 1 1 2 2 2
left_child=1 3 12 5 -3 -1 -7 -8 9 -4 11 -11 13 18 16 -16 -15 -18 -2 21 -21 22 24 -24 28 -25 27 -23 -17 -27
right_child=2 4 8 -5 -6 6 7 -9 -10 10 -12 -13 -14 14 15 19 17 -19 -20 20 -22 26 23 25 -26 29 -28 -29 -30 -31
leaf_value=-0.014607921902159426 -0.0035401261239450124 -0.00063686384614859183 -0.00079339745435682847 -0.022094777247041699 -0.0062822905220623285 -0.014119905619928159 -0.0016478814063476872 0.055844598192032517 0.00091640453508089008 0.017999258872108199 0.0002576002897072227 0.0071573528163602039 0.0002295046922404758 0.00096303400091564601 -0.017898838188940506 0.0060188228825511511 -0.0028683869820413611 0.020221034500771881 -0.022073717810995937 -0.0028647554972387477 -0.026653907718372862 -0.0075983774311734649 0.0078298835455842247 0.0021999298132924219 -0.0017724895194573152 -0.021840248376824588 -0.0076462763814902027 0.0024691344953666435 0.023031891179533977 -0.0060958530257676927
leaf_weight=129.49284418020397 1941.2992592230439 974.54176754876971 1577.5907687172294 258.90456835925579 1621.7526187561452 47.865205178037286 38.591264694929123 16.625898342579603 28107.54775570333 219.52501027286053 652.45914123952389 1187.8515127748251 8733.8238984048367 1848.0328205376863 99.236328795552254 436.68411492183805 62.250664386898279 116.44002518802881 61.662715509533882 69.303065780550241 62.037578329443932 253.57636779174209 160.61720775067806 275.58450125902891 347.87240680679679 75.329472154378891 690.81373065710068 530.94282080978155 67.401370275765657 467.83724605664611
leaf_count=7218 16946 19160 8147 14528 32681 2416 2409 524 129902 1113 3407 6033 73659 17034 727 3660 618 1158 541 724 437 1986 1273 2177 2973 599 5441 4048 548 3730
internal_value=0.000156912 -0.00599696 0.000552638 -0.0154763 -0.00419198 -0.00675319 0.00256155 0.01701 0.00117913 0.0031964 0.00623901 0.00898637 -0.000667428 -0.00170052 -0.000825565 -0.00247072 0.00204336 0.013195 -0.00411164 -0.00202243 -0.0143326 -0.0015251 0.000520323 -0.00269727 0.00421676 -0.00477646 -0.00406135 -0.000785993 0.00821338 -0.00820106
internal_weight=51133.5 3087.77 48045.7 491.48 2596.29 232.575 103.082 55.2172 31745 3637.43 2059.84 1407.38 16300.7 7566.92 5563.96 3537.24 2026.72 178.691 2002.96 3438 131.341 3306.66 1831.33 979.368 851.958 818.751 1475.33 784.519 504.085 543.167
internal_count=365817 78936 286881 27095 51841 12567 5349 2933 148602 18700 10553 7146 138279 64620 47133 28323 18810 1776 17487 27596 1161 26435 14960 7779 7181 6506 11475 6034 4208 4329
cat_boundaries=0 1 2 3 4 5 6 7 8 9 10 11 12 13
cat_threshold=27894376 20268044 48 21879872 41 2097280 26809030 6 48 17891332 9441350 65730 17895940
is_linear=0
shrinkage=0.05


Tree=86
num_leaves=31
num_cat=15
split_feature=2 2 2 15 14 9 15 2 1 15 6 15 15 2 15 15 12 6 6 3 4 15 15 1 0 15 6 15 15 10
split_gain=52.0716 20.9102 11.5214 8.66948 7.73291 7.59649 10.5694 7.43512 10.0112 12.9557 10.6579 13.6031 13.2643 8.04638 7.66525 7.33994 7.56778 7.29729 7.45557 7.16693 6.96339 15.6665 7.96526 12.8725 10.3243 10.1458 7.81444 8.61584 8.29137 8.70525
threshold=-3.2944207191467281 -1.4426936507225034 -4.1308522224426261 0 1.0000000180025095e-35 -1.0000000180025095e-35 1 -2.1838592290878291 2 3 0.063749998807907118 4 5 -2.5426402091979976 6 7 -0.010833333246409891 0.023750000633299354 0.048750000074505813 0.25949838757514959 0.21499999612569812 8 9 10 11 12 -0.0062499998603016129 13 14 5.1549999713897714
decision_type=2 2 2 1 2 2 1 2 1 1 2 1 1 2 1 1 2 2 2 2 2 1 1 1 1 1 2 1 1 2
left_child=2 7 -1 4 -4 6 17 8 10 -10 12 -12 -2 14 -14 16 -7 -3 -19 -6 22 -22 -9 24 -24 -26 28 -28 29 -25
right_child=1 5 3 -5 19 15 -8 20 9 -11 11 -13 13 -15 -16 -17 -18 18 -20 -21 21 -23 23 26 25 -27 27 -29 -30 -31
leaf_value=-0.028343439184913239 -0.0052987190272913605 0.0035141305985475352 -0.0087772260810982643 -0.01428483567674268 -0.0156766731581897 -0.0022694308174663904 0.0010095004482847708 0.00062979006174073023 -0.0093424946657638189 -0.0018619818065309613 0.037143500167452707 -0.0071772162019020499 0.0034207524397366347 0.0040350635629527905 -0.0046105455846958722 0.001353959411285875 0.00084522554115235059 0.013255735387795002 -0.0010032464402669511 0.02077307575275799 -0.0099478209076393348 0.017018378295044104 0.0036610925302402206 -0.0067773232039830657 -0.00974459154294436 0.0018138866889740432 0.0025916508436969188 -0.0030044898608040994 -0.0076480936546997474 0.0074475102626990189
leaf_weight=106.05739677604288 1244.9882272463292 2896.7062892913818 120.73853290174156 435.97345610428602 16.277394015341997 3749.9898533523083 6166.1965256780386 7826.1270433291793 977.84072062186897 1438.3669230025262 28.678734056651592 29.771294001489878 455.90297658182681 1160.4537778794765 809.37615547142923 10993.00059685111 4059.5853898823261 395.68641258776188 118.78751456737518 52.633563709445298 73.59230087697506 148.27366281300783 1637.1757368668914 210.44435153156519 333.05765280127525 419.46620112657547 895.89659471064806 2858.5425263047218 1317.5959605947137 215.8470766171813
leaf_count=10010 19374 13311 4547 17238 683 16589 28329 55465 12936 18722 508 516 8490 13611 15132 49634 18569 1832 550 1962 546 1097 12317 1503 2577 3258 6298 20081 9076 1425
internal_value=1.60309e-05 0.000208301 -0.0132086 -0.0105607 -0.00113526 0.00110606 0.00225211 -0.000945534 -0.0024227 -0.00492056 -0.000787218 0.0200355 -0.00113166 0.00102725 -0.00172528 0.000522128 -0.000649732 0.0044803 0.00997233 0.011964 -0.000375664 0.00838064 -0.000500344 -0.00162023 0.0014398 -0.00337441 -0.00295043 -0.00166955 -0.00571988 0.00041665
internal_weight=51193 50461.4 731.68 625.623 189.649 28380 9577.38 22081.4 6145.38 2416.21 3729.17 58.45 3670.72 2425.73 1265.28 18802.6 7809.58 3411.18 514.474 68.911 15936 221.866 15714.2 7888.03 2389.7 752.524 5498.33 3754.44 1743.89 426.291
internal_count=366186 331746 34440 24430 7192 128814 44022 202932 89289 31658 57631 1024 56607 37233 23622 84792 35158 15693 2382 2645 113643 1643 112000 56535 18152 5835 38383 26379 12004 2928
cat_boundaries=0 1 2 3 4 5 6 7 8 9 10 11 12 13 14 15
cat_threshold=9029634 1749260 48 566174 13253738 4920354 1057052 8844576 21137288 22076716 48 41 393808 393728 208
is_linear=0
shrinkage=0.05


Tree=87
num_leaves=31
num_cat=12
split_feature=13 15 14 15 1 0 15 13 11 13 1 4 11 11 12 13 15 13 15 6 6 6 12 5 15 15 6 15 9 0
split_gain=8.34787 12.4544 6.19471 10.7165 8.02232 8.42225 10.2014 7.75652 8.32988 13.2761 8.30634 15.6852 9.97908 8.1701 7.67125 6.7571 7.72987 6.05493 20.2954 5.99195 6.5437 5.92852 5.87687 5.71644 8.25561 5.77373 5.61556 7.3098 5.67926 12.7977
threshold=0.036176396533846862 0 1.0000000180025095e-35 1 2 3 4 -0.024306959472596642 0.32905000448226934 -0.033384878188371651 5 0.15500000119209292 0.39835000038146978 0.47734999656677252 1.0000000180025095e-35 -0.0093553387559950334 6 0.032846935093402869 7 -0.016249999869614836 0.023750000633299354 -0.0012499999720603364 0.0224999999627471 -0.03499999921768903 8 9 0.041249999776482589 10 -1.4999999999999998 11
decision_type=10 1 2 1 1 1 1 8 2 10 1 2 2 2 2 8 1 10 1 2 2 2 2 2 1 1 2 1 2 1
left_child=2 -2 17 7 5 6 19 8 -4 -10 11 -9 22 -12 15 16 -7 -1 -19 -5 -21 -15 -13 24 -16 -25 28 -28 29 -6
right_child=1 -3 3 4 26 14 -8 10 9 -11 13 12 -14 21 23 -17 -18 18 -20 20 -22 -23 -24 25 -26 -27 27 -29 -30 -31
leaf_value=-0.0004068267290056403 0.0013911467639623782 -0.010416165888710032 0.017617098290805568 0.021081213326385882 -0.0024071599591158101 0.013931835636609777 -0.0003033215445196941 -0.0029539462224137053 -0.0080196273282143789 0.01536712815306442 0.00080653891768505824 0.016903561154096251 -0.0025071148737979519 0.018646818149515888 0.0025273494409184683 0.0010564878352189468 0.00079641160117312345 0.025704066011150994 -0.004881779185576556 0.0033885000787775999 0.019792659026478348 0.0019471500313129832 0.0036601467078369505 0.0023746066575482862 -0.020053530199722946 -0.003315008632280229 0.00078708460077720084 -0.011646082150542138 -0.0016458236405987121 0.0096759449049515986
leaf_weight=32192.898651648313 426.7190814698115 458.10061848023906 165.98170691169798 115.41672167275101 512.28531533759087 230.23769658245146 355.91297104023397 298.09494043141603 126.41916306316853 113.17158579826355 5173.3352779438719 388.35680894553661 110.78353331983089 110.99091317690909 71.70439922157675 1963.5700779175386 223.58005612716079 80.685301820747554 127.19704680843279 231.87349090911448 80.954845291562378 101.32171948626637 108.31508172675967 729.05902624037117 85.411461300216615 1112.3183572515845 206.41773052792996 275.26808346621692 4587.5521043157205 367.76171534042805
leaf_count=229464 3367 3594 1110 699 3551 1720 2675 1296 842 768 39658 1790 506 675 517 14895 1603 633 998 1785 775 808 546 7396 651 11535 1478 2000 25792 2675
internal_value=-2.45162e-05 -0.00483337 6.0354e-05 0.000808356 -0.000142179 0.00129082 0.00602653 0.0023871 0.0090765 0.00306296 0.0019569 0.0063571 0.0110253 0.00120093 0.000435816 0.00233077 0.00781548 -0.000351664 0.0081134 0.0111521 0.0077324 0.0107698 0.0140417 -0.00185419 -0.0109473 -0.00106728 -0.00139479 -0.00656136 -0.000939937 0.00273513
internal_weight=51131.7 884.82 50246.9 17846.1 11149.3 5200.04 784.158 6696.77 405.572 239.591 6291.2 905.55 607.455 5385.65 4415.88 2417.39 453.818 32400.8 207.882 428.245 312.828 212.313 496.672 1998.49 157.116 1841.38 5949.28 481.686 5467.6 880.047
internal_count=365802 6961 358841 127746 79747 44251 5934 47999 2720 1610 45279 4138 2842 41141 38317 18218 3323 231095 1631 3259 2560 1483 2336 20099 1168 18931 35496 3478 32018 6226
cat_boundaries=0 1 2 3 4 5 6 7 8 9 10 11 12
cat_threshold=30263824 9556552 50 40 6294948 1 4984098 4459926 17180816 525462 17048836 5
is_linear=0
shrinkage=0.05


Tree=88
num_leaves=31
num_cat=9
split_feature=2 10 2 2 15 13 15 3 11 15 3 2 15 3 15 11 2 11 13 2 2 0 10 4 15 4 1 11 15 13
split_gain=54.669 19.7577 19.0737 8.60974 8.03783 7.04053 7.39664 6.57291 6.45601 6.98856 8.2958 6.31136 6.73515 8.57833 6.22184 6.1477 8.33829 6.64254 5.81868 6.21875 6.24609 6.21793 6.28665 5.61041 10.9105 5.55309 5.53875 10.122 6.02665 8.04885
threshold=-3.018058061599731 1.5549999475479128 -2.0538365840911861 -3.9156665802001949 0 0.020051001571118835 1 0.44563561677932745 0.42430000007152563 2 0.39130567014217382 -1.1090694665908811 3 0.041600629687309272 4 0.3530499935150147 -1.0419208407402036 0.18374999612569812 -0.0032656323164701457 -2.9265335798263545 -2.0955358743667598 5 4.7650001049041757 0.20499999821186068 6 0.16499999910593036 7 0.30440001189708715 8 0.005794934695586563
decision_type=2 2 2 2 1 10 1 2 2 1 2 2 1 2 1 2 2 2 8 2 2 1 2 2 1 2 1 2 1 8
left_child=1 -1 5 -3 7 6 8 -5 18 -10 -11 14 13 -13 -4 17 -17 -15 21 -20 23 22 -2 -21 -25 -9 -8 -28 29 -29
right_child=2 3 11 4 -6 -7 26 25 9 10 -12 12 -14 15 -16 16 -18 -19 19 20 -22 -23 -24 24 -26 -27 27 28 -30 -31
leaf_value=-0.035203119091568973 0.026682166322330832 -0.021223552893562113 -0.00098237431634398882 -0.019047571192482574 -0.0033762547944532761 -0.0076483832018291592 -0.0013945546159634657 -0.014878442490613345 0.00062831267444453268 -0.026447502832371485 -0.0026346158787426814 -0.0090917852153955519 0.00051058663108736059 0.0071261810654096487 0.00066607924321734598 0.011000168880556873 0.0034411448610357632 0.00082538473479569366 -0.013949397072403016 0.00055935858809884364 -0.0086084029389438543 0.0025347421957644407 0.0026399593755154736 0.025300964049200965 -0.0051157179485746516 -0.00064492645373480817 -0.0098935914721087394 -0.0083853452061927493 -0.0045203253087485037 0.00896215145001566
leaf_weight=72.199695311952382 65.622102102264762 120.32934635411948 8605.6039535850286 205.06295684352517 649.39381106942892 537.29892501048744 2142.6539238262922 124.43193602561951 175.20742230117321 74.127035565674305 71.338199231773615 152.94526362419128 9790.3608481287956 471.79740944504738 17036.516285359859 430.31383714079857 2365.8642525374889 3577.8104597181082 76.579189300537109 1730.3151051122695 174.06788408011198 401.35012131556869 46.278826970607042 53.527495065703988 52.386054899543524 150.03143791574985 699.42788404412568 94.110398061573505 770.34660534001887 218.73575941100717
leaf_count=6412 785 9559 52108 6226 18638 7284 28530 3444 2102 905 893 641 41216 1985 102347 1920 9843 15055 1527 21357 1586 4722 466 699 685 4401 8230 1060 8873 2544
internal_value=-6.84552e-05 -0.0100983 0.000198004 -0.00859341 -0.00721204 -0.00214709 -0.00171322 -0.0120506 0.000196484 -0.00647394 -0.0140132 0.000606151 0.00135971 0.00254268 0.000112694 0.0028089 0.00461146 0.00156261 0.00102424 -0.000150455 0.000388536 0.00578261 0.0155912 0.00124985 0.012311 -0.00715885 -0.00312616 -0.00518425 -0.00217852 0.00360893
internal_weight=51136 1321.45 49814.6 1249.25 1128.92 7383.37 6846.07 479.526 2920.8 320.673 145.465 42431.2 16789.1 6998.73 25642.1 6845.79 2796.18 4049.61 2600.13 2086.88 2010.3 513.251 111.901 1836.23 105.914 274.463 3925.27 1782.62 1083.19 312.846
internal_count=366043 48680 317363 42268 32709 92248 84964 14071 35727 3900 1798 225115 70660 29444 154455 28803 11763 17040 31827 25854 24327 5973 1251 22741 1384 7845 49237 20707 12477 3604
cat_boundaries=0 1 2 3 4 5 6 7 8 9
cat_threshold=33161392 2835058 2114128 3156838 25207366 56 590354 48 29361152
is_linear=0
shrinkage=0.05


Tree=89
num_leaves=31
num_cat=12
split_feature=12 15 10 10 13 0 15 3 10 4 15 13 15 6 6 15 15 6 15 10 6 15 6 0 0 15 12 9 10 6
split_gain=12.975 12.9098 10.3353 11.0961 7.38323 8.89556 9.95108 7.88657 6.95149 7.04442 17.224 6.90429 15.5991 13.4279 7.42902 8.08818 6.68385 9.59637 6.55252 8.29036 8.28568 6.66061 9.49449 6.61625 6.42319 6.28693 9.00041 7.00269 7.18996 6.95057
threshold=0.070833332836627974 0 1.5549999475479128 1.0000000180025095e-35 -0.023436801508069035 1 2 0.066543053835630431 7.0950000286102304 0.14500000327825549 3 0.018224601633846763 4 0.0037499999161809687 0.018749999813735489 5 6 -0.016249999869614836 7 4.1449999809265146 -0.028749999590218064 8 1.0000000180025095e-35 9 10 11 -0.047499999403953545 -1.4999999999999998 4.2850000858306894 -0.023750000633299347
decision_type=2 1 2 2 8 1 1 2 2 2 1 10 1 2 2 1 1 2 1 2 2 1 2 1 1 1 2 2 2 2
left_child=2 -2 3 -1 5 25 -7 -8 9 10 24 18 13 -13 -14 -16 17 -10 19 20 -11 22 -22 -23 -6 26 -4 28 -27 -29
right_child=1 -3 4 -5 8 6 7 -9 16 11 -12 12 14 -15 15 -17 -18 -19 -20 -21 21 23 -24 -25 -26 27 -28 29 -30 -31
leaf_value=0.009086040352473226 -0.00070967008507182364 -0.0083391747959317298 0.0083056132228374116 -0.026280011332826415 -0.0074573350920105787 0.0050134275729573474 0.0037924775270426906 -0.012837849841238503 0.0046499731289155743 0.016894641285819564 0.00044922396691888063 -0.013203125096625454 0.002332454744426581 -0.0014839530023115343 0.0073357413566786482 -0.0086959638061496741 0.0039576233065315497 -0.0058596246226711056 -0.00054697637609433213 0.0013356718362710672 -0.0078783317024886893 -0.0018984994774830723 0.0042338741921711378 -0.0094295476270699827 -0.002830116056915956 0.026592236897218798 -0.0023499352448653897 0.01181685463434216 0.0077454636744870107 0.0023428488634819437
leaf_weight=30.48332433309406 1332.0336532671936 948.65576016763225 271.36404894385487 71.951174188870937 1031.7622123886831 222.46725693251938 96.19790574349463 265.07141619455069 379.37304618768394 54.434305735863745 4560.0579159273766 503.46452082879841 1287.0606303745881 474.41523567400873 93.278168763034046 337.54544344451278 1838.4538899380714 502.76965106930584 15855.679342110641 13824.756766997278 218.8988169953227 781.62543387711048 602.89283799100667 471.73001880664378 2880.4701452711597 72.096366127952933 718.59112114086747 240.42759914789349 168.31669599749148 969.03339297696948
leaf_count=840 12618 9580 1509 5525 6477 1378 582 1613 1853 423 28169 3524 9376 4110 854 3020 9753 2935 114551 92252 2240 8880 7062 4894 17512 751 4911 1262 1156 6177
internal_value=-0.000242838 -0.00392734 -7.05745e-05 -0.015783 -3.68939e-05 0.00235515 -0.00315697 -0.00818768 -0.000195255 -0.000350449 -0.00164212 -3.32238e-05 -0.0024618 -0.00745615 0.00042739 -0.00523849 0.00225484 -0.00132461 0.00017273 0.00088775 -0.00201441 -0.00252622 0.00098433 -0.00479553 -0.00406951 0.00367334 0.000575987 0.00576608 0.0135701 0.00424258
internal_weight=51105.4 2280.69 48824.7 102.434 48722.2 3023.57 583.737 361.269 45698.7 42978.1 8472.29 34505.8 2695.76 977.88 1717.88 430.824 2720.6 882.143 31810 15954.3 2129.58 2075.15 821.792 1253.36 3912.23 2439.83 989.955 1449.87 240.413 1209.46
internal_count=365787 22198 343589 6365 337224 19339 3573 2195 317885 303344 52158 251186 20884 7634 13250 3874 14541 4788 230302 115751 23499 23076 9302 13774 23989 15766 6420 9346 1907 7439
cat_boundaries=0 1 2 3 4 5 6 7 8 9 10 11 12
cat_threshold=4252286 7 2472520 5686422 10899632 525376 15503360 28712084 2366464 3 6 2923332
is_linear=0
shrinkage=0.05


Tree=90
num_leaves=31
num_cat=4
split_feature=2 2 10 2 2 2 4 3 5 10 10 5 6 1 10 10 2 10 6 9 2 3 0 3 12 2 1 0 3 6
split_gain=53.2817 19.9248 9.3273 8.62228 6.93957 5.77285 9.65856 7.92408 8.15991 8.90357 8.20601 8.45198 10.3224 7.80069 10.8543 10.6872 8.14022 12.795 7.82653 11.4651 10.0792 7.72693 7.57417 7.18832 7.35891 6.284 5.89422 8.71259 11.7188 6.23726
threshold=-3.3981188535690303 -1.5935863852500913 5.0150001049041757 -1.0242411494255064 -4.3136520385742179 -2.4692664146423335 0.21499999612569812 0.057042725384235389 1.0000000180025095e-35 3.2250000238418584 4.0850000381469735 0.014999999664723875 0.0012499999720603369 0 5.4949998855590829 6.4349999427795419 -2.7664501667022701 4.1849999427795419 0.01124999998137355 -1.0000000180025095e-35 -2.5582106113433833 0.17946746945381167 1 0.66631072759628307 -0.0058333333581686011 -2.863643884658813 2 3 0.12956104427576068 1.0000000180025095e-35
decision_type=2 2 2 2 2 2 2 2 2 2 2 2 2 1 2 2 2 2 2 2 2 2 1 2 2 2 1 1 2 2
left_child=4 5 -3 -4 -1 7 26 -2 9 22 11 12 -10 14 18 -16 17 -15 20 -20 23 -8 -9 24 -12 -14 27 28 -7 -28
right_child=1 2 3 -5 -6 6 21 8 10 -11 13 -13 25 16 15 -17 -18 -19 19 -21 -22 -23 -24 -25 -26 -27 29 -29 -30 -31
leaf_value=-0.030200725082010445 -0.014675738794246962 0.0024656505866187191 -0.00038279892073913278 0.0014875276690058997 -0.013059293213160891 0.0035638024727441446 -0.0059252599294028121 0.019154412478488252 -0.013562872053484491 -0.0069344983911441248 -0.011235270932807427 -0.0075860037362651019 0.00073085896939109173 0.024200928339985158 -0.0093550895506367762 0.012471887393830648 0.0023462463218209503 -0.011291157544756562 -0.0032886786984695493 0.022919679422013495 0.042948631593871675 0.014610606393630075 -0.0090760342989676668 0.029270975757367302 0.01455546025335791 0.031746899560959489 -0.0032001894413548415 0.0017764201338782649 -0.0059392715478829815 -0.00051773289099687418
leaf_weight=67.010654344689101 136.38023222237825 7938.0419481322169 13114.372727498412 11620.70256203413 495.99199972394854 484.4195014461875 60.52823231741786 52.409351726993918 34.732820007950068 1110.4230871181935 39.897511521354318 556.7479958795011 27.2814303599298 26.016600031405687 175.39776061475277 80.060318529605865 455.57903274148703 281.64266196638346 152.27481474913657 55.280994661152363 31.485467724502087 175.14525487646461 31.25568662956357 44.368588276207447 80.295902077108622 39.044560510665178 3654.0256272740662 3757.743854817003 973.56933929771185 5323.2929655313492
leaf_count=7103 2495 39275 66739 48197 22884 4410 544 1160 658 19506 756 10842 662 546 3154 1416 6531 5579 2872 1074 431 1515 763 923 1615 626 28522 33194 8807 42980
internal_value=7.00743e-05 0.000240858 0.000974611 0.000495942 -0.0151992 -0.00110299 -0.000665481 -0.00295242 -0.00245544 -0.0057462 -0.000562676 -0.00517186 0.00801713 0.00157332 0.0055016 -0.00247079 -0.00187173 -0.00815292 0.0106706 0.00384385 0.0177863 0.00933088 0.00981886 0.0125141 0.00595061 0.0193841 -0.00083276 0.00050423 -0.00276238 -0.00160825
internal_weight=51075.4 50512.4 32673.1 24735.1 563.003 17839.3 14428.7 3410.57 3274.19 1194.09 2080.11 657.807 101.059 1422.3 659.061 255.458 763.238 307.659 403.603 207.556 196.047 235.673 83.665 164.562 120.193 66.326 14193.1 5215.73 1457.99 8977.32
internal_count=365779 335792 154211 114936 29987 181581 119972 61609 59114 21429 37685 12788 1946 24897 12241 4570 12656 6125 7671 3946 3725 2059 1923 3294 2371 1288 117913 46411 13217 71502
cat_boundaries=0 1 2 3 4
cat_threshold=36 37 48 6
is_linear=0
shrinkage=0.05


Tree=91
num_leaves=31
num_cat=10
split_feature=2 2 2 15 9 13 2 10 15 5 3 15 3 13 0 13 15 15 3 6 14 11 15 11 2 15 6 0 15 11
split_gain=48.0557 18.2306 8.93405 8.09363 8.55036 7.35827 7.41358 7.11277 14.0666 6.68084 6.65569 6.71144 5.8623 5.61444 5.40759 7.37769 23.4139 8.49912 8.80861 8.72697 8.13198 7.82658 7.31887 9.54911 9.36341 7.76372 7.12561 6.90705 9.97702 6.73227
threshold=-2.6072126626968379 -4.1308522224426261 -1.1684695482254026 0 -1.0000000180025095e-35 -0.011550796218216417 -3.6436011791229244 4.0250000953674325 1 0.054999999701976783 0.63005998730659496 2 0.38332597911357885 -0.021760552190244194 3 -0.017826804891228672 4 5 0.60461807250976574 -0.041249999776482575 1.0000000180025095e-35 0.45475000143051153 6 0.2564499974250794 -1.2995878458023069 7 0.051249999552965171 8 9 0.37364999949932104
decision_type=2 2 2 1 2 8 2 2 1 2 2 1 2 8 1 8 1 1 2 2 2 2 1 2 2 1 2 1 1 2
left_child=1 13 14 4 9 10 -7 8 -4 -3 11 -5 -13 -1 15 16 20 18 26 -20 -2 -21 -16 24 27 -26 -17 28 -24 -18
right_child=2 3 7 5 -6 6 -8 -9 -10 -11 -12 12 -14 -15 22 17 29 -19 19 21 -22 -23 23 -25 25 -27 -28 -29 -30 -31
leaf_value=0.017346420001980011 -0.0076574906426534394 0.0028842116936582379 -0.0063450371170268782 0.017599305734693489 -0.0079728861700452333 -0.02110197594750576 -0.0077991957978141395 0.0009703788393072096 0.012133658870173812 -0.011941623809660152 -0.01261373067471969 -0.01423895619281218 0.012115323950960537 -0.030249564996439573 0.00065181418582881351 0.0030881850341414057 0.0060453648406735821 -0.00094498336846216609 -0.015762013939798713 -0.00047464709712744749 0.0042241898097155877 0.010125601192207241 0.012494889081233309 -0.0010830920036118909 0.012705034468362597 -0.004675321199399062 0.015615029873924597 -0.0085379778915770557 -0.0082798429840001114 0.015765506005268447
leaf_weight=5.3801220809109509 400.26878323405981 639.24665539711714 137.56886896491051 62.973319029435515 398.54490287881345 111.70877056848258 1478.6113079274073 18546.586847946048 352.6264912635088 84.215251051820815 59.0052145794034 48.648556005209684 34.261541529558599 91.780471309088171 4342.2228728793561 2499.214900135994 472.07810578867793 8921.9321807995439 86.399592123925686 2833.8442939482629 222.70156420767307 183.52513722702861 95.918340463191271 7094.4050248302519 109.78062249720097 128.21149642765522 117.10621131956577 1120.7388347089291 112.8998855240643 288.5670507363975
leaf_count=527 2682 15387 598 1416 8467 6295 31957 78876 1529 2167 1308 1107 781 9432 31341 17608 3153 62603 578 19808 1481 1278 727 51395 541 636 864 8714 863 1896
internal_value=-9.79508e-05 -0.00621982 0.000286209 -0.00549891 -0.00209307 -0.0075691 -0.00875895 0.00112793 0.00706068 0.00113023 0.00129593 0.00701645 -0.00296978 -0.0273173 -0.000265802 0.000348963 0.00383636 1.91762e-05 0.00152182 -0.00027717 -0.00335636 0.000176371 -0.00102282 -0.00186206 -0.00539348 0.00371551 0.00366038 -0.00702713 0.00142324 0.0096382
internal_weight=51081 3014.38 48066.6 2917.22 1122.01 1795.21 1590.32 19036.8 490.195 723.462 204.889 145.883 82.9101 97.1606 29029.8 16025.6 1383.62 14642 5720.09 3103.77 622.97 3017.37 13004.2 8661.95 1567.55 237.992 2616.32 1329.56 208.818 760.645
internal_count=366015 78844 287171 68885 26021 42864 38252 81003 2127 17554 4612 3304 1888 9959 206168 111951 9212 102739 40136 21664 4163 21086 94217 62876 11481 1177 18472 10304 1590 5049
cat_boundaries=0 1 2 3 4 5 6 7 8 9 10
cat_threshold=12009540 23593280 17314066 33 3700528 1914496 20978018 12092932 16 8439320
is_linear=0
shrinkage=0.05


Tree=92
num_leaves=31
num_cat=10
split_feature=2 2 10 15 2 15 10 13 10 13 15 12 15 2 13 15 15 11 11 12 15 15 5 11 2 15 10 15 10 12
split_gain=33.4592 17.3026 10.4221 10.1115 8.98373 12.3622 8.07796 7.50713 7.89668 7.16505 11.5513 7.09591 11.3813 6.93856 6.79369 7.6448 6.37544 8.31146 6.7854 6.20905 6.07958 6.06904 6.11481 5.84567 8.04324 9.46305 6.91482 6.84299 5.75074 5.58953
threshold=-3.146593332290649 -1.6025270223617551 1.4249999523162844 0 -0.68180623650550831 1 5.805000066757203 0.010484128724783661 5.2149999141693124 -0.029778893105685707 2 0.017500000074505809 3 -3.4728074073791499 -0.035977780818939202 4 5 0.13175000250339511 0.22255000472068789 -0.029166666790843006 6 7 -0.024999999441206452 0.26479999721050268 -1.8064781427383421 8 7.2349998950958261 9 4.7049999237060556 -0.030833332799375054
decision_type=2 2 2 1 2 1 2 8 2 8 1 2 1 2 10 1 1 2 2 2 1 1 2 2 2 1 2 1 2 2
left_child=2 9 -1 7 -3 -6 13 8 -4 10 19 20 -13 -5 -12 -16 17 -11 21 -2 -7 28 -23 24 25 -20 -25 -26 -18 -15
right_child=1 4 3 6 5 11 -8 -9 -10 16 14 12 -14 29 15 -17 18 -19 23 -21 -22 22 -24 26 27 -27 -28 -29 -30 -31
leaf_value=-0.031519609366419968 0.0053730947177286787 0.00054061383091744293 0.00071351317540979111 -0.017329982646236794 0.010012509349894281 0.0034420777460893535 -0.030293207929974648 -0.0065003205857757755 0.029027286862359742 -0.0074050892213208507 0.0035647915394247348 -0.0016612243902052457 0.016234120428204556 0.015075425958271242 0.025792056521618586 0.003204966270002592 0.0033984855792104068 -6.6965472874633866e-06 0.0019355442626077302 -0.01395036437623349 -0.0021584224924705311 -0.0088074090427328212 0.0047539967249019266 -0.0021461156748989138 0.011801188516704642 -0.013963668545250408 -0.012524475426439731 -0.0061103854481654027 -0.013694848732430648 -0.0076199986053465743
leaf_weight=47.825900189112872 64.898980889469385 30155.933049425483 100.12732929410413 202.58390295971185 566.57848964631557 941.36177290976048 58.271230318583548 310.21134507190436 30.703621096909046 397.05791909620166 254.51025524921715 163.94812768697739 186.73338609933853 29.370373653247952 84.839070852845907 82.707271477207541 83.692510509863496 7791.2706161793321 124.99913389980793 109.52042148634791 974.50042802095413 91.424994243308902 761.42133932001889 6401.0985041093081 79.331353582441807 396.71927972696722 162.73514790087938 116.90068488568068 115.17178481817245 203.31960569508374
leaf_count=4910 557 144251 3802 11634 2371 3931 1737 11950 841 4005 2265 675 768 822 750 765 941 76492 1435 1014 4012 860 7706 63362 530 4497 1447 797 1078 5753
internal_value=-5.49867e-05 0.000124354 -0.0091838 -0.00797594 0.000793641 0.0034846 -0.0127839 -0.00222343 0.00769524 -0.00116539 0.00420956 0.00179335 0.00831904 -0.0106044 0.00856022 0.0165218 -0.00135992 -0.000366723 -0.00233226 -0.00641723 0.000600805 0.00141694 0.00324505 -0.0028772 -0.00715586 -0.0103912 -0.00240716 0.00146387 -0.00622877 -0.0046513
internal_weight=51089.8 50107.4 982.413 934.587 32989.1 2833.12 493.545 441.042 130.831 17118.3 596.476 2266.54 350.682 435.274 422.057 167.546 16521.8 8188.33 8333.49 174.419 1915.86 1051.71 852.846 7281.78 717.95 521.718 6563.83 196.232 198.864 232.69
internal_count=365958 324509 41449 36539 156008 11757 19946 16593 4643 168501 5351 9386 1443 18209 3780 1515 163150 80497 82653 1571 7943 10585 8566 72068 7259 5932 64809 1327 2019 6575
cat_boundaries=0 1 2 3 4 5 6 7 8 9 10
cat_threshold=27910214 690178 2396182 25440596 22241320 2938426 27534144 132 10368 13631748
is_linear=0
shrinkage=0.05


Tree=93
num_leaves=31
num_cat=12
split_feature=13 13 15 5 15 1 13 15 12 12 13 11 6 6 15 1 6 1 15 15 15 12 12 15 5 6 6 6 15 12
split_gain=11.8135 16.6682 22.1747 13.7943 8.2419 7.59465 7.39776 16.2431 6.94533 7.04674 5.97024 8.53058 5.77869 8.46766 5.77243 6.45474 5.7679 5.70175 6.74902 6.15671 5.63521 5.17838 5.17465 26.3226 11.8896 9.06418 6.87291 7.53853 7.52557 5.97004
threshold=0.0047678458504378804 0.0036175847053527836 0 0.024999999441206459 1 2 0.0072780344635248193 3 -0.014166666660457848 -0.0025000000605359669 0.00058960419846698653 0.42890000343322759 -0.038750000298023217 -0.026250000111758705 4 5 -0.0037499999161809679 6 7 8 9 -0.0058333333581686011 0.040833333507180221 10 -1.0000000180025095e-35 -0.036250000819563859 0.0037499999161809687 -0.0012499999720603364 11 0.077500000596046462
decision_type=8 10 1 2 1 1 8 1 2 2 10 2 2 2 1 1 2 1 1 1 1 2 2 1 2 2 2 2 1 2
left_child=1 4 5 21 8 -3 7 -2 12 17 11 -11 -1 -14 15 -15 -13 19 -19 -10 -8 -4 -22 25 26 -24 27 -25 -28 -26
right_child=6 2 3 -5 -6 -7 20 -9 9 10 -12 16 13 14 -16 -17 -18 18 -20 -21 22 -23 23 24 29 -27 28 -29 -30 -31
leaf_value=0.013143497836528632 -0.011836079345652074 0.0080077790067855092 0.0046247398842544137 0.036706552676261522 -0.00016803303818453059 -0.011007844352000893 0.00083907750225834627 0.0007141591823736313 -0.0094191712554793396 -0.00016373084290665935 0.0088725463202454363 0.018299249400195727 -0.0051438970127163225 -0.0047868516538536699 0.0068931338514185538 0.0044649369467728668 0.002677560657587637 0.00034987207599086311 -0.01436875946726764 0.0050363890082113626 -0.00039186701806913273 0.019112822743805311 -0.010564053569552185 -0.00032200035585189024 -0.0063663492136801572 0.0032133242233375464 0.004510478873654987 0.017703590243702997 -0.017081236207103705 -0.013710730983802802
leaf_weight=171.85082153975964 435.56034284923226 77.724120425526053 117.77339931530878 75.586722640320659 7600.6161344484426 118.88623045291752 7686.9104041280225 612.60316887591034 91.928491251077503 1694.1484691789374 280.12111271172762 108.60221047792584 241.70913677569479 270.20628053648397 1216.7956191478297 560.7009232765995 128.61196116870269 136.15442643454298 187.31679123500362 241.81827811198309 24222.61801765766 131.43970957351848 126.02738691633567 707.76004293886945 1418.6950130360201 1777.8862964143045 59.916436996776611 61.17420806735754 105.09951537102461 345.12088764552027
leaf_count=982 3117 687 684 624 52225 718 55379 4453 568 13220 2230 718 1226 1718 7495 3421 1054 997 1407 1452 167786 950 1060 5852 13630 15828 547 544 978 3846
internal_value=-2.67011e-05 0.00124462 0.00999214 0.017673 0.000890391 -0.00346236 -0.000482069 -0.00461956 0.00239504 0.000726786 0.00207776 0.00108409 0.00434701 0.00367583 0.0047209 0.00143099 0.00992274 -0.00381163 -0.00838254 0.000865973 -0.000363043 0.0123574 -0.000683716 -0.00222062 -0.00538418 0.00227926 -0.000839745 0.00115427 -0.0100339 -0.00781731
internal_weight=51011.4 13452 521.41 324.8 12930.6 196.61 37559.4 1048.16 5329.96 2868.7 2211.48 1931.36 2461.26 2289.41 2047.7 830.907 237.214 657.218 323.471 333.747 36511.2 249.213 28824.3 4601.68 2697.77 1903.91 933.95 768.934 165.016 1763.82
internal_count=365396 92376 3663 2258 88713 1405 273020 7570 36488 21646 17222 14992 14842 13860 12634 5139 1772 4424 2404 2020 265450 1634 210071 42285 25397 16888 7921 6396 1525 17476
cat_boundaries=0 1 2 3 4 5 6 7 8 9 10 11 12
cat_threshold=21007298 13267112 49 10110664 12603392 20 19 528544 131208 17220 10489914 21038080
is_linear=0
shrinkage=0.05


Tree=94
num_leaves=31
num_cat=9
split_feature=2 2 3 15 11 4 15 4 15 10 6 3 15 3 15 10 11 15 2 15 13 15 15 5 5 13 13 3 2 10
split_gain=35.2829 15.8472 10.2946 9.95623 10.1881 8.36075 11.0249 11.338 10.1541 10.1287 9.90786 8.71576 9.56092 8.31668 9.58099 8.2691 7.82473 9.34992 7.62968 7.50495 6.99895 12.5604 8.68054 9.36794 8.13241 7.63109 6.96485 6.72959 7.04389 8.71561
threshold=-2.3183943033218379 -3.9156665802001949 0.057042725384235389 0 0.32504999637603765 0.15500000119209292 1 0.20499999821186068 2 6.9949998855590829 0.0062499998603016147 0.15356243401765826 3 0.49168446660041815 4 6.6250000000000009 0.40039999783039099 5 -0.91592651605606068 6 0.027348751202225689 7 8 1.0000000180025095e-35 0.034999999217689044 0.020051001571118835 0.020693032070994381 0.021130881272256378 -0.97903856635093678 5.0750000476837167
decision_type=2 2 2 1 2 2 1 2 1 2 2 2 1 2 1 2 2 1 2 1 10 1 1 2 2 8 10 2 2 2
left_child=1 -1 3 4 -3 8 15 18 27 10 13 -9 -13 -10 26 -7 17 -17 -8 -12 22 -22 23 25 -25 -4 -15 -2 -29 -30
right_child=5 2 20 -5 -6 6 7 11 9 -11 19 12 -14 14 -16 16 -18 -19 -20 -21 21 -23 -24 24 -26 -27 -28 28 29 -31
leaf_value=-0.020141776163383446 0.013361309327350641 -0.016733821100158825 -0.0028062635844550792 -0.021972395494529409 0.016248534607719019 0.0018033282343703971 -0.00067453613949801947 -0.0050644523141311244 -0.003282772953042073 0.002135462420274016 -0.0018849526027181188 -0.0046497119991301033 0.011691871860615882 0.0024126927950149594 -0.0023062989797487843 -0.0019579884346064935 -0.0043132216033083008 0.013372520546609918 0.0022210545600383357 -0.013579842121528985 0.0058630702233170027 -0.020117368403647112 -0.0006724716871004628 0.00044073302392376603 -0.0076069525536915806 -0.012990676397259383 0.016417064439100418 -0.00046005627216534861 0.012713895279664668 0.001761089186133556
leaf_weight=145.95826610038057 101.04041627794504 43.933167400769889 289.82830956857651 130.63535840250552 45.757399441674352 9463.3649768568575 13336.280203841627 137.830366846174 4293.5192147605121 1466.9092505574226 256.82515186071396 106.72546328604221 481.8741274997592 1155.9889236316085 1658.255429290235 131.92904186993837 114.57473066449165 427.12849088013172 2740.7581315934658 321.53025998175144 66.44875839073211 132.84823454823345 2544.2860481562093 865.28852041158825 490.46587693784386 507.85319361370057 94.299707181751728 6263.9404271766543 191.45902897417545 2994.8659465312958
leaf_count=14138 580 752 5244 2239 744 55703 82354 952 23469 7383 1430 665 3044 6152 8823 663 570 2145 11202 1771 1336 2743 45759 15841 9477 9439 526 37277 790 12357
internal_value=-0.000128749 -0.00400472 -0.00353677 -0.0140635 7.22815e-05 0.000317423 0.000882086 9.56722e-05 -0.000491806 -0.00167158 -0.00239187 0.00619704 0.00884233 -0.00188484 0.000179596 0.00218315 0.00753018 0.00996412 -0.000180691 -0.00867746 -0.0030576 -0.012191 -0.0026651 -0.00499031 -0.00247756 -0.00930656 0.00346579 0.000651598 0.0005136 0.00242678
internal_weight=51002.4 5263.3 5117.34 220.326 89.6906 45739.1 26940.5 16803.5 18798.6 9247.33 7780.42 726.43 588.6 7202.06 2908.54 10137 673.632 559.058 16077 578.355 4897.02 199.297 4697.72 2153.44 1355.75 797.682 1250.29 9551.31 9450.27 3186.32
internal_count=365568 107712 93574 3735 1496 257856 157298 98217 100558 49554 42171 4661 3709 38970 15501 59081 3378 2808 93556 3201 89839 4079 85760 40001 25318 14683 6678 51004 50424 13147
cat_boundaries=0 1 2 3 4 5 6 7 8 9
cat_threshold=11938312 429362 32055666 5259264 1067532 163840 183296 4475716 21908356
is_linear=0
shrinkage=0.05


Tree=95
num_leaves=31
num_cat=11
split_feature=2 10 2 15 1 15 10 6 3 5 13 15 15 5 15 6 6 3 15 6 11 1 15 2 9 10 15 11 3 15
split_gain=36.4552 10.3644 9.33934 9.09797 6.51418 5.97331 11.1011 9.27846 7.53519 10.2121 7.58053 10.0561 7.04534 6.83945 10.682 6.68074 9.33695 7.83201 6.44257 6.29511 6.50918 6.0989 12.8468 9.71204 7.47091 5.79185 9.00113 6.51397 5.78592 8.19434
threshold=-3.0680031776428218 1.294999957084656 -1.8916326165199278 0 1 2 4.0250000953674325 0.081250000745058074 0.58927932381629955 0.074999999254941954 0.018851527944207195 3 4 0.034999999217689044 5 -1.0000000180025095e-35 0.016249999869614843 0.66923159360885631 6 0.013749999925494196 0.2661499977111817 7 8 -2.5274147987365718 -1.0000000180025095e-35 6.3350000381469735 9 0.28599999845027929 0.098241433501243605 10
decision_type=2 2 2 1 1 1 2 2 2 2 10 1 1 2 1 2 2 2 1 2 2 1 1 2 2 2 1 2 2 1
left_child=1 -1 5 4 -3 6 12 8 9 25 13 -12 -2 14 15 -10 17 -17 -15 20 -16 22 23 24 -8 27 -27 -7 29 -29
right_child=2 3 -4 -5 -6 7 21 -9 10 -11 11 -13 -14 18 19 16 -18 -19 -20 -21 -22 -23 -24 -25 -26 26 -28 28 -30 -31
leaf_value=-0.035275498412646711 -0.011878022376039181 0.00080904539248854383 0.0005526254369646968 -0.011264590795215475 -0.017077982293830053 -0.0064369760015011435 -0.017313970992422646 0.020140604848591665 0.0015668233953436131 0.018873351553492089 -0.0032473583177432836 0.022981085564596406 -0.001787829974357192 0.00042656410700525046 0.0057309513095003851 0.037707206246261497 0.00058509628631558497 0.012310391314860921 -0.013009913284764266 0.0061972958696411284 -0.0073287598015197054 -8.3771403004739628e-05 0.0015991842575209378 0.019927506181005649 0.014390064116130016 0.0059017367101225826 -0.012116345064959396 0.0014449510285711375 -0.00056970481767732568 -0.011139779439890571
leaf_weight=33.970371122471988 241.01510092057288 357.21125687845051 39594.932157121599 710.88438288401812 47.311181218363345 1044.3407469056547 35.490505486726761 44.275517558678985 258.56025004200637 48.465257609263062 67.554621264338493 69.551400979980826 589.05438304506242 176.8172493185848 116.55798376351595 46.748368103057146 87.697988156229258 89.17687545530498 176.48636232875288 162.46126070618629 493.91640243679285 2188.9857942163944 1008.6581266857684 197.10667466744781 34.862244479358196 80.392083328217268 376.21286825835705 211.9811169244349 2080.4516032189131 326.41726709902287
leaf_count=3618 3190 13104 201732 27727 1412 12409 601 546 2973 605 839 856 7421 2118 1354 548 1036 1061 2105 1909 5674 23422 11700 1865 572 845 3891 2450 24385 3747
internal_value=1.19552e-06 -0.00879475 0.000204353 -0.00792657 -0.00171469 -0.00114041 0.000282547 -0.00216282 -0.00234022 -0.00349472 0.000417552 0.0116156 -0.00490332 -0.000550237 0.0011817 0.00692318 0.0133544 0.0214652 -0.00667499 -0.00246617 -0.0048247 0.00152775 0.00425525 0.0137732 -0.00164001 -0.00376689 -0.0090676 -0.00310159 -0.00176761 -0.00637724
internal_weight=50997.5 1149.38 49848.2 1115.41 404.522 10253.2 4295.17 5958.07 5913.79 4168.26 1745.53 137.106 830.069 1608.42 1255.12 482.183 223.623 135.925 353.304 772.936 610.474 3465.1 1276.12 267.459 70.3527 4119.8 456.605 3663.19 2618.85 538.398
internal_count=365715 45861 319854 42243 14516 118122 48771 69351 68805 48332 20473 1695 10611 18778 14555 5618 2645 1609 4223 8937 7028 38160 14738 3038 1173 47727 4736 42991 30582 6197
cat_boundaries=0 1 2 3 4 5 6 7 8 9 10 11
cat_threshold=2188366 49 3393592 29896704 1212416 17303168 12858370 35 1048592 12288 25436676
is_linear=0
shrinkage=0.05


Tree=96
num_leaves=31
num_cat=8
split_feature=2 15 2 2 12 13 4 15 1 2 3 2 15 12 1 4 2 12 10 13 12 5 15 15 5 3 2 13 13 15
split_gain=31.7752 12.1115 8.94478 8.84422 8.11103 6.95978 6.35695 7.81938 9.98088 9.69944 6.29172 7.58947 7.22426 7.04687 6.67115 9.23518 7.08212 6.92951 7.58368 6.33783 6.29411 9.46704 7.59492 5.74347 5.82992 5.46587 5.26325 7.51515 10.238 9.73501
threshold=-2.5426402091979976 0 -3.4728074073791499 -3.9856251478195186 0.0224999999627471 -0.016591232270002362 0.19500000029802325 1 2 -1.3591270446777342 0.74276757240295421 -3.018058061599731 3 0.0058333333581686029 4 0.15500000119209292 -3.146593332290649 0.024166666902601722 4.5850000381469735 -0.027932694181799885 0.047499999403953559 0.044999999925494201 5 6 1.0000000180025095e-35 0.057042725384235389 -0.69920131564140309 0.010919373016804458 0.005386944394558669 7
decision_type=2 1 2 2 2 8 2 1 1 2 2 2 1 2 1 2 2 2 2 8 2 2 1 1 2 2 2 10 10 1
left_child=1 2 5 -3 -4 -1 26 8 9 -8 11 12 14 -12 15 -5 -16 18 -17 -13 -21 22 -22 -15 -25 -9 -2 28 -28 -29
right_child=6 3 4 10 -6 -7 7 25 -10 -11 13 19 -14 23 16 17 -18 -19 -20 20 21 -23 -24 24 -26 -27 27 29 -30 -31
leaf_value=0.013576887285214499 0.00014081182568377885 -0.018851355680295414 -0.003128444238891442 -0.012142471255001147 -0.011904731301789774 -0.022310788700960527 -0.00051619682680748859 -0.0064605875897044626 -0.0055463348109909619 0.02128339411813121 -0.0040611235266707017 0.018585697700038862 -0.011843434085269352 -0.0075568474172737297 -0.018848580890076468 0.0071859538898374729 0.0069395106293114227 -0.00056263756971216368 0.041064700445253621 -0.0029057837284328474 0.01103902084178494 0.030877416742356306 -0.0068700418040781508 -0.0014822207301398314 0.025335418674009725 0.0047275813086846384 0.0020688179354001858 -0.0002686815752973357 -0.012128350793886583 0.01622667668258888
leaf_weight=13.486299696844069 41439.673515882343 75.373627475928515 623.16412110626698 49.497992732562125 456.42611308488995 153.05306807998568 144.05774765089154 113.37974966317415 518.19154823571444 76.934570491313934 98.345951629802585 40.911912012845278 338.55766906682402 25.220247571356595 78.413112835492939 35.410735627636313 38.517367487773299 51.775009776465595 30.76656483579427 907.34518001042306 105.94328128732741 31.34222935885191 108.08776848204434 26.311624940484762 83.194965369068086 2123.910864032805 2611.3070327490568 167.46844887733459 131.49097900092602 192.92772804200649
leaf_count=769 247776 7766 12092 1477 9344 9652 1106 877 3572 347 2115 637 10958 571 2539 1215 895 1717 823 15288 1867 556 1849 573 1877 14233 10800 692 542 800
internal_value=0.000106301 -0.00458298 -0.00847475 -0.00224459 -0.00685401 -0.019278 0.000439149 0.00267552 -0.00177855 0.00688693 -0.00162705 -0.00262064 -0.00708469 0.00607344 -0.000930189 0.00534305 -0.00957495 0.0132063 0.0236792 -0.000282964 -0.000983675 0.00608996 0.00220788 0.0134225 0.0174187 0.00413686 0.000289595 0.00227506 0.00137986 0.0090428
internal_weight=50890.5 3371.14 1246.13 2125.02 1079.59 166.539 47519.3 2976.47 739.184 220.992 2049.64 1816.57 622.938 233.073 284.381 167.45 116.93 117.952 66.1773 1193.63 1152.72 245.373 214.031 134.727 109.507 2237.29 44542.9 3103.19 2742.8 360.396
internal_count=365325 84580 31857 52723 21436 10421 280745 20135 5025 1453 44957 39821 19624 5136 8666 5232 3434 3755 2038 20197 19560 4272 3716 3021 2450 15110 260610 12834 11342 1492
cat_boundaries=0 1 2 3 4 5 6 7 8
cat_threshold=441480 21004330 34 606294 32 12583526 1064978 17637016
is_linear=0
shrinkage=0.05


Tree=97
num_leaves=31
num_cat=11
split_feature=2 2 2 0 9 1 15 15 2 15 11 15 10 10 3 10 0 13 15 2 11 11 0 13 10 13 11 15 6 15
split_gain=27.7567 10.6053 9.75332 7.64569 6.67484 12.0387 15.197 8.73393 7.88927 14.4782 7.68456 7.52716 6.89462 6.69783 8.56537 6.59079 6.67574 6.36176 6.36148 7.13581 6.24338 8.35864 6.14861 8.36764 10.6298 7.03567 7.95444 7.68835 7.02972 9.06834
threshold=-3.146593332290649 -4.1308522224426261 -1.9313741922378538 0 -1.0000000180025095e-35 1 2 3 -0.79870474338531483 4 0.43125000596046453 5 6.1349999904632577 6.8350000381469735 0.74596774578094494 4.8849999904632577 6 0.05157542601227761 7 -0.79870474338531483 0.41114999353885656 0.37125000357627874 8 -0.0020269817905500527 4.8650000095367441 0.040586818009614951 0.29144999384880071 9 -0.018749999813735482 10
decision_type=2 2 2 1 2 1 1 1 2 1 2 1 2 2 2 2 1 8 1 2 2 2 1 8 2 8 2 1 2 1
left_child=1 -1 -2 -3 5 6 12 -6 11 -10 -8 -7 -4 14 -9 -11 -17 -16 19 -15 21 -20 23 24 -13 27 -27 -25 -28 -30
right_child=2 3 4 -5 7 8 10 13 9 15 -12 22 -14 18 17 16 -18 -19 20 -21 -22 -23 -24 25 -26 26 28 -29 29 -31
leaf_value=-0.024878641707469881 -0.0013238472087722341 -0.0044143933417524718 0.0091170076064687033 -0.016864296353403915 0.00084938044573229412 0.0017231242351835457 -0.00075336386474584259 -0.0012556746426799191 -0.0013577750633099936 0.019523638652208297 0.013113454940553585 0.023710359592025203 0.023506482356178832 0.0073629391962135131 -0.0013673484603006927 0.010438063051905229 -0.00083379565689518746 -0.013655221388223907 -0.0012502267217382266 -0.0028110176878680627 -0.008158959444693626 0.0093263997416316389 -0.0014830009297745119 0.0031090819369756786 0.0013424530931328649 0.011129722044087204 -0.01256486504378861 -0.01407024572634475 0.011063414406873173 -0.0044555121777048404
leaf_weight=87.884802125394344 9710.4296882096678 720.20477218274027 562.36634359508753 145.61255215341225 13042.720505222678 5662.3831192031503 755.59979341924191 9603.311829701066 601.83216813206673 126.19341863691807 113.10229195654392 95.134246878325939 97.346659705042839 664.10925746709108 183.39105367660522 414.27807627618313 195.41420504450798 247.02826944738626 971.48337785154581 231.29157765209675 231.1869473233819 229.17567130923271 5326.9943092912436 115.25189968198538 117.76871261745691 212.091188788414 94.271509796380997 134.65016527473927 159.4674594476819 199.69172143191099
leaf_count=9899 116858 25849 3652 5787 65814 29996 4853 49223 2454 511 722 513 567 3334 892 1687 808 1215 4626 949 1095 1091 28337 624 600 1133 486 735 860 1088
internal_value=-6.22419e-05 -0.00850315 9.87785e-05 -0.00678745 0.000440871 0.00127775 0.00546558 -5.28078e-05 0.000796658 0.0044382 0.00106579 0.000394646 0.0111366 -0.00100461 -0.00156592 0.00906473 0.00699139 -0.0084502 0.00141038 0.00468231 -0.000667385 0.000780738 -0.000772294 0.00256335 0.011465 0.000500521 0.00318635 -0.0066207 -0.000561706 0.002641
internal_weight=51051.7 953.702 50098 865.817 40387.5 14983.8 1528.42 25403.7 13455.4 1337.72 868.702 12117.7 659.713 12361 10033.7 735.886 609.692 430.419 2327.25 895.401 1431.85 1200.66 6455.32 1128.33 212.903 915.424 665.522 249.902 453.431 359.159
internal_count=366258 41535 324723 31636 207865 79626 9794 128239 69832 5460 5575 64372 4219 62425 51330 3006 2495 2107 11095 4283 6812 5717 34376 6039 1113 4926 3567 1359 2434 1948
cat_boundaries=0 1 2 3 4 5 6 7 8 9 10 11
cat_threshold=35 48 16130186 21614998 10835030 6233094 21 139816 20 27312640 16818384
is_linear=0
shrinkage=0.05


Tree=98
num_leaves=31
num_cat=11
split_feature=2 12 15 15 13 11 2 13 6 2 13 10 2 11 15 15 13 10 6 15 15 15 6 2 1 6 15 1 15 6
split_gain=25.367 8.34502 8.31922 7.9448 7.50945 7.78983 7.63353 7.35629 6.99176 8.33596 6.79628 6.75741 6.67954 8.454 9.61047 7.08195 7.30824 6.15906 5.78452 5.76847 5.42737 5.42157 7.5356 6.55147 7.48326 5.95737 6.66104 6.19675 6.34181 7.92813
threshold=-3.4728074073791499 0.070833332836627974 0 1 0.017358352430164817 0.3530499935150147 -2.0847131013870235 0.014441969338804485 1.0000000180025095e-35 -1.7602643966674802 0.034347545355558402 4.7449998855590829 -2.3183943033218379 0.46684999763965612 2 3 -0.018474896438419815 4.7650001049041757 0.016249999869614843 4 5 6 -0.043750001117587083 -1.2584189176559446 7 0.071249999105930342 8 9 10 -1.0000000180025095e-35
decision_type=2 2 1 1 8 2 2 8 2 2 8 2 2 2 1 1 8 2 2 1 1 1 2 2 1 2 1 1 1 2
left_child=2 12 7 4 11 -6 20 17 10 -10 -5 -3 13 15 -15 16 -2 19 -4 -1 -7 22 23 -14 -25 27 -27 28 29 -23
right_child=1 3 18 8 5 6 -8 -9 9 -11 -12 -13 21 14 -16 -17 -18 -19 -20 -21 -22 25 -24 24 -26 26 -28 -29 -30 -31
leaf_value=0.014557668465705357 0.013824261934112517 0.0043742211769491187 -0.026487145640466805 0.0044511169404094445 -0.00096224278156381506 0.0082190704028134703 0.014079050860606811 -0.010769914154776763 -0.0045249126405220007 -0.017693040460512073 -0.0066616860789783993 -0.01155636769114822 -0.012518474111451001 0.005314917644095943 -0.017397835985729537 -0.00034085477674394442 -0.0082930540560722001 0.031979156813930744 -0.0097885416063838385 -0.013017298481933696 -0.016191183240076384 0.00083069683437177839 0.0014119426286405183 0.0091914740888685755 -0.0053008843904461742 -0.0016382012723497156 0.015386286238853153 -0.00058176383852663789 0.00038235899208127001 0.0077307887216571756
leaf_weight=23.251108411233872 38.651677835732698 95.256928337737918 124.4326720489189 224.69552274607122 547.50370904430747 35.830199128016829 207.34137316048145 145.69794406415895 269.68869783170521 217.59354708343744 348.55451755318791 212.44218501076102 172.65867984294891 63.223731432110071 151.2327648634091 3636.1140823531896 486.42269310727715 18.402313258498907 93.954773779958487 29.068247799761593 34.00014359690249 986.34720165282488 14284.525558024645 116.87531347572803 277.22951081395149 105.12905578315258 119.63333020359278 18922.588276866823 8252.0507254563272 719.00091931223869
leaf_count=1485 619 1023 7962 1773 4777 530 1245 8930 3649 1224 2818 1576 1156 1066 2541 60782 8457 727 6202 1832 526 5649 79808 499 1202 652 737 104483 47620 4200
internal_value=-1.64274e-05 8.72927e-05 -0.0120139 -0.00292802 1.23609e-05 0.00250025 0.00929769 -0.00420134 -0.0060053 -0.0104534 -0.00230549 -0.00662821 0.000224219 -0.00163835 -0.0112729 -0.00113663 -0.00649544 0.00867726 -0.0186126 -0.000394403 -0.00489594 0.000409696 0.00118659 -0.00445717 -0.000880116 1.28024e-05 0.00808541 -5.05748e-05 0.000958409 0.00372372
internal_weight=50959.4 50524.6 434.807 2192.91 1132.37 824.675 277.172 216.42 1060.53 487.282 573.25 307.699 48331.7 4375.64 214.456 4161.19 525.074 70.7217 218.387 52.3194 69.8303 43956 14851.3 566.764 394.105 29104.7 224.762 28880 9957.4 1705.35
internal_count=365750 338612 27138 19141 9677 7078 2301 12974 9464 4873 4591 2599 319471 73465 3607 69858 9076 4044 14164 3317 1056 246006 82665 2857 1701 163341 1389 161952 57469 9849
cat_boundaries=0 1 2 3 4 5 6 7 8 9 10 11
cat_threshold=27386446 8946238 8619298 20971522 27295752 524850 4379780 17 26741032 49 8651264
is_linear=0
shrinkage=0.05


Tree=99
num_leaves=31
num_cat=10
split_feature=2 2 3 15 1 15 2 15 10 10 13 15 2 10 15 0 5 14 15 4 3 10 14 13 13 5 1 10 13 15
split_gain=24.2138 13.6247 10.2425 17.3166 9.33294 14.9447 9.29345 9.13859 8.38538 8.31666 7.958 9.70544 7.91204 7.3804 7.31726 7.58622 8.29312 7.38099 6.67815 6.28569 9.28975 6.15208 7.23199 5.99665 11.7834 5.88569 5.76346 5.70324 7.85462 18.9252
threshold=-3.6917496919631954 -2.0336883068084712 0.075646378099918379 0 1 2 -0.66397362947463978 3 1.294999957084656 3.9650000333786015 -0.011785007081925867 4 -2.3976842164993282 4.2249999046325692 5 6 0.044999999925494201 1.0000000180025095e-35 7 0.17500000447034839 0.061721723526716239 5.6150000095367441 1.0000000180025095e-35 -0.016591232270002362 -0.026320744305849072 0.014999999664723875 8 4.9549999237060556 0.016004119068384174 9
decision_type=2 2 2 1 1 1 2 1 2 2 8 1 2 2 1 1 2 2 1 2 2 2 2 8 10 2 1 2 10 1
left_child=8 2 3 13 5 12 27 -6 -1 -5 11 25 -4 -2 15 -12 17 -17 -8 20 26 22 -13 24 -10 -7 -15 28 -3 -30
right_child=1 6 4 9 7 10 18 -9 23 -11 14 21 -14 19 -16 16 -18 -19 -20 -21 -22 -23 -24 -25 -26 -27 -28 -29 29 -31
leaf_value=-0.044141477233223203 -0.011257554809241309 0.0013592195014301405 -0.0081901743097152254 -0.026941967472139301 -0.0051987282886123932 0.010231389147060121 0.0072706435759390484 -0.0008015363618726957 -0.026073500089035195 -0.010208024413139756 0.0012563565358344724 0.015126473670476426 0.0010661477973415889 0.017571560327084245 -0.00088551579690298004 0.0026112169003079024 0.032067390893631108 0.019402232509760288 0.0014979289212380103 0.018207788186338326 -0.017862200303162632 0.0039965217804206503 0.041621228167694445 -0.015151652437169413 0.049055675475652323 -0.012539578363707041 -0.0031291284151020397 -0.00035790981758379559 0.0035651115506031895 -0.010520237537354073
leaf_weight=22.131743822712451 79.437550426460803 10464.667068138719 569.10801219753921 92.139533812180161 2163.0982107548043 54.724923171103001 702.69704826176167 2617.9858002411202 8.1529856189154106 380.81421479023993 465.79761943034828 70.370923204347491 386.80512047559023 57.974242735654116 1023.2605186803266 191.25081736408174 41.010802934877574 98.106229208409786 1740.8278090655804 72.705766346305609 46.21848513558507 46.942747376859188 42.618013178929687 202.96105572767556 9.0252598691731674 54.80649178288877 63.941871710121632 28284.787037268281 477.02220068126917 458.31226573884487
leaf_count=3073 1324 60512 11848 1651 29114 775 2948 35365 560 4687 7580 1081 3967 603 16254 2938 708 1521 7248 888 591 613 634 15597 625 810 821 145787 2922 2836
internal_value=-0.000239221 -0.000163621 -0.00197464 -0.0073815 -0.00142486 0.000740042 0.000206975 -0.00279899 -0.0159437 -0.013288 0.00310588 0.011108 -0.00440427 0.0017277 0.00192689 0.00547714 0.0111755 0.0083983 0.00319846 0.00613927 0.000767842 0.018306 0.0256701 -0.0127369 0.014398 -0.00108577 0.00800481 2.26272e-05 0.000966683 -0.00341861
internal_weight=50989.7 50747.4 8619.12 793.232 7825.89 3044.8 42128.3 4781.08 242.271 472.954 2088.89 269.463 955.913 320.278 1819.43 796.165 330.368 289.357 2443.52 240.84 168.135 159.932 112.989 220.139 17.1782 109.531 121.916 39684.8 11400 935.334
internal_count=365881 346026 123773 10565 113208 48729 222253 64479 19855 6338 32914 3913 15815 4227 29001 12747 5167 4459 10196 2903 2015 2328 1715 16782 1185 1585 1424 212057 66270 5758
cat_boundaries=0 1 2 3 4 5 6 7 8 9 10
cat_threshold=12466176 36 4472448 9691468 3211572 19071244 17 1608002 14 23614044
is_linear=0
shrinkage=0.05


Tree=100
num_leaves=31
num_cat=7
split_feature=2 2 15 5 10 10 11 3 11 13 0 10 15 11 15 3 15 3 3 15 11 0 2 6 3 13 10 10 10 3
split_gain=18.3615 11.2073 8.7294 11.7226 6.86564 6.20094 8.9255 7.68212 7.4815 6.26533 7.51157 6.82041 7.39645 6.38977 10.2789 7.91575 6.14118 5.94156 8.51489 5.90175 9.12702 11.1184 7.63171 6.42893 6.2619 7.36861 6.13509 6.00889 9.31537 6.01378
threshold=-3.6917496919631954 -2.24220860004425 0 -0.024999999441206452 4.2650001049041757 3.8349999189376835 0.20059999823570254 0.3365705013275147 0.2661499977111817 -0.0051713888533413402 1 6.7750000953674325 2 0.28855000436306005 3 0.63321080803871166 4 0.54107993841171276 0.43367022275924688 5 0.33904999494552618 6 -3.4728074073791499 0.041249999776482589 0.57549032568931591 0.023841810412704948 4.8650000095367441 5.3150000572204599 4.8849999904632577 0.24551428109407428
decision_type=2 2 1 2 2 2 2 2 2 8 1 2 1 2 1 2 1 2 2 1 2 1 2 2 2 8 2 2 2 2
left_child=-1 2 3 4 -2 6 7 -4 -8 10 13 19 -13 14 -7 17 -12 18 -15 20 -11 24 -21 -24 25 -22 -27 28 29 -23
right_child=1 -3 5 -5 -6 9 8 -9 -10 11 16 12 -14 15 -16 -17 -18 -19 -20 22 21 27 23 -25 -26 26 -28 -29 -30 -31
leaf_value=-0.013702981252214528 -0.00033527485696564384 0.00037559272211474035 -0.004003329172937011 -0.0035114409581909773 -0.023180847872308102 0.00030945063795096317 -0.019567662898994587 0.030154505436249691 -0.0043225170840377877 -0.0010348892993238526 0.0083130730662521954 0.005436323171219933 -0.017561072069305014 0.012901454847624448 0.032612491469148248 -0.0062742388795308697 -0.013769829622520255 0.026513988137387642 -0.013760545257851992 -0.024537724151477789 0.0019147936538946187 -0.015090888571651549 -0.0005902656496710564 -0.013939810093826855 0.0072494329952954954 0.015911683858776202 0.041533387528664721 -0.017215762996974134 0.025360635177525372 0.010672464916770874
leaf_weight=239.71922205388546 44.517445217818022 45022.11347290501 32.643009013496339 1742.9764593401924 124.51754914969206 52.014523077756166 92.695784837007523 30.379162944853306 550.79174813628197 660.22672920487821 41.989172665402293 48.346047081053257 100.69379884377122 111.59365374408662 48.997183745726943 101.20339597575366 72.249496836215258 44.439028058201075 38.846165485680103 35.265832301229239 33.81150091253221 54.705634113401175 1211.5959495678544 95.460477836430073 149.16705766320229 50.987426595762372 48.56350501999259 46.479337334632874 33.202711623162031 35.910811731591821
leaf_count=20021 1020 249610 691 29916 2016 780 1851 592 10965 10522 580 747 1484 1645 756 1560 986 662 595 1305 534 889 19129 1515 2447 825 700 662 486 563
internal_value=4.49426e-05 0.000110411 -0.00197105 -0.0047171 -0.0172385 -0.000581782 -0.00480549 0.0128831 -0.00657244 0.000376564 0.00542536 -0.000618082 -0.0109306 0.00854644 0.0195034 0.00498929 -0.00563445 0.0108429 0.00592665 1.62706e-05 0.0026926 0.00816717 -0.00220726 -0.00158505 0.0139464 0.0222496 0.0289824 -0.00215571 0.00351001 -0.00487102
internal_weight=50996.1 50756.4 5734.27 1912.01 169.035 3822.26 706.51 63.0222 643.488 3115.75 511.333 2604.42 149.04 397.094 101.012 296.082 114.239 194.879 150.44 2455.38 1113.05 452.828 1342.32 1307.06 282.529 133.362 99.5509 170.298 123.819 90.6164
internal_count=366054 346033 96423 32952 3036 63471 14099 1283 12816 49372 7564 41808 2231 5998 1536 4462 1566 2902 2240 39577 17628 7106 21949 20644 4506 2059 1525 2600 1938 1452
cat_boundaries=0 1 2 3 4 5 6 7
cat_threshold=30147202 19 135212 2141464 188736 3220560 49
is_linear=0
shrinkage=0.05


Tree=101
num_leaves=31
num_cat=4
split_feature=2 2 10 4 2 9 10 10 2 11 10 12 1 11 12 0 11 12 5 2 12 3 11 4 5 3 12 12 0 0
split_gain=18.8519 12.1385 6.12195 5.42759 6.71672 5.88105 10.0943 8.29648 5.31803 5.99705 7.1179 6.97646 5.87358 12.3402 7.12788 6.86534 5.93458 5.83654 6.12071 5.59112 5.10921 5.02348 6.46796 5.41013 7.65091 7.71646 6.46134 6.12805 6.6005 5.92098
threshold=-3.4342366456985469 -1.6025270223617551 1.4249999523162844 0.15500000119209292 -0.68180623650550831 -1.4999999999999998 4.9549999237060556 4.4649999141693124 -1.3503937125205991 0.32905000448226934 5.6549999713897714 0.019166666083037857 0 0.21804999560117724 -0.024166666902601715 1 0.24009999632835391 -0.090833336114883409 0.014999999664723875 -1.4507614970207212 0.015833333600312475 0.021130881272256378 0.36634999513626104 0.21499999612569812 0.044999999925494201 0.15356243401765826 -0.12583333253860471 0.1225000023841858 2 3
decision_type=2 2 2 2 2 2 2 2 2 2 2 2 1 2 2 1 2 2 2 2 2 2 2 2 2 2 2 2 1 1
left_child=2 21 -1 5 -5 6 7 -3 9 10 11 19 15 14 -14 -10 -15 -18 -19 -7 -6 22 -2 26 -25 -26 -23 29 -29 -28
right_child=1 3 -4 4 20 8 -8 -9 12 -11 -12 -13 13 16 -16 -17 17 18 -20 -21 -22 23 -24 24 25 -27 27 28 -30 -31
leaf_value=-0.029281163195461663 -0.014977881743969565 0.0010387322391122061 -0.008172603194937714 0.001055901764277109 0.0035224808484413772 0.016781432406300541 -0.00060267537732219129 0.016010534451838199 0.0077862234433776177 -0.0046483457193671291 -0.0023977210305758377 -0.004019465366813438 -0.0017083357526593132 -0.010624992779257686 0.010338029979638721 0.00085963582927976441 0.008089832191873824 -0.0022888492940428113 0.0045418916181781295 0.0021083213439483839 0.012553314634120995 0.016266031481470506 0.0040538923900914426 0.020349308434045574 -0.015448464645641756 0.0057399928483116988 0.0018482511600123042 0.018072136231868704 -0.0043518726354628027 -0.0013747305706165282
leaf_weight=35.827883780002594 133.92765326611698 154.3515453338623 430.8881239942275 17098.067370161414 955.47578975558281 147.15491227805614 526.3867464363575 230.12917339801788 371.39090755581856 1316.6731328740716 823.06762729585171 122.00839385390282 186.82013088464737 180.17995500564575 353.51681126654148 5515.8702206909657 153.87880703806877 4166.002820417285 354.11129733920097 116.11013735830784 186.12525090575218 52.42226629704237 65.408210618421435 66.647982983849943 51.302240584976971 219.98002897389233 1563.237402995117 73.330686973407865 51.801175337284803 15202.871878571808
leaf_count=4694 1143 778 23971 82424 3981 874 2508 1124 1695 7572 4728 726 802 787 1563 24402 665 18226 1557 630 770 494 535 814 737 2700 15449 880 623 157857
internal_value=7.01968e-05 0.000162945 -0.00991105 0.000727842 0.00130417 1.35127e-05 0.00390032 0.0100365 -0.000243437 -0.0023167 0.000227471 0.00581914 0.000220915 -0.000970009 0.00618209 0.00131154 -0.00177035 -0.00142461 -0.00175195 0.0103747 0.00501424 -0.000902034 -0.00875474 -0.000810454 0.00543542 0.00164931 -0.000935651 -0.000990956 0.009946 -0.00107376
internal_weight=50905 50438.3 466.716 32957.3 18239.7 14717.7 910.867 384.481 13806.8 2525.01 1208.34 385.273 11281.8 5394.51 540.337 5887.26 4854.17 4673.99 4520.11 263.265 1141.6 17480.9 199.336 17281.6 337.93 271.282 16943.7 16891.2 125.132 16766.1
internal_count=365709 337044 28665 155812 87175 68637 4410 1902 64227 14530 6958 2230 49697 23600 2365 26097 21235 20448 19783 1504 4751 181232 1678 179554 4251 3437 175303 174809 1503 173306
cat_boundaries=0 1 2 3 4
cat_threshold=26 8 5 48
is_linear=0
shrinkage=0.05


Tree=102
num_leaves=31
num_cat=10
split_feature=2 2 10 15 6 15 10 15 0 15 14 2 6 2 0 13 13 15 2 13 15 13 4 10 13 9 15 12 13 15
split_gain=13.9935 8.68637 7.11 6.79405 5.89058 19.3111 7.71249 7.55327 6.93784 5.79972 5.7933 6.65727 6.35253 6.00114 5.70534 7.48514 5.85521 5.51649 5.82538 5.38203 7.43419 10.0194 6.8981 6.84582 10.3323 6.77142 5.35683 5.10051 4.90436 14.8039
threshold=-3.6917496919631954 -2.24220860004425 1.5549999475479128 0 -0.011249999981373547 1 5.5150001049041757 2 3 4 1.0000000180025095e-35 -2.8045789003372188 -0.036250000819563859 -2.5274147987365718 5 -0.015103398356586693 0.011135498993098738 6 -2.822860479354858 0.010236651636660101 7 0.0038035582983866338 0.19500000029802325 4.5650000572204599 -0.018150531686842438 -1.4999999999999998 8 0.035833332687616355 -0.022979404777288433 9
decision_type=2 2 2 1 2 1 2 1 1 1 2 2 2 2 1 8 8 1 2 8 1 10 2 2 10 2 1 2 8 1
left_child=2 4 -1 -4 5 10 14 19 9 -9 12 -12 -2 -13 16 -16 -7 -10 -19 20 21 22 -6 24 -22 -26 -15 -11 29 -3
right_child=1 28 3 -5 7 6 -8 8 17 27 11 13 -14 26 15 -17 -18 18 -20 -21 23 -23 -24 -25 25 -27 -28 -29 -30 -31
leaf_value=-0.031965784570448186 -0.015928721516890173 -0.0018225712752196321 -0.020221370774077489 -0.00094476338752423313 0.0029486148680372849 -0.01566277835794215 -0.019053220364673957 -0.0042038606543804658 -0.010499637434256932 0.005557543334037256 0.024249628454717578 -0.011306021685083946 0.00094793327512821132 0.019774153777758378 0.012400221804079957 -0.014230329644150939 0.009074687879664466 -0.011665121676648595 0.0001320752434351533 -0.00046663780407109676 0.012857929671277369 0.031791717592458135 0.026919146325706789 0.0066034762415549154 -0.026919774213309051 -0.0047244270591533088 -0.0030363940845329934 -0.0036987713508221383 0.00020437746746822342 0.0054235209176063705
leaf_weight=36.070332930888981 64.564374195411801 1223.7770569398999 62.002988128457218 135.6103519173339 186.78897911310196 30.742770868353546 208.41625868156552 563.47689024824649 412.78555345255882 466.52287940401584 48.904465415515006 46.455346208065748 342.34498859010637 46.836538165807724 28.147915819659829 234.89142292458564 87.04919352568686 137.24148901738226 420.94644201174378 1633.818415206857 51.209722124971449 47.735339440405369 33.915203153155744 216.41743311285973 52.444212762638927 96.164849651046097 46.725668027997017 216.45085819065571 42093.446768522263 1641.1003524884582
leaf_count=5257 1340 6514 4787 9894 2890 533 3034 9736 6974 7782 1173 728 5476 557 456 4211 1533 3618 5688 27996 872 816 582 3292 952 1721 559 3933 234151 8602
internal_value=5.06162e-05 0.00010714 -0.0121046 -0.00819534 -0.00172754 -0.00486339 -0.0111619 -0.000906473 -0.00298368 -0.000495362 0.00154292 0.00875596 -0.0017947 0.00307914 -0.00705781 -0.0108974 0.0022748 -0.00613292 -0.00275069 0.00108921 0.00480828 0.0110706 0.00684079 0.000460219 -0.00617005 -0.0128106 0.0103088 0.00258403 0.000340671 0.00234169
internal_weight=50913 50679.3 233.684 197.613 5721 1185.08 589.248 4535.92 2217.42 1246.45 595.831 188.922 406.909 140.018 380.831 263.039 117.792 970.973 558.188 2318.49 684.676 268.44 220.704 416.236 199.819 148.609 93.5622 682.974 44958.3 2864.88
internal_count=365657 345719 19938 14681 96452 19600 9767 76852 37731 21451 9833 3017 6816 1844 6733 4667 2066 16280 9306 39121 11125 4288 3472 6837 3545 2673 1116 11715 249267 15116
cat_boundaries=0 1 2 3 4 5 6 7 8 9 10
cat_threshold=5378706 7706380 25848166 33 7606272 28 99848 157700 6586888 1737558
is_linear=0
shrinkage=0.05


Tree=103
num_leaves=31
num_cat=7
split_feature=2 2 13 15 15 5 11 11 10 12 2 10 12 11 13 6 15 5 2 15 10 12 12 2 10 15 6 15 10 15
split_gain=20.2773 12.7767 6.82588 15.3755 6.30242 11.0493 11.2401 8.55613 7.80848 11.1303 13.6393 13.7807 9.91434 7.47603 7.8606 6.99717 6.7661 6.22495 6.38787 12.3339 5.31949 5.62602 5.5596 5.11472 8.05474 6.72082 7.11934 13.9669 6.59837 6.43329
threshold=-4.1308522224426261 -2.4968943595886226 0.039254503324627883 0 1 -0.03499999921768903 0.3847500085830689 0.26714999973773962 5.9149999618530282 0.049166666343808181 -3.018058061599731 4.5250000953674325 0.062500000000000014 0.55030000209808361 -0.029778893105685707 -0.011249999981373547 2 -0.085000000894069658 -2.4836357831954952 3 5.1749999523162851 0.017500000074505809 0.020833333022892479 -1.1684695482254026 5.9149999618530282 4 -0.046250000596046441 5 7.5450000762939462 6
decision_type=2 2 10 1 1 2 2 2 2 2 2 2 2 2 8 2 1 2 2 1 2 2 2 2 2 1 2 1 2 1
left_child=-1 4 17 -4 5 -2 7 20 9 -9 12 -12 -11 14 16 -10 -6 -3 19 -19 21 -7 -22 -20 29 -26 27 -27 -28 -25
right_child=1 2 3 -5 13 6 -8 8 15 10 11 -13 -14 -15 -16 -17 -18 18 23 -21 22 -23 -24 24 25 26 28 -29 -30 -31
leaf_value=-0.024760857152740623 -0.019204858427393067 0.010737864668460039 0.0086461514751720141 -0.0094147329758959633 -0.0068027621536741805 0.0080503663700068149 -0.0077093546860980246 0.0044949538150863147 -0.02671395585373821 0.027224531933969499 0.010977070063932781 0.049719407389897177 -0.015973281447167888 -0.031356465218251105 -0.0047661572081201583 0.00094720994453207589 0.02409502224908151 0.027885159934139089 -5.5791539143415623e-05 -0.0049337888788451136 -0.025567756445112406 -0.0071646109139868134 -0.0005300582144290724 0.0036048044533691739 0.0017036598692608596 -0.019756734301937334 -0.00090419275788989825 -0.00017018181364835509 0.0068439277297871817 0.0008719684840372637
leaf_weight=79.817616485990584 71.321356113068759 144.16580225527287 148.98429415002465 450.50042735412717 26.484944337513298 114.39832843327895 309.78532273229212 529.74880485143512 28.164756543934345 18.917640436440706 45.532775562256575 47.457382943481207 34.389950911980122 23.756385964807123 1958.0858640791848 93.914845769293606 33.092858109623194 47.420764766633511 27753.46478382498 54.51261005923152 46.765834277495742 125.10178979625925 40.814028312452137 3978.1487404108047 3807.778679266572 133.62839983403683 5593.6863942742348 253.74145404994488 286.9792554974556 4729.6937005072832
leaf_count=9896 2058 930 918 2826 548 2544 6518 11401 498 629 802 786 1157 527 44629 1762 681 612 191416 711 869 2892 803 16949 16149 567 23698 1071 1207 20235
internal_value=0.000110709 0.000150658 0.000367399 -0.00492518 -0.00274266 -0.000270508 0.000694096 0.00301726 0.00580432 0.00790382 0.0200203 0.0313797 -0.000213243 -0.0045412 -0.00421722 -0.00576218 0.013393 0.000435426 0.000403121 0.0127851 -0.00377754 0.000109376 -0.014172 0.000375452 0.00101257 4.99525e-05 -0.000956076 -0.00750537 -0.000523883 0.00212614
internal_weight=51010.3 50930.4 47382.7 599.485 3547.73 1506.31 1434.99 1125.21 798.126 676.047 146.298 92.9902 53.3076 2041.42 2017.66 122.08 59.5778 46783.2 46639.1 101.933 327.08 239.5 87.5799 46537.1 18783.7 10075.8 6268.04 387.37 5880.67 8707.84
internal_count=366289 356393 277289 3744 79104 32719 30661 24143 17035 14775 3374 1588 1786 46385 45858 2260 1229 273545 272615 1323 7108 5436 1672 271292 79876 42692 26543 1638 24905 37184
cat_boundaries=0 1 2 3 4 5 6 7
cat_threshold=9275648 27353190 1053848 1479650 21711108 11535376 890578
is_linear=0
shrinkage=0.05


Tree=104
num_leaves=31
num_cat=9
split_feature=10 15 11 15 11 15 5 5 5 13 15 3 5 13 15 13 6 13 15 12 11 3 5 12 15 15 10 15 5 12
split_gain=7.20343 8.15786 5.98588 11.2639 7.08045 16.9164 6.25088 8.89573 6.0496 7.60774 11.4433 11.4102 6.85536 6.04322 10.5789 10.0106 8.50575 7.26648 18.3918 10.4616 7.21154 7.15665 6.21433 6.14437 8.39866 6.19161 6.50982 5.96688 6.35554 5.90047
threshold=1.6749999523162844 0 0.49885000288486486 1 0.44465000927448278 2 -0.014999999664723871 0.024999999441206459 0.014999999664723875 -0.035977780818939202 3 0.49853946268558508 -0.024999999441206452 0.0047678458504378804 4 0.0072780344635248193 -0.038750000298023217 0.0036175847053527836 5 -0.007500000298023223 0.34514999389648443 0.65137937664985668 -0.014999999664723871 -0.014166666660457848 6 7 5.3150000572204599 8 0.074999999254941954 0.014166666660457851
decision_type=2 1 2 1 2 1 2 2 2 10 1 2 2 10 1 10 2 10 1 2 2 2 2 2 1 1 2 1 2 2
left_child=1 -1 4 6 13 -6 -4 -8 9 12 -11 -12 -7 17 15 -15 20 27 19 -19 -17 -18 -23 24 -24 26 -25 -2 -29 -14
right_child=2 -3 3 -5 5 8 7 -9 -10 10 11 -13 29 14 -16 16 21 18 -20 -21 -22 22 23 25 -26 -27 -28 28 -30 -31
leaf_value=-0.023575598765714328 0.00098139073390715289 0.0014830287271522511 0.016251128686789157 -0.0044785331702439845 0.0069096622044260191 0.0086971644068331803 -0.0041117264706929096 0.014779747616049095 -0.0059929803844868635 0.021250704478291058 -0.010426998416176487 0.014014616407075412 -0.0090531335385108849 -0.0060139243697851204 -0.00292024990132108 -0.01425823266986153 0.00088743208045118571 0.0041946393878454086 -0.0027757685403411777 0.026122382638526256 0.0039604262813368197 0.019007905113595375 0.023043871276514614 0.022310286346444483 0.0013151157496006627 -0.0012121898245457683 0.00082357520736232024 -0.00036826314588722658 0.0091197678011840748 0.0050344196135721376
leaf_weight=56.133120649959892 17134.740318813361 67.40815699333325 92.732939805835485 1551.9789581513032 1247.6984471995384 106.89573720190674 208.9761163694784 86.459671700373292 444.76429005712271 89.971097861416638 107.14423357415944 82.889358477666974 290.95849112514406 501.02062658872455 4104.7631825688295 149.17849495308474 2796.4248768044636 93.092106197029352 260.85243299882859 131.93061917182058 83.65016233548522 83.304845747537911 82.235635166987777 67.394086525775492 99.588850099593401 403.9744130698964 71.969083924777806 20144.996614585165 176.06001090817153 98.142083733342588
leaf_count=3825 120123 4712 562 10109 8284 629 1382 675 3225 564 700 521 1705 3482 30713 911 20828 559 1797 993 496 538 531 631 646 3197 485 140372 1826 683
internal_value=0.000105417 -0.0118568 0.000134977 -0.00258728 0.000243189 0.00285141 0.00494655 0.00147909 -0.0013464 0.00130803 0.00786725 0.000255626 -0.00241157 0.000104271 -0.00110537 0.000617506 0.00148754 0.000373507 0.00643625 0.0164434 -0.00773469 0.00208713 0.00622438 0.0047076 0.0126115 0.00202605 0.0106309 0.000294521 -0.00028503 -0.00549228
internal_weight=50917.3 123.541 50793.8 1940.15 48853.6 2468.46 388.169 295.436 1220.77 776.001 280.005 190.034 495.996 46385.2 8443.5 4338.74 3837.72 37941.7 485.875 225.023 232.829 3604.89 808.467 725.162 181.824 543.338 139.363 37455.8 20321.1 389.101
internal_count=365704 8537 357167 12728 344439 16311 2619 2057 8027 4802 1785 1221 3017 328128 62458 31745 28263 265670 3349 1552 1407 26856 6028 5490 1177 4313 1116 262321 142198 2388
cat_boundaries=0 1 2 3 4 5 6 7 8 9
cat_threshold=12870956 13960192 9354386 16488 18466644 4157700 17843712 49220 6721770
is_linear=0
shrinkage=0.05


Tree=105
num_leaves=31
num_cat=2
split_feature=2 13 2 2 6 12 3 0 9 12 12 5 0 2 3 2 6 5 2 12 6 2 11 13 6 5 6 2 11 9
split_gain=18.5537 10.0411 10.3071 7.26388 7.7491 6.57714 7.29684 7.08049 10.2452 10.3098 6.14634 8.01952 6.2254 6.37562 9.08306 8.97398 9.1161 6.61722 6.14168 6.13642 9.35929 5.64746 6.25215 5.52819 7.74908 5.45443 10.3464 4.91386 7.8922 7.91622
threshold=-3.6917496919631954 0.018224601633846763 -2.7107653617858882 -0.69920131564140309 -0.038750000298023217 0.065833333879709258 0.80691334605216991 0 -1.0000000180025095e-35 0.082499999552965178 0.055833334103226669 0.044999999925494201 1 -1.778772175312042 0.37582696974277502 -1.4343932867050169 1.0000000180025095e-35 1.0000000180025095e-35 -0.74564701318740834 0.060833333060145385 -0.0062499998603016129 -2.2803796529769893 0.30284999310970312 -0.016591232270002362 0.018749999813735489 -0.085000000894069658 -0.15874999761581418 -1.0755372047424314 0.11215000227093698 -1.4999999999999998
decision_type=2 10 2 2 2 2 2 1 2 2 2 2 1 2 2 2 2 2 2 2 2 2 2 8 2 2 2 2 2 2
left_child=23 5 -3 4 -4 10 7 8 -7 -10 25 12 13 14 17 -15 -17 -12 -6 -14 -21 22 -16 24 -1 26 -2 28 -27 -30
right_child=1 2 3 -5 18 6 -8 -9 9 -11 11 -13 19 15 21 16 -18 -19 -20 20 -22 -23 -24 -25 -26 27 -28 -29 29 -31
leaf_value=-0.017879668897829572 -0.0027810412674605617 -0.01408957498211923 -0.011575426036590515 0.0069997113643903769 -0.0014854780968251704 -0.0058964401222946893 0.011923200684911135 -0.0045309589305109511 -0.00097241746187462042 0.016793436796285768 0.0019282654142681464 -0.0094137472813944564 -0.0075256776163355067 0.020640115787991221 -0.011109709697239959 0.011799506342093875 -0.0054979389877644952 0.028590748207330777 -0.015729272193584679 -0.0080814584187179333 0.01775836373892772 -0.011723150390231874 0.014998495354285601 -0.016543771471869459 0.040323437951854599 -0.0038356302031190333 0.02239839465239123 0.00097855675660312911 0.0017983504015424518 -0.00038238913329592358
leaf_weight=10.191848715301605 83.901322834193707 178.91192438732833 214.69658683240414 215.6753890812397 3270.3293439429253 237.87397644482553 83.857959317043424 1691.8962881099433 166.65247871540487 157.73584527242929 49.925141534768045 102.51688767876476 166.48846724443138 158.38957980275154 35.909480627626181 235.68010737001896 110.6603629142046 42.104468027129769 75.504825428128242 60.255679856054485 78.849047971889377 112.16517004370689 56.465257214382291 210.26709489896894 8.9891477222554368 1395.2885593762621 76.699474605731666 13696.101418271661 5086.7512779124081 22836.453735369258
leaf_count=809 1270 4656 1226 894 21979 2474 708 15027 1248 1286 630 1032 1402 1009 666 1097 525 580 303 474 726 986 1042 18511 674 10965 638 57209 44943 170882
internal_value=-7.56461e-05 -1.11389e-05 -0.00242948 -0.00186987 -0.00241076 0.000193671 -0.00238993 -0.00293249 0.00192266 0.00771631 0.000329867 0.00384244 0.00508495 0.00734542 0.0016025 0.0108452 0.00627291 0.0144753 -0.00181612 -0.00105594 0.00660949 -0.0042735 0.00482891 -0.0142 0.0106291 0.000231301 0.00937171 0.00019674 -0.000168527 1.49751e-05
internal_weight=50907.2 50677.7 3955.12 3776.21 3560.53 46722.6 2338.02 2254.16 562.262 324.388 44384.6 1209.41 1106.89 801.3 296.57 504.73 346.34 92.0296 3345.83 305.593 139.105 204.54 92.3747 229.448 19.181 43175.2 160.601 43014.6 29318.5 27923.2
internal_count=365871 345877 29058 24402 23508 316819 20743 20035 5008 2534 296076 10169 9137 6535 3904 2631 1622 1210 22282 2602 1200 2694 1708 19994 1483 285907 1908 283999 226790 215825
cat_boundaries=0 1 2
cat_threshold=12 35
is_linear=0
shrinkage=0.05


Tree=106
num_leaves=31
num_cat=5
split_feature=2 11 2 1 14 11 13 5 5 0 12 2 5 10 12 10 2 0 13 9 10 11 11 11 1 0 13 12 2 11
split_gain=16.4643 7.88897 6.87667 7.10268 7.10043 8.85281 6.85338 7.82728 8.59092 6.65309 8.54141 6.40842 7.1319 6.16255 8.21694 7.09497 11.3836 7.58566 6.8061 5.74391 7.82247 5.60115 14.1628 5.41248 5.81097 5.88806 5.67708 9.84161 8.21581 6.75286
threshold=-3.5539846420288081 0.49885000288486486 -1.8632881641387937 0 1.0000000180025095e-35 1.0000000180025095e-35 -0.019905935041606423 -1.0000000180025095e-35 0.014999999664723875 1 0.082499999552965178 -2.7471209764480586 -0.014999999664723871 6.5350000858306894 -0.0091666667722165567 4.8250000476837167 -1.0755372047424314 2 -0.0066476084757596246 1.0000000180025095e-35 5.2950000762939462 0.41685000061988836 0.45169998705387121 0.4423500001430512 3 4 0.028919393196702007 -0.025833333842456337 -1.4006915092468259 0.46350000798702246
decision_type=2 2 2 1 2 2 8 2 2 1 2 2 2 2 2 2 2 1 8 2 2 2 2 2 1 1 8 2 2 2
left_child=-1 2 3 4 11 -6 7 -7 -9 10 -5 12 -2 15 -15 16 17 18 -3 -11 -21 -8 -23 -4 -25 -26 27 29 -28 -27
right_child=1 13 23 9 5 6 21 8 -10 19 -12 -13 -14 14 -16 -17 -18 -19 -20 20 -22 22 -24 24 25 26 28 -29 -30 -31
leaf_value=-0.011127563699552406 -0.014556367335145932 0.0095876101717344495 0.00032579626689608813 0.0011774530459612159 -0.011815712426247158 -0.0041227431736049879 0.002802930012177106 0.035917683686681932 0.0089913180657241812 -0.0045775677329757897 -0.01687156548755938 -0.00019958143680076578 -0.0028801863445126735 -0.01602359928218159 -0.0009095362527307574 0.00088379627668346483 0.0094468479059516882 -0.0167582509087486 -0.0078845757236634378 0.018660805472336318 -0.0049598703980497493 -0.015266903811876471 0.011249162712584256 0.0087045532905213018 0.0092157631063337127 0.020294283272738113 0.0062320678869617679 -0.00049972166242144198 -0.0043970513161308115 0.0033729227728795264
leaf_weight=331.02845357358456 155.15130422543734 70.441504489630461 35327.488541036844 1291.5006779823452 106.87660312000662 53.351451026275754 2029.6854738406837 44.180128673091531 88.182033313438296 2573.1991054574028 67.047943204641342 3587.6093550678343 789.62192253395915 191.39851807057858 168.55612809024751 972.85377234406769 97.532702133059502 186.26719100307673 241.58922432549298 62.369828030467033 75.537186443805695 136.62818309199065 77.311722352169454 348.83244702219963 217.68164081126451 124.1044542118907 239.99128189682961 397.44802842289209 729.80217120051384 112.51533736288548
leaf_count=24181 3840 590 178880 14322 1473 590 27354 528 1109 28214 864 38638 18374 939 954 5704 410 1631 2152 633 656 1791 1029 1996 1056 581 1476 1966 3230 521
internal_value=-4.66588e-05 2.63209e-05 0.000150743 -0.000940024 1.99607e-05 0.00213746 0.00276053 0.0119402 0.0183797 -0.00260028 0.000261275 -0.00116532 -0.00482436 -0.00310824 -0.00899026 -0.00174881 -0.00603582 -0.00909192 -0.00378377 -0.00402905 0.00583687 0.00199073 -0.00566932 0.000474774 0.00289717 0.00171955 0.000641251 0.0043169 -0.00175929 0.0123437
internal_weight=50895.8 50564.8 48636.1 11138.3 7068.6 2536.22 2429.34 185.714 132.362 4069.65 1358.55 4532.38 944.773 1928.64 359.955 1568.68 595.831 498.298 312.031 2711.11 137.907 2243.63 213.94 37497.9 2170.38 1821.54 1603.86 634.068 969.793 236.62
internal_count=365682 341501 329121 139415 94726 33874 32401 2227 1637 44689 15186 60852 22214 12380 1893 10487 4783 4373 2742 29503 1289 30174 2820 189706 10826 8830 7774 3068 4706 1102
cat_boundaries=0 1 2 3 4 5
cat_threshold=50 50 3 48 4
is_linear=0
shrinkage=0.05


Tree=107
num_leaves=31
num_cat=12
split_feature=2 15 12 12 15 12 12 11 12 15 9 15 15 2 2 1 0 11 12 12 4 6 0 2 2 15 15 15 4 0
split_gain=16.0921 11.3496 12.2382 8.33397 9.17518 8.32333 12.164 12.7101 5.84106 20.076 6.15139 10.8831 6.44105 8.35012 8.20593 7.26155 10.865 17.0041 8.17908 9.54428 7.78141 6.17279 8.12475 6.61997 5.97567 6.38995 5.57053 5.50902 5.49952 8.0737
threshold=-3.2629365921020503 0 0.039166666567325599 0.070833332836627974 1 -0.025833333842456337 -0.052500000223517411 0.34454999864101415 0.055833334103226669 2 -1.4999999999999998 3 4 -0.47306984663009638 -1.4343932867050169 5 6 0.30785000324249273 -0.0041666666511446229 1.332267629550188e-15 0.16499999910593036 -0.021250000223517414 7 -1.3591270446777342 -1.2502885460853574 8 9 10 0.19500000029802325 11
decision_type=2 1 2 2 1 2 2 2 2 1 2 1 1 2 2 1 1 2 2 2 2 2 1 2 2 1 1 1 2 1
left_child=1 5 -3 8 -5 6 -1 -8 10 24 11 21 14 -14 15 16 17 -12 -17 20 -20 22 -2 -24 25 -10 -22 -18 -16 -30
right_child=3 2 -4 4 -6 -7 7 -9 9 -11 12 -13 13 -15 28 18 27 -19 19 -21 26 -23 23 -25 -26 -27 -28 -29 29 -31
leaf_value=-0.018595020306545678 0.0051448737712899506 -0.0076293335480743605 -0.027215968466620041 -7.3447685665118734e-05 -0.006649319431605987 -0.0031598868927488859 0.0083670616252061077 0.077373056732759765 -0.014314924695440566 0.0075453138116744591 0.015004912429555612 0.0032696566425625875 0.00042085754252323859 0.011228159529156448 -0.00012348784632109736 -0.0049051332051677091 0.0012761428886381892 -0.00040953445509590044 0.014826358379067706 -0.0020370233725042148 0.0075529966127214606 0.00017443290802796025 -0.018486977366414897 -0.0036391674202508151 0.0036946181539496492 -0.0023224588075991381 -0.010316372511615636 -0.009351366624882609 0.00039405951011099028 0.015018594822473953
leaf_weight=11.789713071659206 108.93570274673402 283.20632186438888 110.4672266007401 1251.6394673194736 914.75521337799728 252.04432980716228 15.595042458735408 10.438766437117009 142.76794373244047 1054.5506121497601 273.96668316423893 3930.6662883199751 21336.609512994066 178.24454365670681 10187.120072811842 2629.250790880993 223.87864106893539 508.42156907171011 158.79243330657482 2886.7397506255656 80.992419891059399 2561.4268201328814 143.26246248558164 157.91110371053219 246.38952252268791 445.19960439391434 70.330271704122424 257.91284215077758 267.5952128469944 138.07063844799995
leaf_count=568 803 15129 6007 10412 7986 12730 757 505 1420 8239 3335 30128 132840 821 45825 20444 2276 6077 1223 25051 716 19804 1272 705 1102 4227 605 2645 1237 637
internal_value=4.33569e-05 -0.00756536 -0.012909 0.00014735 -0.00288467 0.000167202 0.0214251 0.0395824 0.00028434 0.003008 0.000172615 0.00154878 -6.97749e-05 0.000511191 -0.000776459 -0.00209316 0.00133898 0.0049495 -0.00283552 -0.00114023 0.00716719 -0.000736731 -0.00641871 -0.0104332 -0.00278797 -0.00555508 -0.000958621 -0.00450198 0.000104372 0.00579893
internal_weight=50839 683.541 393.674 50155.4 2166.39 289.868 37.8235 26.0338 47989 1888.91 46100.1 6902.2 39197.9 21514.9 17683.1 7090.29 1264.18 782.388 5826.11 3196.85 310.115 2971.54 410.109 301.174 834.357 587.968 151.323 481.791 10592.8 405.666
internal_count=365526 35696 21136 329830 18398 14560 1830 1262 311432 14988 296444 52712 243732 133661 110071 62372 14333 9412 48039 27595 2544 22584 2780 1977 6749 5647 1321 4921 47699 1874
cat_boundaries=0 1 2 3 4 5 6 7 8 9 10 11 12
cat_threshold=2744614 9098042 13610112 19052112 12079674 32 3 44 786560 8929810 9961506 5
is_linear=0
shrinkage=0.05


Tree=108
num_leaves=31
num_cat=6
split_feature=15 14 12 6 15 15 12 12 4 13 10 10 6 3 6 13 15 10 6 11 13 0 6 11 10 10 15 10 10 13
split_gain=4.44795 10.0428 7.14958 7.20653 20.5592 6.68515 6.29902 7.44207 6.33415 6.1388 5.98768 9.25482 5.9244 5.75812 5.25691 5.25542 7.94726 5.23758 9.48582 6.28124 7.43344 7.22436 5.15872 4.96224 4.86646 6.57729 6.64731 5.82456 5.23681 10.3013
threshold=0 1.0000000180025095e-35 0.040833333507180221 0.051249999552965171 1 2 -0.085833333432674394 -0.022499999962747094 0.14500000327825549 0.0072780344635248193 6.6949999332427987 6.6050000190734872 1.0000000180025095e-35 0.046943247318267829 -0.0037499999161809679 -0.011052329093217848 3 6.1150000095367441 -0.031249999068677422 0.36379998922348028 -0.026851670816540715 4 -0.0012499999720603364 0.30144999921321874 5.5950000286102304 5.6849999427795419 5 5.8350000381469735 4.6449999809265146 -0.00038741753087379033
decision_type=1 2 2 2 1 1 2 2 2 8 2 2 2 2 2 8 1 2 2 2 8 1 2 2 2 2 1 2 2 8
left_child=1 10 -2 5 -5 9 -3 8 -8 -4 11 17 22 -7 15 -12 -17 19 -19 24 -21 -22 -11 -18 28 -26 27 -27 29 -1
right_child=2 6 3 4 -6 13 7 -9 -10 12 14 -13 -14 -15 -16 16 23 18 -20 20 21 -23 -24 -25 25 26 -28 -29 -30 -31
leaf_value=0.0050184476705744021 -0.0001053197576258918 0.010923455328307526 0.00057686074941664365 -0.01228058494423552 0.020313247834604198 -0.01222542810473423 -0.0073669337938474929 0.0035624819136025293 0.00090736492809884075 -0.0042116334467643462 -0.0043502911186940312 -0.011511413613337299 -0.0090526072792763129 -0.00040300214507539502 -0.0019645785320188871 0.01466307826424296 0.010518099419805263 0.013131663636016075 0.00052178884239594198 -0.0095802226140026814 -0.0094545471557346272 0.0029144281703077455 0.010006249591531995 -0.00087085913140707942 -0.015466946313542196 0.01350140491719394 -0.0067994738227694328 -0.0025860843241676213 0.00057376781613210047 -0.0061050515729204535
leaf_weight=261.75859498512 33022.99638943933 213.95770120806992 474.53457853151485 72.186393257696182 108.01144714094698 104.88221694808453 295.20782126765698 2970.6107847108506 1041.4430439150892 924.07995827822015 116.22357322648168 197.88190752454102 788.04501239722595 2835.8734411848709 357.06891490053385 216.91598242335021 141.50859118439257 175.88943086564541 923.95785027835518 147.27939146570861 115.89686688128859 1628.245290572755 66.638420711271465 285.9346378557384 140.30650531500578 86.191361388191581 527.8166188262403 154.03024977073073 1544.4506560666487 990.18086407659575
leaf_count=2659 226093 1215 4107 922 1289 911 1597 23164 6773 7681 580 1094 8395 25460 2196 1107 739 884 5295 1035 838 12401 610 1511 877 521 3255 918 11222 10521
internal_value=-0.000113579 0.000703904 -0.000380511 -0.00207151 0.00770571 -0.00241355 0.00258801 0.00216908 -0.000928343 -0.00445441 -0.000358873 -0.000909443 -0.0058208 -0.000829852 0.00303271 0.00537777 0.00714046 -0.000592787 0.00255856 -0.00121283 0.00113078 0.00204518 -0.00323707 0.00286428 -0.00240931 -0.00558504 -0.00374432 0.00312106 -0.00137449 -0.00377503
internal_weight=50930 12532.8 38397.2 5374.25 180.198 5194.05 4521.22 4307.26 1336.65 2253.3 8011.54 6893.89 1778.76 2940.76 1117.65 760.583 644.359 6696 1099.85 5596.16 1891.42 1744.14 990.718 427.443 3704.73 908.345 768.038 240.222 2796.39 1251.94
internal_count=365870 90402 275468 49375 2211 47164 32749 31534 8370 20793 57653 51520 16686 26371 6133 3937 3357 50426 6179 44247 14274 13239 8291 2250 29973 5571 4694 1439 24402 13180
cat_boundaries=0 1 2 3 4 5 6
cat_threshold=25199116 4878608 470400 8389120 16 16777220
is_linear=0
shrinkage=0.05


Tree=109
num_leaves=31
num_cat=2
split_feature=2 12 2 10 4 12 2 2 13 1 4 4 2 13 12 11 4 5 11 1 13 11 11 11 10 10 11 10 11 2
split_gain=13.3381 9.89673 8.49155 6.84104 5.96304 6.53861 6.15057 5.76449 6.36552 5.63011 7.66409 6.22068 5.62703 6.85164 5.08009 4.78635 6.96777 10.2939 8.06543 7.29989 6.99158 6.21962 6.07545 6.36099 7.81843 5.91968 10.5754 5.2146 5.03864 4.78554
threshold=-2.7854049205780025 -0.13750000298023221 -4.3136520385742179 6.6849999427795419 0.15500000119209292 0.080833330750465407 -2.2547546625137325 -2.1060417890548702 0.017637765966355804 0 0.13499999791383746 0.14500000327825549 -0.68180623650550831 0.0079326257109642046 0.017500000074505809 0.23825000226497653 0.16499999910593036 0.014999999664723875 0.28235000371932989 1 0.0085467835888266581 0.41955000162124639 0.36705000698566442 0.30020000040531164 5.1549999713897714 4.2449998855590829 0.26714999973773962 5.7349998950958261 0.28135000169277197 -3.2629365921020503
decision_type=2 2 2 2 2 2 2 2 10 1 2 2 2 10 2 2 2 2 2 1 8 2 2 2 2 2 2 2 2 2
left_child=2 -2 -1 15 6 12 -3 8 9 10 -8 -12 -6 14 -14 27 -17 19 25 21 -21 22 23 28 -25 26 -19 29 -18 -4
right_child=1 4 3 -5 5 -7 7 -9 -10 -11 11 -13 13 -15 -16 16 17 18 -20 20 -22 -23 -24 24 -26 -27 -28 -29 -30 -31
leaf_value=-0.023718019227078137 0.013096238138268291 -0.0042505403558265823 -0.016849325998951867 0.010131219577576168 0.00068745477893062507 -0.0036915138862400193 0.023566970083048103 -0.00037113961822487346 -0.011476786427679964 -0.0019282062875678866 -0.0031786969719518133 0.012317104216946505 0.0012923440652881982 0.014153651073281421 0.011631212112604003 -0.0072063166504248259 0.011963864063906697 0.00061313007536846703 -0.0057967379230155925 0.018031347394455773 -0.0094375352718649042 -0.0090326699746461972 0.037436750545349833 -0.0061380390247587624 0.031919099182464342 -0.0034582754853721407 0.043387279059600874 -0.029486638174727443 0.047575095890167611 -0.0025487996825194099
leaf_weight=50.530414009001106 148.4296145401895 994.70942240580916 87.950769685208797 88.163075509481132 27257.527091788128 820.33399223536253 80.202763952314854 18016.647759638727 51.890252113342285 140.65584248676896 108.22216926515102 156.81645485013723 847.70262224972248 150.25649417936802 136.31789872050285 585.69567977404222 25.376879377290606 32.276568903587759 602.53909002337605 29.250314785167575 87.756962871178985 22.48676196532324 31.56176824355498 53.716567933559418 15.832683351822196 50.258429887704551 24.249664568342268 28.652099223807454 16.61336560593918 169.89319234155118
leaf_count=7137 800 13091 4146 2033 177904 6705 763 93088 532 1346 1034 1520 3536 627 566 16899 786 1099 18213 724 2270 703 999 1816 388 1353 818 701 545 3732
internal_value=0.000127348 0.000291182 -0.00386988 -0.00333241 0.000251668 0.000703972 -0.000424208 -0.000218642 0.00487271 0.0066586 0.00991785 0.00601335 0.000831223 0.0042788 0.00274529 -0.00397935 -0.00289206 -0.000335258 -0.00354995 0.00770196 -0.00219832 0.0139398 0.0185851 0.0126853 0.00317561 0.00900121 0.0198188 -0.00990502 0.0275758 -0.00751886
internal_weight=50912.5 48909.7 2002.8 1952.27 48761.3 29212.1 19549.1 18554.4 537.787 485.897 345.241 265.039 28391.8 1134.28 984.021 1864.11 1577.61 991.919 709.324 282.595 117.007 165.588 143.101 111.539 69.5493 106.785 56.5262 286.496 41.9902 257.844
internal_count=365874 301512 64362 57225 300712 189338 111374 98283 5195 4663 3317 2554 182633 4729 4102 55192 46613 29714 21483 8231 2994 5237 4534 3535 2204 3270 1917 8579 1331 7878
cat_boundaries=0 1 2
cat_threshold=52 40
is_linear=0
shrinkage=0.05


Tree=110
num_leaves=31
num_cat=12
split_feature=4 15 15 3 10 15 15 5 1 15 15 6 6 13 11 1 11 14 15 1 13 15 3 13 11 10 13 3 11 15
split_gain=8.39236 11.4509 9.1872 9.01073 15.3778 8.59441 7.85473 7.31996 8.23912 13.2887 11.4734 7.21604 7.05568 6.94319 6.38451 6.21051 6.16812 5.85428 15.093 10.7641 13.1862 11.6818 10.3163 9.68083 9.39146 9.36805 9.22744 7.22728 6.88984 9.72058
threshold=0.15500000119209292 0 1 0.084908861666917815 3.8349999189376835 2 3 -1.0000000180025095e-35 4 5 6 0.0087499998044222611 0.021250000223517421 0.039254503324627883 0.36634999513626104 7 0.40545000135898596 1.0000000180025095e-35 8 9 0.014441969338804485 10 0.55829933285713207 0.0059995148330926904 0.29639999568462377 4.1050000190734872 0.0087452740408480185 0.43367022275924688 0.31745000183582311 11
decision_type=2 1 1 2 2 1 1 2 1 1 1 2 2 10 2 1 2 2 1 1 10 1 2 10 2 2 10 2 2 1
left_child=2 -2 -1 4 6 14 -3 8 9 11 -10 -5 -11 17 -6 -4 -16 28 -19 20 23 -21 24 -20 -23 -26 -25 -27 29 -9
right_child=1 3 15 7 5 -7 -8 13 10 12 -12 -13 -14 -15 16 -17 -18 18 19 21 -22 22 -24 26 25 27 -28 -29 -30 -31
leaf_value=0.00080869586250983862 0.0025112341006771465 -0.0043552425274543784 -0.00030559971634504143 0.0075921386442322188 -0.0012855919650345919 -0.0049016564662932123 -0.026208734013119614 0.00035585243952948793 -0.0041609219442239748 -0.00082013792362020514 0.0031777007825880702 0.019509892151968702 0.0122218402142917 -0.0085358987206629443 0.013467493372245396 -0.002483551934607268 0.00089493308731318261 -0.002718427527956006 0.0046033237481883267 0.0037117394344520389 0.015952645453867782 -0.0081938084030410748 -0.011019427064933454 -0.022960438317428514 -0.0081225962036349918 0.0035156750760727122 0.0011023058438266488 0.019733767964684151 0.00050216256203657863 -0.004226827836049339
leaf_weight=6926.6512008854188 6503.8127888832241 97.803050172049552 6293.8321102475747 473.41608050744981 768.35001711640507 1023.9483245313168 88.052556606940925 2239.6960409181193 811.40676952619106 700.4863048736006 1497.1878751176409 174.40999481547624 119.68339332472533 230.39735240396112 175.02025011368096 6835.7373613081872 217.99806830659509 1716.6885616728105 2302.9436771702021 1172.6376773044467 241.70258719148114 267.79952959157526 316.64368187775835 60.900186807848513 140.05361218424514 361.61497430503368 108.20920208515599 83.19903427362442 6556.4452002989128 2386.5522961686365
leaf_count=44074 50161 1324 47311 3613 5491 7267 1144 17759 5140 5635 9400 1480 939 2028 1205 36533 1481 13792 18287 9536 2013 2073 2887 500 1548 2214 913 608 49952 19334
internal_value=0.000131917 0.00064971 -0.000664192 0.000150901 -0.00277594 -0.00159434 -0.0165045 0.000467195 0.00246966 0.0053799 0.000590201 0.0106864 0.0010948 5.11155e-05 0.00135554 -0.00144075 0.00653363 0.000162241 0.00132218 0.00269477 0.00483366 0.000204302 -0.00331509 0.00375403 -0.000473728 0.00307702 -0.00773033 0.0066239 -0.000540345 -0.00201739
internal_weight=50893.3 30837.1 20056.2 24333.2 2371.17 2185.32 185.856 21962.1 3776.59 1468 2308.59 647.826 820.17 18185.5 1161.37 13129.6 393.018 17955.1 6772.39 5055.7 2713.76 2341.95 1169.31 2472.05 852.667 584.868 169.109 444.814 11182.7 4626.25
internal_count=365642 237724 127918 187563 17912 15444 2468 169651 26207 11667 14540 5093 6574 143444 8177 83844 2686 141416 54371 40579 21713 18866 9330 19700 6443 4370 1413 2822 87045 37093
cat_boundaries=0 1 2 3 4 5 6 7 8 9 10 11 12
cat_threshold=1444864 23138348 2675230 15282444 41 25231518 86674 50 2719760 38 12591840 17420562
is_linear=0
shrinkage=0.05


Tree=111
num_leaves=31
num_cat=5
split_feature=2 3 15 2 13 5 6 3 14 6 13 15 3 9 15 3 15 11 11 9 11 10 13 13 11 2 10 15 6 10
split_gain=14.4399 9.12961 8.89056 8.78698 7.07604 7.91585 8.42399 8.31239 7.25123 8.27539 7.05573 11.9963 8.01575 7.56095 7.20971 6.94478 9.20853 7.08222 8.80491 6.80343 7.88977 7.08743 6.82378 7.60104 6.44909 6.39213 6.19703 10.0264 6.17039 8.06721
threshold=-2.4968943595886226 0.057042725384235389 0 -1.1090694665908811 -0.0053820225875824681 -0.024999999441206452 0.043750001117587096 0.17073614150285724 1.0000000180025095e-35 -0.026250000111758705 0.020359886810183529 1 0.60461807250976574 -1.0000000180025095e-35 2 0.58572006225585949 3 0.24814999848604205 0.27934999763965612 -1.0000000180025095e-35 0.38924999535083776 1.4249999523162844 -0.011785007081925867 -0.002853167941793799 0.37475000321865087 -3.4342366456985469 7.4549999237060556 4 0.021250000223517421 4.5250000953674325
decision_type=2 2 1 2 8 2 2 2 2 2 10 1 2 2 1 2 1 2 2 2 2 2 8 8 2 2 2 1 2 2
left_child=1 -1 19 10 5 -4 7 -7 9 -6 14 12 13 -12 26 17 -17 -10 -19 21 22 -3 -21 -24 -25 -11 -2 -28 -27 -30
right_child=3 2 4 -5 8 6 -8 -9 15 25 11 -13 -14 -15 -16 16 -18 18 -20 20 -22 -23 23 24 -26 28 27 -29 29 -31
leaf_value=-0.016374870875086999 0.00088448053405369503 -0.02536229894145698 0.026488995217910507 0.0013796966860516603 -0.023808467755650112 -0.023630713944256726 0.02410548278475028 0.000631247343329225 -0.021102994893803267 -0.018375285376050526 -0.0089867897698285674 -0.0060433935729132769 0.0096320781953725468 0.0026782304307695665 -0.00057495661350432509 0.016921218508116152 -0.0036277220514867544 0.02070513857583459 -0.0055866322094008745 -0.01844632648216776 -0.015697478802615475 0.0035435399818471327 0.023274633479217433 -0.0027248654718238906 0.022186102776159383 -0.0082938251221880369 -0.0029694813198612915 0.018900441295368102 -0.0065165718763744015 0.012787883528410079
leaf_weight=118.31876828661188 12918.264611676335 19.696241649333388 28.310856787953526 16802.875125154853 80.50183891505003 40.375285800080746 29.217374797910452 210.95850555179641 59.779091152828187 111.25202657841146 207.67055962607265 1206.2014840506017 230.26176368072629 409.84178828448057 15356.695068642497 86.76440790342167 117.90369251882657 34.124829299282283 267.99532398767769 48.144025393761694 111.58385266363621 978.09928963286802 33.303191099781543 362.44634643057361 25.978811515960842 594.15189949795604 93.270026497542858 108.95545198768377 128.43465135339648 90.532083932310343
leaf_count=2555 86842 2245 908 70651 3621 815 800 4727 1588 6706 1574 8821 1605 2885 103365 2238 3148 896 6767 900 2289 23762 645 7692 543 11622 559 657 2660 1717
internal_value=0.000229923 -0.00283197 -0.0023596 0.000461474 -0.00466735 0.00221476 -0.000404949 -0.00342208 -0.00605077 -0.00859727 -4.3928e-05 -0.00287268 0.00169336 -0.00126109 0.000160289 -0.00151989 0.00580622 -0.00567223 -0.00250031 0.000417372 -0.00387109 0.00292335 -0.00100796 0.00106045 -0.000953644 -0.00722401 0.00102046 0.00966341 -0.00565694 0.00150838
internal_weight=50911.9 3577.87 3459.55 47334 1880.3 308.862 280.551 251.334 1571.44 1004.87 30531.2 2053.98 847.774 617.512 28477.2 566.567 204.668 361.899 302.12 1579.25 581.456 997.796 469.872 421.728 388.425 924.371 13120.5 202.225 813.119 218.967
internal_count=365803 88844 86289 276959 48213 7250 6342 5542 40963 26326 206308 14885 6064 4459 191423 14637 5386 9251 7663 38076 12069 26007 9780 8880 8235 22705 88058 1216 15999 4377
cat_boundaries=0 1 2 3 4 5
cat_threshold=27349116 17093464 5944482 527746 5800064
is_linear=0
shrinkage=0.05


Tree=112
num_leaves=31
num_cat=9
split_feature=2 13 13 15 2 13 15 13 10 15 2 15 6 9 15 2 2 10 1 11 2 2 15 2 15 11 14 10 6 15
split_gain=10.9624 7.25685 7.04761 13.1862 6.4981 5.52927 9.77688 8.14453 6.33453 13.8451 8.60367 6.11959 5.95995 5.68185 9.62232 5.66098 7.80446 5.04209 6.67944 4.99022 4.7269 6.18514 5.32526 5.21489 5.95679 7.0784 9.29872 5.03198 5.63344 4.96583
threshold=-4.1308522224426261 -0.021760552190244194 0.036176396533846862 0 -1.3417291045188902 -0.017826804891228672 1 -0.018474896438419815 7.0350000858306894 2 -2.2673600912094112 3 0.036250000819563873 -1.4999999999999998 4 -1.3080294728279112 -1.0149891972541807 4.1449999809265146 5 0.13175000250339511 -0.99737027287483204 -0.77358368039131153 6 -1.2337486743927 7 0.32635000348091131 1.0000000180025095e-35 4.4649999141693124 -0.0012499999720603364 8
decision_type=2 8 10 1 2 8 1 10 2 1 2 1 2 2 1 2 2 2 1 2 2 2 1 2 1 2 2 2 2 1
left_child=1 -1 5 4 -4 6 12 13 -7 15 11 -11 19 14 -8 -10 -17 -16 -19 -2 23 22 -22 24 25 26 -15 -26 -29 -25
right_child=2 -3 3 -5 -6 8 7 -9 9 10 -12 -13 -14 20 17 16 -18 18 -20 -21 21 -23 -24 29 27 -27 -28 28 -30 -31
leaf_value=0.032108623973615955 -0.0062048144831640326 -0.023518002502312004 -0.0032075316900501286 -0.0087174594635862392 0.012247530331791932 -0.00038531436690154153 -0.0041193007472305919 0.012678553530465646 0.0017545952891008785 0.0025941170360002271 0.00082028495201715576 -0.022242401413109673 -0.0049756223796187373 0.001424670592984017 0.022470144798936619 0.020532322834652627 0.0066559687113242842 0.01459930463414583 -0.0027504042389485586 0.0063764843766309018 -0.0013655196256393853 -0.0040558689084197628 0.01054191538955288 -0.0011614350351707731 -0.0120240290018918 -0.0021620838446622915 0.023432241331750436 -0.0069827671899652709 0.0032106122841112639 -0.012388083745814524
leaf_weight=4.6706656222231686 81.97935254406184 68.710196856874973 132.49180756742135 589.19343380490318 136.33257041871548 42293.381475782953 197.48522470612079 116.56853586062789 214.47541947197169 41.775767090730369 2318.4778757467866 58.69859314057976 142.7288725990802 125.02813821984455 64.748133092187345 157.73376312851906 285.90078273415565 105.03211403079331 104.30252084694803 1396.1227609068155 157.60238812863827 259.82495822012424 225.89621947705746 179.18683250248432 166.59446406364441 300.76572292484343 76.189860999584198 281.65285487193614 257.90078485757113 241.55974747240543
leaf_count=534 538 9382 1464 4538 617 302948 1557 768 1592 660 11563 948 1102 1004 726 725 1180 681 784 8772 646 1065 928 796 1640 2391 600 1995 1997 1085
internal_value=-0.000166161 -0.0192194 -0.000137832 -0.00462552 0.00449692 -6.04104e-05 0.00161473 -0.000151379 -0.000225925 0.00196366 0.000193524 -0.013984 0.00469976 -0.000705846 0.00427735 0.00832071 0.0116597 0.0100969 0.00657114 0.00567125 -0.0017429 0.00188178 0.00590479 -0.00317502 -0.00149975 0.00264314 0.00990629 -0.0044189 -0.00211658 -0.00795552
internal_weight=50783 73.3809 50709.6 858.018 268.824 49851.6 4481.17 2860.34 45370.4 3077.06 2418.95 100.474 1620.83 2743.77 471.568 658.11 443.635 274.083 209.335 1478.1 2272.2 643.324 383.499 1628.88 1208.13 501.984 201.218 706.148 539.554 420.747
internal_count=365226 9916 355310 6619 2081 348691 29075 18663 319616 16668 13171 1608 10412 17895 3748 3497 1905 2191 1465 9310 14147 2639 1574 11508 9627 3995 1604 5632 3992 1881
cat_boundaries=0 1 2 3 4 5 6 7 8 9
cat_threshold=9414656 29632676 148012 2922514 738048 21 2130010 1278024 2655242
is_linear=0
shrinkage=0.05


Tree=113
num_leaves=31
num_cat=10
split_feature=2 2 11 15 3 11 11 1 15 2 15 0 2 1 11 10 0 13 9 3 5 2 9 0 1 1 5 13 2 2
split_gain=16.2867 11.0541 8.81437 6.84305 6.68257 5.87828 8.53576 5.65606 5.49601 7.38294 5.39645 6.78101 5.09158 5.62817 4.93788 7.69446 4.92024 8.36689 7.44368 4.70207 5.08849 5.09742 4.61966 6.45418 7.32899 5.85848 9.2141 12.2007 13.0915 11.3665
threshold=-1.8159692287445066 -4.1308522224426261 0.60085001587867748 0 0.068723134696483626 0.21065000444650653 0.11215000227093698 1 2 -0.47306984663009638 3 4 -1.5169917345046995 5 0.29535000026226049 4.9749999046325692 6 -0.0038871138822287317 -1.0000000180025095e-35 0.21041960269212726 0.034999999217689044 -1.5767998099327085 1.0000000180025095e-35 7 8 9 -1.0000000180025095e-35 -0.023890692740678784 -1.8544636964797971 -1.8916326165199278
decision_type=2 2 2 1 2 2 2 1 1 2 1 1 2 1 2 2 1 8 2 2 2 2 2 1 1 1 2 8 2 2
left_child=1 5 3 22 7 6 -1 -5 12 -10 -9 -12 19 16 -13 -16 17 -14 -19 20 21 -2 25 -24 -25 26 27 -3 -29 -28
right_child=8 2 -4 4 -6 -7 -8 10 9 -11 11 14 13 -15 15 -17 -18 18 -20 -21 -22 -23 23 24 -26 -27 29 28 -30 -31
leaf_value=-0.027429234518472193 -0.0047912032237129448 -0.018974218039736854 -0.018260416451447697 -0.00075543431699193143 -0.0020535638245537196 -0.026118037244185162 0.05522559368585879 -0.017904334155353748 0.00067065617461209133 0.010089077337480601 0.010212450486614 -0.021606815740600083 -0.0041160191462279233 -0.00046469410250504913 -0.017015679862228152 0.007541563901248112 -0.0027964389724142572 0.017983538380152209 0.0049894964994362332 -0.0010527751932246081 0.0063286246572718113 -0.014995597023104877 0.0044341008120140774 -0.017059916548089284 -0.0027095011993524278 -0.0018516108218413663 -0.0010524539669704146 0.0096235747522827667 -0.019650477520538653 0.011646548201363358
leaf_weight=4.5654195286333543 562.67749714851379 42.608228640630841 77.113701360300183 220.31559271831065 6678.2849738434888 63.931261506862938 4.1616318332962692 164.15599364601076 25393.983050867915 207.80338434875011 45.984504641033709 60.392302001360804 197.59586536884308 8883.3680800199509 59.243603042326868 64.828589491546154 260.54343608021736 134.68115083873272 585.1804558634758 1657.5657820701599 77.441265225410461 155.7944713011384 146.34872474800795 128.41013395320624 282.17276099417359 1846.887194417417 1980.6070505636744 682.50097710266709 38.615499600768089 191.39812064915895
leaf_count=630 3781 565 977 2171 89586 8816 577 2080 126804 964 659 742 966 40628 827 656 1332 716 2912 10827 505 945 1369 1219 3028 19835 30130 10115 290 1435
internal_value=-0.000189955 -0.00173428 -0.00162133 -0.00151689 -0.0025108 -0.0209193 0.0149338 -0.00749448 0.000328003 0.000747593 -0.0109394 -0.00533739 -0.000530514 -3.27496e-05 -0.00960076 -0.00426826 0.00319668 0.00491276 0.00746368 -0.00257225 -0.00572613 -0.00703942 -0.0001539 -0.00445549 -0.0075546 0.000348347 0.00173308 0.0064551 0.00800595 7.6273e-05
internal_weight=50899.2 12782.5 12709.9 12632.8 7293.21 72.6583 8.72705 614.921 38116.6 25601.8 394.605 230.449 12514.8 10061.4 184.464 124.072 1178 917.457 719.862 2453.48 795.913 718.472 5339.55 556.932 410.583 4782.62 2935.73 763.725 721.116 2172.01
internal_count=366087 175707 165684 164707 96721 10023 1207 7135 190380 127768 4964 2884 62612 46554 2225 1483 5926 4594 3628 16058 5231 4726 67986 5616 4247 62370 42535 10970 10405 31565
cat_boundaries=0 1 2 3 4 5 6 7 8 9 10
cat_threshold=3621398 10 3426416 4755592 2 48 11 44 18 50
is_linear=0
shrinkage=0.05


Tree=114
num_leaves=31
num_cat=4
split_feature=2 3 15 15 6 2 12 3 3 15 12 10 10 12 10 3 2 6 1 13 13 3 13 3 12 3 14 6 4 13
split_gain=6.75758 9.76472 11.6888 7.30187 10.0849 7.49811 7.57787 7.44984 11.1036 6.55742 8.54683 5.82067 7.2566 6.8631 5.69756 6.65094 7.22112 7.68607 7.87087 5.0244 6.42295 6.25125 6.93094 7.26804 6.59802 12.8624 5.7694 9.37383 4.70437 4.45309
threshold=-1.8159692287445066 0.068723134696483626 0 1 -0.0087499998044222576 -4.1308522224426261 -0.070833332836627946 0.084908861666917815 0.095867309719324126 2 -0.087499998509883867 6.2349998950958261 5.8450000286102304 0.029166666790843013 3.9650000333786015 0.061721723526716239 -1.8727517724037168 0.021250000223517421 3 -0.017826804891228672 -0.012066903524100779 0.41836623847484594 -0.0047433411236852399 0.19409890472888949 0.019166666083037857 0.14507459104061129 1.0000000180025095e-35 0.0062499998603016147 0.16499999910593036 0.013490718323737385
decision_type=2 2 1 1 2 2 2 2 2 1 2 2 2 2 2 2 2 2 1 8 8 2 8 2 2 2 2 2 2 8
left_child=1 2 29 4 11 -5 9 -6 -9 -7 -11 12 -3 -13 -4 16 17 18 -16 -10 -21 22 -22 24 28 -26 -23 -28 -24 -1
right_child=-2 3 14 5 7 6 -8 8 19 10 -12 13 -14 -15 15 -17 -18 -19 -20 20 21 26 23 -25 25 -27 27 -29 -30 -31
leaf_value=-0.0065038615326614884 0.00028146727728375871 -0.0076057376391132888 -0.022620351619949557 -0.018784318104670357 -0.016384338327693669 0.0024683866167491946 0.00048885489828667794 0.022478198557644217 0.0076460630452138516 -0.0024777287029860173 -0.024309727823374119 0.0068375222312270847 -0.023158122962513579 -0.014808966637220753 -0.0052464233448725247 -0.021770767704038557 -0.022419178424745403 -0.016316916830431547 0.011903593776879771 -0.016249424188696553 0.012874677607298327 -0.0013856201828958163 -0.017605663258663199 -0.009566176688213697 -0.0051662681628262385 0.027104976946890832 -0.005381964114592578 0.011925914759144928 -0.00024902814738385576 0.003074607736805646
leaf_weight=181.3314931448549 38113.58979640156 537.69210955081508 83.304070271085948 50.228784359525889 73.813383504748344 104.19592595798895 8411.3669690396637 49.601855876389891 152.80993376206607 86.475924707949162 92.222884675022215 123.53094333596528 86.183225912041962 49.699654646217823 174.12555520236492 77.170527411624789 54.693968422710896 82.252386512234807 92.610392410308123 71.180104659404606 52.541604973375797 616.02061826921999 54.55636914819479 456.50316253583878 67.814220267347991 53.892675731796771 112.19255134416744 249.29698195215315 126.24108155304566 356.86487843515351
leaf_count=2025 190289 8111 1387 7025 927 1212 111151 612 2040 984 1055 1240 960 563 1876 860 402 948 958 990 708 9121 605 6656 978 800 1587 4051 1696 4164
internal_value=-5.21689e-05 -0.00104702 -0.00554101 -0.000621936 -0.00277472 0.000103797 0.000217332 -0.000990867 -0.000424663 -0.00780266 -0.0131608 -0.00757623 -0.00982131 0.000529029 -0.0104663 -0.0084925 -0.00585933 -0.00315108 0.00100004 -0.00101074 -0.00172931 -0.00113411 -0.00437254 -0.00559716 0.000415898 0.00933085 0.00155795 0.00655415 -0.00562179 -0.000161749
internal_weight=50894 12780.4 1102.35 11678.1 2933.57 8744.49 8694.26 2136.46 2062.65 282.895 178.699 797.106 623.875 173.231 564.157 480.853 403.682 348.988 266.736 2013.05 1860.24 1789.06 811.549 759.008 302.504 121.707 977.51 361.49 180.797 538.196
internal_count=365981 175692 12620 163072 41645 121427 114402 30771 29844 3251 2039 10874 9071 1803 6431 5044 4184 3782 2834 29232 27192 26202 11443 10735 4079 1778 14759 5638 2301 6189
cat_boundaries=0 1 2 3 4
cat_threshold=29329410 8403232 2655876 38
is_linear=0
shrinkage=0.05


Tree=115
num_leaves=31
num_cat=4
split_feature=2 2 13 12 13 11 12 12 2 11 13 11 1 11 2 2 12 0 0 6 2 9 5 0 5 14 11 2 12 2
split_gain=9.49764 5.96944 5.86072 5.61771 6.1138 5.47526 4.94647 9.45614 7.04298 5.31982 9.02309 7.04167 5.43778 10.5612 8.51256 7.23517 5.52359 5.61274 5.24908 6.43074 6.30777 4.90643 5.01781 4.86042 4.82507 5.91836 14.2612 6.5448 4.97028 4.98875
threshold=-2.1502938270568843 -4.4216327667236319 -0.0463615134358406 0.13250000029802325 0.039254503324627883 0.40764999389648443 -0.032500000670552247 -0.054166667163372033 -2.24220860004425 0.36850000917911535 0.023841810412704948 0.35825000703334814 0 0.35664999485015875 -3.0680031776428218 -2.8838900327682491 -0.012500000186264513 1 2 0.026250000111758712 -2.2673600912094112 -1.4999999999999998 0.024999999441206459 3 0.034999999217689044 1.0000000180025095e-35 0.31125000119209295 -2.6072126626968379 1.332267629550188e-15 -3.0934654474258418
decision_type=2 2 8 2 10 2 2 2 2 2 10 2 1 2 2 2 2 1 1 2 2 2 2 1 2 2 2 2 2 2
left_child=1 -1 -3 4 -2 6 7 -4 21 11 23 12 13 16 -14 -16 -8 -18 -17 -20 -21 22 -9 -11 -19 26 -26 -28 -27 -30
right_child=3 2 5 -5 -6 -7 9 8 -10 10 -12 -13 14 -15 15 18 17 24 19 20 -22 -23 -24 -25 25 28 27 -29 29 -31
leaf_value=-0.02135841871222343 0.00043295940185826966 0.014174989147615849 -0.0040491979255276016 0.011654706949004915 -0.0049124770936922425 -0.0050736855897715134 -0.0060542317764692181 0.024945995414926592 0.020495987369099321 -0.0033132388292926398 -0.019014556635843883 -0.009736033032742706 -0.022495756590081586 0.025448266442993996 0.013189066254593821 0.0016341377895782907 -0.004666475996495916 3.4192715402278488e-05 -0.0092545049328223248 -0.0043636478430773736 0.015082954878077301 0.00075542251139218571 0.0028204745055792342 0.005665138811492749 -0.0094500246849533957 0.033546372340574164 0.030206121608062526 0.0017528884880068367 0.025395985936105869 0.0037103668494476933
leaf_weight=35.982217145618051 43208.053432963789 57.302820044569671 304.8796082502231 108.50396879762411 539.62948103249073 978.91236462397501 440.20237029017881 48.149586651939899 81.045783448964357 196.49053927091882 45.666186197660863 293.75186778325588 61.175285397097468 36.496380735188723 58.741256050765514 259.95683580636978 493.51237033260986 1551.9175650249235 590.71119682490826 149.00315080024302 55.6177793815732 267.56749359983951 53.583419650793076 574.49609815236181 128.64753942005336 24.427628237754107 42.240088758524507 37.688449382781982 34.437207842245698 100.78714207746089
leaf_count=5773 234378 867 4869 676 3121 16841 7814 939 783 3315 879 5148 2112 693 1217 3214 9425 29864 7403 2083 568 4509 1025 10080 2874 528 1236 454 1539 1527
internal_value=0.000122199 -0.00158736 -0.00147916 0.000395259 0.000366802 -0.00161304 -0.00104036 0.00273489 0.00732524 -0.00159205 0.00210767 -0.00228578 -0.00174295 -0.000564645 -0.00459126 -0.00361065 -0.000916875 2.43112e-05 -0.00456896 -0.00653402 0.00101694 0.00433999 0.0135714 0.00340472 0.0012513 0.00638676 0.000813333 0.01716 0.013568 0.00952263
internal_weight=50859.6 7003.39 6967.41 43856.2 43747.7 6910.11 5931.19 755.226 450.346 5175.97 816.653 4359.31 4065.56 2890.36 1175.21 1114.03 2853.86 2413.66 1055.29 795.332 204.621 369.3 101.733 770.987 1920.15 368.228 208.576 79.9285 159.652 135.224
internal_count=365754 127579 121806 238175 237499 120939 104098 12125 7256 91973 14274 77699 72551 55954 16597 14485 55261 47447 13268 10054 2651 6473 1964 13395 38022 8158 4564 1690 3594 3066
cat_boundaries=0 1 2 3 4
cat_threshold=52 18 56 10
is_linear=0
shrinkage=0.05


Tree=116
num_leaves=31
num_cat=9
split_feature=2 15 4 1 15 6 2 15 13 11 11 6 6 15 6 6 11 15 4 2 12 2 15 13 5 15 4 12 13 15
split_gain=8.83387 8.16946 5.86179 5.31659 19.8213 10.5481 7.42257 8.04432 8.36079 7.11328 13.6799 6.98831 6.90079 8.85973 6.59547 8.78368 6.38302 6.36494 5.77692 7.41193 5.70935 5.51389 11.425 7.15688 5.65779 11.7269 5.46376 5.58853 5.2663 9.7345
threshold=-3.4728074073791499 0 0.16499999910593036 1 2 0.021250000223517421 -0.96102908253669728 3 -0.028520417399704453 0.44975000619888311 0.47379998862743383 -0.0012499999720603364 0.013749999925494196 4 0.058749999850988395 0.048750000074505813 0.27290000021457678 5 0.15500000119209292 -2.1950203180313106 -0.047499999403953545 -2.1721699237823482 6 -0.003070014412514865 -0.024999999441206452 7 0.16499999910593036 -0.0041666666511446229 -0.056266035884618752 8
decision_type=2 1 2 1 1 2 2 1 8 2 2 2 2 1 2 2 2 1 2 2 2 2 1 10 2 1 2 2 10 1
left_child=1 2 -1 4 11 6 7 8 -6 -9 -11 16 26 -14 15 17 -2 -7 20 -20 -18 22 23 -5 25 -24 -13 -28 -26 -30
right_child=3 -3 -4 21 5 14 -8 9 -10 10 -12 12 13 -15 -16 -17 18 -19 19 -21 -22 -23 24 -25 28 -27 27 -29 29 -31
leaf_value=-0.031441049646803158 0.020257434523096793 -0.0017171967339485482 -0.0098347734973881964 -0.0070923401736201598 0.012861822206720379 -0.0049392086657140547 0.011054116808442397 -0.00067182311851393672 -0.0063050239608909405 0.02877244932436316 -0.00094175937714513719 -0.01480109059323141 0.016971169066833356 -0.004477683287759604 0.025504443580247768 -0.016499703501864773 0.0181009937023325 0.010658381622368714 0.030974124182320054 0.0082103139861938856 0.0011379971979570852 1.4839259868646699e-05 0.0071847609932554268 0.00064616345580790948 0.0026248336185462728 -0.016689258351372267 -0.0093226441424811655 0.012738336154594986 0.0038025538479742205 -0.0056278317194649076
leaf_weight=49.445630685426295 144.52581172809005 253.85670442692935 88.125032063107938 1221.78290880844 58.517081910744309 79.430675033479929 117.02734380960464 1749.3986939331517 992.06439534761012 59.88571440987289 103.21519038826227 73.501756425946951 113.8384915869683 75.737899133004248 41.566560376435518 40.832510752603412 59.209394736215472 289.10590587370098 52.793432161211967 109.35862227529287 263.30612733028829 41481.915416080505 77.075649937614799 394.86798574030399 1514.5633589364588 122.91496037598699 51.467485846951604 60.114968705922365 445.40340789780021 674.59039183706045
leaf_count=3822 1423 17003 6343 17449 579 1115 485 19693 11751 639 1116 903 1499 1084 613 558 457 4035 870 753 2429 223008 1122 6033 21792 1836 600 806 6496 9797
internal_value=-6.13894e-05 -0.00752462 -0.0167403 -3.20903e-06 0.00162773 -0.000142953 -0.00119029 -0.00168102 -0.00516595 0.000262347 0.0101848 0.0077842 0.00243731 0.00909697 0.0069814 0.00498575 0.0110736 0.00744247 0.008263 0.0159088 0.00434453 -0.000164611 -0.00183658 -0.00517179 8.58475e-05 -0.0079788 -0.00440831 0.00257771 0.000703953 -0.0018937
internal_weight=50859.4 391.427 137.571 50468 4534.9 3531.04 3080.11 2963.08 1050.58 1912.5 163.101 1003.85 374.661 189.576 450.936 409.369 629.193 368.537 484.668 162.152 322.516 45933.1 4451.2 1616.65 2834.55 199.991 185.084 111.582 2634.56 1119.99
internal_count=366109 27168 10165 338941 51408 40584 34263 33778 12330 21448 1755 10824 4892 2583 6321 5708 5932 5150 4509 1623 2886 287533 64525 23482 41043 2958 2309 1406 38085 16293
cat_boundaries=0 1 2 3 4 5 6 7 8 9
cat_threshold=4594968 32 1114392 31459520 1114368 20516 1622812 338050 4335712
is_linear=0
shrinkage=0.05


Tree=117
num_leaves=31
num_cat=13
split_feature=2 15 2 15 6 1 5 4 15 0 2 12 11 11 0 15 2 4 1 15 13 15 1 15 9 6 12 6 15 9
split_gain=7.15913 11.2565 6.67132 6.0595 10.8427 9.93464 10.1535 9.38395 9.08524 7.8428 7.15918 6.69492 8.10327 8.63175 8.36692 7.69279 7.74822 7.39375 7.30049 7.06158 8.67176 7.01451 6.63338 6.60302 10.2207 12.3573 9.43538 7.74021 6.58659 6.54739
threshold=-2.9265335798263545 0 -4.4216327667236319 1 -0.0037499999161809679 2 0.064999999478459372 0.15500000119209292 3 4 -1.6361553668975828 -0.042500000447034829 0.23355000466108325 0.35535000264644628 5 6 -1.4753534793853758 0.17500000447034839 7 8 -0.0081857480108737928 9 10 11 -1.4999999999999998 0.016249999869614843 0.029166666790843013 -0.013749999925494192 12 1.0000000180025095e-35
decision_type=2 1 2 1 2 1 2 2 1 1 2 2 2 2 1 1 2 2 1 1 8 1 1 1 2 2 2 2 1 2
left_child=1 -1 -3 4 29 6 8 -7 -5 -10 23 12 18 19 15 -15 -17 21 -6 -14 -21 22 -13 24 25 -9 -26 -25 -16 -2
right_child=3 2 -4 5 11 7 -8 10 9 -11 -12 17 13 14 28 16 -18 -19 -20 20 -22 -23 -24 27 26 -27 -28 -29 -30 -31
leaf_value=0.0020809326347086031 0.0012910698955046975 -0.032479575369745384 -0.006340813033820317 -0.00026358715546462356 0.013289613265540918 -0.0014233743970080807 -0.013686888676398976 0.020920902149719325 0.0053635106869271204 0.00065408475336731469 0.0014159023835636783 0.0054792445131017862 -0.014698410698392637 -0.015399572092640996 0.014680176366631667 -0.01259813274396776 0.0034557527732787213 0.00024715234388888053 -0.0051555475644960262 0.0071283820112156898 -0.008688501692157043 -0.0035901544624257799 -0.0029322229164417042 -0.012202350694052736 0.0033694224579145036 -0.001208960024629873 -0.010034577147688475 -0.0015518283442045944 -0.00076124776451907744 -0.0014467104668350436
leaf_weight=538.71843329677358 6954.8042497951537 23.256403737701476 885.05039032781497 2096.7963089440018 102.7298008389771 8447.7016051989049 97.587995033711195 141.13880913704634 2673.5046249628067 1337.9439806919545 9840.0955502316356 456.8835979141295 346.13484795019031 140.22618913650513 94.697059702128172 108.92857856489718 231.30585445463657 4172.4606413152069 93.863447017967701 109.98456649109721 385.33845562487841 3779.9997406639159 458.701904643327 179.16277243942022 429.06329092569649 112.41740470379591 186.80133828148246 2945.3090966492891 200.08085971698165 3181.0424648560584
leaf_count=19202 42697 3899 31196 18067 575 43747 1033 1265 22383 11711 46891 3056 2019 806 558 900 1038 30479 576 614 2301 24887 2953 1584 3624 1054 1757 26888 1171 16255
internal_value=-0.000192935 -0.00365689 -0.00700303 -9.11279e-05 -0.00073931 0.000382673 0.00214991 -0.000110426 0.00241085 0.0037994 0.000691333 -0.00185111 -0.00461788 -0.00578349 -0.00196925 -0.00596081 -0.00167856 -0.00128446 0.00492932 -0.00928456 -0.00506013 -0.00264496 0.00128174 -0.00109367 0.00273894 0.0111767 -0.000715541 -0.00216304 0.00457949 0.000431727
internal_weight=50751.7 1447.03 908.307 49304.7 20817.2 28487.5 6205.83 22281.7 6108.24 4011.45 13834 10681.3 1813.29 1616.7 775.239 480.461 340.234 8868.05 196.593 841.458 495.323 4695.59 915.586 3993.89 869.421 253.556 615.865 3124.47 294.778 10135.8
internal_count=365186 54297 35095 310889 130885 180004 53194 126810 52161 34094 83063 71933 10558 9407 4473 2744 1938 61375 1151 4934 2915 30896 6009 36172 7700 2319 5381 28472 1729 58952
cat_boundaries=0 1 2 3 4 5 6 7 8 9 10 11 12 13
cat_threshold=3399692 23139940 48 1361920 9 9 2097696 21 2102276 1056 42 278784 66592
is_linear=0
shrinkage=0.05


Tree=118
num_leaves=31
num_cat=9
split_feature=15 4 10 12 4 15 10 11 10 11 1 15 12 4 3 10 6 4 15 15 4 15 9 15 10 11 11 12 15 11
split_gain=5.66907 4.9385 4.92733 10.6079 5.96043 5.61617 5.54856 7.86907 5.38915 4.73487 4.52322 9.57762 10.2923 10.0128 9.2831 9.71479 10.943 11.1124 9.2752 8.38123 7.67858 9.47108 12.6921 7.17138 6.94506 6.7397 6.51673 7.16836 6.46052 6.31075
threshold=0 0.15500000119209292 4.0450000762939462 1.0000000180025095e-35 0.14500000327825549 1 6.9549999237060556 0.26854999363422399 3.6450001001358037 0.30224999785423284 2 3 0.080833330750465407 0.16499999910593036 0.73977094888687145 4.6849999427795419 0.021250000223517421 0.20499999821186068 4 5 0.14500000327825549 6 -1.0000000180025095e-35 7 4.1250000000000009 0.38275000452995306 0.20620000362396243 0.054166667163372047 8 0.27455000579357153
decision_type=1 2 2 2 2 1 2 2 2 2 1 1 2 2 2 2 2 2 1 1 2 1 2 1 2 2 2 2 1 2
left_child=1 2 3 5 8 -1 -4 -8 9 -5 11 25 13 20 15 16 -15 18 -18 -14 21 22 -13 -16 -20 -2 28 29 -22 -28
right_child=10 -3 6 4 -6 -7 7 -9 -10 -11 -12 12 19 14 23 -17 17 -19 24 -21 26 -23 -24 -25 -26 -27 27 -29 -30 -31
leaf_value=0.0095131233313582447 -0.0034881253524092397 -5.1525517219997672e-05 -0.0026591575636883088 -0.036388973379458449 0.031703293951595712 -0.013989665278136557 0.011189433917456 -0.00058239521027620463 0.023925590512622417 0.0076895810332223693 0.00086472921989263487 0.018363036770081883 -0.020620743327535693 0.0073281189014333019 0.00046334202605267689 -0.0023271352187981486 0.0012030930757047763 0.0096245677171559463 -0.022935697526506565 0.00059964727430434706 0.0056983888421499266 -0.0022760026298027508 0.0011546825771197799 -0.010696731259174717 -0.0049582566964334112 0.0010746388551032731 0.009216185437844011 0.015153143685168249 -0.0084729723678940421 0.0028062094561904479
leaf_weight=32.300947202369571 3114.2687758137472 10331.450401423266 5440.9067601715215 8.6762943528592604 42.903468932025135 53.521984596271068 167.10462899692357 883.45768907759339 17.588623987045139 12.904539640760047 19975.789855781244 137.8626641202718 90.976784023921937 728.90355826029554 231.12341450108215 1964.6868712157011 248.85030285129324 159.75287608709186 99.747598356101662 92.684669699519873 121.5542875956744 1526.4793507331051 459.44070149073377 391.22154176188633 116.8565910551697 1092.1889864061959 454.00885733682662 144.63709495216608 196.69258386455476 2457.5250984616578
leaf_count=477 19667 79633 33734 465 522 943 839 4724 186 784 157547 849 772 6174 1409 11466 2271 1727 1060 771 721 8048 2305 2365 936 6520 2636 1017 1145 13809
internal_value=9.22208e-06 -0.000735543 -0.00179751 0.00661098 0.0192496 -0.00563851 -0.00201696 0.00130776 0.00473117 -0.0116149 0.000383673 -0.000311329 0.000558881 0.000788607 -0.00113449 -8.2192e-05 0.00317364 -0.00167783 -0.00558161 -0.0110991 0.002167 -0.000188383 0.00508962 -0.00672786 -0.0127862 -0.00229801 0.00364866 0.00435771 -0.00314508 0.00381139
internal_weight=50796.1 16990.8 6659.36 167.896 82.0729 85.8229 6491.47 1050.56 39.1695 21.5808 33805.3 13829.5 9623 9439.34 3941.14 3318.8 1354.11 625.207 465.454 183.661 5498.2 2123.78 597.303 622.345 216.604 4206.46 3374.42 3056.17 318.247 2911.53
internal_count=365522 122307 42674 3377 1957 1420 39297 5563 1435 1249 243215 85668 59481 57938 27408 23634 12168 5994 4267 1543 30530 11202 3154 3774 1996 26187 19328 17462 1866 16445
cat_boundaries=0 1 2 3 4 5 6 7 8 9
cat_threshold=8539682 18434 10 1613832 6619216 16842948 2162752 2359316 21237824
is_linear=0
shrinkage=0.05


Tree=119
num_leaves=31
num_cat=10
split_feature=2 13 13 2 10 15 12 15 15 9 15 13 13 15 6 2 15 13 15 13 2 2 2 6 15 10 13 11 15 15
split_gain=7.56246 7.21018 9.68821 5.36687 5.25501 14.7921 4.96645 4.72206 4.53113 4.39596 6.63811 6.92232 6.70878 8.93274 14.0264 6.68938 7.52639 8.99909 8.77162 7.52213 7.2927 6.89241 6.8668 11.5006 6.87382 9.56803 6.74824 6.35458 8.79481 6.25118
threshold=-3.5539846420288081 -0.019905935041606423 -0.027353011071681973 -0.74564701318740834 5.4349999427795419 0 0.10083333402872087 1 2 -1.4999999999999998 3 0.013259171508252622 0.0059995148330926904 4 0.01124999998137355 -1.696890592575073 5 -0.0079377265647053701 6 -0.0095926038920879347 -1.6522737145423887 -2.24220860004425 -2.7107653617858882 0.031249999068677429 7 4.7449998855590829 -0.0068772020749747744 0.40874999761581426 8 9
decision_type=2 8 10 2 2 1 2 1 1 2 1 8 10 1 2 2 1 10 1 8 2 2 2 2 1 2 10 2 1 1
left_child=1 2 -1 9 5 -5 8 -6 -3 10 11 29 15 14 -14 16 19 22 -19 21 -17 -12 23 24 -18 -26 27 28 -22 -2
right_child=3 6 -4 4 7 -7 -8 -9 -10 -11 12 -13 13 -15 -16 20 17 18 -20 -21 26 -23 -24 -25 25 -27 -28 -29 -30 -31
leaf_value=-0.011862838933543719 -0.006499806221413146 -0.0037515052821939783 0.049425257564347375 -0.0043913729661599855 0.0041122863373871518 0.011676498872772601 0.022293306707349154 -0.000136547163843242 -0.017297026344535168 -0.00047038610191645742 0.00019696772457358173 0.0047165571418799259 0.010333118805086063 -0.0089207490945564499 -0.010473755486574924 0.015113578254749464 -0.0049065642458761133 -0.003811641296933857 0.017308778643840467 0.00031956499185779316 0.0086933657531058188 0.024774549431254334 -0.0072359631786338948 -0.020115974062176075 0.0073188813634552669 0.041297254378604147 -0.0054920616996235946 -0.0030116133607610415 0.00088160084188333503 0.0023633496577569113
leaf_weight=12.090594734530898 296.33831518888474 140.83693947060965 10.459714174270628 220.24145306646824 848.61525151133537 382.06718841195107 9.6411618043202889 2727.4273675978184 138.9379685211461 38885.22510156408 49.478119229897857 1734.5152132036164 197.02472337894142 451.12501030042768 134.62903151568025 106.14664397388697 54.734794563613832 100.10996331088245 81.622574372217059 510.60700545180589 639.59300138056278 65.464828848838806 922.66751795262098 39.735985325649381 66.552840439602733 28.865266904234886 274.24514201283455 363.74526910483837 828.51371957361698 550.09974198229611
leaf_count=801 2438 10493 668 902 3506 1567 753 11216 11429 262406 770 14485 1660 3982 1289 674 1276 1271 969 5974 3175 510 8986 936 1570 599 1365 1796 4108 4295
internal_value=-0.000150064 -0.00788606 0.0182755 -0.000102021 0.00161386 0.00592655 -0.0100359 0.000884572 -0.0113003 -0.000256663 0.000851876 0.00289811 -0.00022884 -0.00446737 0.00182022 0.000575323 -0.00158335 -0.00374213 0.00649406 0.00289446 0.00244841 0.0143792 -0.00545641 0.0031757 0.00952294 0.0165371 0.00179636 0.0028923 0.00435719 -0.000796406
internal_weight=50871.4 311.966 22.5503 50559.4 4178.35 602.309 289.416 3576.04 279.775 46381 7495.81 2580.95 4914.86 782.779 331.654 4132.08 1919.84 1294.29 181.733 625.55 2212.24 114.943 1112.56 189.889 150.153 95.4181 2106.1 1831.85 1468.11 846.438
internal_count=365869 24144 1469 341725 17191 2469 22675 14722 21922 324534 62128 21218 40910 6931 2949 33979 22861 15607 2240 7254 11118 1280 13367 4381 3445 2169 10444 9079 7283 6733
cat_boundaries=0 1 2 3 4 5 6 7 8 9 10
cat_threshold=8412402 8454354 3761766 13459488 1049500 2100242 17862848 16945152 16941834 9175040
is_linear=0
shrinkage=0.05


Tree=120
num_leaves=31
num_cat=10
split_feature=2 15 2 13 15 1 10 2 15 4 6 15 13 1 15 6 2 0 10 10 15 6 4 10 12 12 13 6 2 1
split_gain=7.98486 10.1147 5.39277 7.90085 6.45326 6.5762 8.70718 5.6613 5.43758 5.13461 8.5856 5.89241 5.10121 5.01038 15.2325 14.604 11.4749 12.1556 8.39224 7.63406 7.14779 8.87442 7.04077 5.51803 10.5853 15.0076 9.35382 8.25677 5.47869 5.45121
threshold=-0.59706607460975636 0 -2.6072126626968379 0.018545702099800113 1 2 4.6250000000000009 -4.5627231597900382 3 0.19500000029802325 0.031249999068677429 4 0.010484128724783661 5 6 0.056250000372529037 -0.98807975649833668 7 7.1749999523162851 7.3949999809265146 8 -0.023750000633299347 0.12499999627470972 4.8650000095367441 -0.010833333246409891 0.0025000000605359678 -0.031155068427324292 -1.0000000180025095e-35 -0.82308602333068837 9
decision_type=2 1 2 10 1 1 2 2 1 2 2 1 8 1 1 2 2 1 2 2 1 2 2 2 2 2 10 2 2 1
left_child=2 12 3 7 5 -5 -7 -1 9 -9 -11 -12 -2 14 16 28 17 19 -19 23 21 22 -15 24 26 -26 27 -4 -16 -24
right_child=1 -3 13 4 -6 6 -8 8 -10 10 11 -13 -14 20 15 -17 -18 18 -20 -21 -22 -23 29 -25 25 -27 -28 -29 -30 -31
leaf_value=-0.025543145994464181 -0.0083110844920464971 0.0072143569986658287 0.021651746203419669 -0.01560477271327277 -0.016361184901435202 0.033272116126912395 -0.0066437760149938496 0.00057236790903088719 -0.0027432721853136131 0.034494596477977639 0.01281597934826346 -0.011189009619883845 0.0017897825184340355 -0.0085485725370936377 -0.0012903093908376443 0.018542699402840705 0.013967077734195511 -0.0023932036894189069 0.015600395568789628 -0.010599355845405098 -0.00089685709208803916 0.0010490056276908745 0.0028071410703691515 0.0038234609128710313 0.034835775308656253 0.0092922439531059071 -0.012537600775921027 -0.0014740008250849809 0.010151117296418738 -0.0026413115292299527
leaf_weight=22.252328937873244 182.97933205962181 810.55932854115963 65.396057184785604 24.18920236104168 154.74083381495439 24.9861831641756 26.554344023112208 649.39087622077204 1821.2022736181971 29.103021788410842 50.479069284629077 32.39368651388213 383.87859618663788 367.32497149333358 5371.9241540841758 94.612485937774181 235.43552279472351 1188.6088557206094 66.544790290296078 78.2927769087255 21413.506744235754 12910.472716022283 632.28017450124025 1958.397909604013 73.751914754509926 249.48119115829468 78.490714941173792 89.776190437376499 104.72582142055035 1595.7026497386396
leaf_count=3906 780 3494 573 723 4865 909 719 16203 48161 834 1560 1007 1636 1842 42037 811 970 9744 438 504 120101 73299 2979 14527 660 2463 720 814 423 7990
internal_value=-6.39751e-05 0.00368815 -0.000168719 -0.00228505 -0.0111181 0.00163519 0.0111453 -0.00149559 -0.00126878 0.00226249 0.0120806 0.00358194 -0.00146278 -3.97926e-05 0.000973579 -0.000727027 0.00328872 0.00263713 -0.00140476 0.00458053 -0.000305037 0.000512328 -0.00215418 0.00507927 0.00946599 0.0152989 0.00133582 0.00842365 -0.0010679 -0.00109322
internal_weight=50787.4 1377.42 49410 2835.29 230.471 75.7297 51.5405 2604.82 2582.57 761.367 111.976 82.8728 566.858 46574.7 9655.44 5571.26 4084.18 3848.74 1255.15 2593.59 36919.3 15505.8 2595.31 2515.29 556.896 323.233 233.663 155.172 5476.65 2227.98
internal_count=365692 5910 359782 78887 7216 2351 1628 71671 67765 19604 3401 2567 2416 280895 74684 43271 31413 30443 10182 20261 206211 86110 12811 19757 5230 3123 2107 1387 42460 10969
cat_boundaries=0 1 2 3 4 5 6 7 8 9 10
cat_threshold=8738104 21061984 16 10520070 10486788 48 12198538 9 5578020 2
is_linear=0
shrinkage=0.05


Tree=121
num_leaves=31
num_cat=1
split_feature=2 14 4 10 11 2 12 1 9 2 13 5 10 9 5 13 13 6 11 2 6 9 2 12 5 5 10 12 11 11
split_gain=7.36833 6.92274 8.07072 8.60063 6.26324 7.47068 6.71472 6.50063 6.03457 8.51483 6.56758 10.0807 8.8449 7.03438 6.11694 5.99352 8.34572 5.61148 5.44356 4.83943 5.6056 6.31855 5.30997 9.00993 7.29945 5.24125 4.77683 6.32788 12.1042 7.94942
threshold=-3.6917496919631954 1.0000000180025095e-35 0.14500000327825549 6.5750000476837167 0.48055000603199011 -1.0419208407402036 0.054166667163372047 0 -1.0000000180025095e-35 -2.2803796529769893 -0.0075272035319358102 -0.044999999925494187 7.6449999809265146 1.0000000180025095e-35 -0.014999999664723871 -0.016591232270002362 -0.027353011071681973 -0.041249999776482575 0.26479999721050268 -3.1748365163803096 0.056250000372529037 -1.0000000180025095e-35 -1.0755372047424314 -0.044166667386889451 0.024999999441206459 -1.0000000180025095e-35 6.5250000953674325 0.015833333600312475 0.29825000464916235 0.28599999845027929
decision_type=2 2 2 2 2 2 2 1 2 2 10 2 2 2 2 8 10 2 2 2 2 2 2 2 2 2 2 2 2 2
left_child=15 4 8 -4 5 19 -6 18 -3 -10 11 17 -13 14 -12 16 -1 -11 -7 -2 22 -22 -21 -24 25 -25 27 29 -29 -9
right_child=1 2 3 -5 6 7 -8 26 9 10 13 12 -14 -15 -16 -17 -18 -19 -20 20 21 -23 23 24 -26 -27 -28 28 -30 -31
leaf_value=-0.020046776719803316 -0.0061305573109478985 0.0026076643913225811 0.0012012159333643093 0.0054112350377870013 -0.004054967750319923 -0.0018369647898216152 0.0092038205453796023 0.0041120287504688132 -0.014052688205294754 0.017012707237924325 0.0059639480547947965 -0.0022747688682870065 0.012942890555056553 -0.0097712459561521397 -0.0057512945634392411 -0.011811734915826761 0.041794912566378933 0.0031836232050943001 0.0060666066890694009 -0.00038124821247142722 -9.4434640034973165e-05 0.010917162055213304 0.0068411477918604528 -0.0046841020308716957 0.0039132527487447102 -0.014621105726669706 -0.0014196786343151748 -0.0022574409426077144 0.0080888120663513089 -0.00086629205280658425
leaf_weight=7.8162703122943666 374.15741332899779 915.62064832262695 12686.228149396367 1339.7179393637925 1509.1237184517086 273.0377089381218 100.06604250706732 1093.5080600678921 138.21578883565962 114.95860622823238 192.33460167050362 1636.480526894331 99.413142465054989 414.26472094655037 259.20321395993233 189.80546727310866 10.968677840195594 200.00764728337526 1060.7407533824444 20635.259670712054 301.33471270278096 227.44015569612384 141.6691600382328 276.89752125740051 123.59686961770058 257.8694731593132 2044.6942655295134 429.8149000108242 819.78326097130775 2990.0244227200747
leaf_count=655 12335 6122 92685 7217 9536 1153 848 4527 2231 573 1038 8389 473 2063 1408 18455 839 1037 4475 156070 2549 1726 617 1229 543 1145 8481 1805 3436 12378
internal_value=0.000214592 0.000253384 0.00104074 0.00160406 -0.00018052 -2.27941e-05 -0.00322008 0.00121897 -0.000949007 -0.00201604 -0.0014364 0.000106346 -0.00138937 -0.00508258 -0.000756839 -0.00911872 0.0166101 0.00830656 0.00441529 -0.00050713 -0.000410785 0.00466524 -0.000536426 -0.004528 -0.00698777 -0.00951244 0.000633249 0.00142175 0.00453217 0.000468187
internal_weight=50864.1 50655.5 17996.4 14025.9 32659 31049.8 1609.19 8711.6 3970.5 3054.88 2916.66 2050.86 1735.89 865.803 451.538 208.59 18.7849 314.966 1333.78 22338.2 21964.1 528.775 21435.3 800.033 658.364 534.767 7377.82 5333.13 1249.6 4083.53
internal_count=366038 346089 123236 99902 222853 212469 10384 36255 23334 17212 14981 10472 8862 4509 2446 19949 1494 1610 5628 176214 163879 4275 159604 3534 2917 2374 30627 22146 5241 16905
cat_boundaries=0 1
cat_threshold=56
is_linear=0
shrinkage=0.05


Tree=122
num_leaves=31
num_cat=7
split_feature=15 13 15 0 3 13 12 15 3 12 11 13 13 11 6 6 3 4 10 10 0 11 6 6 15 3 12 12 15 11
split_gain=7.75281 5.79166 10.1486 7.38346 6.54945 6.97982 5.86573 8.0581 5.77053 5.47266 8.77074 9.78222 9.35793 7.89753 6.4788 5.89366 6.85761 5.26456 5.1669 14.6638 7.72538 7.00892 5.78365 5.16561 13.7253 11.1099 6.9497 6.12554 8.62838 6.07581
threshold=0 -0.014511353336274622 1 2 0.67828899621963512 -0.016285926103591915 -0.017500000074505802 3 0.57549032568931591 -0.034166667610406869 0.32009999454021459 -0.030484502203762528 0.00020028977451147514 0.52959999442100536 0.036250000819563873 0.043750001117587096 0.1506198272109032 0.13499999791383746 6.6349999904632577 5.805000066757203 4 0.38034999370574957 0.0037499999161809687 -0.043750001117587083 5 0.11737022176384927 0.054166667163372047 0.075833335518836989 6 0.34254999458789831
decision_type=1 8 1 1 2 10 2 1 2 2 2 8 8 2 2 2 2 2 2 2 1 2 2 2 1 2 2 2 1 2
left_child=9 2 3 4 5 6 7 -2 -8 10 12 -12 -1 15 18 -11 -17 -4 19 20 22 -20 -13 24 25 -3 29 -25 -29 -26
right_child=1 23 17 -5 -6 -7 8 -9 -10 13 11 14 -14 -15 -16 16 -18 -19 21 -21 -22 -23 -24 27 26 -27 -28 28 -30 -31
leaf_value=0.011794910631185934 -0.0045257335236645047 0.021335793337560603 -0.0021739295952543209 -0.0063155949635844647 -0.0050131679055617539 0.017336104690278815 -0.006535858705019138 0.010865262965788868 0.0079077815608160369 -0.0017719291708044309 -0.01264780001809207 0.015400027906860203 0.0014740745066780167 -0.012200596636454118 -0.01089011510633295 -0.0085780121411020878 0.0066590285751227914 0.0049426244894507044 0.014147640777816696 -0.0083488902137450072 -0.00043717609552688616 -0.0020336588823574079 0.0011201547118952738 0.00037448290305091002 -0.012185359209384362 0.00050604365116788596 0.0075458319882215621 -0.0084138623640933208 0.00033856462984028558 -0.0030033358652047861
leaf_weight=301.2105412222445 118.53059078194201 73.602321257581934 293.44928119704127 455.02366485539824 308.11142867198214 80.291036166250706 257.54197556199506 262.5401384467259 92.397360419854522 8940.8792790223379 170.99230399308726 179.27830025320873 799.36654128087685 173.01874169986695 127.33381548384205 88.710232542362064 398.86275327531621 2202.9655018537305 149.87692848592997 407.59288426116109 543.60165766766295 118.83935502171516 117.01126047689468 31810.162424521055 436.29141811165027 418.35010611545295 73.684439771808684 472.78014978999272 677.94074370944872 308.75370973115787
leaf_count=1746 691 561 1844 3055 2082 553 1878 1573 662 66756 998 1105 4915 1256 891 859 3787 14835 733 2082 3588 570 825 226299 3325 3462 896 4870 6908 2347
internal_value=-1.87213e-05 0.000334028 0.00211665 -0.00103075 0.00116166 0.00352754 0.00196771 0.00624481 -0.00269892 -0.00109858 0.000797571 -0.00133828 0.004315 -0.00167546 -0.0001477 -0.00147977 0.00386305 0.00408865 0.000767629 -0.000590276 0.00318581 0.00702933 0.00948784 0.00012227 -0.00295363 0.00362286 -0.00686497 0.000244755 -0.00333583 -0.00839847
internal_weight=50859 38342.4 4070.85 1574.44 1119.41 811.301 731.01 381.071 349.939 12516.6 2915.1 1814.53 1100.58 9601.47 1643.53 9428.45 487.573 2496.41 1516.2 1247.48 839.891 268.716 296.29 34271.6 1310.68 491.952 818.73 32960.9 1150.72 745.045
internal_count=365952 275841 27173 10494 7439 5357 4804 2264 2540 90111 17453 10792 6661 72658 9794 71402 4646 16679 8903 7600 5518 1303 1930 248668 10591 4023 6568 238077 11778 5672
cat_boundaries=0 1 2 3 4 5 6 7
cat_threshold=262858 18367748 37 1064960 22 21733376 11643136
is_linear=0
shrinkage=0.05


Tree=123
num_leaves=31
num_cat=11
split_feature=2 15 3 12 13 13 15 3 3 3 10 15 10 15 13 12 15 2 3 15 1 15 15 12 10 3 13 15 15 4
split_gain=9.06823 7.93938 8.41417 6.1514 4.91881 4.86907 12.3327 8.93502 5.98424 5.53509 4.73384 6.90622 6.48742 8.2009 9.55755 6.4251 7.2602 5.62317 7.42732 14.5108 9.16861 10.3603 6.82764 7.76222 8.55234 7.0417 9.57925 9.40051 6.40232 6.33116
threshold=-3.4728074073791499 0 0.78697714209556591 -0.035833332687616341 -0.017537157051265236 0.039254503324627883 1 0.26332508027553564 0.13207911700010302 0.50922369956970226 7.4549999237060556 2 7.3550000190734872 3 0.038136737421154983 -0.01916666608303785 4 -0.78680923581123341 0.095867309719324126 5 6 7 8 0.015833333600312475 5.7950000762939462 0.19409890472888949 -0.031155068427324292 9 10 0.15500000119209292
decision_type=2 1 2 2 8 10 1 2 2 2 2 1 2 1 8 2 1 2 2 1 1 1 1 2 2 2 10 1 1 2
left_child=1 2 3 -1 -5 10 -7 8 -8 -9 12 -12 17 -14 -15 16 -13 29 19 -19 21 -20 23 24 -22 27 28 -24 -27 -2
right_child=5 -3 -4 4 -6 6 7 9 -10 -11 11 15 13 14 -16 -17 -18 18 20 -21 22 -23 25 -25 -26 26 -28 -29 -30 -31
leaf_value=0.028979008453997309 -0.00087889981783253351 -0.01321390737365407 0.038631976753152192 0.024374803722544899 -0.0085600074448164767 -0.01242066905236237 0.0012495001294574029 -0.013559049520611566 0.022094590558205549 0.0020835476192366297 -0.0010864359816221139 0.009208004775205841 0.0018001564568451524 -0.0018570205786633002 -0.02292416111482818 0.011494417660615177 -0.0079604163629898549 0.0058741502434857575 -0.003302736908195888 -0.011515222660990025 -0.0089906882059012649 0.0031182069807269962 -0.007324375830532779 0.01192708006986707 0.0034728004233823581 -0.002446597496393347 0.0179981665025679 0.0078015542316735593 0.010269950581003023 0.00037505229658810245
leaf_weight=12.389271995518355 15821.100230788812 228.29974993015639 11.946221678983418 10.597823373507707 116.96455408399925 256.73592262435704 68.541618494316936 93.028726922348142 67.702213268727064 138.57112358883023 465.78354922868311 110.00348252430558 178.86706132814288 101.23228706791997 113.92238515987992 343.26116099581122 112.42887019366026 200.34392832219601 1076.0534195452929 270.46516133844852 222.62095637619495 1475.00713314116 149.63910233974457 133.81987403333187 353.60300773382187 151.16573755443096 269.29806444048882 273.99420443177223 271.01713052392006 27664.728089326993
leaf_count=797 101624 17148 717 593 7879 1928 519 686 509 1016 2464 532 969 550 605 1874 535 825 4381 1107 915 6011 620 548 1461 620 1111 1142 1113 204847
internal_value=4.356e-06 -0.00766831 0.00149172 -0.00207311 -0.00548977 6.25572e-05 -0.00431758 0.00166535 0.0117776 -0.00426204 0.000117709 0.00346635 4.66839e-05 -0.00632677 -0.0125427 0.00709975 0.000592174 9.89015e-05 0.00171392 -0.00424127 0.00235624 0.00040703 0.00504742 0.00115696 -0.00135684 0.00748596 0.0106567 0.00246055 0.00591106 -8.11825e-05
internal_weight=50763.1 380.198 151.898 139.952 127.562 50382.9 624.58 367.844 136.244 231.6 49758.4 1031.48 48726.9 394.022 215.155 565.694 222.432 48332.9 4847.03 470.809 4376.22 2551.06 1825.16 710.044 576.224 1115.11 691.481 423.633 422.183 43485.8
internal_count=365646 27134 9986 9269 8472 338512 4658 2730 1028 1702 333854 5405 328449 2124 1155 2941 1067 326325 19854 1932 17922 10392 7530 2924 2376 4606 2844 1762 1733 306471
cat_boundaries=0 1 2 3 4 5 6 7 8 9 10 11
cat_threshold=27877448 19944134 33325248 9770204 7430 27019542 6 1494660 21038302 137984 11157504
is_linear=0
shrinkage=0.05


Tree=124
num_leaves=31
num_cat=9
split_feature=2 12 2 15 10 15 11 15 12 15 10 12 3 3 1 15 15 10 12 2 15 3 14 3 3 9 10 12 15 6
split_gain=6.01956 9.59262 4.47334 8.0042 13.6886 8.64638 8.53236 6.81527 6.68853 5.97638 5.26658 5.21869 4.48742 4.45149 4.18927 13.4653 7.1602 8.23786 8.32512 6.99128 6.87647 8.67452 9.36623 7.10903 7.29069 7.00205 9.28696 6.66803 6.62637 6.69439
threshold=-3.9156665802001949 -0.037499999627470963 -0.68180623650550831 0 6.9349999427795419 1 0.25935000181198126 2 0.017500000074505809 3 6.1150000095367441 0.0041666666511446246 0.5371893346309663 0.34424521028995519 4 5 6 2.1950000524520878 -0.017500000074505802 -2.3976842164993282 7 0.21041960269212726 1.5000000000000002 0.72470948100090038 0.19409890472888949 -1.0000000180025095e-35 3.0149999856948857 0.065833333879709258 8 0.013749999925494196
decision_type=2 2 2 1 2 1 2 1 2 1 2 2 2 2 1 1 1 2 2 2 1 2 2 2 2 2 2 2 1 2
left_child=1 -1 14 8 6 -6 9 -8 10 -5 -4 -9 13 -12 15 -2 17 -16 -19 20 23 25 -23 24 -18 26 -22 -20 29 -27
right_child=2 -3 3 4 5 -7 7 11 -10 -11 12 -13 -14 -15 16 -17 19 18 27 -21 21 22 -24 -25 -26 28 -28 -29 -30 -31
leaf_value=0.036179430726860175 -0.001872939515490987 -0.015795077113563292 -0.0091741639068181977 0.021982526713336989 -0.014130439480085326 0.0011092344632620992 0.0095695673331830846 -0.00083641123077765004 0.008053419824434636 0.0056196536626170199 -0.0019814719641870113 0.0084597558370396973 -0.0073067097752863887 0.0095453391393375206 0.015559371036557162 0.0035809421048243252 -0.020624020272590884 -0.00091584159497994772 0.0015912549426789616 -0.00053041679995386847 -0.01494866022357734 -0.0061066006719980902 0.021817096405847333 -0.034583930265450057 -0.0029665691621188531 -0.0062528917017367087 0.015745158491710178 -0.0023939363796663016 -0.013193096691751416 0.024358975551065306
leaf_weight=7.8221297229174516 1872.3226257003844 101.92284740763716 271.81647354364395 121.84870870411396 129.823266685009 272.46741354465485 404.48468558490276 577.27177752554417 144.71650747954845 141.16184128820896 206.49492654204369 202.29350250959396 164.97476416826248 138.29842935502529 88.883003145456314 2830.8629310340621 83.34718519449234 6988.3618017518893 11603.991028673947 21996.458180435002 27.572677802294493 779.77419748762622 29.300291965715587 27.308733832091093 188.27094752900302 37.054092316888273 155.53559850249439 1152.2342696711421 71.634796952828765 31.371448833495378
leaf_count=1021 24968 13184 1127 511 541 1149 1685 2420 597 589 861 841 679 574 2145 35266 1522 39041 77335 125994 867 14247 548 479 3516 610 2572 9492 1183 530
internal_value=8.27335e-05 -0.0115093 0.000108259 0.0020591 0.00394547 -0.00417641 0.00623327 0.00440904 -0.00173125 0.0143506 -0.00358098 0.00157127 -0.000574414 0.00267038 -4.71634e-06 0.00141053 -0.000158924 0.00054002 0.000471112 -0.000750612 -0.0041347 -0.00226128 -0.00504405 -0.0107365 -0.00849598 0.00462419 0.0110117 0.00123096 -0.00376395 0.00707105
internal_weight=50849.7 109.745 50739.9 2775.65 1849.35 402.291 1447.06 1184.05 926.301 263.011 781.585 779.565 509.768 344.793 47964.3 4703.19 43261.1 19833.5 19744.6 23427.6 1431.17 1132.24 809.074 298.927 271.618 323.169 183.108 12756.2 140.06 68.4255
internal_count=366094 14205 351889 11574 7736 1690 6046 4946 3838 1100 3241 3261 2114 1435 340315 60234 280081 128013 125868 152068 26074 20557 14795 5517 5038 5762 3439 86827 2323 1140
cat_boundaries=0 1 2 3 4 5 6 7 8 9
cat_threshold=4461784 2138372 172294 11077666 32 23354944 23092884 524298 1474592
is_linear=0
shrinkage=0.05


Tree=125
num_leaves=31
num_cat=7
split_feature=14 2 2 1 6 15 15 13 13 6 15 12 11 15 10 10 2 12 13 13 0 15 11 2 11 11 12 11 6 13
split_gain=8.14818 10.1204 6.95956 5.89958 20.2584 13.2959 8.21701 8.15682 8.02398 7.72531 7.29723 9.20444 7.23543 7.16642 7.18125 8.70053 10.2232 9.25409 6.9796 6.89157 7.04748 7.66261 6.48557 6.44069 7.57738 6.34249 7.39764 6.52264 8.70868 5.62649
threshold=1.0000000180025095e-35 -3.1748365163803096 -0.47306984663009638 0 0.056250000372529037 1 2 -0.017223459668457505 -0.012340729124844073 -0.013749999925494192 3 -0.012500000186264513 0.45475000143051153 4 4.2850000858306894 6.6649999618530282 -2.2060441970825191 0.080833330750465407 -0.0070882192812860003 -0.0008167772612068801 5 6 0.33754999935626989 -0.82308602333068837 0.36235000193119055 0.44054999947547918 -0.080833330750465379 0.39415000379085546 -0.0062499998603016129 0.028919393196702007
decision_type=2 2 2 1 2 1 1 8 10 2 1 2 2 1 2 2 2 2 8 8 1 1 2 2 2 2 2 2 2 8
left_child=1 -1 -3 4 5 8 -6 -7 -2 10 11 -9 18 14 -5 16 -16 23 -11 -20 -21 29 -23 25 -25 26 -18 -28 -29 -22
right_child=3 2 -4 13 6 7 -8 9 -10 12 -12 -13 -14 -15 15 -17 17 -19 19 20 21 22 -24 24 -26 -27 27 28 -30 -31
leaf_value=-0.0073572403580184458 0.0011036965454967497 -0.00033433632122183908 0.0089675795567509525 0.0031472094209592434 -0.0021180648994597517 0.019307468384290243 0.048122418126211375 0.023859386177435059 -0.010440905939706554 -0.011410763231735404 -0.006207475676862563 -0.0030890664878634134 0.028500721144406632 0.0013036214111719164 -0.013652328255735575 0.0036519757513318839 -0.016519463427216347 0.012947371514776165 0.031234208999216723 -0.010592964150168784 -0.015046642709189524 0.022946599959307961 0.0059966886027423552 0.0082906773721087377 -0.0056330538362525107 0.0040028168126143822 -0.0027790259498791134 -0.00050446919996938329 -0.019084552798165011 0.0058027232516612501
leaf_weight=510.58985792519525 478.77501193038188 32034.430241301656 200.35577088594437 850.05777846509591 18.27642521681264 109.04071764787659 23.081933421781287 55.137668437324464 217.30716997338459 45.716133744455874 223.55296973302029 70.23846775945276 40.228100259788334 11620.670331110246 206.34201961476356 590.69259675219655 118.4364463314414 95.648770533502102 29.847309721168131 42.942418758291751 40.623700073454529 128.01416861871257 103.02255330281332 258.68831025063992 154.54455503821373 244.23350787162781 1936.5028334856033 109.31682120263577 147.42127656936646 132.41437692334875
leaf_count=25683 6795 209171 930 7954 609 1239 598 440 3258 656 2147 746 561 74732 2853 2934 604 568 478 465 760 2331 1742 1054 631 1328 10815 578 837 2402
internal_value=8.36788e-05 -0.000386826 -0.000275967 0.00093527 0.00367773 0.00284275 0.0374576 0.0064345 -0.00248437 0.00492647 -0.000917761 0.00829926 0.00854019 0.000636985 -0.00100624 -0.00192425 -0.0029328 -0.00220266 0.00690083 0.00869665 0.0070594 0.00901712 0.0148668 -0.0026991 0.0030813 -0.00363533 -0.00444508 -0.0037786 -0.0112384 0.000749175
internal_weight=50836.2 32745.4 32234.8 18090.8 1758.22 1716.86 41.3584 1020.78 696.082 911.738 348.929 125.376 562.809 16332.6 4711.88 3861.83 3271.13 3064.79 522.581 476.865 447.017 404.075 231.037 2969.14 413.233 2555.91 2311.68 2193.24 256.738 173.038
internal_count=365899 235784 210101 130115 25227 24020 1207 13967 10053 12728 3333 1186 9395 104888 30156 22202 19268 16415 8834 8178 7700 7235 4073 15847 1685 14162 12834 12230 1415 3162
cat_boundaries=0 1 2 3 4 5 6 7
cat_threshold=32 31526420 1895052 147722 852026 16 291008
is_linear=0
shrinkage=0.05


Tree=126
num_leaves=31
num_cat=11
split_feature=2 15 3 10 15 10 5 10 3 15 11 5 15 10 13 15 13 1 11 11 15 13 4 1 3 15 10 15 11 15
split_gain=8.13146 8.96975 9.42342 5.09272 7.04663 7.73368 7.41773 5.77246 5.60053 5.28597 5.03151 4.82775 13.372 4.82228 4.54988 9.18908 7.48782 7.23074 11.6412 7.44635 8.69856 7.19934 6.15245 10.5449 6.00945 5.58687 5.57599 6.54591 5.45956 6.01688
threshold=-3.2944207191467281 0 0.44129881262779241 4.0450000762939462 1 4.5650000572204599 1.0000000180025095e-35 3.8649998903274541 0.67226529121398937 2 0.28755000233650213 -0.085000000894069658 3 1.5549999475479128 -0.0053820225875824681 4 -0.0088828979060053808 5 0.47734999656677252 0.44054999947547918 6 -0.04228695668280124 0.19500000029802325 7 0.78697714209556591 8 2.3549998998641972 9 0.17684999853372577 10
decision_type=2 1 2 2 1 2 2 2 2 1 2 2 1 2 8 1 10 1 2 2 1 10 2 1 2 1 2 1 2 1
left_child=1 2 -1 7 5 -5 -7 8 9 -4 -10 12 -2 -3 15 16 24 18 19 20 -17 25 -23 -24 28 -19 27 -16 29 -13
right_child=11 13 3 4 -6 6 -8 -9 10 -11 -12 14 -14 -15 26 17 -18 21 -20 -21 -22 22 23 -25 -26 -27 -28 -29 -30 -31
leaf_value=-0.0096672353103437938 -0.0081722935979478672 -0.033413303054844849 0.013949706432979762 -0.014354269056588743 -0.012171412568629986 -0.0022584476724779069 0.04087516383682422 0.053680176662731595 -0.0013089460171713235 -0.017171381699615091 0.050148817711649446 0.0050855383856779702 0.018766182502602077 -0.0096914365957731993 0.020601536234917197 0.00057895773491642725 0.0078869853360406771 2.0183691934516204e-05 -0.018927325382464919 0.011234291657173804 -0.0068621037422769149 -0.00021632009461066949 0.019650524519985738 -0.0023342125017794223 -0.006606953688550278 0.015535993243788796 -0.00018637207063099736 0.00035854197140358657 0.003065177861966722 -0.011389020515771453
leaf_weight=113.57629186939448 70.679372943006456 21.559499331749976 17.421698762103915 15.616362916305659 40.618900384288281 15.287754365708677 25.600080388598144 8.9732551225461048 7.0778613737784353 13.47628147271462 11.853762186598031 84.603285904973745 102.23326559923589 306.19832493411377 58.179072888568044 895.40557873807847 633.22661752812564 106.19486114755273 104.29391527175903 100.04901433549821 689.41867500171065 2713.4485618453473 95.362406607717276 112.45903241448104 191.15053108893335 134.40631479769945 40983.989635372534 104.52068656124175 2858.0413627848029 129.42828731797636
leaf_count=6401 647 3432 1293 709 1717 576 966 421 507 1067 890 527 959 16402 1003 5826 4079 615 647 646 4524 16401 743 792 1192 803 271057 1915 17804 828
internal_value=3.15705e-05 -0.00575829 0.00114873 0.00912246 0.0019753 0.0122072 0.0253945 0.020474 0.0126535 -0.000821901 0.0326237 0.000100728 0.008393 -0.0111082 7.17134e-05 0.00110023 0.00291189 -0.000331351 -0.00286107 -0.00186227 -0.00270216 0.00110551 0.00042138 0.0086703 0.00195115 0.00938558 -0.000149484 0.00903204 0.00248761 -0.00518188
internal_weight=50764.4 597.26 269.502 155.926 97.1231 56.5042 40.8878 58.8029 49.8296 30.898 18.9316 50167.1 172.913 327.758 49994.2 8847.49 3896.45 4951.04 1789.17 1684.87 1584.82 3161.87 2921.27 207.821 3263.22 240.601 41146.7 162.7 3072.07 214.032
internal_count=365389 34381 14547 8146 3968 2251 1542 4178 3757 2360 1397 331008 1606 19834 329402 55427 24430 30997 11643 10996 10350 19354 17936 1535 20351 1418 273975 2918 19159 1355
cat_boundaries=0 1 2 3 4 5 6 7 8 9 10 11
cat_threshold=28917852 17383492 19415052 4740940 13941896 20 19022594 34 16908820 6893952 8650888
is_linear=0
shrinkage=0.05


Tree=127
num_leaves=31
num_cat=5
split_feature=2 15 12 13 2 13 6 10 12 14 10 10 10 2 15 5 6 15 15 6 0 10 5 6 12 2 10 10 13 4
split_gain=9.66995 6.0766 8.82525 8.86777 9.40297 8.59883 5.77243 8.52934 5.89835 5.65486 7.51779 5.61277 8.54748 5.55336 7.14156 5.34328 6.34731 5.49718 5.24407 4.78501 4.64955 6.11745 7.07312 5.00192 4.88824 4.79027 4.29562 9.12326 8.19537 6.89266
threshold=-2.6072126626968379 0 -0.030833332799375054 0.010484128724783661 -3.0680031776428218 -0.018150531686842438 -0.018749999813735482 6.5650000572204599 0.050833333283662803 1.0000000180025095e-35 5.7249999046325692 3.3750000000000004 4.6449999809265146 -3.2944207191467281 1 -0.03499999921768903 -0.031249999068677422 2 3 0.031249999068677429 4 4.7049999237060556 -1.0000000180025095e-35 0.041249999776482589 0.0224999999627471 -3.2944207191467281 5.8849999904632577 6.3849999904632577 -0.0020269817905500527 0.16499999910593036
decision_type=2 1 2 8 2 10 2 2 2 2 2 2 2 2 1 2 2 1 1 2 1 2 2 2 2 2 2 2 8 2
left_child=1 6 3 4 13 -6 -1 8 20 10 18 -11 -13 14 -3 -4 17 -17 -5 -10 21 22 -8 24 25 -24 -18 29 -29 -28
right_child=-2 2 15 9 5 -7 7 -9 19 11 -12 12 -14 -15 -16 16 26 -19 -20 -21 -22 -23 23 -25 -26 -27 27 28 -30 -31
leaf_value=-0.021500014529021203 0.00014605868280838843 -0.012659735559921552 -0.014013852480087383 0.0049687883092287815 -0.013463391061886754 0.020897468764656601 0.029662140719522057 0.021261915358692582 -0.011533415727630305 -0.01081506948972371 0.019434400838004861 0.039478013877319404 -0.00015766903395307151 0.059613865009817329 0.031233353437573375 0.026469330815608261 -0.0017659789577482812 -0.0052483272478538881 -0.019925063136044856 -0.037672355214855374 -0.013463280214461044 -0.00934458781698899 0.033320130231805349 -0.017535355390949171 -0.010234243283167972 0.0049580578916645782 -0.027244368631272858 0.025238575170116413 -0.0057065150615863347 -0.0015402300963982148
leaf_weight=64.558554277289659 48034.339660346508 10.371459424262865 100.53804772091098 29.357317337067798 29.330906257033348 41.901935441419482 23.646737985312939 25.723883375525475 75.210904615698382 21.078732764348388 19.44516718108207 24.090922804549336 28.383516324684024 15.008775569498537 10.589042948791759 23.119858940597624 1567.5064933928661 22.393081663176417 60.984620862873271 22.24723933939822 89.465968976961449 117.95276682591066 18.73889725166373 26.874472525902092 31.387397876940668 56.06795109808445 78.297866808250546 24.244886245578527 113.79606810119003 38.997827774845064
leaf_count=2472 287349 528 5101 851 486 748 683 543 2158 765 372 564 574 359 529 520 43725 532 1711 752 2192 2719 1090 1018 1002 1156 1722 472 2484 836
internal_value=-2.08059e-05 -0.00286995 -0.00168758 0.00641127 0.017691 0.00676772 -0.00752088 -0.00574234 -0.00733249 -0.000303897 -0.0074423 0.010266 0.0188203 0.0378273 0.0183931 -0.00289655 -0.00228397 0.0157661 -0.0135229 -0.0181378 -0.00435722 -0.000799753 0.00561789 0.000969197 0.00588971 0.0127453 -0.00275143 -0.00874038 1.13647e-05 -0.0188675
internal_weight=50845.7 2811.31 2259.44 290.542 107.202 71.2328 551.875 487.316 461.592 183.34 109.787 73.5532 52.4744 35.9693 20.9605 1968.89 1868.36 45.5129 90.3419 97.4581 364.134 274.668 156.715 133.069 106.194 74.8068 1822.84 255.337 138.041 117.296
internal_count=366013 78664 62879 7487 2650 1234 15785 13313 12770 4837 2934 1903 1138 1416 1057 55392 50291 1052 2562 2910 9860 7668 4949 4266 3248 2246 49239 5514 2956 2558
cat_boundaries=0 1 2 3 4 5
cat_threshold=526512 10508100 9524550 3408964 35
is_linear=0
shrinkage=0.05


Tree=128
num_leaves=31
num_cat=9
split_feature=10 15 2 12 15 6 12 5 15 15 10 6 12 5 15 14 14 15 13 12 9 13 15 13 11 15 10 6 13 15
split_gain=6.23552 6.97981 6.49402 4.93522 5.58586 5.34898 4.94069 6.15545 13.5561 9.01403 6.62372 5.3581 4.63107 4.48969 8.00682 11.4224 4.54286 9.67124 8.00374 6.68017 6.34916 6.17725 4.9075 8.62971 4.44444 5.61048 4.47598 4.34154 3.97715 3.80557
threshold=1.5549999475479128 0 -2.9484202861785884 0.1225000023841858 1 0.0012499999720603369 0.087499998509883894 -1.0000000180025095e-35 2 3 5.6649999618530282 0.028749999590218071 0.092500001192092909 0.085000000894069686 4 1.0000000180025095e-35 1.5000000000000002 5 0.026852151378989223 0.029166666790843013 -1.0000000180025095e-35 0.017358352430164817 6 -0.0032656323164701457 0.40205000340938574 7 5.0150001049041757 0.036250000819563873 -0.0022252567578107114 8
decision_type=2 1 2 2 1 2 2 2 1 1 2 2 2 2 1 2 2 1 8 2 2 10 1 10 2 1 2 2 8 1
left_child=1 2 -1 6 5 -5 13 8 10 12 -8 -11 -9 16 -15 -16 -2 18 22 20 -20 24 -18 -24 25 26 -19 28 -27 -26
right_child=3 -3 -4 4 -6 -7 7 9 -10 11 -12 -13 -14 14 15 -17 17 21 19 -21 -22 -23 23 -25 29 27 -28 -29 -30 -31
leaf_value=-0.011138556651125028 3.6954468176249991e-05 -0.02080844911558756 0.034169158043840527 0.021091106722037348 -0.0041183319746394293 0.0027332529588170082 0.0013467850086312356 -0.010372008583681645 -0.0089102149250809073 -0.01469796273195962 0.022152321455560162 0.002246387250227147 0.006268236291252588 -0.0047865380211941982 0.00087007111212130349 0.028459789088764127 0.00511769553407813 -0.002968136986425176 0.011452774347335484 0.020165099402296775 -0.003427505182022081 -0.018770021451413651 0.0012215598315584383 -0.02120439046641328 -0.0023127206629772108 0.010476668033451755 -0.018784966876435705 -0.011329484256980098 -0.00082346762792724268 -0.018907969207109215
leaf_weight=15.763739654328676 47860.776620068587 59.492274402407929 12.547707276418803 85.53068440919742 75.313462498132139 73.823989167809486 71.317416706122458 56.09381240978837 140.61197708221152 291.63910156674683 81.20772937592119 54.887859660666436 147.42803246760741 92.915036450140178 77.43127536168322 71.010909260250628 83.32111330376938 91.885595474857837 131.06611328339204 74.035599126946181 153.9100733990781 83.48078099777922 88.001444241963327 81.317845670040697 76.838253201451153 98.541424262803048 86.84246204700321 72.300076741725206 344.15685094799846 79.200762460008264
leaf_count=2104 334164 4713 180 745 782 846 728 564 1241 2983 541 780 1575 958 761 767 600 865 1006 686 932 662 594 622 543 653 496 617 2489 539
internal_value=-6.99485e-05 -0.0132336 0.00742272 -4.66417e-05 0.00715677 0.0119831 -8.04038e-05 -0.00387113 0.00197258 -0.00698127 0.0118036 -0.0116814 0.00155019 -1.58703e-05 0.00675881 0.0133817 -4.92383e-05 -0.00271608 0.00217096 0.0069883 0.00344835 -0.00587721 -0.00459054 -0.00913726 -0.00463853 -0.00290496 -0.0102112 -0.000139453 0.00172767 -0.0122114
internal_weight=50812.7 87.8037 28.3114 50724.9 234.668 159.355 50490.2 843.186 293.137 550.049 152.525 346.527 203.522 49647 241.357 148.442 49405.7 1544.9 611.652 359.012 284.976 933.246 252.64 169.319 849.765 693.726 178.728 514.998 442.698 156.039
internal_count=365736 6997 2284 358739 2373 1591 356366 8412 2510 5902 1269 3763 2139 347954 2486 1528 345468 11304 4440 2624 1938 6864 1816 1216 6202 5120 1361 3759 3142 1082
cat_boundaries=0 1 2 3 4 5 6 7 8 9
cat_threshold=20486658 9786398 8795422 2656866 21416972 12590440 5128 17825922 16834694
is_linear=0
shrinkage=0.05


Tree=129
num_leaves=31
num_cat=7
split_feature=4 15 3 3 13 15 3 12 15 4 6 11 12 11 11 11 11 15 14 12 3 15 10 9 10 4 15 3 6 15
split_gain=7.31006 22.1489 8.44265 7.14252 6.62178 7.6432 6.67479 6.61499 7.84774 5.91623 5.14477 4.34589 5.44074 3.9675 3.93025 5.25035 5.8992 3.75007 6.51309 3.60039 11.0543 11.7159 3.32763 3.25401 11.4354 5.97208 17.8015 6.00202 5.95391 10.2625
threshold=0.20499999821186068 0 0.1506198272109032 0.68400678038597118 -0.021351799368858334 1 0.24551428109407428 -0.014166666660457848 2 0.22500000149011615 0.061249999329447753 0.36850000917911535 -0.024166666902601715 0.31344999372959143 0.3847500085830689 0.35725000500679022 0.31344999372959143 3 1.0000000180025095e-35 0.11916666477918626 0.61707001924514782 4 4.3250000476837167 -1.0000000180025095e-35 7.0350000858306894 0.12499999627470972 5 0.13470833003520968 -0.0037499999161809679 6
decision_type=2 1 2 2 8 1 2 2 1 2 2 2 2 2 2 2 2 1 2 2 2 1 2 2 2 2 1 2 2 1
left_child=19 2 -2 4 -3 6 13 -5 -9 11 17 12 -4 -6 15 16 -7 -8 -19 23 21 -21 -13 24 25 26 -1 -28 -27 -30
right_child=1 3 9 7 5 14 10 8 -10 -11 -12 22 -14 -15 -16 -17 -18 18 -20 20 -22 -23 -24 -25 -26 28 27 -29 29 -31
leaf_value=0.0087820500368642387 -0.00096993659109368292 0.013398489237935522 -0.0031456647938793666 0.022235649776329074 -0.018856091107414267 -0.0034489655249878349 0.010861574835620596 0.014311192551675345 -0.010280172532043224 0.026478637522123649 0.0217374597325946 0.011909154478346375 0.012443614157057116 -5.4945985673909968e-05 -0.018460157860974675 0.0068361996208737329 -0.018690457219928996 -0.017052129253188043 0.0086233198269777076 0.015381810697686871 0.02572385143960956 -0.0081123296796814914 0.028575289113906874 -0.00030260654835494502 0.019691452145009891 0.0016204731997683177 0.006591106064169603 -0.018071906751747583 0.0023294531227893334 -0.0010574246024705508
leaf_weight=123.24229778116569 113.51418028143235 53.813250200822949 79.270943025592715 53.876806261949241 47.429157122271135 163.22066302644089 64.031611078418791 47.223232730990276 59.892138615949079 80.435661545023322 43.495764745632187 77.937367880484089 182.92393927229568 64.933233227347955 86.032348405336961 59.186616290360689 103.12987314281054 46.945147531339899 48.071295535657555 71.805722357938066 53.49267209880054 132.73875764058903 52.773306166753173 29251.613028334221 75.537550875917077 7931.1969826456625 27.270770693430677 189.85369428200647 3029.9297925976571 8437.1958584953099
leaf_count=2619 1267 560 618 501 575 2006 685 589 659 1410 661 920 2049 752 1002 679 1140 576 563 753 576 1296 374 182686 403 56257 674 3959 25945 73402
internal_value=0.000169196 0.00357274 0.0110767 -0.00122375 -0.00321816 -0.00448243 0.00145678 0.00828843 0.000994282 0.0141907 0.00690291 0.0115537 0.00774228 -0.00818205 -0.00883343 -0.00646181 -0.00944573 0.00262645 -0.00376426 6.36084e-05 0.00593146 0.00055637 0.0189672 3.25089e-05 0.000527218 0.000451891 -0.00609443 -0.0142902 0.000567371 -0.000161159
internal_weight=50852 1528.14 586.855 941.281 780.289 726.476 314.906 160.992 107.115 473.341 202.544 392.906 262.195 112.362 411.57 325.537 266.351 159.048 95.0164 49323.9 258.037 204.544 130.711 49065.8 19814.2 19738.7 340.367 217.124 19398.3 11467.1
internal_count=366156 17586 6638 10948 9199 8639 3812 1749 1248 5371 2485 3961 2667 1327 4827 3825 3146 1824 1139 348570 2625 2049 1294 345945 163259 162856 7252 4633 155604 99347
cat_boundaries=0 1 2 3 4 5 6 7
cat_threshold=10029652 16790792 6467712 16777224 7377940 19704448 12731424
is_linear=0
shrinkage=0.05


Tree=130
num_leaves=31
num_cat=4
split_feature=2 1 6 10 0 2 12 2 13 10 5 9 12 2 12 10 10 10 13 12 9 6 10 10 2 13 10 1 1 6
split_gain=4.99863 7.67634 7.3618 6.60472 6.17202 5.78413 5.07802 4.77623 5.60756 4.70443 8.71175 7.99314 7.79351 6.20096 6.94988 4.70342 5.04516 6.15987 4.15499 6.34282 4.05384 3.81759 3.47471 5.0948 4.71531 4.57022 4.39718 4.80305 3.81497 3.81403
threshold=-3.018058061599731 0 -0.016249999869614836 5.6649999618530282 1 -4.5627231597900382 0.057500001043081291 -0.47306984663009638 -0.0463615134358406 2.8950001001358037 0.014999999664723875 -1.0000000180025095e-35 -0.012500000186264513 -2.1838592290878291 -0.030833332799375054 5.2349998950958261 3.8349999189376835 1.6749999523162844 -0.019905935041606423 0.014166666660457851 -2.4999999999999996 0.036250000819563873 7.4549999237060556 7.3550000190734872 -0.86674311757087696 -0.017537157051265236 7.5750000476837167 2 3 -0.0062499998603016129
decision_type=2 1 2 2 1 2 2 2 10 2 2 2 2 2 2 2 2 2 10 2 2 2 2 2 2 10 2 1 1 2
left_child=1 2 3 15 -4 -6 21 9 -9 10 11 12 -2 14 -12 16 17 -1 19 -16 -7 -3 23 -11 26 -25 27 -24 -26 -28
right_child=7 6 4 -5 5 20 -8 8 -10 22 13 -13 -14 -15 18 -17 -18 -19 -20 -21 -22 -23 24 25 28 -27 29 -29 -30 -31
leaf_value=-0.01825688262108132 0.0061805567686927174 -0.0036034284410087821 -0.018089337294752258 -0.033885649227648022 -0.028532540662170161 0.022030160507418222 -0.033093446502906951 0.00031733564109477543 0.014075844929524475 -7.9310274575296573e-06 -0.02528347435025077 -0.0004970499025333258 0.030972612296840608 0.0069180467691783215 0.018208942392532835 0.017760872231140996 -0.021014144739931236 0.014784410222235537 -0.013167390318854486 -0.010332774991357284 0.0011235994712644529 -0.023062657173697848 0.0032180221296324164 -0.009717598918754778 0.0039136327202782331 0.0015894664086330828 0.0055438273993395166 0.01768899557760532 -0.0070047769311781015 -0.0038816772980666998
leaf_weight=22.872841730248183 57.722507240250707 83.863360799150541 31.901025116210803 25.768621610477567 14.094840305624528 21.898419352713972 27.504440172109753 168.29230114817619 130.39217409491539 47453.145212776959 38.355361161753535 72.322760617360473 71.776823285967112 143.79250544682145 42.552086133509874 15.258174630813299 53.395863620564342 30.587973983958364 43.823266284540296 32.826626095920801 792.56187902041711 34.640194969251752 142.40236578136683 251.63633408397436 133.45238876342773 137.2116986066103 300.27612490952015 108.89235401898623 170.43093173205853 164.67955128103495
leaf_count=3657 737 2669 1342 739 2401 1314 906 782 608 301987 633 799 984 1090 712 451 1870 1835 764 570 30256 1252 869 1326 542 744 1626 547 694 996
internal_value=1.91057e-05 -0.00323067 -0.00157296 -0.0118148 0.000192344 0.00114214 -0.0134856 9.47678e-05 0.00637735 5.64982e-05 0.00485682 0.0128408 0.020184 -0.000539662 -0.00734724 -0.00668641 -0.0104394 0.000499333 -0.00125396 0.00583353 0.0017383 -0.00957999 6.86869e-06 -5.47578e-05 0.00289147 -0.00573999 0.00510143 0.0104042 -0.0023167 0.00220314
internal_weight=50818.3 1154.35 1008.34 147.883 860.456 828.555 146.008 49664 298.684 49365.3 503.172 201.822 129.499 301.35 157.557 122.115 106.857 53.4608 119.202 75.3787 814.46 118.504 48862.1 47842 1020.13 388.848 716.25 251.295 303.883 464.956
internal_count=365702 48692 43865 8552 35313 33971 4827 317010 1390 315620 6289 2520 1721 3769 2679 7813 7362 5492 2046 1282 31570 3921 309331 304057 5274 2070 4038 1416 1236 2622
cat_boundaries=0 1 2 3 4
cat_threshold=48 24 52 28
is_linear=0
shrinkage=0.05


Tree=131
num_leaves=31
num_cat=5
split_feature=2 1 15 14 3 3 13 6 15 3 11 11 11 12 13 15 15 3 6 11 6 3 11 12 11 3 6 14 6 2
split_gain=7.90321 7.54537 6.66248 7.96941 8.93355 10.4849 8.95045 6.99195 6.6262 6.55358 10.1727 9.23801 8.83424 7.33638 7.28132 7.22996 6.84553 6.49542 8.05912 6.42907 5.81524 5.52931 5.36443 5.18867 5.09024 4.84446 4.18126 4.0349 3.88222 3.65165
threshold=-3.018058061599731 0 1 1.0000000180025095e-35 0.39859688282012945 0.48802532255649572 0.0036175847053527836 -0.026250000111758705 2 0.68979910016059887 0.36634999513626104 0.42595000565052038 0.4118999987840653 0.050833333283662803 0.0015833148499950769 3 4 0.67518028616905224 0.0062499998603016147 0.37125000357627874 0.0037499999161809687 0.39474444091320043 0.41335000097751623 0.077500000596046462 0.29039999842643743 0.68135830760002147 1.0000000180025095e-35 1.5000000000000002 0.0037499999161809687 -4.3136520385742179
decision_type=2 1 1 2 2 2 10 2 1 2 2 2 2 2 8 1 1 2 2 2 2 2 2 2 2 2 2 2 2 2
left_child=1 2 3 7 -5 -6 19 -1 24 10 23 14 13 15 20 -12 -14 22 -19 25 -11 -17 -9 27 -3 -7 -18 29 -25 -4
right_child=-2 8 9 4 5 6 -8 17 -10 11 12 -13 16 -15 -16 21 26 18 -20 -21 -22 -23 -24 28 -26 -27 -28 -29 -30 -31
leaf_value=-0.027227893843045931 0.0001407735989171922 0.025317812425254473 -0.040155378014139487 -0.0046127795977018949 0.062001148579910376 0.047597585116386433 -0.020984021307049218 0.0025063715278447873 -0.020990810936732662 0.0020894770067717409 -2.7269032876920884e-05 -0.031381261591730124 -0.023831241952377701 -0.016900819376894614 0.000552063840549066 0.066578965479608537 0.028142944449912357 -0.03324651542266626 0.0049898766644904556 -0.0061995534591389664 0.040757114423286729 0.020733697878264346 0.030868712569167775 0.028072479502438713 -0.0091612985801928452 0.011858276917379049 -0.0053064409514033996 0.012475872224827371 -0.0076782601464904475 -0.01410957026509071
leaf_weight=23.170719998888671 49691.313230158761 14.897257834672926 12.824365367181597 43.778472684556618 12.542169172083957 22.164305228041485 12.776774188969283 121.59950120933354 101.934061457403 16.576233265222982 34.910122589208186 15.36147653358057 28.302442625863478 13.953952578129245 112.84094229806215 13.669099434278907 12.448224758030845 25.073836338706315 27.148108356865123 13.412583344848825 22.322743657045066 15.96521228761412 17.407252675620839 11.229079627897592 27.362596531398594 18.458634124137461 25.052143664332107 12.105614316184072 16.325789883499965 309.49664132855833
leaf_count=2069 317187 507 2259 1864 556 882 543 4816 3417 590 1603 612 1273 644 4671 560 538 887 1121 528 822 649 672 533 919 693 1056 582 768 12093
internal_value=4.56573e-05 -0.00403929 -0.00238645 0.00327997 0.0134066 0.0232166 0.0143454 -0.00245448 -0.0142948 -0.00523443 -0.00813781 0.00324488 0.00305815 0.0142214 0.00711292 0.0212555 -0.0102856 0.000798007 -0.0139181 0.0231499 0.0251874 0.0340036 0.00644553 -0.0125933 0.0029267 0.0326765 0.0053144 -0.0143103 0.00780456 -0.0153871
internal_weight=50846.4 1155.11 1010.92 337.532 123.133 79.3545 66.8123 214.399 144.194 673.384 506.283 167.101 144.301 78.4984 151.74 64.5444 65.8028 191.229 52.2219 54.0355 38.899 29.6343 139.007 361.981 42.2599 40.6229 37.5004 334.427 27.5549 322.321
internal_count=365914 48727 43884 14631 5066 3202 2646 9565 4843 29253 22558 6695 6323 3456 6083 2812 2867 7496 2008 2103 1412 1209 5488 16235 1426 1575 1594 14934 1301 14352
cat_boundaries=0 1 2 3 4 5
cat_threshold=48 338982 29786240 14160768 29491792
is_linear=0
shrinkage=0.05


Tree=132
num_leaves=31
num_cat=14
split_feature=2 3 15 2 1 15 0 3 2 2 0 3 12 15 15 15 13 0 11 0 2 15 15 4 15 15 3 11 11 5
split_gain=6.36045 9.99946 7.83941 5.5908 5.13302 10.6133 7.95545 10.0752 6.48241 6.43995 7.27367 5.77605 6.51951 7.80031 6.16102 5.71055 6.79937 8.00622 13.6222 6.36376 10.8045 8.3795 5.57916 5.5558 6.2621 5.42049 5.33382 6.14738 7.28533 10.5327
threshold=-3.2944207191467281 0.26716536283493048 0 -4.4216327667236319 1 2 3 0.36770680546760565 -1.7602643966674802 -1.0922923684120176 4 0.1123318411409855 0.020833333022892479 5 6 7 -0.039539610967040055 8 0.32575000822544103 9 -2.6586483716964717 10 11 0.16499999910593036 12 13 0.36008059978485113 0.41615000367164617 0.37475000321865087 0.024999999441206459
decision_type=2 2 1 2 1 1 1 2 2 2 1 2 2 1 1 1 8 1 2 1 2 1 1 2 1 1 2 2 2 2
left_child=1 -1 -3 -4 5 6 -2 11 15 10 25 23 13 -13 -14 16 -6 18 -18 20 22 -22 -17 -8 -25 -7 27 28 -19 -30
right_child=4 2 3 -5 8 9 7 -9 -10 -11 -12 12 14 -15 -16 19 17 26 -20 -21 21 -23 -24 24 -26 -27 -28 -29 29 -31
leaf_value=-0.017481763438107322 0.0064916559821012083 -0.0096576017422158565 -0.023202105434864825 0.0052428783103285401 0.015445423808973228 3.1932530588780972e-05 -0.0079686939952088639 -0.014586914325299058 0.00018693204242154705 0.0090204775517671587 -0.00043218294507900695 -0.011516457190835907 0.019865756060293338 0.0052959760736852237 0.00099191765902857361 0.0016097536034806567 -0.006905029407141986 -0.0062302816111149241 0.02208052624581348 -0.001242092346128541 -0.0031338970663279814 0.0042407425171195169 0.022325329824440025 0.016962127344797743 -0.0047947058070517455 -0.014632799552891674 -0.0018094687808216743 -0.014276187804020918 0.011070958960719073 -0.012955204992896355
leaf_weight=127.36438420740888 1328.7047029007226 177.43126553203911 16.471269951434806 271.80675798165612 47.996150679886341 107.6261432338506 205.81913832575083 97.200465317815542 35238.097005814314 148.67409947514534 1659.8059805883095 78.768211532384157 106.22738577611744 277.94727410655469 81.987829657271504 64.63204412907362 77.824056767858565 1131.316439117305 80.970947407186031 5380.4792970791459 673.74907466769218 869.04240452125669 84.128791972994804 49.18160012550652 66.177079265937209 165.23851230926812 1783.6267688237131 187.51501899026334 148.85799654945731 63.490123314782977
leaf_count=7664 14770 10899 3029 12983 459 1267 1847 868 172291 643 19060 679 1100 2392 843 1276 887 12168 865 56974 6400 8181 1706 568 753 1927 19126 1966 1506 705
internal_value=-4.36643e-05 -0.00518256 -0.00175855 0.00335344 1.72457e-05 0.00165148 0.00399103 0.000504444 -0.000139092 -0.00093298 -0.00171202 0.00223361 0.00536106 0.00136661 0.0128376 -0.00122352 -0.0028647 -0.00313468 0.00749937 -0.000401083 0.0022639 0.00102746 0.0150534 -0.00307296 0.00564879 -0.0090909 -0.0036599 -0.0058341 -0.0046365 0.00383351
internal_weight=50798.2 593.074 465.709 288.278 50205.1 4373.36 2292.01 963.309 45831.7 2081.34 1932.67 866.109 544.931 356.715 188.215 10593.6 3521.6 3473.6 158.795 7072.03 1691.55 1542.79 148.761 321.178 115.359 272.865 3314.81 1531.18 1343.66 212.348
internal_count=365802 34575 26911 16012 331227 46717 23820 9050 284510 22897 22254 8182 5014 3071 1943 112219 37682 37223 1752 74537 17563 14581 2982 3168 1321 3194 35471 16345 14379 2211
cat_boundaries=0 1 2 3 4 5 6 7 8 9 10 11 12 13 14
cat_threshold=1457792 32 1679806 3 4 98320 98484 9011632 32 52 16784460 20197378 622880 19010560
is_linear=0
shrinkage=0.05


Tree=133
num_leaves=31
num_cat=12
split_feature=2 15 2 4 6 3 15 2 4 15 3 6 4 6 4 1 0 10 15 1 1 15 0 6 3 6 15 2 15 3
split_gain=7.78165 11.296 6.408 6.33511 6.00526 4.96135 4.41934 4.58515 6.30502 7.14331 6.86982 7.74302 5.95614 11.3865 8.64456 8.62177 6.42762 6.16863 5.81617 5.79362 5.68584 6.75631 5.63281 7.10311 5.82028 5.66841 5.97616 5.53523 10.2695 6.37428
threshold=-3.4728074073791499 0 -4.4216327667236319 0.19500000029802325 0.021250000223517421 0.52013596892356884 1 -1.3671082258224485 0.15500000119209292 2 0.025816019624471668 -0.0062499998603016129 0.18500000238418582 0.053749999031424529 0.21499999612569812 3 4 5.1150000095367441 5 6 7 8 9 0.026250000111758712 0.16789127886295321 -0.011249999981373547 10 -1.3417291045188902 11 0.025816019624471668
decision_type=2 1 2 2 2 2 1 2 2 1 2 2 2 2 2 1 1 2 1 1 1 1 1 2 2 2 1 2 1 2
left_child=1 2 -1 4 -4 -5 -2 8 19 10 -10 -12 13 16 17 -16 -11 18 -14 -8 21 -9 -23 24 -24 -26 -27 28 -22 -29
right_child=6 -3 3 5 -6 -7 7 20 9 12 11 -13 14 -15 15 -17 -18 -19 -20 -21 27 22 23 -25 25 26 -28 29 -30 -31
leaf_value=-0.029854417756071502 0.0006250587891042759 -0.013516309214942613 0.0068795303194950884 -0.030256006491602795 0.036345071418864505 0.012490079884653369 -0.013154468065735678 0.00406507633703042 -0.016116448941258008 0.010514840990099767 -0.0060116574469618236 -0.00059216745780139954 0.0024883806585339271 0.019969201859976624 0.020514302386036524 -0.0015726828160672385 0.0010164413501184133 -0.0088286711381986138 -0.0042806290799835963 -0.0021402704589145254 -0.006356899022604362 -0.0088824457193494716 0.0082140541364203925 -0.0097668890397305669 -0.0019538916150057778 0.012297144872955501 0.0012194837068226719 0.010801666681232591 0.011791036037050605 -0.00058256710634673663
leaf_weight=10.261104685021563 16780.280044391751 235.4984954292886 76.51563223451376 15.02244947711006 20.888318540062755 9.8277548118494433 111.37189366668463 1837.7316630035639 79.91132359020412 174.32289240509272 791.16622039489448 3901.8512281375006 575.24894797801971 82.285242391750216 71.650035365484655 97.554845682345331 4295.6890473924577 333.83823951147497 681.66758802626282 5064.7100383397192 109.22268106043339 154.0071797221899 274.37206484377384 148.96670113503933 1020.4223871678114 151.18879425525665 512.9506334066391 122.15994375944138 225.2364028096199 12755.962503403425
leaf_count=1958 112562 17747 4538 1068 1158 594 658 8560 649 1459 6930 37492 6021 690 726 1115 39375 2775 6893 43737 565 738 1309 717 4694 718 2451 538 1159 55523
internal_value=-9.03407e-05 -0.00731483 0.00441945 0.00808606 0.0138026 -0.0136797 -3.72516e-05 -0.000368373 -0.000971333 -0.000298419 -0.00175553 -0.00150798 0.000805069 0.00176115 -0.00166253 0.00901684 0.00141719 -0.00280837 -0.00119788 -0.00241179 0.000197818 0.00182157 -1.30468e-05 0.00068158 0.00148876 0.000384938 0.00397353 -0.00030735 0.0060235 -0.000472917
internal_weight=50721.8 368.014 132.515 122.254 97.404 24.8502 50353.8 33573.5 16261.3 11085.2 4772.93 4693.02 6312.26 4552.3 1759.96 169.205 4470.01 1590.75 1256.92 5176.08 17312.2 4099.64 2261.91 2107.9 1958.93 1684.56 664.139 13212.6 334.459 12878.1
internal_count=365117 27063 9316 7358 5696 1662 338054 225492 148520 104125 45071 44422 59054 41524 17530 1841 40834 15689 12914 44395 76972 19187 10627 9889 9172 7863 3169 57785 1724 56061
cat_boundaries=0 1 2 3 4 5 6 7 8 9 10 11 12
cat_threshold=25264354 16831564 14754176 10 32 655904 1 56 3285648 48 34 2105394
is_linear=0
shrinkage=0.05


Tree=134
num_leaves=31
num_cat=9
split_feature=2 1 15 13 0 15 11 11 6 14 11 11 6 15 6 6 5 15 5 13 5 15 2 2 13 2 2 15 4 1
split_gain=4.68712 8.45041 8.77029 7.60935 6.39309 6.25095 6.26176 5.49191 11.0531 4.6423 7.15956 7.26109 6.17324 5.2245 12.3338 7.73141 4.53457 4.3442 6.42551 6.32418 5.6354 4.1535 4.06237 3.86872 3.69207 3.89406 3.50092 3.33059 5.19811 4.24972
threshold=-3.146593332290649 0 1 -0.00058250525034964074 2 3 0.27934999763965612 0.37524999678134924 0.0087499998044222611 1.0000000180025095e-35 0.26099999248981481 0.30605000257492071 0.028749999590218071 4 0.0087499998044222611 -1.0000000180025095e-35 0.014999999664723875 5 -1.0000000180025095e-35 -0.021760552190244194 -0.014999999664723871 6 -3.2629365921020503 -3.6436011791229244 0.011792634613811971 -3.4342366456985469 -3.4728074073791499 7 0.22500000149011615 8
decision_type=2 1 1 8 1 1 2 2 2 2 2 2 2 1 2 2 2 1 2 8 2 1 2 2 8 2 2 1 2 1
left_child=1 2 3 16 9 6 -3 24 -9 17 12 23 -11 14 -13 -15 -1 18 20 -19 -4 -6 -17 -12 -5 -26 -20 28 -2 -29
right_child=27 5 4 7 21 -7 -8 8 -10 10 11 13 -14 15 -16 22 -18 19 26 -21 -22 -23 -24 -25 25 -27 -28 29 -30 -31
leaf_value=-0.030796818863155613 -0.00052516828180668737 0.026872708410324908 0.0037423171615379325 0.031794492659212657 -0.0016873382869555444 -0.027719990134469005 -0.014130431711662162 0.062948401586488942 0.0027330143602546722 -0.025915073767600917 0.0030238216338814403 -0.011266106919210249 0.01596909659317387 0.018827192192517706 0.04720884631147515 -0.0064615787337042223 0.0042781323692354144 0.020733205296850736 -0.015751998940533463 -0.012118736726224232 0.049562145874084085 -0.026960819523142717 -0.036131832655749742 0.039071439557817986 0.014303267546593765 -0.0064661101614651413 0.0049910006376766179 0.0011425386219399774 0.01181557819529009 -2.6562453135785904e-05
leaf_weight=14.814582787686957 16564.0461666435 12.689663004130123 16.226044045528397 12.424079937627537 37.696462461957708 51.566885350970551 23.437420609174296 13.303977962117644 15.559449329739435 29.387993414420635 11.044710475252939 15.406360806897281 10.671364106470717 22.894647475332022 17.791486367350444 47.14634511154145 19.457810400985181 13.923246904043479 34.924504915019497 214.30453162477352 9.8935660703573394 42.152273748535663 13.834573796018956 23.335279545746744 44.674026053398848 42.014690415002406 43.726524764671922 12295.931427995674 83.77483931183815 21104.449916403741
leaf_count=620 107085 490 1204 574 2048 2054 952 630 749 1354 965 604 645 949 931 2697 751 606 2336 11244 397 2411 349 714 2983 1184 1244 90324 777 126593
internal_value=5.34286e-05 -0.00361454 -0.00175747 0.00818892 -0.00453515 -0.0173206 0.000733668 0.014256 0.0327686 -0.00233255 0.00380074 0.00877506 -0.0145288 0.00266418 0.0163333 -0.0043911 -0.0117455 -0.00593117 0.00260566 -0.00953761 0.0233886 -0.0168086 -0.0141264 0.0282939 0.00832331 0.00431833 -0.00438201 0.000116181 -0.000461378 0.000404083
internal_weight=50902.5 854.303 766.609 162.249 604.36 87.694 36.1271 127.976 28.8634 524.511 191.513 151.453 40.0594 117.073 33.1978 83.8756 34.2724 332.998 104.771 228.228 26.1196 79.8487 60.9809 34.38 99.1128 86.6887 78.651 50048.2 16647.8 33400.4
internal_count=366464 41685 38189 7491 30698 3496 1442 6120 1379 26239 9208 7209 1999 5530 1535 3995 1371 17031 5181 11850 1601 4459 3046 1679 4741 4167 3580 324779 107862 216917
cat_boundaries=0 1 2 3 4 5 6 7 8 9
cat_threshold=49 82020 3 31597714 16790018 689416 25302794 17649684 49
is_linear=0
shrinkage=0.05


end of trees

feature_importances:
lq2=872
jcd=861
n_win=367
mot_pure=367
tenji_dev=266
lane=229
avg_st_vs_oth=227
q1a=214
m_2ren=210
winner=127
avg_st=93
avg_st_vs1=90
cls_gap=85
f_count=42

parameters:
[boosting: gbdt]
[objective: binary]
[metric: binary_logloss]
[tree_learner: serial]
[device_type: cpu]
[data_sample_strategy: bagging]
[data: ]
[valid: ]
[num_iterations: 2000]
[learning_rate: 0.05]
[num_leaves: 31]
[num_threads: 0]
[seed: 42]
[deterministic: 0]
[force_col_wise: 0]
[force_row_wise: 0]
[histogram_pool_size: -1]
[max_depth: -1]
[min_data_in_leaf: 500]
[min_sum_hessian_in_leaf: 0.001]
[bagging_fraction: 0.8]
[pos_bagging_fraction: 1]
[neg_bagging_fraction: 1]
[bagging_freq: 1]
[bagging_seed: 400]
[bagging_by_query: 0]
[feature_fraction: 0.8]
[feature_fraction_bynode: 1]
[feature_fraction_seed: 30056]
[extra_trees: 0]
[extra_seed: 12879]
[early_stopping_round: 0]
[early_stopping_min_delta: 0]
[first_metric_only: 0]
[max_delta_step: 0]
[lambda_l1: 0]
[lambda_l2: 2]
[linear_lambda: 0]
[min_gain_to_split: 0]
[drop_rate: 0.1]
[max_drop: 50]
[skip_drop: 0.5]
[xgboost_dart_mode: 0]
[uniform_drop: 0]
[drop_seed: 17869]
[top_rate: 0.2]
[other_rate: 0.1]
[min_data_per_group: 100]
[max_cat_threshold: 32]
[cat_l2: 10]
[cat_smooth: 10]
[max_cat_to_onehot: 4]
[top_k: 20]
[monotone_constraints: ]
[monotone_constraints_method: basic]
[monotone_penalty: 0]
[feature_contri: ]
[forcedsplits_filename: ]
[refit_decay_rate: 0.9]
[cegb_tradeoff: 1]
[cegb_penalty_split: 0]
[cegb_penalty_feature_lazy: ]
[cegb_penalty_feature_coupled: ]
[path_smooth: 0]
[interaction_constraints: ]
[verbosity: -1]
[saved_feature_importance_type: 0]
[use_quantized_grad: 0]
[num_grad_quant_bins: 4]
[quant_train_renew_leaf: 0]
[stochastic_rounding: 1]
[linear_tree: 0]
[max_bin: 255]
[max_bin_by_feature: ]
[min_data_in_bin: 3]
[bin_construct_sample_cnt: 200000]
[data_random_seed: 175]
[is_enable_sparse: 1]
[enable_bundle: 1]
[use_missing: 1]
[zero_as_missing: 0]
[feature_pre_filter: 1]
[pre_partition: 0]
[two_round: 0]
[header: 0]
[label_column: ]
[weight_column: ]
[group_column: ]
[ignore_column: ]
[categorical_feature: 0,1,15]
[forcedbins_filename: ]
[precise_float_parser: 0]
[parser_config_file: ]
[objective_seed: 16083]
[num_class: 1]
[is_unbalance: 0]
[scale_pos_weight: 1]
[sigmoid: 1]
[boost_from_average: 1]
[reg_sqrt: 0]
[alpha: 0.9]
[fair_c: 1]
[poisson_max_delta_step: 0.7]
[tweedie_variance_power: 1.5]
[lambdarank_truncation_level: 30]
[lambdarank_norm: 1]
[label_gain: ]
[lambdarank_position_bias_regularization: 0]
[eval_at: ]
[multi_error_top_k: 1]
[auc_mu_weights: ]
[num_machines: 1]
[local_listen_port: 12400]
[time_out: 120]
[machine_list_filename: ]
[machines: ]
[gpu_platform_id: -1]
[gpu_device_id: -1]
[gpu_use_dp: 0]
[num_gpu: 1]

end of parameters

pandas_categorical:null
