tree
version=v4
num_class=1
num_tree_per_iteration=1
label_index=0
max_feature_idx=56
objective=binary sigmoid:1
feature_names=lq q_rank q_rel q_conc q_ent lane cls_val age weight f_count avg_st n_win n_2ren l_win l_2ren m_2ren b_2ren tok srank genten nruns st_setsu c_win c_ren3 c_st jcd rno day_no n_days is_final cls_max cls_gap is_f2 has_f n_win_dev l_win_dev m_2ren_dev c_win_dev avg_st_dev tok_dev st_setsu_dev n_win_rk l_win_rk m_2ren_rk c_win_rk avg_st_rk tok_rk st_setsu_rk n_win_in tok_in m_2ren_in avg_st_in st_setsu_in tenji tenji_dev tenji_rk mot_pure
feature_infos=[-6.3207488059997559:-0.072281219065189362] [1:6] [-6.0353817939758301:0] [0.18661434948444366:0.93026924133300781] [0.35503965616226196:1.7720415592193604] [1:6] [1:4] [16:77] [41:67] [0:3] [0:0.2800000011920929] [0:8.9899997711181641] [0:1] [0:12] [0:1] [0:1] [0:1] [-15:14] [1:52] [0:114] [0:6] none none none none -1:8:6:21:22:17:24:19:23:10:2:5:7:1:20:12:9:16:15:13:14:18:11:4:3 [1:12] [1:7] [3:7] [0:1] [2:4] [-3:0] [0:1] [0:1] [-5.1733331680297852:4.3366665840148926] [-7.0900001525878906:6.6916666030883789] [-0.5119166374206543:0.83333331346511841] none [-0.18000000715255737:0.1366666704416275] [-20:8.8333330154418945] none [1:6] [1:6] [1:6] none [1:6] [1:6] none [-8:7.380000114440918] [-26:26] [-1:1] [-0.2800000011920929:0.27000001072883606] none [6.2899999618530273:7.809999942779541] [-0.36666667461395264:0.40000000596046448] [1:6] [-0.16131666302680969:0.10633333027362823]
tree_sizes=6784 6939 6892 6938 6952 6956 6967 6940 6956 6908 6974 6954 6927 6956 6938 6947 6954 6937 6904 6961 6983 6966 6992 7031 6941 7019 6954 6984 6956 6999 6976 7028 6959 6967 7038 6981 7045 6963 7019 6977 6966 7057 6964 7002 6995 7022 6985 7022 7044 7008 6994 7044 7012 7006 6985 6985 7005 6974 7019 7005 6977 7027 6980 7051 7054 7072 6973 7043 7008 6967 7014 7075 7040 7054 7035 7003 6998 6996 6980 7010 6995 7039 7036 6996 7040 7093 7079 7054 7033 6999 7050 6965 7030 6994 7079 7045 6989 7060 7002 6969 7039 7053 6985 6971 7016 7004 7015 7020 6980 6990 7050 7020 7027 7018 7077 7037 6986 7016 7055 7006 7046 7059 6975 6972 7015 6961 7035 6987 6967 7042 7005 7007 7010 6967 7024 7031

Tree=0
num_leaves=63
num_cat=1
split_feature=0 0 3 0 0 0 4 0 0 0 3 0 0 4 3 3 31 50 31 56 0 4 31 0 55 50 0 3 4 4 3 0 0 35 7 2 0 15 3 26 17 38 34 3 12 35 0 39 34 25 3 55 3 11 39 55 55 15 8 3 10 56
split_gain=107005 13580.9 8098.3 1894.92 1800.69 1146.92 968.433 260.631 238.315 235.394 220.023 212.628 165.534 95.5067 84.3547 66.2218 40.4686 39.0324 38.5245 37.7536 36.9258 33.7522 32.059 31.8783 31.2187 29.8908 24.2785 24.1051 23.573 22.2717 22.1667 21.4528 20.0607 19.8345 20.5418 19.2477 19.12 19.0778 18.6866 18.6463 18.5884 21.3063 19.3269 17.4376 21.5231 18.2603 17.3694 17.0463 17.6902 17.0125 16.0596 15.9569 16.5265 15.8822 18.2926 15.8808 14.717 14.6223 14.5156 14.4942 16.0513 14.2685
threshold=-1.033816337585449 -2.0402834415435787 0.58572021126747142 -1.4688897132873533 -2.8310116529464717 -0.72488087415695179 0.93600317835807811 -1.7834130525588987 -1.2375541925430296 -3.6037347316741939 0.64644789695739757 -2.4025845527648921 -0.93729621171951283 0.78153684735298168 0.52413743734359752 0.44632381200790411 -1.0000000180025095e-35 0.11335000023245813 -1.4999999999999998 -0.00058066495694220055 -3.1251311302185054 1.2242154479026797 -1.0000000180025095e-35 -2.1556856632232662 1.5000000000000002 0.1495499983429909 -1.4087177515029905 0.75973206758499157 1.2351459860801699 1.3799706697463991 0.52413743734359752 -1.5481464862823484 -4.0605709552764884 -1.6108333468437193 26.500000000000004 -1.4204602837562559 -2.5228821039199825 0.32764999568462377 0.48070509731769567 6.5000000000000009 7.6849999427795419 0.0058333333581686029 0.70416665077209484 0.67530879378318798 0.53544998168945324 0.56416666507720958 -1.1918020248413084 1.279166638851166 0.74083334207534801 0 0.63000038266181957 3.5000000000000004 0.51459980010986339 5.6250000000000009 0.33366666734218603 3.5000000000000004 3.5000000000000004 0.39235000312328344 53.500000000000007 0.41867353022098547 0.17500000447034839 0.010082234162837269
decision_type=2 2 2 2 2 2 2 2 2 2 2 2 2 2 2 2 2 8 2 10 2 2 2 2 2 8 2 2 2 2 2 2 2 2 2 2 2 2 2 2 8 2 2 2 2 2 2 10 2 1 2 2 2 2 8 2 2 2 2 2 2 8
left_child=1 4 5 7 9 12 13 35 21 32 24 36 25 -4 51 22 31 46 -17 28 -11 56 -14 -13 61 -2 -23 -15 53 -27 -19 49 -1 -24 -35 -3 -6 -30 -20 -31 42 -42 -39 44 45 47 -10 48 -12 -9 -26 -7 -53 -16 -55 -47 -5 -25 -56 -36 -61 -8
right_child=2 3 6 8 11 14 10 16 17 20 43 23 15 27 19 18 -18 30 38 -21 -22 26 33 57 50 29 -28 -29 37 39 -32 -33 -34 34 59 -37 -38 40 -40 -41 41 -43 -44 -45 -46 55 -48 -49 -50 -51 -52 52 -54 54 58 -57 -58 -59 -60 60 -62 -63
leaf_value=-1.6556181214710575 -1.5568407347730642 -1.6206197320618732 -1.4076383726437658 -1.5908666444157862 -1.6382445970163246 -1.5035148974708581 -1.4538468824479904 -1.5940752163362701 -1.5801976372473543 -1.648399468857173 -1.468513132313277 -1.6290096885660741 -1.5295310511291409 -1.4351051029345352 -1.4658057396610238 -1.5048551396682142 -1.6051784408073364 -1.5595722417933024 -1.5276110185820171 -1.503551354042586 -1.6439035822427952 -1.5894984385237882 -1.5711499792329227 -1.624771434588417 -1.4810513055145562 -1.5305226652814807 -1.5801377483463881 -1.422457872373635 -1.4992751656081891 -1.5418537053576993 -1.592035525230747 -1.5896580115115704 -1.6523669559395584 -1.5112225361112805 -1.5499250031753247 -1.6141207276950484 -1.6338265398544776 -1.4829438048494272 -1.506655312316852 -1.5607002666970669 -1.5013549993304034 -1.4735418191888043 -1.4487737736916171 -1.4476927330155653 -1.4340237379151219 -1.4488413144612946 -1.5686885301757734 -1.4431123435939843 -1.5034840041602888 -1.6029918054477597 -1.4683339439499952 -1.5213429646036651 -1.4964755156345679 -1.4572428021537607 -1.4820604906451533 -1.4695230297194024 -1.6090994096645226 -1.6166169692012866 -1.5058225364492388 -1.5323487627779768 -1.5618313601822689 -1.4696951295340785
leaf_weight=7693.1948112845421 443.7500211596489 977.77782440185547 561.2500267624855 252.36112314462662 5585.2780441045761 602.63891762495041 142.63889569044113 582.77780556678772 278.61112439632416 7023.3336682319641 99.722226977348328 4292.916871368885 715.83336746692657 453.19446605443954 108.7500051856041 188.75000900030136 2059.7223204374313 971.94449079036713 608.1944734454155 279.16667997837067 5006.5280165076256 605.83336222171783 35.69444614648819 1480.4167372584343 597.77780628204346 163.88889670372009 1652.7778565883636 515.2778023481369 278.19445770978928 249.86112302541733 34.861112773418427 464.44446659088135 5016.805794775486 36.111112833023071 225.83334410190582 2867.2223589420319 2178.6112149953842 94.444448947906494 76.666670322418213 126.52778381109238 140.69445115327835 64.166669726371765 36.805557310581207 1075.9722735285759 60.694447338581085 245.83334505558014 849.58337384462357 29.861112534999847 30.138890326023102 953.88893437385559 216.38889920711517 187.22223114967346 55.416669309139252 34.166668295860291 142.77778458595276 78.333337068557739 98.472226917743683 461.52779978513718 57.777780532836914 230.55556654930115 33.888890504837036 250.55556750297546
leaf_count=55391 3195 7040 4041 1817 40214 4339 1027 4196 2006 50568 718 30909 5154 3263 783 1359 14830 6998 4379 2010 36047 4362 257 10659 4304 1180 11900 3710 2003 1799 251 3344 36121 260 1626 20644 15686 680 552 911 1013 462 265 7747 437 1770 6117 215 217 6868 1558 1348 399 246 1028 564 709 3323 416 1660 244 1804
internal_value=-1.60943 -1.6323 -1.48666 -1.59632 -1.64405 -1.52028 -1.44641 -1.60831 -1.57633 -1.65054 -1.46028 -1.63259 -1.53556 -1.42077 -1.49726 -1.52934 -1.60124 -1.56642 -1.52086 -1.49061 -1.64653 -1.58444 -1.53515 -1.62709 -1.4732 -1.54915 -1.58265 -1.42838 -1.48683 -1.54283 -1.5607 -1.59719 -1.65433 -1.54229 -1.54034 -1.61577 -1.637 -1.49153 -1.52527 -1.54819 -1.48511 -1.49264 -1.47336 -1.45064 -1.45648 -1.45929 -1.57153 -1.47036 -1.47663 -1.59947 -1.47767 -1.507 -1.51566 -1.47844 -1.4843 -1.45384 -1.59598 -1.62283 -1.48891 -1.54248 -1.53613 -1.46395
internal_weight=60964.3 51388.9 9575.42 12650.3 38738.6 5217.78 4357.64 7905.83 4744.44 24739.9 2827.92 13998.8 3135.56 1529.72 2082.22 2151.53 4060.83 2135 873.611 1236.94 12029.9 2609.44 1277.92 6234.86 1207.36 984.028 2258.61 968.472 957.778 540.278 1006.81 2001.11 12710 562.083 526.389 3845 7763.89 614.306 684.861 376.389 336.111 204.861 131.25 1620.56 544.583 483.889 1128.19 159.722 129.861 1536.67 814.167 845.278 242.639 343.472 234.722 324.167 350.833 1941.94 200.556 490.278 264.444 393.194
internal_count=438943 370000 68943 91082 278918 37568 31375 56922 34160 178127 20361 100791 22576 11014 14992 15491 29238 15372 6290 8906 86615 18788 9201 44891 8693 7085 16262 6973 6896 3890 7249 14408 91512 4047 3790 27684 55900 4423 4931 2710 2420 1475 945 11668 3921 3484 8123 1150 935 11064 5862 6086 1747 2473 1690 2334 2526 13982 1444 3530 1904 2831
cat_boundaries=0 1
cat_threshold=11188290
is_linear=0
shrinkage=1


Tree=1
num_leaves=63
num_cat=2
split_feature=2 3 2 3 2 2 3 4 3 2 2 2 2 4 3 3 3 3 3 3 3 2 6 3 3 7 3 2 3 2 56 56 50 55 4 2 6 4 36 56 4 48 4 25 7 42 36 34 56 4 2 25 3 4 7 36 17 4 15 14 4 38
split_gain=90223 10989.8 8352.52 1323.45 1242.09 1163.5 1130.74 306.456 238.39 204.162 155.945 155.363 133.936 107.159 106.728 106.594 100.461 82.0741 74.6665 60.5617 59.1568 52.6081 48.0248 43.0065 39.6409 37.4321 37.1199 29.9658 28.9911 27.281 25.5923 24.8949 24.8257 23.1455 22.1201 21.9788 21.6758 21.3466 21.262 21.0914 20.923 20.6131 20.1242 19.5376 19.4522 19.0301 20.3961 18.4237 18.3472 18.3075 18.3055 17.9219 17.7158 17.5554 17.2901 17.8459 17.0331 16.984 16.3821 16.2536 16.2468 31.0087
threshold=-0.27158211171627039 0.51825860142707836 -1.5758992433547971 0.64644789695739757 -0.91109085083007801 -2.5151880979537959 0.37924000620841986 0.89267846941947948 0.4392389208078385 -1.9594913125038145 -0.51430314779281605 -1.2650425434112547 -3.1551585197448726 1.4070540666580202 0.40011054277420049 0.59182780981063854 0.43594340980052954 0.49209338426589971 0.34160307049751287 0.50520855188369762 0.52413743734359752 -0.033766070380806916 2.5000000000000004 0.45887283980846411 0.80920755863189708 34.500000000000007 0.70719751715660106 -2.1504156589508052 0.54605013132095348 -0.70057076215744007 -0.016519363969564434 -0.021143673919141289 -0.23564999550580976 3.5000000000000004 1.5082007050514223 -0.033766070380806916 2.5000000000000004 1.6075766086578371 -0.097574997693300233 0.010082234162837269 1.5014446377754214 0.66500002145767223 1.3458522558212282 0 46.500000000000007 4.5000000000000009 0.052524998784065254 -1.0541666150093076 -0.00039319458301179106 1.3310400247573855 -0.12571965157985684 1 0.41867353022098547 1.1421411037445071 46.500000000000007 -0.059824999421834939 7.7650001049041757 1.1665365695953371 0.28955000638961798 0.48655000329017645 1.3631339669227602 -0.0058333333581686011
decision_type=2 2 2 2 2 2 2 2 2 2 2 2 2 2 2 2 2 2 2 2 2 2 2 2 2 2 2 2 2 2 10 8 10 2 2 2 2 2 2 10 2 10 2 1 2 2 2 2 8 2 2 1 2 2 2 2 10 2 2 2 2 2
left_child=2 6 5 15 11 12 18 24 21 19 14 20 -1 45 56 25 -13 -11 32 -7 -4 38 60 -24 -5 30 59 -21 -14 -16 -3 -27 37 42 51 -25 40 48 -8 54 44 -40 -18 -35 -23 46 -12 -39 -2 -33 -20 -15 -38 -19 -17 -56 -6 -41 -42 -9 -10 -62
right_child=1 3 4 7 10 9 8 26 22 17 13 16 28 34 29 39 33 53 50 27 -22 36 23 35 -26 31 -28 -29 -30 -31 -32 49 -34 43 -36 -37 52 47 41 57 58 -43 -44 -45 -46 -47 -48 -49 -50 -51 -52 -53 -54 -55 55 -57 -58 -59 -60 -61 61 -63
leaf_value=-0.044560281072366426 0.060058869348026227 0.12141650204472339 -0.018145585908710956 0.15804521938363389 0.0047238102168772091 -0.035652000256786623 0.081296047460264892 0.13781534280582836 0.095779007069928743 -0.027264275689575745 0.031353720127624794 -0.010613717721296125 -0.041236477906514461 0.013768717245914988 0.013456442204988183 0.12536486932910795 0.0088126687386346578 -0.014052848834331283 0.03491072875335801 -0.030436605146312239 -0.0085280149525088274 0.078686613014171916 0.064486322701772084 0.056598265548526962 0.17229889430256892 0.12213473092611279 0.14520535286974431 -0.024419146380069319 -0.036351539548616772 0.022671690739494724 0.10119042752428348 0.10127365185641175 0.028050456277827051 0.00984825622772139 0.013081409132238979 0.082653488753272428 0.056012159146163185 0.049019965181190235 0.055835689942201186 0.11924814005405172 0.077395863466839077 0.037338197211593344 -0.0010364491897069694 -0.0052799442192956866 0.061636777933297707 0.054801204408436312 0.048661111806620784 0.01408556620364472 0.038855406952134935 0.086247715908905995 0.048062922315426651 0.030549376970649536 0.068423274514269189 -0.019695396947236342 0.088302999390912934 0.11792472197115139 -0.0086779419255172026 0.09382637171435354 0.044640230512512223 0.12829966013874861 0.10046525017379163 0.076120086435238113
leaf_weight=11443.469741091132 79.339996635913849 290.736761033535 2277.3123441785574 862.82062950730324 1296.2131923288107 2725.0871487259865 29.908303469419479 844.7810356169939 343.30167227983475 2114.0128163546324 440.35014750063419 1567.0190194100142 2919.1468763649464 239.81504544615746 1278.3246436864138 792.47166615724564 984.18388339877129 1509.1587360650301 208.62586329877377 4035.9155692905188 1858.2622647732496 375.1267933100462 343.70245757699013 55.123290553689003 489.17629179358482 81.082262828946114 893.25079807639122 1970.6156037002802 5818.26330062747 859.66958896815777 152.64594912528992 915.02122730016708 965.53765305876732 157.29034903645515 605.23993684351444 859.36915731430054 503.18884311616421 33.309068277478218 186.73898723721504 89.306045398116112 35.554529681801796 199.22963112592697 500.84316876530647 751.93367195129395 149.82744045555592 96.574768707156181 144.75778667628765 87.881138652563095 368.83198533952236 151.17213907837868 898.67391420900822 317.62694418430328 290.11353538930416 2123.7111804187298 38.989394888281822 196.7736953496933 171.85409338772297 79.461633861064911 78.075322672724724 435.1380854845047 122.47121800482273 264.49532908201218
leaf_count=84909 556 1933 16610 5512 9322 20100 208 5499 2320 15515 3092 11371 21609 1698 9134 5221 7059 10983 1466 29656 13446 2570 2354 378 3097 539 5777 14428 42948 6093 1021 6096 6807 1131 4316 5818 3476 235 1294 589 244 1390 3607 5408 1027 677 1015 619 2584 1011 6249 2249 1987 15506 257 1297 1236 525 536 2826 829 1790
internal_value=-3.66942e-05 0.0944038 -0.0250957 0.131963 0.00153602 -0.0355052 0.0578043 0.14825 0.0716731 -0.0268527 0.0162983 -0.00840125 -0.0417129 0.025759 0.0114595 0.111368 -0.00273982 -0.0209979 0.0376682 -0.0307062 -0.0138241 0.0613291 0.0812851 0.0765492 0.163202 0.104583 0.138948 -0.0284624 -0.0379836 0.0171618 0.114453 0.100768 0.0319569 0.00241359 0.0183763 0.0810829 0.0649665 0.0385815 0.0488053 0.120385 0.0704518 0.0462876 0.00549094 -0.00261261 0.0738204 0.0383508 0.0356356 0.0236873 0.0426091 0.0991432 0.0455849 0.0241253 0.0605509 -0.0173514 0.122536 0.113026 0.00315498 0.107279 0.0548894 0.13458 0.0894447 0.0838251
internal_weight=60997.9 12791.3 48206.7 6312.83 13547.3 34659.4 6478.43 3525.17 3836.23 14478.5 5450.43 8096.84 20180.9 1844.36 3606.06 2787.66 3961.27 5746.88 2642.2 8731.62 4135.57 1847.76 1988.46 1258.19 1352 1590.66 2173.17 6006.53 8737.41 2137.99 443.383 1147.28 1534.9 2394.25 1162.68 914.492 1431.89 569.362 415.877 1197 638.584 385.969 1485.03 909.224 524.954 681.683 585.108 121.19 448.172 1066.19 1107.3 557.442 793.302 3632.87 1028.23 235.763 1468.07 168.768 113.63 1279.92 730.268 386.967
internal_count=439055 85937 353118 41200 97464 255654 44737 22711 26221 106188 38832 58632 149466 13047 25785 18489 28576 42004 18516 64184 30056 12732 13489 8550 8609 10600 14102 44084 64557 15227 2954 7646 10801 17205 8263 6196 9840 3994 2892 7889 4377 2684 10666 6539 3597 4784 4107 854 3140 7107 7715 3947 5463 26489 6775 1554 10558 1114 780 8325 4939 2619
cat_boundaries=0 1 2
cat_threshold=37408 15274764
is_linear=0
shrinkage=0.04


Tree=2
num_leaves=63
num_cat=0
split_feature=1 1 3 3 1 3 3 1 4 3 1 3 4 3 3 4 1 4 1 3 4 50 3 3 3 4 4 3 4 10 55 7 55 50 7 4 4 4 3 4 3 11 39 55 51 4 7 4 4 3 13 3 4 16 4 3 7 34 4 7 4 42
split_gain=78409.7 7929.03 5872.45 2518.87 1417.65 770.659 735.754 677.012 412.536 323.496 260.34 221.674 195.006 181.491 179.574 161.39 150.783 112.617 72.4323 72.0224 64.2859 60.3259 54.9364 51.0792 48.9396 46.6313 43.6106 37.5201 34.8909 32.9557 31.7185 31.667 30.309 29.6885 28.1997 24.0329 23.5895 22.8742 22.8346 33.8772 21.0646 20.8116 20.5334 20.4282 19.7024 19.6024 19.4752 19.3321 18.0946 29.5236 19.9856 18.6883 17.8417 17.568 16.8603 16.7664 16.7552 19.8044 16.555 16.2268 15.8861 18.5787
threshold=1.5000000000000002 3.5000000000000004 0.53981277346611034 0.56751841306686412 2.5000000000000004 0.6545778512954713 0.38864639401435858 4.5000000000000009 1.348221004009247 0.70517298579216015 2.5000000000000004 0.40596815943717962 0.90449562668800365 0.48070509731769567 0.49012678861618048 1.2945024371147158 5.5000000000000009 1.4141836762428286 2.5000000000000004 0.32455590367317205 1.2618742585182192 0.1495499983429909 0.65266463160514843 0.80528235435485851 0.58572021126747142 1.4414880275726321 1.2271604537963869 0.82174682617187511 1.1186060309410097 0.16499999910593036 1.5000000000000002 33.500000000000007 1.5000000000000002 0.099550001323223128 55.500000000000007 1.0001809000968935 1.5459682345390322 1.2075566649436953 0.45172968506813055 1.3411038517951968 0.33603999018669134 5.3150000572204599 1.5836666822433474 5.5000000000000009 0.034999999217689044 1.2048103809356692 32.500000000000007 1.0773937702178957 1.4677913188934328 0.39265155792236334 4.9149999618530282 0.37924000620841986 1.0849291682243349 0.36044999957084661 1.081214487552643 0.72926622629165661 44.500000000000007 1.5875000357627871 1.4312765598297121 37.500000000000007 1.3040896654129031 2.5000000000000004
decision_type=2 2 2 2 2 2 2 2 2 2 2 2 2 2 2 2 2 2 2 2 2 8 2 2 2 2 2 2 2 2 2 2 2 8 2 2 2 2 2 2 2 2 8 2 10 2 2 2 2 2 2 2 2 2 2 2 2 2 2 2 2 2
left_child=2 3 6 4 14 24 19 8 28 10 22 40 27 33 15 37 17 54 23 -1 52 29 30 -11 31 -10 -13 -7 -3 48 45 -4 -26 -8 46 -24 -19 -2 39 53 -6 42 -39 -28 59 -5 58 -12 49 50 -17 -50 -16 -23 -9 -14 57 -15 -35 -41 61 -58
right_child=1 7 5 9 11 12 13 16 25 18 47 26 55 56 20 21 -18 36 -20 -21 -22 38 35 -25 32 -27 43 -29 -30 -31 -32 -33 -34 34 -36 -37 -38 41 -40 44 -42 -43 -44 -45 -46 -47 -48 -49 51 -51 -52 -53 -54 -55 -56 -57 60 -59 -60 -61 -62 -63
leaf_value=0.028017560977458836 0.068836628586845902 -0.035912522383187873 0.10862130439301948 0.015976744737923529 0.011789930890214101 0.13809848486524273 0.057520935285066445 -0.041274852471830319 -0.020939650743982137 -0.018239042929363011 -0.026128590534400122 -0.022252773061161767 0.12122179179353465 0.088940585541994591 0.054184402101919216 0.066738885970474157 -0.043487006696184327 -0.031005866281913565 -0.032591340511483192 0.045996144218182648 0.0069475048796879754 0.04578267038260244 0.0042772349245787386 -0.033645769986910497 0.11508025984600156 -0.011430656810477717 -0.0077698870765605397 0.15231684951142277 -0.030006091831051754 0.014479091310436574 -0.0020047704348415251 0.09227449089488729 0.103371425736752 0.083288731715451134 0.048176708974579034 -0.013301647879129602 -0.021673316134362346 0.043065425309846556 0.01890056389237495 0.037875518659237571 0.0030504060785083217 0.041196741655209479 0.085810855264325622 -0.017667842568994042 0.059897866814171141 -0.002812434059373487 0.06688106955426984 -0.018650033275195332 0.024735064193141032 0.024434077155170684 0.035477638683850878 0.010757019761052651 0.022033313209595735 0.083493932122763806 -0.037324687207968527 0.13034524196181907 0.074480789731051669 0.07297431220034975 0.065867236812078053 0.027324616469271295 0.070639434047464852 0.10031362161161887
leaf_weight=506.03823217749596 101.360904276371 3185.9009222686291 247.9486308246851 307.88216345012188 659.86555553972721 1203.4902758151293 572.72369335591793 2752.2273681163788 1474.3929356187582 1526.7489784806967 796.04221637547016 463.12521824240685 1662.6060253083706 835.70488868653774 29.125681474804878 38.489593088626862 9585.7181790173054 1677.4469324201345 1946.5040793418884 1206.5605799406767 1053.7916181981564 56.15780645608902 146.20993499457836 444.55984836816788 526.72579723596573 1873.8223440796137 2574.9945338517427 394.22142733633518 3215.1364797204733 656.83860899507999 1253.7620010972023 805.86460566520691 1076.9566853046417 251.38039979338646 106.70662578940392 835.53960907459259 584.29637596011162 33.904557973146439 160.50984455645084 405.35984720289707 1331.974443167448 236.4611274600029 38.282895565032959 383.28618983924389 41.688285067677498 124.87456679344177 1180.5848933309317 1811.7870720475912 455.01927472651005 744.41536262631416 218.31541869044304 230.59355732798576 532.85926240682602 30.499846220016479 4649.4083979427814 399.78159740567207 98.178875833749771 146.01979386806488 133.68481042981148 549.21336984634399 252.3165548145771 81.538315027952194
leaf_count=3481 669 24126 1539 2204 4667 7002 3769 20989 10956 11293 5942 3439 9947 5299 197 264 73210 12609 14654 8134 7509 376 1055 3343 3204 13720 18762 2259 24105 4593 9046 5043 6607 1630 698 6110 4322 227 1121 2792 9569 1601 256 2801 288 901 7699 13407 3172 5181 1497 1631 3723 204 35240 2369 622 927 872 3783 1608 516
internal_value=-5.90289e-05 -0.0221765 0.0930698 -0.00294992 0.00994178 0.119212 0.0623222 -0.0355828 -0.0269949 -0.0184108 -0.0119452 -0.00466305 0.131117 0.0724505 0.0240271 0.0285761 -0.0399325 -0.0364065 -0.027118 0.0406838 0.0127741 0.0258587 -0.00316101 -0.0217135 0.102817 -0.015618 -0.0108391 0.141607 -0.0329458 0.0220803 0.00121804 0.0961207 0.107217 0.0653811 0.0680729 -0.0106837 -0.0285949 0.0523499 0.0329803 0.0350672 0.00594567 0.0469357 0.0657344 -0.0090523 0.0329806 0.010555 0.0694289 -0.0209329 0.0250402 0.0284684 0.040163 0.0200338 0.0236996 0.0590554 -0.0387935 0.12299 0.083677 0.0865658 0.0772404 0.0318051 0.0771128 0.0862012
internal_weight=60907.4 49218.4 11689 20220 11026.1 6317.6 5371.44 28998.3 9749.25 9193.91 5276.1 5413.25 3660.1 3658.84 5612.89 3997.11 19249.1 9663.38 3917.81 1712.6 1615.78 3587.1 2668.27 1971.31 2657.5 3348.22 3421.41 1597.71 6401.04 2343.67 1686.52 1053.81 1603.68 2245.08 1672.36 981.75 2261.74 410.009 1243.43 1082.92 1991.84 308.649 72.1875 2958.28 996.262 432.757 1565.65 2607.83 1686.83 1001.22 256.805 685.613 561.985 86.6577 7401.64 2062.39 1413.76 981.725 385.065 954.573 432.034 179.717
internal_count=438779 365554 73225 146277 78322 37970 35255 219277 72907 67955 38665 39238 21577 23640 39084 27655 146370 73160 29290 11615 11429 24902 19316 14636 16393 24676 25002 9261 48231 16338 12151 6582 9811 14668 10899 7165 16931 2753 8564 7443 14236 2084 483 21563 6863 3105 10201 19349 11745 6942 1761 4803 3920 580 56229 12316 8972 6226 2502 6575 2746 1138
is_linear=0
shrinkage=0.04


Tree=3
num_leaves=63
num_cat=5
split_feature=0 0 0 0 0 3 0 0 0 3 0 0 0 0 0 2 54 50 31 5 39 54 56 53 0 25 0 6 3 3 53 54 54 31 31 48 36 56 54 3 7 48 0 0 16 25 25 18 41 4 54 0 7 16 14 3 8 25 25 2 11 26
split_gain=71884.4 8232.14 6294.05 1183.63 988.317 730.12 662.885 209.844 151.36 115.623 114.924 109.951 106.325 94.0395 36.2231 33.0939 26.6909 26.0342 24.4814 31.9361 23.8295 23.1064 22.6935 20.4367 20.0444 19.7853 19.6764 19.6621 20.0306 19.004 18.4509 18.2587 17.8761 17.814 17.7985 22.25 17.5874 18.7011 17.2482 18.8256 17.2425 20.4166 17.1179 16.3979 16.309 15.9325 15.7402 15.6078 15.4682 14.8382 14.5216 14.2461 29.9862 14.4826 14.2446 13.8037 13.7404 13.6522 13.5901 13.5705 13.4458 13.905
threshold=-1.2375541925430296 -2.2816562652587886 -0.65804103016853321 -1.7834130525588987 -3.0082942247390743 0.67126089334487926 -0.96119156479835499 -1.4294337034225462 -3.6413699388504024 0.75973206758499157 -0.79293486475944508 -2.6433942317962642 -0.52933800220489491 -2.0402834415435787 -1.079185366630554 -0.91109085083007801 -1.0000000180025095e-35 0.12465000152587892 -1.4999999999999998 3.5000000000000004 3.00083339214325 -0.035833332687616341 -0.023985526524484154 6.6250000000000009 -1.6256265044212339 0 -2.4708646535873409 2.5000000000000004 0.48070509731769567 0.47898405790328985 6.8949999809265146 -0.11250000074505805 -0.067500002682209001 -1.0000000180025095e-35 -1.4999999999999998 0.90500000119209301 -0.012374999932944773 0.017794474959373478 -0.032500000670552247 0.63000038266181957 25.500000000000004 0.064999999478459372 -4.1701359748840323 -3.2600187063217159 0.47445000708103185 1 2 8.5000000000000018 1.5000000000000002 0.78153684735298168 0.052500000223517425 -0.57046681642532338 37.500000000000007 0.34555000066757208 0.40924999117851263 0.36019468307495123 56.500000000000007 3 4 -1.9849620461463926 5.1949999332427987 3.5000000000000004
decision_type=2 2 2 2 2 2 2 2 2 2 2 2 2 2 2 2 2 8 2 2 10 2 8 2 2 1 2 2 2 2 2 2 2 2 2 8 2 10 2 2 2 10 2 2 2 1 1 10 2 2 2 2 2 2 2 2 2 1 1 2 2 2
left_child=1 4 6 13 8 12 14 15 42 32 17 -6 16 -3 20 21 31 -8 56 29 22 25 -2 -19 45 54 -13 -12 -29 55 47 -4 -7 46 35 -26 51 -38 -14 48 41 -24 -1 -10 58 -17 -15 -21 -40 -11 -9 -33 -53 -54 -5 -20 -16 -52 -23 -28 -30 -62
right_child=2 3 5 7 11 9 10 50 43 49 27 26 38 33 18 24 -18 23 19 30 -22 44 40 -25 34 -27 59 28 60 -31 -32 36 -34 -35 -36 -37 37 -39 39 -41 -42 -43 -44 -45 -46 -47 -48 -49 -50 -51 57 52 53 -55 -56 -57 -58 -59 -60 -61 61 -63
leaf_value=-0.045273660019868399 0.055759844317792275 -0.014043695832772974 0.11593040885864707 0.0104930648686617 -0.030146272701116406 0.12123456456989896 0.049776704093795206 0.023950818348254441 -0.038341553988908553 0.13091319588174893 0.076471019382098451 -0.024929354401113841 0.10381934481805254 -0.006925070811785553 0.049303896541182106 -0.00020189306650851571 0.078345233158214178 0.086238276616271412 0.029784193676218349 0.053420391655748717 0.020344576699832851 0.0049162864829450457 0.062876447333485172 0.05879642843525823 0.034475429677729132 0.0025600143035683716 -0.024982346024985735 0.061109991198164633 0.051311336015653748 0.014116870358279391 0.026462401821364754 0.076850785974374239 0.1107220359323482 -0.0081975840797140799 0.011085054397974399 0.014684104256837782 0.09363184924408452 0.065749673123514679 0.082175481745289866 0.1012372046575373 0.033482620158272691 0.029280589584594324 -0.042123756596289377 -0.034840658065718323 0.022568888671051418 0.010307799348188311 0.00021526322234192462 0.083926230525408943 0.0956188896255383 0.12275191962607998 0.019611633013431981 0.11165380166652938 0.059309165147076362 0.093601847425944226 0.028730760498056177 0.041605538346206922 0.074946416414630651 -0.0050186865460348567 -0.0038044731287808532 -0.018933989711162016 0.060728313054660144 0.07701918464853981
leaf_weight=6145.7204306572676 86.722410351037979 3964.3130556643009 39.040334358811378 154.1656242609024 6091.5525802969933 303.26032972335815 617.21198882162571 2102.7423849850893 4938.7351333498955 753.87899804115295 627.18423722684383 2953.2483593374491 779.74014537036419 823.56446871161461 320.6292704641819 387.92093563079834 545.49283380806446 44.957964807748795 228.38856510818005 127.86530582606792 175.73576906323433 478.45825204253197 71.471932604908943 1270.5213242322206 126.04014989733696 274.1093787252903 784.86075952649117 447.42172612249851 45.197104290127754 57.619588583707809 31.72728867828846 297.74526010453701 1765.6162723749876 1746.4689501672983 1414.0340164899826 325.86851206421852 668.3330912142992 40.840780258178711 198.88070993125439 615.07100658118725 1406.5408983379602 48.637832030653954 5011.3090722709894 3778.4179191887379 52.661475121974945 579.79752473533154 1219.5886130928993 33.962069198489189 439.72077387571335 676.10561966896057 85.053234666585922 67.556752294301987 42.070741310715675 37.063611850142479 123.3448972851038 513.14036354422569 37.327110856771469 57.123487412929535 679.56095641851425 2434.7140196561813 102.90690575540066 452.21551324427128
leaf_count=48493 581 29435 230 1097 46744 1683 3946 14440 38499 4009 3821 22419 4440 6003 2085 2758 3237 283 1502 842 1185 3426 475 8000 882 1953 5926 2794 275 383 209 1769 9807 12744 9923 2271 3947 244 1154 3500 9429 328 39376 29273 377 4122 8883 224 2550 3658 583 396 249 219 879 3357 243 392 4867 18251 627 2755
internal_value=-0.000119595 -0.0239497 0.0793267 0.000962733 -0.035263 0.105148 0.0515041 0.0130903 -0.0407733 0.118308 0.0632005 -0.0263337 0.0929387 -0.00973676 0.038065 0.00819404 0.0856745 0.0565543 0.0430098 0.039776 0.034332 0.00388996 0.0358555 0.0597343 0.0108708 0.0106754 -0.0225714 0.0708695 0.0675164 0.0362452 0.0543542 0.0890268 0.112263 -0.0052313 0.0132936 0.020204 0.0881163 0.0920261 0.0991481 0.0962427 0.0347249 0.049272 -0.0438588 -0.0368241 0.000798308 0.0061993 -0.00269574 0.0598225 0.0914322 0.127054 0.0231143 0.0818775 0.0920804 0.0753706 0.0179523 0.0379646 0.0519779 0.0107421 -0.00019172 -0.0204084 0.0722911 0.0739992
internal_weight=60751.2 46733.4 14017.8 14594.8 32138.6 7270.42 6747.39 6840.88 19874.2 3498.86 3607.62 12264.4 3771.56 7753.94 3139.77 4595.96 1738.14 1932.69 1350.66 992.703 1789.11 1762.3 1613.37 1315.48 2833.66 551.62 6172.82 1674.93 1047.74 799.149 193.555 1192.65 2068.88 3789.62 1865.94 451.909 1153.61 709.174 2033.41 1253.67 1526.65 120.11 11157 8717.15 1210.68 967.718 2043.15 161.827 638.601 1429.98 2244.92 444.436 146.691 79.1344 277.511 741.529 357.956 142.177 1158.02 3219.57 600.32 555.122
internal_count=438452 354016 84436 105035 248981 41092 43344 47970 155641 19157 22501 93340 21935 57065 20843 32555 10291 12229 8845 6517 11998 12599 10813 8283 19956 3929 46596 10272 6451 5242 1275 7054 11490 27630 13076 3153 6824 4191 11644 7204 10232 803 87869 67772 8670 6880 14886 1066 3704 7667 15415 2633 864 468 1976 4859 2328 975 8293 24177 3657 3382
cat_boundaries=0 1 2 3 4 5
cat_threshold=16412032 32811268 8016264 547962 27630608
is_linear=0
shrinkage=0.04


Tree=4
num_leaves=63
num_cat=5
split_feature=0 0 0 0 0 0 0 0 0 0 0 0 0 0 0 34 0 31 54 7 4 0 56 25 0 2 25 4 54 54 31 5 50 0 54 34 38 50 4 41 36 4 0 39 41 35 54 7 25 56 25 51 54 18 4 50 56 4 25 51 56 39
split_gain=64093.6 7759.1 5061.93 1132.07 893.994 586.134 563.968 152.169 149.661 119.64 112.671 99.1953 81.6234 55.9477 30.4042 27.7457 25.1218 23.9701 24.7135 22.197 21.9599 21.1014 21.7389 23.8561 20.4746 20.4059 20.4027 20.2612 19.7985 18.829 18.7296 22.3357 18.0861 18.0774 17.7089 17.6136 19.844 17.5044 17.2428 17.0489 16.686 16.6053 16.576 16.2093 15.9867 15.7626 15.6335 21.139 15.1625 14.8986 14.609 14.4153 14.3816 14.3654 14.3528 14.2573 15.8961 14.1263 15.1285 14.6461 22.9263 14.0603
threshold=-1.2375541925430296 -2.22656238079071 -0.65804103016853321 -3.0809003114700313 -1.7496883273124693 -0.96119156479835499 -0.43227103352546686 -1.4894618391990659 -2.6299035549163814 -3.6413699388504024 -0.26403853297233576 -0.79293486475944508 -2.0402834415435787 -0.52933800220489491 -1.079185366630554 1.375833332538605 -2.4708646535873409 -1.0000000180025095e-35 -0.057500001043081277 36.500000000000007 1.3799706697463991 -1.4087177515029905 -0.0045819631777703753 0 -1.5481464862823484 -1.4204602837562559 1 0.93600317835807811 -1.0000000180025095e-35 -0.060833333060145371 -1.4999999999999998 3.5000000000000004 0.099550001323223128 -2.8310116529464717 -0.032500000670552247 -0.42083331942558283 -0.0025000000605359669 0.16794999688863757 1.2018299698829653 2.5000000000000004 -0.016174999997019764 1.1218748092651369 -4.3508243560791007 1.1120833158493044 1.5000000000000002 2.4508333206176762 0.034166667610406883 48.500000000000007 2 -0.0071115635801106683 3 0.054999999701976783 0.014166666660457851 15.500000000000002 1.2844179868698122 0.071149997413158431 0.0017146499012596907 1.2048103809356692 4 0.014999999664723875 -0.010796900372952221 4.120000123977662
decision_type=2 2 2 2 2 2 2 2 2 2 2 2 2 2 2 2 2 2 2 2 2 2 10 1 2 2 1 2 2 2 2 2 8 2 2 2 2 10 2 2 2 2 2 8 2 2 2 2 1 8 1 8 2 10 2 8 8 2 1 8 8 10
left_child=1 3 5 9 12 14 13 17 33 42 27 19 -3 28 29 20 -10 24 -19 55 46 50 23 37 26 -14 44 -8 40 53 54 45 -31 -5 -15 36 -21 -23 -34 -30 51 -36 -1 -17 -6 -32 47 -13 -24 -40 -9 -4 -18 -2 -16 56 -7 58 -25 -59 -61 -37
right_child=2 4 6 8 7 11 10 21 16 -11 -12 15 25 34 30 43 52 18 -20 35 -22 22 48 57 -26 -27 -28 -29 39 32 31 -33 38 -35 41 61 -38 -39 49 -41 -42 -43 -44 -45 -46 -47 -48 -49 -50 -51 -52 -53 -54 -55 -56 -57 -58 59 -60 60 -62 -63
leaf_value=-0.045233318747909687 0.036052540082978 -0.012925802914609288 0.05023067724493642 -0.031474406522546523 0.024563625598440674 0.03074800967995088 0.10565259249601906 0.0075678627503830108 -0.024365636103996575 -0.036848991189036416 0.11409061673808341 0.076809176148503855 -0.0094514551193838874 0.093692123363002602 0.072862601893339568 0.080868086294423144 -0.017646227546528438 0.016017314364250794 0.0016241146923572885 0.038485934975908832 0.061497855765555852 0.02826052725343485 0.0063616833570305986 0.020214085771285011 0.018562358275913383 -0.0028364312232559215 0.012340700975964259 0.09816582276776481 0.077995009183831912 0.025949400700782548 0.036284554625653699 0.048994752027137427 0.0075993404276294921 -0.027473767415878675 0.094244966763357585 0.046056853084427744 0.067452666605673256 0.05400613588176216 0.050100137345876351 0.064038177201551361 0.084253048914772324 0.081997268569769105 -0.042077359127821179 0.052150612555162609 0.00048153188857314691 0.02030426490421201 0.055501301775163547 0.060545809151329129 0.021315708806069752 0.033617312354057662 0.018186568926028556 0.076728768761226682 -0.022645159589700238 0.056764944582811533 0.045033571066019171 0.061190933597151179 0.055452683492290399 0.013100621551545526 -0.0097505938994033609 0.046071207581064803 0.020943398790056848 0.069201958381778436
leaf_weight=4704.5351316928864 200.31480124592781 3033.3712985515594 35.677939549088478 3934.9781182408333 47.82917132973671 55.86637470126152 790.56679831445217 389.40187427401543 2691.817199870944 7397.9735176041722 1361.3525915145874 646.06634825468063 965.13089542090893 600.1370542049408 32.502807319164276 35.184509232640266 2650.6525698155165 218.47368513047695 1510.7005035281181 50.80754891037941 515.38967131078243 667.86716002225876 254.7179037630558 37.211062997579575 362.58683264255524 3288.0944908559322 722.68848025798798 2154.6270099580288 314.59246437251568 786.44778288900852 694.84471796452999 198.1827774643898 36.086891904473305 3341.9938801079988 233.32010132074356 976.53204691410065 148.25714693963528 45.107184395194054 102.02789099514484 252.38222603499889 801.50036042928696 735.25498074293137 6135.5151729956269 296.11815117299557 566.49525640904903 115.12194655835629 84.461010724306107 159.42971342802048 227.95648200809956 626.60025253891945 609.82186953723431 414.17782858014107 1410.9740447252989 73.138914749026299 338.12069997191429 561.66537217795849 164.02583795785904 282.28695087134838 54.1456618309021 68.242299020290375 390.73472313582897 43.881890133023262
leaf_count=38336 1317 22704 203 31024 339 346 4085 2689 20784 59090 6858 3777 7127 3250 201 208 20141 1542 10720 309 3042 4513 1721 257 2507 23912 5095 11396 1787 5202 4452 1262 242 26069 1277 5991 903 304 659 1434 4499 4047 49725 1759 4001 741 498 938 1541 4076 4204 2344 10717 477 2134 3403 1017 1907 375 459 2630 271
internal_value=-0.000288264 -0.0234796 0.0726251 -0.0341993 0.00169046 0.0478578 0.0949699 0.0125287 -0.0256572 -0.0407706 0.104574 0.0586187 -0.00791276 0.0827581 0.0353021 0.0656135 -0.0213689 0.00675837 0.00344263 0.0525481 0.0680684 0.019064 0.0214079 0.023722 0.0101318 -0.0043375 0.0078455 0.100175 0.0779831 0.0319146 0.039785 0.0369583 0.0302085 -0.0296371 0.088293 0.0491755 0.0600594 0.0294759 0.0345887 0.0717823 0.0807926 0.0849476 -0.043447 0.0552004 0.00231874 0.0340132 0.0718735 0.0735902 0.0139976 0.0359254 0.0143062 0.0746272 -0.0193828 0.0415924 0.0474741 0.0578106 0.0491762 0.0182221 0.00359985 0.02027 0.0246795 0.0470522
internal_weight=60646 46011.3 14634.7 32268.4 13742.9 6941.08 7693.59 6456.27 14030.4 18238 4306.55 3737.69 7286.6 3387.04 3203.39 1736.65 6753.44 3428.77 1729.17 2001.04 1405.35 3027.49 2028.27 1545.6 1699.6 4253.23 1337.01 2945.19 1818.33 1824.62 1378.77 1008.15 1551.16 7276.97 1568.71 1219.48 199.065 712.974 764.715 566.975 1251.36 968.575 10840.1 331.303 614.324 809.967 889.957 805.496 482.674 728.628 999.224 449.856 4061.63 273.454 370.624 781.558 219.892 832.621 91.3567 741.264 458.977 1020.41
internal_count=438838 354433 84405 255886 98547 43225 41180 44804 108735 147151 22339 22462 53743 18841 20763 10222 51642 24204 12262 12240 8255 20600 13707 10445 11942 31039 9435 15481 10267 11973 8790 6455 10179 57093 8574 7474 1212 4817 4977 3221 7046 5324 88061 1967 4340 5193 5213 4715 3262 4735 6893 2547 30858 1794 2335 4766 1363 5628 632 4996 3089 6262
cat_boundaries=0 1 2 3 4 5
cat_threshold=21636714 16188556 27397934 14428576 1394708
is_linear=0
shrinkage=0.04


Tree=5
num_leaves=63
num_cat=0
split_feature=0 0 0 0 0 4 0 0 4 0 0 0 0 0 0 50 54 0 56 0 54 2 15 0 50 45 53 4 48 0 16 16 56 56 34 11 4 35 13 2 27 13 48 7 0 56 12 4 4 15 54 15 5 35 38 10 0 50 14 55 27 48
split_gain=58062.6 6691.76 4991.71 994.087 840.772 627.332 538.326 158.126 143.104 107.872 104.758 72.3071 62.7377 61.6603 38.8204 28.2466 25.9123 24.8608 21.7584 21.6126 21.3781 21.1096 20.4491 19.1312 19.4387 18.3566 17.8835 17.8048 17.4998 17.0648 15.9657 17.3719 15.7855 17.1598 14.977 15.3815 14.5312 14.2241 19.1489 14.0814 13.7023 19.4353 13.5566 13.436 13.5366 13.2192 13.0215 12.8634 16.9293 12.534 12.4269 12.3772 12.2947 18.9318 17.2462 15.3192 12.2946 12.2552 12.1527 17.055 12.1339 11.8049
threshold=-1.3043900132179258 -2.3621590137481685 -0.70223706960678089 -1.7834130525588987 -2.9676959514617915 1.0245689749717715 -0.96119156479835499 -3.6593996286392207 1.2326324582099917 -2.0402834415435787 -1.4688897132873533 -1.079185366630554 -0.24078518152236936 -2.6433942317962642 -0.79293486475944508 0.1090499982237816 -0.037499999627470963 -0.49036684632301325 -0.0084245144389569742 -3.3409157991409297 -0.024166666902601715 -0.95098471641540516 0.22125000506639483 -2.1556856632232662 -0.098449997603893266 1.5000000000000002 6.6150000095367441 1.1789442300796511 1.8550000190734866 -4.1701359748840323 0.38214999437332159 0.42315000295639044 0.014576676301658155 0.018099317327141765 1.8341667056083681 7.1150000095367441 0.93600317835807811 0.84416666626930248 5.5650000572204599 -0.91109085083007801 3.5000000000000004 2.6250000000000004 1.5249999761581423 31.500000000000004 -0.57046681642532338 -0.0047870371490716926 0.37089999020099645 1.5331130027770998 1.5082007050514223 0.38899999856948858 0.039166666567325599 0.39665000140666967 3.5000000000000004 2.4508333206176762 -0.0058333333581686011 0.13499999791383746 -2.4708646535873409 -0.016649999655783173 0.37809999287128454 2.5000000000000004 1.5000000000000002 -0.58499997854232777
decision_type=2 2 2 2 2 2 2 2 2 2 2 2 2 2 2 8 2 2 8 2 2 2 2 2 10 2 2 2 8 2 2 2 8 8 2 2 2 2 2 2 8 2 10 2 2 8 2 2 2 2 2 2 2 2 2 2 2 10 2 2 8 10
left_child=1 4 6 9 7 12 11 29 16 23 20 28 36 -6 15 25 -7 50 37 -9 -5 60 -12 -3 -25 -8 -17 -24 42 -1 -28 -32 47 -34 -16 -36 -4 38 -10 -11 -29 57 -2 49 -45 -19 -46 48 -30 -20 -18 -41 53 -13 -55 -54 -15 -42 -35 -60 -22 -23
right_child=2 3 5 10 13 8 14 19 18 39 22 52 -14 56 34 26 17 45 43 -21 21 61 27 24 -26 -27 30 40 32 -31 31 -33 33 58 35 -37 -38 -39 -40 51 41 -43 -44 44 46 -47 -48 -49 -50 -51 -52 -53 55 54 -56 -57 -58 -59 59 -61 -62 -63
leaf_value=-0.044502035954686957 0.02566644493379729 -0.016095729464081811 0.098535756860348378 0.010294477355619674 -0.028305692283795807 0.086997321461802668 0.035023051917537053 -0.038121672883900747 0.079327020932167286 -0.0065170946173796354 0.0061463866417144752 0.038557481654496191 0.10719389599050871 -0.023609668045647483 0.060294259732495227 0.078419112684902356 0.075582899411872531 0.091839733800456194 0.069809175946375021 -0.034178597669292529 0.010682862680756293 0.012996351729821703 0.0071789741815266621 -0.020071560782952864 -0.0091610344259613202 0.048823671510381667 0.049644884199635565 0.016946952760859883 0.037092795948609675 -0.041221700845562433 0.068820563638784402 0.050259523561793328 -0.0018717355020664503 0.031691936879622941 0.032131610239444226 0.060769137357158338 0.092236659449439623 0.088881145710351717 0.048547920169615413 -0.0028676734924133365 0.018642088619030599 0.0265748463340356 0.014647914570585957 0.062560961242026036 0.08119933437459928 0.081140058342975829 0.065618309653763557 0.023585494605991075 0.066633026412156224 0.088754161310143548 0.058280316931127833 0.010855475463124889 0.064924660225300967 0.010117007185506186 0.040750684201803888 0.04067279365507942 -0.019384645264547445 -0.01192649090023064 0.033821386860670391 0.015349425440097843 -0.0025445584049079975 0.0051414856550267207
leaf_weight=5762.4028770849109 982.69006691873074 3378.2298759371042 1202.7651691436768 1579.4162774533033 5239.3682159930468 1149.0438139140606 282.03493840992451 3824.842414855957 117.95809018611908 3123.5413230657578 217.44614432752132 1091.4863343983889 1059.7527891099453 2850.7604552656412 1063.0147826820612 42.219089105725288 738.02853107452393 220.44217810034752 243.22455613315105 5314.3841158226132 129.9875186830759 401.64696328341961 179.5427024513483 315.2200962305069 1526.6937061995268 340.25658798217773 1071.5567673146725 849.64705711603165 317.81104165315628 4533.706928730011 165.83799101412296 157.11562642455101 31.091481372714043 613.17904372513294 64.655987501144409 55.999749287962914 1142.6001731902361 123.88534674048424 44.557325273752213 496.48770320415497 53.243749305605888 685.71595574915409 218.35720220208168 984.79461091756821 139.2781668305397 1141.0391238480806 223.59363251924515 97.877293422818184 34.400490775704384 72.53995281457901 72.982008427381516 133.41298849880695 57.68954636156559 75.520206123590469 48.153840065002441 150.11364136636257 1796.3957649469376 34.633737444877625 127.93616497516632 213.32329225540161 758.05092184245586 1287.2612564861774
leaf_count=48478 6420 25811 5894 11073 41876 5953 1700 31488 640 22973 1466 6789 5065 22398 6057 245 3961 1133 1322 43270 929 2791 1241 2375 11491 2052 6315 5703 2052 37825 978 926 201 3951 375 325 5755 674 242 3604 356 4605 1429 5440 747 5877 1201 629 220 393 395 968 357 480 305 928 13903 233 834 1391 5422 9023
internal_value=-0.00017598 -0.0236742 0.0652241 -0.00208816 -0.0348274 0.0857343 0.0408542 -0.0396583 0.0770898 -0.0105889 0.010262 0.0311477 0.0991167 -0.0253306 0.053006 0.0496877 0.0821394 0.07957 0.0684879 -0.0358288 0.00663017 0.0043843 0.017734 -0.0143077 -0.0110282 0.042569 0.052771 0.0191316 0.027226 -0.0430576 0.0519945 0.0597907 0.0302066 0.0273721 0.0587784 0.0454231 0.095467 0.0786712 0.0708882 -0.00541687 0.0204537 0.0243052 0.0236632 0.0667346 0.0649944 0.0828725 0.0715986 0.0364132 0.039978 0.0741614 0.0740259 3.88899e-05 0.0384144 0.0368769 0.0220446 0.0474055 -0.0219765 0.00659459 0.0283247 0.0222745 -0.000608381 0.00700949
internal_weight=60450.8 44472 15978.8 15150.2 29321.9 8676.49 7302.32 19435.3 5271.37 8973.59 6176.59 4059.63 3405.12 9886.52 3242.69 2059.02 3321.54 2172.49 1949.83 9139.23 4156.36 2576.95 2020.23 5220.14 1841.91 622.292 1436.73 1802.78 2636.67 10296.1 1394.51 322.954 1435.62 985.53 1183.67 120.656 2345.37 286.401 162.515 3753.44 1623.24 773.593 1201.05 1663.43 1347.67 1361.48 362.872 450.089 352.212 315.765 811.011 629.901 1422.96 1215.16 123.674 207.803 4647.16 87.8775 954.439 341.259 888.038 1688.91
internal_count=438953 349302 89651 110064 239238 44692 44959 161061 27978 67222 42842 25986 16714 78177 18973 12216 17319 11366 10659 74758 29238 18165 13604 39677 13866 3752 8464 12138 17127 86303 8219 1904 9278 6377 6757 700 11649 1556 882 27545 10897 5194 7849 9103 7388 7010 1948 2901 2272 1715 4356 4572 8859 7574 785 1285 36301 589 6176 2225 6351 11814
is_linear=0
shrinkage=0.04


Tree=6
num_leaves=63
num_cat=6
split_feature=0 0 0 0 0 0 0 0 0 0 0 0 0 0 0 51 2 0 25 50 54 34 42 55 0 15 15 54 7 0 54 6 34 48 56 53 48 25 25 54 54 25 16 16 16 6 36 25 39 54 39 34 8 54 16 25 36 8 12 39 49 35
split_gain=52586.8 5508.68 5285.26 823.303 653.411 567.626 554.22 115.442 111.022 91.5059 84.2656 78.0839 68.0658 65.4083 59.9708 30.8111 30.3958 25.4656 22.3505 25.4951 21.9459 21.5567 18.8586 17.7536 17.7342 17.6441 17.1772 16.9158 16.4957 16.1814 15.987 15.8452 15.797 15.4085 14.647 14.3221 13.9521 14.9776 14.456 13.6511 13.3821 25.2969 14.5226 13.0358 17.0626 12.9639 13.8048 12.8916 13.8492 12.7611 12.6484 12.5137 14.0488 12.2768 12.4723 12.1699 12.1302 12.0901 12.0853 11.8854 11.7247 16.5614
threshold=-1.4087177515029905 -2.4708646535873409 -0.72488087415695179 -1.8831887841224668 -3.1696701049804683 -1.033816337585449 -0.39616037905216211 -0.52933800220489491 -2.1269676685333248 -3.6413699388504024 -1.7151132225990293 -0.26403853297233576 -2.8310116529464717 -1.1918020248413084 -0.86310601234436024 -1.0000000180025095e-35 -1.9849620461463926 -0.6140230894088744 0 0.22314999997615817 -0.0058333333581686011 0.79083335399627697 5.5000000000000009 5.5000000000000009 -1.5481464862823484 1.0000000180025095e-35 0.26479999721050268 -0.050833333283662789 55.500000000000007 -4.1701359748840323 -0.030833332799375054 2.5000000000000004 0.61750000715255748 1.7649999856948855 -0.022325461730360981 6.7349998950958261 -1.6549999713897703 1 2 -0.064166665077209459 0.0058333333581686029 3 0.46175000071525579 0.47840000689029699 0.50170001387596141 2.5000000000000004 0.012341666966676714 4 2.5836666822433476 0.015833333600312475 1.6173333525657656 -0.47916665673255915 53.500000000000007 1.0000000180025095e-35 0.41574999690055853 5 -0.018641667440533635 49.500000000000007 0.38485001027584081 1.7081666588783266 2.495000004768372 1.0324999690055849
decision_type=2 2 2 2 2 2 2 2 2 2 2 2 2 2 2 10 2 2 1 8 2 2 2 2 2 2 2 2 2 2 2 2 2 8 8 2 10 1 1 2 2 1 2 2 2 2 2 1 10 2 10 2 2 2 2 1 2 2 2 8 10 2
left_child=1 4 5 8 9 13 7 17 16 29 47 -8 -6 18 15 21 -3 -4 19 50 56 39 -15 31 25 -12 -20 -23 35 -1 -9 36 -22 -29 -32 53 37 59 -38 -7 42 -42 55 -27 -45 -41 -47 -5 -49 -18 -2 -37 -53 54 60 -26 -19 -58 -35 -10 61 -16
right_child=2 3 6 10 12 14 11 30 23 -11 24 -13 -14 22 28 -17 49 20 26 -21 32 27 -24 -25 40 43 -28 33 -30 -31 34 -33 -34 58 -36 51 38 -39 -40 45 41 -43 -44 44 -46 46 -48 48 -50 -51 -52 52 -54 -55 -56 -57 57 -59 -60 -61 -62 -63
leaf_value=-0.044190089108643332 0.025861268921100002 -0.02392019465870961 0.061126061739231421 -0.0038140832091364874 -0.031158226966453414 0.030203239610542356 0.085270279331059309 0.080387217937641114 -0.01261378649390889 -0.036446887878881923 0.023571132241361484 0.096797304376860405 -0.024784049929298276 0.029460260600452384 0.057150490762949861 0.03522684524950076 -0.013958131124892335 0.065887823328834749 0.0094082804887140725 0.036572373065835599 0.054921896790858592 0.078191038607458449 0.043732767231912682 -0.01518596735481231 0.0074488497750995353 0.0054420892135702368 0.019723458426855852 0.029041774212833295 0.034978943634279967 -0.040987393248992171 0.093056897932477317 -0.0090267924348252978 0.069563865828556393 0.075032681093380765 0.072842648941407323 0.06062289730093328 -0.0070491898710291359 -0.019570197941766877 0.001923653659082846 0.047326650426635759 -0.0032519291306569525 0.013610781306072363 0.033318863483103971 0.045619614442374355 0.0074617473281931301 0.030276864595539528 0.050042619591606996 0.0033039321388115099 -0.01154784473984196 -0.018333544983000227 0.014209266006670187 0.051313239282043767 0.04142735945266212 0.072010505429974739 0.074042932819743126 0.01686880701476947 0.060621834566141515 0.078226137818326949 0.048887648348883622 0.024761578139804282 0.068313229802486997 0.038936171435844769
leaf_weight=5579.2716837152839 482.95723965764046 782.92298340797424 1600.9590554684401 978.03886473178864 4967.5911062806845 121.71678979694843 2562.0764777958393 956.78685818612576 27.386743038892746 5798.7968542352319 96.265950635075569 1485.3789553046227 5821.6484545469284 1742.7463563084602 191.69592688977718 827.99558216333389 3193.1208002120256 292.38282760977745 321.16747070848942 278.81682625412941 253.40474680066109 46.130199328064919 161.8847841322422 445.84489387273788 403.47204139828682 2039.9761968255043 1319.4640890061855 39.620679840445518 95.524373322725296 4609.3870088532567 59.880970031023026 1915.3217600136995 220.46426667273045 42.4418064057827 1358.350751593709 146.06333015859127 475.1809579282999 138.15463277697563 698.84054963290691 681.30775405466557 228.0314454138279 367.59748475253582 63.393381372094154 30.212502166628838 49.419221550226212 172.03639814257622 84.209097370505333 1297.7397424727678 108.88750234246254 1601.392377436161 215.59846048057079 714.19251522421837 339.25359752774239 79.992729559540749 48.828863680362701 694.49471509456635 71.667780190706253 483.63910835981369 84.823677837848663 27.068372175097466 63.689913228154182 136.91978520154953
leaf_count=48486 3166 6169 8588 7081 41071 710 12301 4735 203 48881 676 6842 46893 10917 1072 4961 24664 1526 2107 1799 1335 273 1003 3332 2756 14314 8626 238 546 39618 300 14307 1156 248 6832 816 3542 1028 5203 3971 1561 2508 432 211 345 1013 495 9385 790 12410 1415 4034 1917 451 274 4729 369 2497 500 201 365 775
internal_value=-0.000107084 -0.0243032 0.057634 -0.00546052 -0.0353251 0.0346873 0.0783562 0.0698415 -0.0130408 -0.0404582 0.00563443 0.0895006 -0.0277189 0.0250336 0.0458352 0.0412324 -0.0166128 0.0645185 0.0209306 0.0260797 0.0686282 0.0451408 0.0306734 -0.00769649 0.00920225 0.00682253 0.0175969 0.0567514 0.0511581 -0.0427412 0.0763917 -0.00667907 0.061734 0.0508251 0.0736961 0.0520563 -0.00338876 -0.013367 -0.00175173 0.0428059 0.0122035 0.00732895 0.0147035 0.00606186 0.021939 0.044442 0.0367724 -0.000309576 0.00213904 -0.0154195 0.0222651 0.0496509 0.0481296 0.057593 0.0549786 0.0136287 0.0724821 0.0759541 0.0576068 0.00503924 0.0526057 0.0495614
internal_weight=60223.5 42439.5 17784.1 15662.8 26776.7 8439.08 9344.99 5297.54 9305.23 15987.5 6357.53 4047.46 10789.2 4522.64 3916.44 2100.28 5577.44 2922.52 2618 977.373 1321.56 1272.29 1904.63 3727.8 3972.86 2215.87 1640.63 213.016 1816.16 10188.7 2375.02 3281.95 473.869 166.886 1418.23 1720.64 1366.63 192.61 1174.02 1059.27 1756.99 595.629 1161.36 2119.61 79.6317 937.553 256.245 2384.67 1406.63 4794.51 698.556 1199.51 1053.45 521.127 441.134 1097.97 847.69 555.307 127.265 54.4551 392.306 328.616
internal_count=438969 340796 98173 115847 224949 51692 46481 27338 71059 136985 44788 19143 87964 29033 22659 12409 43243 15471 17113 6380 6883 7448 11920 27816 27532 15546 10733 1259 10250 88104 11867 24484 2491 986 7132 9704 10177 1432 8745 6189 11986 4069 7917 14870 556 5479 1508 17256 10175 37074 4581 6767 5951 2937 2486 7485 4392 2866 748 404 2212 1847
cat_boundaries=0 1 2 3 4 5 6
cat_threshold=4632618 825364 6690008 11379080 9976232 7345570
is_linear=0
shrinkage=0.04


Tree=7
num_leaves=63
num_cat=6
split_feature=0 0 0 0 0 0 3 0 0 0 3 0 0 3 0 7 54 54 6 25 15 2 2 18 7 49 56 50 25 31 7 5 17 17 25 50 13 49 25 2 49 27 28 39 0 25 25 54 56 0 16 16 14 0 54 17 31 15 15 13 38 12
split_gain=47959.2 5323.35 4709.05 697.884 657.953 635.454 425.161 110.712 98.4832 93.1901 90.379 72.3168 69.144 41.0435 35.0616 24.1863 20.8081 20.4382 19.3252 27.7269 22.506 19.3074 19.0546 17.9144 17.8998 21.067 17.4505 17.1479 21.7797 16.7115 16.3944 15.7553 18.1987 20.5493 15.7176 15.7141 15.4817 15.2831 15.1199 14.4068 14.1831 13.8213 15.5769 13.7192 13.1868 18.8202 13.1482 13.0891 12.791 12.6495 12.5489 17.0008 12.1872 12.165 11.6538 15.4715 14.0487 12.5724 12.4118 13.9672 12.3167 12.7819
threshold=-1.4087177515029905 -2.4708646535873409 -0.68028292059898365 -1.8831887841224668 -3.2600187063217159 -0.96119156479835499 0.64644789695739757 -1.1918020248413084 -2.1556856632232662 -2.8310116529464717 0.75973206758499157 -1.7151132225990293 -3.819631695747375 0.44985336065292364 -0.52933800220489491 29.500000000000004 -1.0000000180025095e-35 -0.057500001043081277 2.5000000000000004 0 0.22125000506639483 -0.95098471641540516 -1.9849620461463926 1.5000000000000002 41.500000000000007 0.75499999523162853 -0.0033021022100001569 0.1495499983429909 1 -1.4999999999999998 58.500000000000007 3.5000000000000004 7.1549999713897714 9.2100000381469744 2 -0.12894999980926511 5.6050000190734872 2.6650000810623173 3 -1.2650425434112547 0.66500002145767223 1.5000000000000002 5.5000000000000009 -0.72450000047683705 -1.5686837434768675 4 5 -0.064166665077209459 -0.014205107931047676 -1.1487106680870054 0.19134999811649325 0.35279999673366552 0.51444998383522045 -3.0082942247390743 -0.052500000223517411 4.7300000190734872 -1.4999999999999998 0.25049999356269842 0.32360000908374792 6.6050000190734872 -0.0058333333581686011 0.25294999778270727
decision_type=2 2 2 2 2 2 2 2 2 2 2 2 2 2 2 2 2 2 2 1 2 2 2 8 2 10 10 8 1 2 2 2 10 10 1 8 2 10 1 2 10 8 10 8 2 1 1 2 8 2 2 2 2 2 2 8 2 2 2 2 2 2
left_child=1 4 5 8 12 7 14 18 22 53 47 38 -1 15 16 -7 26 43 19 -2 -21 34 -3 -15 25 -22 -4 28 48 -24 35 32 -30 -34 41 -17 -33 49 -5 -10 -38 42 -13 -9 -23 -46 -20 -8 -19 -29 -45 -52 -42 -6 55 -25 60 -58 59 -59 -56 -62
right_child=2 3 6 11 9 13 10 17 39 -11 -12 21 -14 23 -16 30 -18 27 46 20 24 44 29 54 -26 -27 -28 37 31 -31 -32 36 33 -35 -36 -37 40 -39 -40 -41 52 -43 -44 50 45 -47 -48 -49 -50 -51 51 -53 -54 -55 56 -57 57 58 -60 -61 61 -63
leaf_value=-0.042927918691851356 0.014106313207127524 -0.021720619856644863 0.06678283384433184 -0.0051089362562485576 -0.032770218894933874 0.052537831319643423 0.084594804475247865 0.05818337877499604 -0.0095567461334523183 -0.024090586900220885 0.09013373009508735 0.0014616653911421996 -0.037308032473790401 0.029708389967035845 0.069609250190292363 0.021786146185123551 0.056358696439462015 0.03791856896001821 0.021430376333297967 0.0075337175113517202 0.043042232143225438 0.006579186675021189 -0.011025052322787001 0.07919560753236278 0.023535007616333422 0.015492256197510219 0.056780752038082583 0.022144124969935973 0.022874080738132751 -0.016523239682988761 0.015614872726744718 0.066977464503405013 0.049488916750594865 0.015561902861202888 -0.0015460345845340457 0.042371699983189022 0.04860327468108154 0.056316635617597942 0.0016427802941830034 -0.0047166653311006539 0.0066247590309981563 0.005732170416208813 0.038467133050940787 0.057691037022088158 0.0060866166345539194 0.015013037915079163 0.013477479157141092 0.077639658123108302 0.017347927289487312 0.033837633111859916 0.026854528091040341 0.043892765075704186 0.040551310736524585 -0.029165050160705041 0.070198375297129204 0.055169050740806636 0.058456406271446798 0.035170936468959503 0.049852869532924213 0.055150908630279515 0.034004732061340789 0.058265279592391438
leaf_weight=8149.2874881625175 363.92740757763386 783.21775045245886 1251.5993781238794 783.48124507069588 3435.8700533434749 350.26913039386272 516.83382943272591 51.0172518491745 2532.1618368178606 5724.621325545013 1726.8383161872625 29.710764452815056 6143.5227601528168 59.121506482362747 1682.6298692822456 61.646153181791306 716.44809967279434 53.480153247714043 738.16980777680874 63.003557771444321 275.49821092188358 1196.7338425666094 1242.6719365715981 49.772303611040115 204.87371118366718 52.944667115807533 359.18520997464657 175.01537519693375 316.83971756696701 3068.7369206622243 39.793215155601501 33.029748097062111 103.03521446883678 39.520907625555992 510.38140346109867 1580.1481234580278 74.714636355638504 43.042507216334343 1593.802267998457 1609.353159353137 34.397316798567772 441.24904872477055 46.976144194602966 39.523295119404793 628.60992105305195 1164.3711400181055 969.69724218547344 2666.7926277220249 505.6475495249033 959.40483218431473 222.74480295181274 161.73636202514172 33.382812947034836 2654.5404943227768 92.963340550661087 309.73569758236408 161.73998951911926 236.96958747506142 563.62303848564625 73.295854330062866 45.737582981586456 144.59707133471966
leaf_count=72867 2336 6276 6328 5689 29355 1950 2406 305 19160 46934 7711 208 53573 322 8197 355 3689 328 4786 404 1752 8322 9731 265 1307 342 1836 1075 1956 24030 227 201 634 244 3592 8910 456 261 11517 11983 211 3103 328 239 4257 7869 6293 12483 3111 5726 1351 979 203 22317 489 1664 872 1276 3042 398 243 767
internal_value=-5.68657e-05 -0.0236856 0.0541194 -0.00522411 -0.0347389 0.0341778 0.0748741 0.0255259 -0.0122571 -0.0277548 0.0827654 0.00493291 -0.0405123 0.0468355 0.0652104 0.0429756 0.06203 0.031013 0.0196719 0.0242119 0.0296455 0.00820467 -0.0159811 0.0513491 0.0328135 0.0386012 0.0645525 0.029496 0.0261184 -0.0149385 0.0409839 0.0316113 0.0282143 0.0400833 0.0034768 0.0415988 0.042303 0.0329213 -0.000596963 -0.00767594 0.0365836 0.00829604 0.0241301 0.0385861 0.00983083 0.0120012 0.0171193 0.0787688 0.0189761 0.0320336 0.0362282 0.0340219 0.0233341 -0.0311989 0.0521113 0.0584954 0.0503712 0.048212 0.046316 0.0398909 0.0582643 0.0524354
internal_weight=59943.7 41739.3 18204.4 15631.5 26107.8 9284.06 8920.33 5514.65 9236.14 11815 4910.46 6395.32 14292.8 3769.41 4009.86 2031.86 2327.23 2846.53 2668.11 960.248 596.32 4018.03 5094.63 1737.56 533.317 328.443 1610.78 2371.51 1194.05 4311.41 1681.59 634.92 459.396 142.556 1028.32 1641.79 175.525 1177.46 2377.28 4141.51 142.495 517.936 76.6869 475.022 2989.71 1792.98 1707.87 3183.63 559.128 1134.42 424.004 384.481 67.7801 6090.41 1678.43 359.508 1318.93 1035.63 873.888 310.265 283.298 190.335
internal_count=439041 341111 97930 116065 225046 55280 42650 34500 71180 98606 22600 44885 126440 20780 20050 11442 11853 17280 17220 6141 3805 27679 40037 9338 3401 2094 8164 14406 7344 33761 9492 3905 2834 878 7231 9265 1071 7062 17206 31143 870 3639 536 2874 20448 12126 11079 14889 3439 6801 2569 2330 414 51672 9016 1929 7087 5588 4716 1674 1499 1010
cat_boundaries=0 1 2 3 4 5 6
cat_threshold=2705044 5583224 8838034 7864744 10241696 2764982
is_linear=0
shrinkage=0.04


Tree=8
num_leaves=63
num_cat=8
split_feature=0 0 0 0 0 0 3 0 0 3 3 0 0 0 2 2 7 56 34 18 54 25 48 25 54 54 48 25 39 54 54 12 2 54 25 34 2 12 56 45 25 4 54 0 45 56 25 2 54 25 39 34 13 12 2 4 7 35 25 16 16 38
split_gain=43831.8 4922.37 4200.4 663.478 616.637 601.349 374.279 134.167 113.328 75.6421 69.4143 60.742 57.5103 47.587 25.815 22.704 20.9909 20.2831 23.1243 18.8977 18.6445 17.6026 16.8552 16.9774 15.7428 15.4477 15.3795 14.9607 24.711 14.631 14.205 17.1226 14.3764 15.0429 14.1306 16.0154 14.1126 13.8888 13.7639 13.7478 13.9584 13.4025 13.1965 12.8163 12.8077 12.786 12.6865 12.5519 12.5378 12.3681 12.3631 15.9351 12.9301 12.3373 12.1434 13.249 12.784 11.9 11.8517 12.9124 11.7934 12.6803
threshold=-1.4294337034225462 -2.4446661472320552 -0.68028292059898365 -3.3409157991409297 -1.800451874732971 -1.033816337585449 0.66705629229545604 -2.1269676685333248 -2.8310116529464717 0.41867353022098547 0.78234952688217174 -1.2375541925430296 -0.52933800220489491 -4.0868606567382804 -0.97115185856819142 -1.0272111296653745 55.500000000000007 -0.0039370215963572255 -0.24249999970197675 24.500000000000004 0.025833333842456344 0 1.0850000381469729 1 0.037499999627470977 -0.032500000670552247 0.20499999821186068 2 2.1673333644866948 -0.0091666667722165567 -0.055833334103226655 0.41695000231266027 -0.12571965157985684 -0.044166667386889451 3 -0.044166667386889451 -2.2752385139465328 0.12690000236034396 0.022433121688663963 2.5000000000000004 4 0.95973011851310741 -0.034166667610406869 -3.1102806329727168 1.5000000000000002 -0.014205107931047676 5 -2.0374952554702754 0.014166666660457851 6 2.6673333644866948 1.4241666197776797 6.305000066757203 0.54824998974800121 -0.33017005026340479 1.4539570212364199 28.500000000000004 0.72583335638046276 7 0.4382500052452088 0.27455000579357153 -0.007500000298023223
decision_type=2 2 2 2 2 2 2 2 2 2 2 2 2 2 2 2 2 10 2 10 2 1 10 1 2 2 10 1 10 2 2 2 2 2 1 2 2 2 8 2 1 2 2 2 2 8 1 2 2 1 10 2 2 2 2 2 2 2 1 2 2 2
left_child=1 3 5 13 7 11 12 47 43 26 41 21 17 -1 34 24 30 29 -19 27 39 50 23 -22 -9 -14 -7 28 -13 -4 -11 -32 -33 -34 35 -6 -10 -17 53 58 -41 -8 57 -5 -21 -37 -39 -3 -49 -24 -2 52 -52 -29 -23 -56 -57 -36 59 -16 -46 -62
right_child=2 4 6 8 14 9 10 15 36 16 -12 19 25 -15 20 37 -18 18 -20 44 22 54 49 -25 -26 -27 -28 38 -30 -31 31 32 33 -35 42 45 -38 46 -40 40 -42 -43 -44 -45 60 -47 -48 48 -50 -51 51 -53 -54 -55 55 56 -58 -59 -60 -61 61 -63
leaf_value=-0.043325287872146373 0.023091668404330027 -0.022614293357062488 0.062193447258321197 -0.033294347189262975 0.019337491849861478 0.038484499854801783 0.077355887834695949 -0.0067774490802239963 -0.027152058850840755 0.052205074843361732 0.085872624205399525 0.023391725476062681 0.070224709852008987 -0.038436520370318757 0.00013348218969038371 -0.02377726860403484 0.03087496123912576 0.028448835832362792 0.053698305561766663 0.018577731184561165 0.018598528030159364 0.010702258784278345 0.0031775593709140451 0.001535761789001474 -0.014415916156993619 0.063561356852617892 0.030991398603928164 0.03197685184367359 0.0074758466160780215 0.05472621827076906 0.047907823456697959 0.025739474672178492 0.026273510790097356 0.044363201916188498 -0.0030483735778576541 0.01788472962656628 -0.022676462048451928 0.0051452736641487045 0.025215420870804889 0.0072406062431037413 0.015502384984148356 0.072174993169124443 -0.0051225071774845532 -0.0298154663762695 0.023749657110646024 0.0014150680690789561 -0.0038636956829098306 -0.013568095456898624 -0.017940393555429389 -0.01385314141160535 0.011609172075247571 0.026617812613709622 -0.020658952693175702 0.054090222645441478 0.03463693095708021 0.00074938426601696244 0.019083530839092692 0.013843311056707401 0.010330471209694573 0.021679099994812451 0.059505370386079837 0.036985728205396536
leaf_weight=5780.9195474088192 956.9157048612833 382.02015689015388 1141.5428406596184 2949.5397145077586 120.70279350876808 1055.3754268437624 1561.3555729538202 3314.3931832611561 1502.1669967621565 563.08846721053123 1234.2909755557775 790.96830300986767 901.6937130689621 7096.4003191068769 496.22257326543331 41.715127527713776 144.20109145343304 65.024248704314232 539.85638189315796 72.800431862473488 131.74359773099422 784.88735289871693 132.35009907186031 295.03770291805267 496.35901044309139 1454.8215914070606 749.51882016658783 355.43376934528351 194.45165205001831 664.05276016891003 1369.0725894719362 91.29678338766098 82.004158973693848 713.51766891777515 128.97758933901787 86.474764168262482 4516.7394926771522 409.61457006633282 708.92059229314327 619.51326514780521 891.68205757439137 1636.0144077986479 556.7762299478054 3981.5437720343471 82.690920725464821 589.96807563304901 609.1614840477705 3051.1738843247294 1599.4157860055566 128.72237204015255 52.368998885154724 57.881878390908241 32.01565857231617 45.539269149303436 71.188205987215042 72.994404971599579 365.760159060359 138.26461574435234 583.93824900686741 48.889699578285217 48.647805869579315 225.20861957967281
leaf_count=53552 6120 3110 5601 26002 851 5900 6952 24920 12628 3002 5342 4811 4197 64098 3402 307 784 326 2700 439 905 5104 912 2032 3750 6890 4313 2160 1194 3313 7255 531 440 3827 905 610 37467 3013 4323 4251 6106 7451 3983 34348 496 4177 4492 24051 12684 892 338 376 208 278 455 466 2345 968 4011 334 293 1350
internal_value=-0.000271274 -0.0236503 0.0500887 -0.034202 -0.00530245 0.0317058 0.0694471 -0.0110639 -0.0278089 0.0418282 0.0778153 0.0218932 0.0616675 -0.0406312 0.00622671 -0.00633179 0.0457603 0.0573235 0.050984 0.0262218 0.00824294 0.0173285 0.00237736 0.00727466 -0.00777238 0.066111 0.0353728 0.0246552 0.0200476 0.0594472 0.0465217 0.0451031 0.0407732 0.0424985 0.00208757 0.00584221 -0.0237935 -0.00115521 0.0283104 0.00977108 0.012266 0.074705 -0.00159615 -0.0312959 0.0338669 0.00352051 -0.000228922 -0.0156443 -0.0150718 -0.00562838 0.0212625 0.0104539 -0.0006334 0.0344883 0.0137186 0.0186304 0.0160333 0.00569097 0.00643176 0.00202864 0.0369886 0.0409861
internal_weight=59565.8 40680.4 18885.4 25827.3 14853.1 9686.75 9198.65 9903.85 12950 4768.08 4431.66 4918.67 4766.99 12877.3 4949.26 4871.24 2963.18 2410.48 604.881 2524.66 3328.1 2394.01 687.854 426.781 3810.75 2356.52 1804.89 2095.31 985.42 1805.6 2818.98 2255.89 886.819 795.522 1621.16 797.146 6018.91 1060.49 1109.89 2640.25 1511.2 3197.37 824.018 6931.08 429.348 676.443 1018.78 5032.61 4650.59 261.072 1099.18 142.267 84.3847 400.973 1294.83 509.943 438.755 267.242 1129.05 545.112 356.547 273.856
internal_count=438341 338761 99580 228095 110666 56808 42772 76327 110445 26052 19745 30756 23027 117650 34339 36482 15839 11940 3026 15344 22845 15412 4741 2937 28670 11087 10213 12766 6005 8914 15055 12053 4798 4267 11494 5638 50095 7812 6761 18104 10357 14403 5856 60350 2578 4787 7505 39845 36735 1804 7042 922 546 2438 8370 3266 2811 1873 7747 3736 2139 1643
cat_boundaries=0 1 2 3 4 5 6 7 8
cat_threshold=6201450 16885600 18636922 8453910 27416480 17439828 17178482 343388
is_linear=0
shrinkage=0.04


Tree=9
num_leaves=63
num_cat=11
split_feature=2 3 2 1 2 2 3 3 1 2 2 2 1 3 3 2 3 3 3 3 2 1 3 54 25 2 25 6 13 12 25 25 3 25 15 25 7 3 54 3 25 7 3 17 25 16 56 16 3 25 2 25 48 25 2 54 53 1 3 2 56 38
split_gain=39633.8 4343.05 3773 802.13 503.585 500.155 311.07 273.673 122.78 114.175 98.3128 80.5712 78.9606 74.6526 71.1437 60.9131 45.1 41.6733 39.3613 37.8751 37.508 35.5611 29.5088 29.3759 28.7923 26.8035 25.586 23.3017 22.8945 19.6135 21.4196 18.89 18.6476 18.6464 18.3254 18.2159 22.0936 17.8739 17.208 19.9082 16.9565 16.759 16.0106 20.6108 15.8443 15.7764 15.5736 15.563 15.4855 15.4206 15.2316 14.7621 16.0144 14.7398 14.697 14.5988 14.4686 14.4372 14.1625 13.9898 16.5845 13.819
threshold=-0.70057076215744007 0.53772833943367015 -1.9594913125038145 1.5000000000000002 -2.9636646509170528 -1.2650425434112547 0.64644789695739757 0.39064133167266851 2.5000000000000004 -0.43758332729339594 -2.3015404939651485 -0.9897826313972472 3.5000000000000004 0.48070509731769567 0.75973206758499157 -0.30066718161106104 0.49209338426589971 0.50520855188369762 0.35133358836174017 0.60358950495719921 -3.4283231496810909 3.5000000000000004 0.32455590367317205 0.029166666790843013 0 -1.5475278496742246 1 3.5000000000000004 6.9249999523162851 0.40854999423027044 2 3 0.57165187597274791 4 0.42765000462532049 5 43.500000000000007 0.48070509731769567 -0.037499999627470963 0.57165187597274791 6 37.500000000000007 0.40011054277420049 9.2100000381469744 7 0.43684999644756323 0.015319679398089649 0.36755000054836279 0.82174682617187511 8 -1.6310854554176328 9 1.435000002384186 10 -0.33017005026340479 0.0041666666511446246 6.9649999141693124 4.5000000000000009 0.42727483808994299 -0.21402113884687421 -0.0010172133333981035 -0.0058333333581686011
decision_type=2 2 2 2 2 2 2 2 2 2 2 2 2 2 2 2 2 2 2 2 2 2 2 2 1 2 1 2 2 2 1 1 2 1 2 1 2 2 2 2 1 2 2 10 1 2 8 2 2 1 2 1 10 1 2 2 2 2 2 2 8 2
left_child=2 3 4 7 20 12 9 22 15 46 19 16 25 27 -8 23 -7 -12 44 -6 -1 26 28 42 55 37 -13 31 40 30 -20 -9 -27 -25 -29 -31 -37 -4 -11 -40 -2 -24 51 53 47 -43 -3 -17 -16 -23 -14 54 -53 -44 -5 -10 -28 -52 -32 -46 -61 -33
right_child=1 6 5 8 10 11 14 13 24 38 17 21 50 -15 48 18 -18 -19 29 -21 -22 49 41 33 -26 32 56 34 -30 35 58 61 -34 -35 -36 36 -38 -39 39 -41 -42 45 43 -45 59 -47 -48 -49 -50 -51 57 52 -54 -55 -56 -57 -58 -59 -60 60 -62 -63
leaf_value=-0.04252021264312892 0.0055492908960060794 0.037022761998822762 -0.025832350853477966 0.016841421478648082 -0.034531655626425364 -0.0085941329475247869 0.068724256371034131 0.04829363879105001 0.019240749390496702 0.062106386313083628 -0.02982013486103471 0.0015431223800674606 -0.021364909630587851 0.050486564417612637 0.076165908580226344 0.03288465008128031 0.001096770459414999 -0.02163744488340956 0.044216622452667512 -0.029021284443737257 -0.037693321458276786 0.0018358972919572079 0.034046305920767919 -0.0041839998814235139 0.0028074995581920999 -0.011828567372030139 0.011129852605812068 0.031985190643108029 0.043047397260245639 0.016004741609202171 0.021259333600448325 0.04310583360371683 -0.0046539640254586317 0.014429689557607055 0.049564249076871389 0.039329782229723109 0.016311277121228453 -0.0131775194862276 0.050235644675459615 0.058513757386936635 0.021499187443729962 0.023675492431681842 0.010833676806397399 0.0030124807495800522 -0.00017994104171228036 0.043718652195228767 0.0078489816287060539 0.014478031091203016 0.084277995699297462 -0.012773548445159322 -0.013786403162742685 0.011222297240594807 -0.011323696924844332 0.024297102798531291 0.045932935153544387 0.006817298494491743 -0.0047524178878511252 -0.022151388788368837 0.042654773737664901 0.032959439775174015 0.013322249375582336 0.033364889340505702
leaf_weight=6618.1249673888087 196.54264467954636 47.309211537241936 190.6285676881671 188.01864725351334 3700.2579648643732 1694.2600648999214 3364.6134143024683 861.77103447914124 392.14952391386032 1109.7264747321606 1457.0761040747166 906.30738431215286 2078.0290663391352 1753.0890330970287 1278.0281464457512 243.83414706587791 1406.0025618821383 3145.8433203324676 315.10891203582287 4332.6372635886073 4217.0755350366235 242.41146660596132 654.28112629055977 159.66162185370922 814.52273818105459 1164.5147729665041 1453.0794541686773 719.39195322990417 54.896164640784264 275.93015164136887 237.37748125195503 362.35407736897469 1154.0333586633205 172.55586645007133 109.29720294475555 252.9763758033514 90.613617017865181 2824.7517497688532 668.11201530694962 1527.6623250097036 310.86273986101151 727.66398219764233 212.77518813312054 95.199255257844925 87.351293712854385 68.772455394268036 76.809751972556114 105.20746652781963 533.7634914368391 211.73663078248501 1151.1003380790353 221.22003842890263 65.282488837838173 1053.0577499270439 32.603591814637184 246.45074878633022 97.961128950119019 462.86537503451109 62.54400709271431 87.002548828721046 329.11197884380817 652.85498525202274
leaf_count=63130 1206 295 1568 1229 33680 12871 14932 4538 2661 5153 12869 6270 17477 8699 5455 1516 9988 26488 1827 38182 39188 1810 3750 1030 5576 8979 10016 3879 339 1616 1394 1910 8583 1106 585 1481 532 22285 3229 7156 1903 4176 1338 599 559 394 482 653 2249 1584 9243 1443 427 6600 207 1685 682 3843 344 537 2046 3440
internal_value=-0.000253822 0.0442116 -0.0242925 0.0288748 -0.0343143 -0.00865021 0.0659753 0.0385297 0.01799 0.0566325 -0.0288888 0.000288333 -0.0146038 0.0440566 0.0721654 0.0213957 -0.0041992 -0.0242277 0.0262912 -0.0315596 -0.0406416 0.00506682 0.0262878 0.0167523 0.00794167 -0.0114912 0.00696726 0.0398904 0.0185089 0.030856 0.0359161 0.0423569 -0.00825748 0.00579247 0.0343037 0.0258325 0.0323186 -0.0139775 0.0580467 0.055995 0.0158541 0.0293029 0.0187013 0.0209617 0.0196807 0.0254062 0.0189689 0.0265752 0.0785558 -0.00521628 -0.0191007 0.0126348 0.00587974 0.0223116 0.0202239 0.0142235 0.0100619 -0.0161854 0.0248911 0.0140931 0.0174281 0.0364823
internal_weight=59327.1 20818.4 38508.7 12212.3 23471 15037.7 8606.02 6471.78 5740.56 3429.62 12635.8 6011.76 9025.92 4458.76 5176.41 4287.43 3100.26 4602.92 2087.06 8032.9 10835.2 2911.5 2013.02 2200.37 1453.12 5333.93 2457.35 2705.67 562.302 1234.55 615.03 1876.98 2318.55 332.217 828.689 619.52 343.59 3015.38 3305.5 2195.77 507.405 1450.72 1868.16 1361.03 852.507 796.436 124.119 349.042 1811.79 454.148 3691.99 507.125 286.503 1265.83 220.622 638.6 1551.04 1613.97 299.921 503.466 416.115 1015.21
internal_count=438912 110176 328736 71225 213537 115199 38951 34819 36406 16315 111219 43221 71978 23051 22636 26484 22859 39357 12505 71862 102318 20362 11768 13979 9922 41415 16968 14352 3448 7194 3565 9888 17562 2136 4464 3629 2013 23853 15538 10385 3109 8320 11843 8537 5311 4570 777 2169 7704 3394 30563 3306 1870 7938 1436 4346 10698 13086 1738 3142 2583 5350
cat_boundaries=0 1 2 3 4 5 6 7 8 9 10 11
cat_threshold=23315554 30671146 30466454 10759628 7538062 2601176 18294992 176556 14180116 1363176 35844
is_linear=0
shrinkage=0.04


Tree=10
num_leaves=63
num_cat=8
split_feature=2 2 1 50 2 2 41 6 1 2 11 2 1 2 54 2 54 38 48 17 54 2 25 1 2 54 54 25 1 1 1 2 35 25 36 25 42 39 36 46 25 56 46 36 25 41 41 54 56 14 14 25 48 54 50 53 26 55 39 56 25 39
split_gain=35714.6 4103.2 2686.71 583.244 569.159 517.915 513.541 94.2416 91.8146 84.9957 78.5532 77.5995 71.9886 64.742 44.0857 35.1919 34.8234 32.5423 32.1392 31.2486 29.8176 28.0167 25.7135 25.3971 24.3845 24.3753 24.0403 34.5294 22.2493 21.831 20.1019 22.9901 19.9462 18.5686 18.4208 18.2827 18.099 17.9049 20.4065 17.4439 17.3528 17.2315 16.9584 19.1567 25.3625 16.2059 16.1962 16.1426 15.993 17.7923 15.4175 17.7202 15.3296 14.5466 14.5121 16.0132 14.5016 14.4113 14.2721 15.3314 14.223 14.1654
threshold=-0.63285762071609486 -1.9594913125038145 1.5000000000000002 0.39575000107288366 -1.2473551034927366 -2.8180154561996456 2.5000000000000004 3.5000000000000004 3.5000000000000004 -0.27158211171627039 6.1549999713897714 -2.3142410516738887 2.5000000000000004 -3.4078608751296993 -0.052500000223517411 -0.9897826313972472 0.0058333333581686029 -0.0058333333581686011 2.4150000810623173 6.3099999427795419 0.037499999627470977 -1.4204602837562559 0 4.5000000000000009 -0.91109085083007801 -0.020833333022892472 0.019166666083037857 1 2.5000000000000004 4.5000000000000009 4.5000000000000009 -1.6453588604927061 1.6441666483879092 2 -0.013608333654701708 3 1.5000000000000002 -0.054500000551342957 0.0089916666038334387 3.5000000000000004 4 -0.0020380509085953231 2.5000000000000004 0.0083416667766869085 5 4.5000000000000009 4.5000000000000009 0.0058333333581686029 -0.012561569456011055 0.48490001261234289 0.35690000653266912 6 1.9450000524520876 0.035833332687616355 0.11765000224113466 6.7449998855590829 7.5000000000000009 5.5000000000000009 2.0508333444595341 0.012571135535836222 7 0.60916668176651012
decision_type=2 2 2 8 2 2 2 2 2 2 2 2 2 2 2 2 2 2 10 10 2 2 1 2 2 2 2 1 2 2 2 2 2 1 2 1 2 8 2 10 1 8 10 2 1 2 2 2 8 2 2 1 8 2 10 2 2 2 10 10 1 8
left_child=1 5 3 14 8 13 10 19 21 20 17 29 24 -1 54 60 36 58 32 26 28 53 -11 -13 40 34 27 -8 -4 -7 31 -10 42 -30 -9 -26 -12 -19 -39 41 -6 -29 43 -16 -45 -21 -43 -37 49 -23 51 -28 -24 -3 -2 -56 -41 -17 59 -5 -14 -38
right_child=2 4 9 6 12 11 7 25 30 22 16 23 15 -15 18 57 -18 37 -20 45 -22 48 52 -25 35 -27 50 39 33 -31 -32 -33 -34 -35 -36 47 61 38 -40 56 -42 46 -44 44 -46 -47 -48 -49 -50 -51 -52 -53 -54 -55 55 -57 -58 -59 -60 -61 -62 -63
leaf_value=-0.042172706443635882 0.03887256561494587 -0.011041985747025808 0.017336561894331273 0.060316833866860681 0.007588968979612306 -0.028298035689337971 0.047506281731521396 0.051972206889399929 -0.020255209143406935 0.029058367553287695 0.069584334971370482 -0.021741279485183052 -0.001796340096208444 -0.036288792969841797 0.016527767312540857 0.0033567778672747512 0.058199880099607131 0.039673348179519258 0.037930019971833248 0.05292518213248637 0.0028951278054449303 -0.00094275171985689255 0.014299361664447683 -0.028329664560304807 0.004443539499385381 0.049635435482986011 0.015579603196089774 0.05061709290789098 0.015777066982015309 -0.033116481802484513 -0.022560205358909739 -0.01251668744274669 0.031503622764552375 0.0035520387490315958 0.066597905933290166 0.01771699086670887 0.056338446648225578 0.048563781611526878 0.059383210021944577 0.024596673470428824 -0.00097283331525549639 0.040496778773755494 0.0062447645694179823 0.043055709018483726 0.014141980320582025 0.039622967063550993 0.028493988968285925 0.0059007562147894745 -0.0071338983717018261 0.029218336967920418 0.042820499213909173 0.036337637198199699 0.023469048428132435 -0.018040242728582342 0.064519840950347337 0.037922087943554179 0.041866251860112211 -0.0076776740191622167 0.070446455683383147 0.046551141645445188 -0.0091345804554467773 0.065542652557190703
leaf_weight=6541.5817820951343 561.05678634345531 3452.1894504055381 1922.0186750590801 1110.6090970486403 687.00082895159721 3463.133708499372 1479.9105444550514 224.44445109367371 1216.0025698393583 973.02501460909843 1703.5357454866171 3400.7866199910641 763.77028478682041 5514.290875017643 259.0365878790617 1548.2506597563624 1006.8139519393444 175.74319432675838 568.49664038419724 592.3929882645607 370.93952456116676 150.19880218058825 529.63305228948593 1291.7345199584961 580.07753227651119 639.95877712965012 166.65053075551987 179.0606330037117 385.08138518035412 2660.0283950939775 1260.0615697652102 1241.2534652128816 625.93935436010361 440.78607986867428 356.84381334483624 593.72493241727352 331.59179347753525 624.09664587676525 504.29988794028759 280.28778420388699 830.82278513908386 615.87687760591507 99.356207817792892 142.56101609766483 123.02104385197163 194.69659021496773 254.08170312643051 268.70315191149712 1232.6571311876178 39.529734998941422 192.67336146533489 238.11059935390949 649.33670207858086 551.09009130299091 83.438020586967468 63.993293717503548 107.69038411974907 215.7658232524991 191.05099993944168 146.52993705868721 987.76589298993349 1384.8190800845623
leaf_count=64440 2953 27280 11959 5061 4806 31066 7374 1019 10264 5757 7326 29230 5788 52380 1473 11096 4527 853 2994 2827 2437 1127 3232 11649 3840 3003 878 885 2603 24763 10843 10065 3425 3003 1593 3898 1496 2902 2305 1466 5839 3043 582 799 691 969 1319 1791 9285 293 986 1263 3806 4417 432 333 551 1569 843 681 7528 6066
internal_value=-0.000273942 -0.0229877 0.0423741 0.0508934 -0.00718365 -0.0337802 0.054385 0.0452148 -0.0136099 0.0177595 0.0614393 -0.0274252 0.00188925 -0.0394814 0.0333428 -0.00198079 0.0647385 0.0561329 0.0300449 0.0424306 0.0135402 -0.010292 0.0238745 -0.0235549 0.00648514 0.0550213 0.0408172 0.0423144 0.0149772 -0.0303913 -0.0184526 -0.0163462 0.0264585 0.00948631 0.0609507 0.010209 0.0666635 0.0515495 0.0533992 0.0363837 0.00294602 0.0393171 0.0213976 0.0242673 0.0318162 0.0496347 0.0369912 0.0138746 -0.00546987 0.00534128 0.0335071 0.0290737 0.019187 -0.0120054 0.0418072 0.052975 0.0293902 0.0020071 0.0602603 0.0587123 -0.00599709 0.0637645
internal_weight=58989.9 38490.4 20499.5 15228.7 15618.9 22871.6 12701.8 5522.68 9142.98 5270.82 7179.09 10815.7 6475.88 12055.9 2526.9 3515.55 4426.76 2752.33 1818.41 4301.43 3118.83 5425.67 2151.99 4692.52 2960.33 1221.25 3514.34 2916.91 2747.89 6123.16 3717.32 2457.26 1249.91 825.867 581.288 1442.51 3419.95 1304.14 1128.4 1437 1517.82 1049.02 623.975 524.619 265.582 787.09 869.959 862.428 1422.39 189.729 597.434 404.761 1178.97 4003.28 708.488 147.431 387.978 1764.02 1448.19 1257.14 1751.54 1716.41
internal_count=438972 333257 105715 72918 119729 213528 59236 27176 73574 32797 32060 96708 46155 116820 13682 25981 19415 12645 9964 21561 20002 42402 12795 40879 20174 5615 17765 14638 17565 55829 31172 20329 6970 5606 2612 9529 14888 6060 5207 7264 10645 5247 3545 2963 1490 3796 4362 5689 10705 1420 3127 2141 7038 31697 3718 765 2017 12665 6585 5742 13316 7562
cat_boundaries=0 1 2 3 4 5 6 7 8
cat_threshold=26392964 28060136 17270122 26548400 11324692 8419958 33165508 29223424
is_linear=0
shrinkage=0.04


Tree=11
num_leaves=63
num_cat=11
split_feature=0 0 0 0 0 0 3 0 0 0 3 0 3 0 6 31 4 54 50 56 34 31 15 0 0 25 54 25 17 25 50 25 25 34 7 56 3 25 50 26 31 35 50 3 7 31 11 50 25 0 25 12 25 35 8 4 54 56 15 25 34 25
split_gain=33493.9 4026.62 3445.33 649.566 442.036 428.923 383.59 95.3627 93.2586 91.9727 78.3293 56.0948 33.0505 31.6971 25.2145 22.6846 22.441 18.6841 17.5659 16.856 18.7774 16.3676 16.2443 16.1345 16.0766 15.6839 14.9397 17.3295 14.7518 16.6741 17.2461 15.4808 14.7288 14.6815 14.4691 14.2978 14.0636 16.9232 15.3819 13.9504 13.7044 12.8604 13.0793 12.64 12.5733 12.5184 12.4802 12.4076 12.0066 11.8625 11.7099 11.6942 15.6548 11.8341 11.6595 11.1034 16.5713 11.6318 14.3114 15.0473 13.9551 17.4526
threshold=-1.4894618391990659 -2.4708646535873409 -0.70223706960678089 -3.1696701049804683 -0.96119156479835499 -2.0402834415435787 0.64644789695739757 -1.7834130525588987 -3.737532258033752 -1.1487106680870054 0.75973206758499157 -2.8310116529464717 0.55555614829063427 -2.1556856632232662 2.5000000000000004 -1.0000000180025095e-35 1.4563613533973696 0.014166666660457851 0.024249999783933166 -0.0066622847225517026 -1.2225000262260435 -1.0000000180025095e-35 0.22650000452995303 -1.6256265044212339 -4.38437795639038 0 -0.020833333022892472 1 5.8150000572204599 2 -0.015749999321997162 3 4 -0.089166667312383638 39.500000000000007 0.0013233263161964717 0.44465696811676031 5 0.10294999927282335 9.5000000000000018 -1.0000000180025095e-35 2.6491667032241826 0.11115000024437906 0.78234952688217174 29.500000000000004 -1.4999999999999998 6.4349999427795419 -0.08484999835491179 6 -1.1918020248413084 7 0.30799999833107 8 0.060833333060145385 52.500000000000007 1.2242154479026797 -0.052500000223517411 -0.027232451364397999 0.32095000147819525 9 -0.14916666597127912 10
decision_type=2 2 2 2 2 2 2 2 2 2 2 2 2 2 2 2 2 2 8 10 2 2 2 2 2 1 2 1 10 1 8 1 1 2 2 10 2 1 10 2 2 2 10 2 2 2 2 10 1 2 1 2 1 2 2 2 2 10 2 1 2 1
left_child=1 3 4 8 9 13 12 21 24 18 -8 -5 44 45 16 23 34 33 26 55 -21 25 -18 28 -1 46 27 -2 29 35 -31 -30 -25 -17 -6 -9 37 -16 -39 -34 -14 -11 -43 -13 -4 -3 -7 -15 -49 -29 -35 52 53 -24 -53 56 -20 60 -59 -60 -57 -62
right_child=2 5 6 11 14 7 10 15 -10 41 -12 43 40 47 36 17 22 -19 19 20 -22 -23 51 32 -26 -27 -28 49 31 30 -32 -33 39 50 -36 -37 -38 38 -40 -41 -42 42 -44 -45 -46 -47 -48 48 -50 -51 -52 54 -54 -55 -56 57 -58 58 59 -61 61 -63
leaf_value=-0.043370898582299637 0.02154318597182777 -0.011849685471147169 0.052218036241243715 -0.028370666748221449 0.046433611573629748 0.00098249335423936123 0.060918010355090736 0.017799167594229053 -0.034739983862238866 0.025636635541090663 0.071051640229415111 -0.021758897225273754 0.054917132873116482 -0.01564371234821943 0.021776377869598993 0.019213058359782292 0.053132269939693715 -0.0044479347454179294 0.029124926397444521 0.041329161034566866 0.010007028708500463 -0.0071178316813352172 0.020798070055457907 0.0053070987879484414 -0.039732224602944115 -0.0050157845391381054 0.0088943786782920281 0.006795979700836766 -0.011462177037325794 0.015170530754628752 -0.0027323410864472349 0.0055817679098033078 0.01441675140282017 0.0082309445429178171 0.037471944236326306 -0.0037801379783116667 0.036123101757819506 0.032663056268257801 0.051308805261714746 0.037808039763250777 0.04929310391528554 0.011984271810194106 0.036417753365895637 -0.029248195023959502 0.043374578518012241 -0.01640779537042162 0.021711703142537103 -0.0031149119596994173 -0.010644798927791795 0.028473275604484483 0.00031139985846993519 0.024698689246405201 0.030528707934905079 -0.0087445535757478838 0.053724143595257269 0.013561822339284251 0.0029730570314593207 0.045017711960256709 0.0029528878830313936 0.029257184592550174 0.014722882506078727 0.027435330578280619
leaf_weight=3564.7259897068143 441.80144703388214 1328.238794259727 306.50636520981789 4468.4765373393893 621.84595020115376 870.25287866592407 3487.979676514864 292.53486174345016 5933.3972381576896 2221.0932495892048 1877.2932245880365 4971.8589262738824 1172.1528563350439 349.48716008663177 464.32889707386494 96.194619566202164 47.529765471816063 569.6434161812067 53.250568509101868 32.250375241041183 607.00032603740692 1692.9072668552399 48.345796257257462 381.91329456865788 4269.9502782896161 1079.2244236469269 1040.9324892908335 343.75792913138866 153.69915996491909 117.5439567565918 321.75519394874573 170.01790691912174 459.38254199922085 445.36867572367191 537.35139451920986 59.041380181908607 1061.5610220134258 585.41411805152893 80.527408644556999 44.769735738635063 1696.7392645031214 208.88170291483402 42.122582390904427 388.76079424470663 1600.1185706704855 3515.970906086266 49.091919749975204 660.13439026474953 753.92986403405666 45.769112974405289 883.24295501410961 40.33105680346489 167.54781970381737 39.35526916384697 49.101974323391914 527.51452182233334 142.54072886705399 60.199640065431595 61.707290634512901 139.33339001238346 435.99198666214943 465.2696892619133
leaf_count=36488 2762 10859 1429 41278 3088 6465 14924 2023 57361 12521 7747 43596 5274 2757 2444 663 243 3996 339 197 3758 12745 248 2547 42948 8069 6564 2170 1074 816 2231 1183 3073 3079 2705 409 5323 3078 420 302 7625 1202 239 3464 7537 28936 368 5162 5905 270 6137 206 858 202 251 3212 922 364 379 851 2692 2866
internal_value=-0.000394937 -0.0227668 0.0404514 -0.0329155 0.02452 -0.00601322 0.0571241 0.000411115 -0.0385229 0.0184939 0.0644637 -0.0250609 0.0488782 -0.0134864 0.0355789 0.00469382 0.0394811 0.00167501 0.0150235 0.0172005 0.0115872 -0.00422385 0.0312105 0.00770327 -0.0413878 -0.00177248 0.0120876 0.0160858 0.0045005 0.0074446 0.00201215 -0.00269226 0.0117321 0.00412299 0.0422794 0.0137832 0.0328169 0.0297118 0.0344012 0.0161731 0.0515909 0.0246668 0.0160846 -0.022302 0.0447962 -0.015158 0.00206693 -0.00889487 -0.00722689 0.00910919 0.00303043 0.0281876 0.0238264 0.00676917 0.0406347 0.0191033 0.0100857 0.020148 0.0279087 0.0227855 0.018729 0.0217534
internal_weight=58645 37891.5 20753.4 23597.2 10612.7 14294.3 10140.8 7686.58 13768.1 6869.42 5365.27 9829.1 4775.52 6607.76 3743.24 3995.11 1551.41 1994.45 4397.32 2525.06 639.251 3691.48 392.212 2000.66 7834.68 1998.57 1872.26 831.328 1114.59 790.875 439.299 323.717 886.066 1424.81 1159.2 351.576 2191.83 1130.27 665.942 504.152 2868.89 2472.1 251.004 5360.62 1906.62 4844.21 919.345 1763.55 1414.06 389.527 1328.61 344.682 255.249 87.7011 89.433 1885.81 195.791 1690.02 261.24 201.041 1428.78 901.262
internal_count=438844 333934 104910 225135 60374 108799 44536 55180 136797 41308 22671 88338 21865 53619 19066 27533 7801 13875 27346 15580 3955 27647 2008 13658 79436 14902 11766 5202 7736 5479 3047 2257 5922 9879 5793 2432 11265 5942 3498 3375 12899 13962 1441 47060 8966 39795 6833 13824 11067 2440 9216 1765 1308 450 457 11625 1261 10364 1594 1230 8770 5558
cat_boundaries=0 1 2 3 4 5 6 7 8 9 10 11
cat_threshold=9219666 17456700 25834826 10429484 8627786 22720786 4787806 3391500 6129668 4752560 31033612
is_linear=0
shrinkage=0.04


Tree=12
num_leaves=63
num_cat=11
split_feature=0 0 0 0 0 0 3 3 0 0 0 0 0 0 4 0 4 56 25 16 56 6 13 54 7 25 25 39 53 54 25 25 4 54 25 35 16 16 34 17 36 53 25 25 3 25 16 56 29 35 25 7 25 56 6 0 48 12 14 56 54 35
split_gain=31263.2 3635.71 3494.24 485.194 480.337 479.377 317.852 66.5237 61.8708 59.375 58.5877 56.7958 55.2497 51.9086 27.0336 20.1276 17.9628 17.6688 16.6404 15.6957 15.0467 14.4438 14.2028 15.3417 13.9685 13.9489 13.9044 16.0984 15.9221 13.3867 19.455 18.2604 13.3315 20.8364 14.8401 13.3012 13.0213 12.7628 12.25 12.1911 12.0649 11.8982 11.491 11.3132 11.3076 11.2626 10.7777 10.7581 14.9831 10.7044 18.2949 11.0416 11.8909 13.9934 11.116 10.578 10.5737 10.3734 10.7598 11.8222 10.3603 15.9311
threshold=-1.5481464862823484 -2.5903147459030147 -0.70223706960678089 -1.079185366630554 -3.3409157991409297 -2.0402834415435787 0.63634669780731212 0.78234952688217174 -0.93729621171951283 -1.7834130525588987 -2.9676959514617915 -1.2375541925430296 -3.8424757719039913 -2.2957198619842525 1.2242154479026797 -1.4087177515029905 0.94502133131027233 -0.0084245144389569742 0 0.47840000689029699 -0.049228820949792855 2.5000000000000004 4.4049999713897714 -0.025833333842456337 58.500000000000007 1 2 2.2958333492279057 6.6749999523162851 -0.025833333842456337 3 4 1.1874691247940066 -0.042500000447034829 5 0.28583332896232611 0.37745000422000891 0.21455000340938571 -0.30250000953674311 5.7650001049041757 0.013708333484828474 6.9049999713897714 6 7 0.520439773797989 8 0.50170001387596141 0.0011243333574384453 1.0000000180025095e-35 2.6491667032241826 9 44.500000000000007 10 -0.0013822026667185126 3.5000000000000004 -4.38437795639038 0.14500000327825549 0.54514998197555553 0.5976499915122987 -0.028970526531338688 1.332267629550188e-15 1.2524999976158144
decision_type=2 2 2 2 2 2 2 2 2 2 2 2 2 2 2 2 2 8 1 2 8 2 2 2 2 1 1 10 2 2 1 1 2 2 1 2 2 2 2 8 2 2 1 1 2 1 2 8 2 2 1 2 1 10 2 2 10 2 2 8 2 2
left_child=1 4 3 11 12 13 14 16 49 37 -6 15 55 60 38 32 -8 44 56 29 -15 -19 -13 26 -10 -22 -24 28 -28 31 41 -11 33 34 -2 -30 -37 -7 -4 40 -33 -31 -35 -34 -16 -21 -47 48 -27 51 -51 -5 53 54 -53 -1 -17 58 59 -45 61 -3
right_child=2 5 6 8 10 9 7 -9 24 19 -12 22 -14 20 17 18 -18 21 -20 45 25 -23 23 -25 -26 47 27 -29 35 30 -32 39 43 42 -36 36 -38 -39 -40 -41 -42 -43 -44 57 -46 46 -48 -49 -50 50 -52 52 -54 -55 -56 -57 -58 -59 -60 -61 -62 -63
leaf_value=-0.042919835708374085 -0.0065904250785796042 -0.017095968699670224 0.064004741498670706 0.028719243392348392 -0.030365049653222044 -0.010665375998937063 0.062129393569553333 0.068731583009734531 0.034892810686510636 0.00059406632541616903 -0.024168511895800798 0.026298389428106011 -0.035702773226676573 0.016543927509305573 0.040760023007942597 0.025300816105547352 0.056736053951869078 0.047236832659426159 0.011555807154936225 -0.00077794645453815121 -0.014487494819287981 0.040155913896889113 0.013829082669098108 0.015206636463401698 0.01558508981762041 -0.0019209204991277294 0.01424822829418744 0.013917058712999277 0.017358332290158065 0.0053123066920713379 -0.00092779807557630321 0.011628549203949481 0.0052863288840482867 0.0072612346868801093 0.02881536988668747 0.03637346561420756 0.059897711804723634 -0.0027817099832229452 0.04942849332414978 0.0083231661668690792 0.035374393286933196 0.021210375598761662 -0.015785789058834085 -0.0087245795852684202 0.056269483914742582 0.046175642165774321 0.016327865610922216 -0.010723629959810296 -0.020859718546891941 -0.0017441345750589463 0.024416924788126144 0.042864189459461917 0.014861324535812348 0.01184100729819188 0.019631073384807639 -0.039757107153082873 0.016121860422608873 0.027529930899294456 -0.0052306788791449165 0.013693778687044538 -0.019283658922492848 -0.0087423542240063143
leaf_weight=3441.5694864243269 29.877859935164452 1816.4475565329194 96.773381680250168 1215.006169334054 4496.0795215442777 364.63770264387131 1484.4581561982632 1332.1512881219387 3386.8604707270861 468.34322817623615 5342.0154560208321 483.89267946779728 4652.062463581562 31.549589857459068 104.45548352599144 310.21104294061661 2954.6722862422466 685.91513226926327 1345.2167503237724 46.153147786855698 1395.7940178588033 1405.1270848363638 246.36562083661556 932.69315533339977 61.032998129725456 496.93975238502026 54.745285823941231 85.407362088561058 40.5459895581007 376.53633993864059 1501.5489746034145 81.544812992215157 550.07974867522717 46.706148520112038 42.559454560279846 143.55727976560593 51.031120672821999 3320.3458766937256 1973.5889582633972 521.06280519068241 59.00783708691597 94.154369786381721 98.824826940894127 39.268007814884186 268.67300762236118 32.415267869830132 48.046348094940186 1880.8109277039766 77.223258011043072 66.830772012472153 136.49406224489212 119.38258589804173 305.38580764830112 47.646333202719688 45.51108418405056 3328.2917459085584 569.31933638453484 71.407336786389351 56.346195191144943 905.87453116476536 2162.0126483142376 457.21438053250313
leaf_count=36447 200 15519 428 6599 43298 2739 6154 5422 16893 3222 48655 2764 46757 253 488 1871 12545 3148 8346 317 11245 6449 1432 5460 313 3990 316 501 232 2620 10458 556 3599 322 284 833 296 24941 8750 3571 403 654 682 254 1205 219 330 15135 625 373 760 647 1660 260 252 34633 3506 470 370 5885 18539 3906
internal_value=-0.000152444 -0.0227919 0.0377551 0.0225851 -0.0334787 -0.00787548 0.0546654 0.0608922 0.0313378 -9.19963e-05 -0.0270004 0.0148646 -0.0390588 -0.014345 0.0467404 0.0121326 0.0585396 0.0439094 0.0146928 0.00386804 -0.0109674 0.0424786 0.020314 0.018451 0.034551 -0.0111928 0.0233186 0.0284224 0.0336766 0.00330462 0.00131572 0.00677607 0.00903868 -0.000249674 0.0172799 0.0382 0.0425427 -0.00356182 0.0501098 0.0109773 0.0215977 0.0083158 -0.00897492 0.0102861 0.0519277 0.0176726 0.0252183 -0.00922304 -0.00446813 0.0256159 0.0169332 0.0266346 0.0217442 0.0295446 0.0364518 -0.0413649 0.0191417 0.0126821 0.01175 0.0127624 -0.0173012 -0.0154161
internal_weight=58285.7 36491.8 21793.9 11488.1 21260 15231.8 10305.8 5771.28 5384.15 6913.8 9838.09 6103.93 11421.9 8317.99 4534.53 4065.69 4439.13 2464.17 2224.75 3228.81 3882.32 2091.04 2038.24 1554.35 3447.89 3850.77 621.653 375.287 289.88 3102.2 1972.24 1129.96 1840.94 217.968 72.4373 235.134 194.588 3684.98 2070.36 661.615 140.553 470.691 145.531 1622.98 373.128 126.615 80.4616 2454.97 574.163 1936.26 203.325 1732.93 517.926 212.54 164.894 6769.86 879.53 1072.9 1001.49 945.143 4435.67 2273.66
internal_count=439001 329032 109969 65380 209790 119242 44589 24121 27757 50030 91953 37623 117837 69212 20468 25789 18699 11290 13723 22350 31248 9597 11834 9070 17206 30995 3610 2178 1677 21484 13732 7752 12066 1488 484 1361 1129 27680 9178 4530 959 3274 1004 10578 1693 866 549 19750 4615 10551 1133 9418 2819 1159 899 71080 5377 6979 6509 6139 37964 19425
cat_boundaries=0 1 2 3 4 5 6 7 8 9 10 11
cat_threshold=5415018 2372024 1092186 8491648 1413608 3290210 1590862 9192104 1087658 5735104 1058540
is_linear=0
shrinkage=0.04


Tree=13
num_leaves=63
num_cat=9
split_feature=0 0 0 0 0 0 4 0 0 0 4 0 0 4 0 25 54 0 25 16 54 6 4 54 50 25 56 54 27 6 15 56 4 16 25 6 45 54 53 2 25 50 25 17 56 25 15 54 25 56 46 50 25 4 17 16 16 53 11 56 13 54
split_gain=28455.4 3923.18 2724.13 565.391 421.029 352.936 262.849 79.1272 69.3314 68.1117 52.8419 49.3077 47.3276 33.4022 25.1881 21.1066 20.9894 20.0507 18.4133 18.3797 16.7048 15.8618 15.6536 15.4026 15.2822 26.3379 14.9135 14.5134 15.2441 14.2472 14.0843 20.2957 13.7651 16.5376 13.0837 12.8287 12.7003 12.6043 15.7257 12.3986 18.2545 12.35 12.986 13.7846 15.8569 12.2994 12.0781 15.7794 13.5735 11.7939 11.7929 11.2522 13.6332 11.1908 12.5031 11.0705 10.7349 10.8141 10.7074 10.6863 18.0049 10.6777
threshold=-1.4688897132873533 -2.6433942317962642 -0.68028292059898365 -2.0402834415435787 -3.356669425964355 -0.96119156479835499 1.0773937702178957 -1.7834130525588987 -2.2544609308242793 -1.2375541925430296 0.9404941499233247 -4.0868606567382804 -2.9811792373657222 1.2297613024711611 -0.81701362133026112 0 0.0224999999627471 -2.4446661472320552 1 0.40039999783039099 -0.060833333060145371 2.5000000000000004 0.76109081506729137 -0.042500000447034829 0.11115000024437906 2 -0.046774258837103837 -0.015833333600312468 3.5000000000000004 2.5000000000000004 0.3530499935150147 -0.004380530444905161 1.2271604537963869 0.45264999568462377 3 2.5000000000000004 5.5000000000000009 -0.015833333600312468 6.6849999427795419 -0.89134511351585377 4 -0.18644999712705609 5 5.6150000095367441 0.0085803251713514345 6 0.22125000506639483 -0.029166666790843006 7 0.022433121688663963 2.5000000000000004 -0.034849999472498887 8 1.2945024371147158 4.8450000286102304 0.2424999997019768 0.31534999608993536 6.8150000572204599 5.6949999332427987 -0.0026587168686091896 6.5950000286102304 0.010833333246409895
decision_type=2 2 2 2 2 2 2 2 2 2 2 2 2 2 2 1 2 2 1 2 2 2 2 2 8 1 8 2 8 2 2 8 2 2 1 2 2 2 2 2 1 8 1 8 10 1 2 2 1 10 10 8 1 2 8 2 2 2 2 10 2 2
left_child=1 4 5 8 11 9 10 39 17 15 22 -1 -6 23 41 19 32 -3 36 58 53 -16 -4 35 25 49 -10 51 -29 -15 31 -31 33 45 -28 -8 -18 38 -36 -5 55 -7 43 44 -43 -9 47 48 -17 59 -47 -23 -53 -11 -55 -41 -33 -58 -2 -22 -61 -19
right_child=2 3 6 7 12 14 13 16 26 20 -12 -13 -14 29 21 46 18 61 -20 -21 24 27 -24 -25 -26 -27 34 28 -30 30 -32 56 -34 -35 37 -37 -38 -39 -40 40 -42 42 -44 -45 -46 50 -48 -49 -50 -51 -52 52 -54 54 -56 -57 57 -59 -60 60 -62 -63
leaf_value=-0.041801350196189233 0.025337542465535733 -0.0191954307989812 0.066581766699544714 -0.0049127636568909181 -0.030123840716971082 0.0067846156142862589 0.061992663290402858 0.0062386083498582922 0.017524349497144147 0.039198610864778917 0.053792349099700501 -0.036392622643888463 -0.024322609583622729 0.046161593422745159 0.039418996688522674 0.030356734875743505 -0.010356560479538481 -0.012566880190679903 0.0035369462373514462 0.0050967841552945802 0.021414807204634165 0.023839003095093552 0.060043957814758311 0.046269120856838084 0.022523655263090459 0.01107159192843888 -0.013231336813149404 0.022502875953761992 0.034977590829489917 0.04990103294328245 0.044194619867227981 0.027152110213059445 0.0068674310598089393 0.023164956311639045 -0.015578999627878683 0.050098220065509562 0.015891572649245341 -0.010331233867045304 -0.0012183921293300213 -0.025809811429125102 0.0085094266912211208 0.039453876569863676 0.032645301642152076 0.021214061490311034 0.013967482444107051 -0.0081445890315618805 0.011540419041405044 -0.0063175438756744922 -0.0025500967003762032 0.0025401809592975879 0.0077718063965951188 0.028644167927635206 0.047035191083037955 0.039706910857097981 0.021704867002903427 -0.0026744193357749798 0.04300487146080495 0.030081314075742098 0.01614681767265444 0.022636986804045769 0.052472558913477435 -0.017618056396703378
leaf_weight=4910.7477037459612 382.3842197060585 2912.0436906069517 846.5538412630558 3095.9785154461861 4377.5711484923959 39.495255827903748 183.19351941347122 243.49846631288528 32.243826001882553 104.14838986098766 2251.441360771656 5981.6432142406702 4629.7269977107644 706.23311884701252 836.95405742526054 35.065845176577568 347.70658059418201 1772.242050267756 520.03189036250114 147.03800678253174 574.68536758422852 97.044001162052155 1903.5328072309494 2097.5619561821222 1640.1611883044243 745.58500421047211 1181.4771213084459 353.82912394404411 281.36836868524551 139.00661015510559 544.26840931177139 282.95359925925732 2656.8096419274807 49.038556396961212 149.78597266972065 697.38458961248398 32.228107988834381 1212.8998991847038 657.86841418594122 38.252371609210968 284.35290762782097 156.62670519948006 1207.3058681041002 620.69929039478302 52.035594880580902 358.10592700541019 1864.6250913441181 141.49517510831356 41.014404579997063 44.275044485926628 94.04112021625042 308.66603308916092 271.47703073918819 73.8100675791502 377.15898171067238 245.34192806482315 232.06027027964592 187.14075003564358 431.89277955889702 86.467148050665855 51.719795703887939 1076.2171355262399
leaf_count=53589 2314 25925 3413 23446 43244 206 785 1704 255 584 9423 62367 43188 3168 3959 220 2422 14915 3572 900 3275 475 7780 9097 9035 4289 9561 1709 1356 621 2439 1280 17957 337 1204 2985 221 9802 5290 281 2069 784 6078 3146 261 2509 11600 894 257 254 658 1483 1304 400 2091 1792 1048 848 2664 492 293 9148
internal_value=-0.000307276 -0.0214928 0.0368104 -0.00735733 -0.0335402 0.0230172 0.0518304 0.000403557 -0.01423 0.0173362 0.0583364 -0.0388311 -0.027142 0.045412 0.0320808 0.0129043 0.00408302 -0.0168614 -0.00134916 0.017926 0.0209837 0.0351161 0.0620565 0.048133 0.0198538 0.0169398 -0.00954328 0.0323719 0.0280287 0.0415378 0.0391808 0.0359367 0.00552027 0.000713991 -0.00981585 0.0525727 -0.00792155 -0.00771504 -0.00388168 -0.00391615 0.00151659 0.0289386 0.0293682 0.0239157 0.0330982 -0.000868659 0.0104496 0.00158133 0.0162718 0.0222779 -0.00472957 0.0364459 0.0385547 0.0273806 0.0246513 -0.00559763 0.0331721 0.0372355 0.0204628 0.0238163 0.0338037 -0.0144753
internal_weight=57898.2 36859.9 21038.4 16960.2 19899.7 10967 10071.3 7965.39 8994.78 6741.53 5001.53 10892.4 9007.3 5069.8 4225.5 3043.52 4301.46 5760.5 899.967 961.315 3698.01 2149.34 2750.09 2978.14 3142.89 1502.73 3234.28 1312.38 635.197 2091.66 1385.43 841.161 3401.49 744.684 3202.03 880.578 379.935 2020.55 807.654 3663.93 567.947 2076.16 2036.67 829.362 208.662 695.646 2082.2 217.575 76.0802 757.147 452.147 677.187 580.143 555.117 450.969 283.594 702.155 419.201 814.277 712.872 138.187 2848.46
internal_count=438666 335456 103210 133068 202388 60323 42887 56968 76100 39562 20616 115956 86432 22271 20761 18849 29380 49988 6215 5878 20713 10286 11193 12867 17638 8603 26112 6327 3065 9404 6236 3797 23165 5208 25857 3770 2643 16296 6494 27588 4142 10475 10269 4191 1045 4871 12971 1371 477 4314 3167 3262 2787 3075 2491 2073 3176 1896 4978 4060 785 24063
cat_boundaries=0 1 2 3 4 5 6 7 8 9
cat_threshold=172138 16590984 10673798 17043960 1618734 4895026 8665416 18620032 27906204
is_linear=0
shrinkage=0.04


Tree=14
num_leaves=63
num_cat=11
split_feature=0 0 0 3 0 0 0 4 3 0 0 0 0 0 6 0 56 35 7 54 51 50 4 16 0 55 3 16 7 25 12 56 25 54 54 8 54 4 54 25 6 16 54 25 25 27 3 25 11 25 34 25 25 11 25 4 35 39 25 4 54 54
split_gain=26146.7 3497.92 2735.3 491.786 448.752 372.711 267.664 80.5614 79.3669 53.6472 52.3556 50.5632 37.8572 37.1909 25.2489 22.6634 22.5122 19.6746 17.5793 19.3581 17.3859 17.1888 16.839 15.6807 14.7968 18.7157 14.511 14.4412 14.3678 14.2922 14.1643 13.9211 13.83 13.7834 13.7281 13.3379 13.3135 12.8559 12.8178 13.6542 12.704 12.427 12.3418 15.3742 12.4532 15.2539 12.2997 12.1921 12.1696 14.1274 14.3301 12.1196 11.8256 11.5798 11.2618 11.1449 12.0534 11.3203 11.1126 11.1095 11.0637 10.79
threshold=-1.6970797777175901 -0.81701362133026112 -2.8310116529464717 0.63000038266181957 -2.22656238079071 -1.1918020248413084 -3.6224418878555293 0.88094109296798717 0.53981277346611034 -1.4087177515029905 -1.9000387787818906 -2.4708646535873409 -0.93729621171951283 -3.2600187063217159 2.5000000000000004 -4.3508243560791007 -0.0073249738197773686 3.3308333158493046 44.500000000000007 -0.060833333060145371 0.074999999254941954 -0.089649997651576982 1.2242154479026797 0.4423500001430512 -2.0981568098068233 5.5000000000000009 0.45887283980846411 0.37475000321865087 52.500000000000007 0 0.5688999891281129 -0.0060211725067347279 1 -0.089166667312383638 -0.037499999627470963 51.500000000000007 0.014166666660457851 1.3237908482551577 0.030833332799375061 2 3.5000000000000004 0.27295000851154333 -0.034166667610406869 3 4 2.5000000000000004 0.520439773797989 5 7.1949999332427987 6 1.9825000166893008 7 8 7.3949999809265146 9 1.5507621169090273 3.0991666316986088 0.77916663885116588 10 0.78153684735298168 0.045833334326744087 0.055833334103226669
decision_type=2 2 2 2 2 2 2 2 2 2 2 2 2 2 2 2 8 2 2 2 10 10 2 2 2 2 2 2 2 1 2 8 1 2 2 2 2 2 2 1 2 2 2 1 1 8 2 1 2 1 2 1 1 2 1 2 2 8 1 2 2 2
left_child=2 5 6 8 11 9 15 -5 14 22 16 59 18 -8 32 -1 21 61 19 37 38 -6 23 42 -18 -26 29 28 53 -16 52 46 41 -34 35 -10 -13 -7 51 -40 -29 -3 43 -2 45 -44 -28 -32 49 -33 -51 -12 55 -14 -30 56 -21 -57 -19 -4 -15 -11
right_child=1 3 4 7 10 12 13 -9 34 17 20 36 27 60 26 -17 24 58 -20 30 -22 -23 -24 -25 25 -27 31 40 54 -31 47 48 33 -35 -36 -37 -38 -39 39 -41 -42 -43 44 -45 -46 -47 -48 -49 -50 50 -52 -53 -54 -55 -56 57 -58 -59 -60 -61 -62 -63
leaf_value=-0.042320513431143868 0.016191671153217721 0.067972411880509884 -0.029038599660327256 0.060981302170350749 -0.014257684596323521 0.043877973106945432 -0.032891739142059125 0.051185529763932376 0.039695469784262992 0.015113558580503681 0.0044670036784254094 -0.012446053907928878 0.028855624950729335 -0.02671039315355344 0.0054358026952929786 -0.038021854376543089 -0.011284241651138683 0.012483671774657892 0.017106816246650721 0.029982729684983191 0.02893384005933471 0.0015914667508349887 0.0078897018571972306 0.021360898693632249 -0.0050132519341277784 -0.015660725723750532 0.036484855626183255 0.039588801218667272 0.00018871481362932121 0.028026442209342261 0.020619583575489292 0.023140106430171458 0.057044143308123206 0.034033557849200778 0.04124056349597776 0.049928085378068483 -0.017549734322023749 0.027304081030956155 0.0032250888250457427 -0.011189851681676402 0.025508476815205499 0.047414428675748965 0.027802980013931521 -0.0039340044799678333 -0.010002024331207204 -0.0031285865771582461 0.056484339942932983 -0.0036735519501916222 0.043065001955698817 0.036199080905121139 0.014081809978649853 -0.0015127090778563679 0.019033410018076992 0.0075286361209494033 0.02344262284286287 0.031461176709732148 0.0076030708459400133 0.003907529379268344 -0.013102021336939612 -0.019973796357639892 -0.031575251424719383 0.0039719544628935149
leaf_weight=3367.9026601910591 113.00453348457813 62.272724285721779 226.36774794757366 2001.0076505541801 130.70556856691837 99.354048922657967 3496.5315051078796 4086.7472279965878 285.97602477669716 2614.7708148658276 831.20743189752102 2381.9659057706594 1112.7508063018322 4296.6971657723188 77.174983397126198 4702.1352781951427 1607.5352341234684 34.887431144714355 1009.640139773488 708.54194977879524 32.277879938483238 674.33947726339102 3197.4727919250727 55.253582835197449 2125.5940890684724 301.62103778868914 207.86200103163719 304.77518953382969 64.216641262173653 258.56975103914738 54.566186651587486 537.32822792232037 43.62371227145195 920.80043587088585 2002.5399980843067 709.40241216123104 1245.3656424283981 304.00520521402359 154.3395042270422 315.34921200573444 154.50054267048836 192.40570384263992 35.071517050266266 117.58893565833569 261.54696981608868 93.560535669326782 64.458904653787613 67.394732594490051 129.43362009525299 730.92888599634171 50.082813292741776 1517.9390902668238 1103.341135174036 42.2822305560112 77.840703815221786 38.945634424686432 40.718340411782265 61.579083412885666 61.277289152145386 4873.7833054512739 905.60522277653217 146.88713912665844
leaf_count=38145 759 285 2139 8059 1033 536 36621 16916 1225 15706 5985 20239 5508 42588 378 51555 13134 213 5514 3853 235 5304 21131 373 16426 2361 970 1492 322 1264 301 2484 199 4242 8732 3043 10725 1633 1125 2309 780 883 241 795 1839 651 284 376 603 3374 236 11024 6028 214 390 213 227 339 373 44891 8987 895
internal_value=-0.00011272 0.0313795 -0.0232061 0.0463063 -0.0116006 0.0159729 -0.034569 0.0544053 0.0384463 0.00974428 -0.00455606 -0.0178085 0.0239675 -0.0297015 0.0341415 -0.0398158 -0.00708913 0.0139016 0.0215559 0.0233684 -0.000256155 -0.000981771 0.00667702 0.000941296 -0.00830772 -0.00633637 0.0314369 0.0287568 0.0265985 0.0238304 0.0218098 0.0329216 0.0387024 0.0347144 0.0431489 0.0469882 -0.0141983 0.0313865 -0.000590404 -0.00662268 0.0348522 0.0504599 -0.000876207 0.00646035 -0.00521207 0.00492224 0.0412188 0.00858483 0.0313609 0.0302118 0.0343411 0.000615691 0.0226356 0.0280749 0.0145943 0.0267736 0.0287665 0.0145825 -0.00388413 -0.0203761 -0.0275573 0.014521
internal_weight=57523.7 24336.4 33187.3 12360.6 16418.4 11975.8 16768.9 6087.75 6272.86 6731.32 7690.91 8727.48 5244.45 8698.83 3274.94 8070.04 4839.8 2857.82 3488.09 2478.45 2851.11 805.045 3873.5 676.026 4034.75 2427.22 2055.84 1756.37 1297.09 335.745 2075.09 1720.09 1219.1 964.424 2997.92 995.378 3627.33 403.359 2818.84 469.689 459.276 254.678 620.772 230.593 390.179 128.632 272.321 121.961 1447.77 1318.34 781.012 2349.15 1953.13 1155.03 142.057 849.785 749.26 100.525 96.1647 5100.15 5202.3 2761.66
internal_count=438705 123879 314826 53177 136930 70702 177896 24975 28202 42976 58936 77994 27726 88196 15202 89700 38258 17187 19020 13506 20678 6337 25789 4658 31921 18787 9593 8706 6434 1642 11337 7951 5609 4441 13000 4268 30964 2169 20443 3434 2272 1168 4285 1554 2731 892 1254 677 6697 6094 3610 17009 10660 5722 712 4632 4080 552 586 47030 51575 16601
cat_boundaries=0 1 2 3 4 5 6 7 8 9 10 11
cat_threshold=18125440 2472 17465954 18512324 171542 11033670 10736706 25191508 26740644 3242848 7168520
is_linear=0
shrinkage=0.04


Tree=15
num_leaves=63
num_cat=13
split_feature=0 0 0 0 0 0 3 3 0 0 0 0 0 3 0 25 25 54 16 55 54 25 39 31 25 49 20 25 25 25 48 54 2 25 25 35 35 35 18 12 2 39 50 25 15 25 10 0 7 25 48 48 49 20 25 9 10 54 48 20 36 18
split_gain=24244.9 3185.2 2741.16 447.673 364.382 342.926 331.891 71.3221 56.9162 49.0945 49.0039 45.3081 43.2765 35.7525 34.0576 19.7587 16.7614 20.783 15.1953 14.271 14.1773 13.5237 13.3173 14.0038 14.8855 14.7678 13.2819 13.0872 13.0383 12.9245 12.4071 14.3407 12.2516 12.9806 12.1087 12.0031 11.7007 11.0718 11.0666 10.619 10.3832 15.252 15.6967 23.8166 11.3439 11.5603 10.1997 10.1067 16.1854 11.5289 14.2792 13.1513 14.7678 12.4425 11.3922 11.9075 11.219 11.1503 10.7203 10.2747 10.1892 10.2391
threshold=-1.5873593091964719 -2.6433942317962642 -0.74735838174819935 -3.3409157991409297 -2.0981568098068233 -1.1487106680870054 0.63000038266181957 0.75973206758499157 -3.9345965385437007 -0.96119156479835499 -1.7834130525588987 -2.4171072244644161 -2.9676959514617915 0.54180839657783519 -1.3886722922325132 0 1 0.019166666083037857 0.43684999644756323 5.5000000000000009 -0.014166666660457848 2 1.3336666822433474 -1.0000000180025095e-35 3 2.8449999094009404 3.5000000000000004 4 5 6 -0.34499999880790705 -0.035833332687616341 -1.3916181921958921 7 8 -3.9208333492279048 3.0991666316986088 -0.48249998688697809 4.5000000000000009 0.1487499997019768 -0.70057076215744007 -2.0663332939147945 -0.028649999760091301 9 0.24825000017881396 10 0.18500000238418582 -1.2375541925430296 25.500000000000004 11 1.825000047683716 1.4049999713897707 3.6650000810623173 4.5000000000000009 12 1.0000000180025095e-35 0.13499999791383746 0.0058333333581686029 2.2749999761581425 3.5000000000000004 0.13070833683013919 33.500000000000007
decision_type=2 2 2 2 2 2 2 2 2 2 2 2 2 2 2 1 1 2 2 2 2 1 10 2 1 10 8 1 1 1 8 2 2 1 1 2 2 2 8 2 2 8 10 1 2 1 2 2 2 1 8 10 8 8 1 2 2 2 8 10 2 10
left_child=1 3 5 8 11 14 13 -8 -1 -7 19 -3 -5 16 26 36 -4 -18 22 32 -15 -13 23 25 -25 28 30 -21 -12 -28 31 -2 -6 38 -32 -17 -11 -24 -34 -23 44 -42 43 -43 -36 -46 -37 49 59 57 51 52 -51 -53 55 -50 -52 -16 -57 -49 61 -56
right_child=2 4 6 12 10 9 7 -9 -10 15 18 21 -14 20 47 35 17 -19 -20 27 -22 39 37 24 -26 -27 29 -29 -30 -31 34 -33 33 -35 40 46 -38 -39 -40 -41 41 42 -44 -45 45 -47 -48 48 54 50 56 53 -54 -55 60 58 -58 -59 -60 -61 -62 -63
leaf_value=-0.040814783910536223 0.009298263184935927 -0.017466848256687127 0.038743741420046461 -0.028563074235590711 -0.0061924079636912904 0.020724886458975088 0.048885231820389133 0.05816940347592732 -0.034887921332793954 0.033231961319967494 -0.00090028605131502919 -0.0090220427156228172 -0.022857295156564969 0.0434988044256229 0.010793360611063587 0.0043610862055463709 0.032227997462981994 0.018224317938385678 0.012501551111316877 -0.0038214061706172693 0.03793546184375423 -0.026684339322389825 -0.018473016093104009 0.0050232264073370118 -0.0052058682112266384 0.030296877903280103 0.0090702300116016175 -0.016773747882126124 0.0088220252303581603 0.0014758052008420341 0.0030113702428875956 0.038626733687535275 -0.019181559096450567 0.00094521909393387594 0.025528977377980114 0.026286552996029555 0.016495613879034796 -0.0014071687829418267 -0.0036837039376433098 -0.013047246734532995 0.036796328917019644 0.027241130864027758 0.021232762198186896 -0.0024705900117315939 0.011627667367648638 -0.004946666464993847 0.016707511675390269 0.043425188860539359 0.0044110233883296523 0.019947508952912699 0.034294896004835804 -0.010179973831633601 0.0076236184538369944 0.011688154823024922 0.018940050288904581 0.0093526438379300074 0.016749028510598469 -0.0014586341946266923 0.032557203323922146 0.016839806949437444 0.037748218009332847 -0.00068287266854029252
leaf_weight=5522.8748067542911 53.606406673789024 3223.579854093492 1164.7522552013397 4185.9245530590415 1387.0838703364134 2593.7879992127419 4195.1637277901173 1934.3494439125061 4885.8095659092069 1369.9093872010708 332.22000020742416 2374.989886008203 4323.8173441961408 1662.1218589544296 374.33344238996506 45.498400375247002 948.62637536227703 206.47538103163242 236.39226201176643 287.61688189953566 1310.9436359703541 95.251424692571163 69.227831706404686 435.92419070005417 454.98357999324799 40.541022509336472 699.16599318385124 242.54716052860022 667.49002885818481 754.0901615768671 342.64909562468529 53.097869202494621 79.190503321588039 1475.0428823307157 43.385388270020485 1531.5877760350704 70.263995110988617 501.128014549613 1067.4294925034046 2236.8740157335997 51.223284929990768 49.412421837449074 215.85680265724659 157.62934590876102 122.98999911546707 129.59277442097664 201.2204561829567 56.835530161857605 260.95981112122536 282.49964015185833 64.505115658044815 85.077184483408928 346.2684341520071 81.518665850162506 618.50938320159912 74.9481340944767 606.87251161038876 174.13529622554779 55.403320074081421 39.372842565178871 42.699954673647881 45.688406497240067
leaf_count=64097 343 29377 5243 43181 10860 13974 17213 7757 53624 6629 2283 20003 41767 7072 2271 222 4275 943 1608 2228 5667 800 479 3032 3177 278 4526 1889 4537 4901 2226 343 598 11100 287 7465 347 3494 8047 18879 323 313 1374 998 810 857 972 317 1494 1698 389 514 2081 492 3521 433 3606 1066 314 220 239 254
internal_value=-8.69991e-05 -0.0215126 0.031542 -0.0324691 -0.00788247 0.0179292 0.0454792 0.0518151 -0.0380327 0.02482 -0.00141857 -0.0138134 -0.025664 0.0381417 0.0111204 0.0281202 0.0344201 0.0294697 0.00280784 -0.00396797 0.0410457 -0.0113114 0.00189178 0.00347788 -0.000202788 0.00663013 0.00778507 -0.0101355 0.00567038 0.00520207 0.0108633 0.0238926 -0.0031523 -0.00154383 0.00961391 0.0245039 0.0321919 -0.00347856 -0.00471295 -0.0135461 0.0123522 0.0161823 0.0136854 0.00581679 0.00663392 0.00338837 0.0251742 0.0138979 0.0168134 0.0121698 0.0140434 0.0105131 0.0131606 0.000520537 0.0154352 0.00910974 0.0184348 0.00677982 0.0192153 0.0325452 0.0185455 0.0175902
internal_weight=57243 34125.9 23117 18918.4 15207.5 11694.6 11422.4 6129.51 10408.7 5812.27 7276.82 7930.7 8509.74 5292.92 5882.33 3218.48 2319.85 1155.1 2737.91 4538.91 2973.07 4707.12 2501.51 1931.16 890.908 1040.25 2672.7 530.164 999.71 1453.26 1219.44 106.704 4008.75 2621.66 1112.74 1778.31 1440.17 570.356 1146.62 2332.13 770.09 474.122 422.899 207.042 295.968 252.583 1732.81 3209.63 1194.42 2015.21 1466.74 795.364 628.768 166.596 1098.21 391.311 671.378 548.469 130.351 96.2084 706.898 664.198
internal_count=439327 325338 113989 202669 122669 65819 48170 24970 117721 29609 53610 69059 84948 23200 36210 15635 10461 5218 18888 34722 12739 39682 17280 13307 6209 7098 17301 4117 6820 9427 7874 686 30605 19745 7188 8659 6976 3973 8645 19679 4962 3008 2685 1311 1954 1667 8437 18909 6792 12117 8780 4785 3779 1006 6255 2241 3995 3337 747 537 4014 3775
cat_boundaries=0 1 2 3 4 5 6 7 8 9 10 11 12 13
cat_threshold=27659208 5578156 16369170 11787808 27936862 5587492 19374298 10638442 13435522 17858848 18897988 27346048 18623568
is_linear=0
shrinkage=0.04


Tree=16
num_leaves=63
num_cat=13
split_feature=2 3 2 2 2 2 2 3 3 2 3 3 2 3 3 3 2 2 53 4 3 3 4 25 54 25 3 2 54 43 20 54 25 11 25 3 25 7 54 25 2 16 25 48 7 15 25 54 6 25 25 5 4 9 11 7 25 54 26 25 25 16
split_gain=22425.8 2522.51 2475.39 669.958 337.19 267.252 224.642 196.393 156.527 66.1735 55.6112 52.9066 41.0713 40.7025 39.5942 37.9149 35.2458 32.7348 32.3772 29.6019 28.5706 27.5352 26.843 21.0427 18.4067 19.6517 17.4858 17.1291 16.0841 17.0282 20.2037 15.679 20.4722 16.9967 15.569 14.8918 14.147 14.0831 13.6607 13.6049 13.6001 13.5706 13.1309 12.8808 12.7973 12.72 12.6235 12.5481 12.5457 14.4444 12.3588 12.2474 14.8318 14.2112 13.0565 12.1482 16.7452 12.1478 12.1421 12.0541 11.8196 11.5368
threshold=-0.91109085083007801 0.55555614829063427 -2.1626302003860469 -0.21402113884687421 -3.0419787168502803 -1.6310854554176328 -0.51430314779281605 0.41867353022098547 0.72926622629165661 -1.2650425434112547 0.49951180815696722 0.49209338426589971 -0.56348723173141468 0.34160307049751287 0.57165187597274791 0.63000038266181957 -2.4121578931808467 -3.4682518243789668 6.805000066757203 1.3730958700180056 0.48070509731769567 0.35787974298000341 1.375315845012665 0 -0.0058333333581686011 1 0.80920755863189708 -1.9849620461463926 0.025833333842456344 2.5000000000000004 3.5000000000000004 -0.039166666567325585 2 4.8450000286102304 3 0.63824644684791576 4 44.500000000000007 -0.089166667312383638 5 -1.9330397844314573 0.40234999358654028 6 1.044999957084656 58.500000000000007 0.25049999356269842 7 -0.014166666660457848 2.5000000000000004 8 9 4.5000000000000009 1.5988840460777285 1.0000000180025095e-35 4.5650000572204599 55.500000000000007 10 -0.055833334103226655 7.5000000000000009 11 12 0.18540000170469287
decision_type=2 2 2 2 2 2 2 2 2 2 2 2 2 2 2 2 2 2 2 2 2 2 2 1 2 1 2 2 2 2 10 2 1 2 1 2 1 2 2 1 2 2 1 8 2 2 1 2 2 1 1 2 2 2 2 2 1 2 2 1 1 2
left_child=2 3 4 12 17 11 18 13 15 14 -6 40 21 -5 39 37 -12 -1 58 24 45 38 31 43 25 35 -10 -13 34 30 36 -14 33 -33 -24 -11 -30 -8 -2 47 -4 51 -22 -23 -15 -9 -29 -7 49 -26 -16 52 53 -21 59 -47 -57 -17 -3 -55 -53 -39
right_child=1 6 5 7 10 9 8 20 26 19 16 27 22 44 50 57 -18 -19 -20 41 42 23 28 -25 48 -27 -28 46 29 -31 -32 32 -34 -35 -36 -37 -38 61 -40 -41 -42 -43 -44 -45 -46 55 -48 -49 -50 -51 -52 60 -54 54 -56 56 -58 -59 -60 -61 -62 -63
leaf_value=-0.040489257354666533 -0.029235941833602234 0.013225791514845153 -0.025568638790537723 0.014608017696358428 -0.032655599292010722 -0.0018993067648775245 0.04094095216789987 0.034550215489423955 0.052169656016891053 -0.0063090412138985729 -0.027423283156472533 -0.017238707181800469 0.024802788101827931 0.022739801815993901 0.0011984214163848702 0.050231830334871282 -0.021231769115555799 -0.035244851351747028 -0.0027962781896662 -0.0066515049970860534 0.037657832057109583 0.0069008332280990139 0.014957347711429101 0.0093349122146342937 -0.0050133228218813839 0.0086225904151090316 0.05918438357828297 -0.0083177168327670126 0.00056803000766896439 -0.0030446277103952815 -0.0056109154922755287 0.028268144137543933 0.0193948388954517 4.1952158448940404e-05 0.0069689665122397047 0.022795413967378445 0.036511985579289079 0.01708071151542773 -0.00051947424453648266 -0.013754013255503642 -0.01895998076693246 0.0024015843722138682 0.029426398553782675 -0.0052707223854740973 0.003275243127855433 0.027249817550279311 -0.014108266499573356 -0.011152216832886728 -0.0056960699530740865 0.016000205210976389 -0.006294781314932921 -0.019340396570678622 -0.02010208230013609 0.022264229634390169 -0.0025120570546349301 0.028295799897976558 -0.0026550978595246467 0.044249225309861244 0.035154426720730124 -0.00071609052896273024 -0.0052616947661742611 0.035826565990093415
leaf_weight=5031.4537480771542 27.584971822798252 86.409008204936981 813.93322802335024 1724.0569147467613 2317.5427125766873 373.68721804767847 1758.9331975132227 373.96829688549042 2090.7528694272041 276.9691768437624 4702.9103098511696 1534.5773934423923 308.00101606547832 2842.9878476113081 543.93606348335743 682.97712008655071 2140.6727358475327 3063.9608371555805 139.57307441532612 740.78942342847586 1304.8081022202969 261.6259725689888 840.50329227745533 1880.3720507770777 97.952255688607693 782.55128175020218 780.94330112636089 1091.1081105470657 35.605032205581665 293.1585805863142 52.298344373703003 40.552618026733398 397.21938900649548 215.63787022233009 852.68278616666794 31.308243811130524 50.261309564113617 56.759137362241745 677.11196614056826 1820.9359298273921 1284.5690523311496 329.20270043611526 1260.589712113142 297.08047313988209 55.091466456651688 1887.2573735117912 1823.2303767055273 629.57389549165964 580.10043507069349 97.368596732616425 993.62589237838984 195.97726844996214 90.517293117940426 72.75108677893877 283.30273635685444 46.258822530508041 59.448041141033173 2650.4747305363417 75.877406880259514 73.2106953561306 226.78041925281286 704.71339657902718
leaf_count=60369 198 536 8214 9854 25405 3110 7433 1780 8403 1948 49324 14215 1711 14606 4173 2781 20750 34954 871 5670 5756 1729 5171 12264 708 5452 3124 9346 227 1864 330 224 2240 1227 5283 213 314 241 4912 15452 12176 2539 5582 1936 287 8951 15661 5349 4178 699 7662 1544 746 563 2159 225 290 10836 469 566 1777 2991
internal_value=-0.000159428 0.0283899 -0.0222647 0.0187445 -0.0325563 -0.0102551 0.0452545 0.0253988 0.0464282 -0.00546197 -0.0273002 -0.0162878 0.00853877 0.0194746 -0.00884216 0.0426758 -0.0254866 -0.0385043 0.0113297 -0.00166089 0.0309503 0.00532094 0.0118169 0.00733312 0.00196788 0.00531717 0.0540773 -0.0138183 0.0093073 0.00241157 0.0139885 0.0173626 0.0138555 0.00434048 0.0110639 -0.00324788 0.0259259 0.0389736 -0.00164356 -0.0116541 -0.0215232 -0.00502589 0.0338746 0.000421322 0.0223698 0.0277809 -0.0120173 -0.00762971 -0.00274376 0.00602455 -0.00367709 -0.00647845 -0.00450258 -0.00329577 0.00249527 0.0265107 0.0133151 0.045475 0.0234786 0.0122142 -0.0123701 0.0344293
internal_weight=56856.1 24811.6 32044.5 15784.2 17256.5 14788 9027.41 9554.47 8725.55 8240.54 9161.13 6547.42 6229.7 4622.14 4361.76 5853.86 6843.58 8095.41 301.859 3878.78 4932.33 3143.78 3085.92 2439.08 1866.25 1090.83 2871.7 4448.92 2124.51 431.323 138.165 961.411 653.41 256.19 1693.19 308.277 85.8663 2520.41 704.697 2824.2 2098.5 2012.53 2565.4 558.706 2898.08 2366.93 2914.34 1003.26 775.421 195.321 1537.56 1683.33 1260.57 1170.05 429.265 1992.96 105.707 3333.45 162.286 145.962 422.758 761.473
internal_count=439568 124646 314922 86961 190802 124120 37685 47331 35809 64508 95479 59612 39630 24747 35746 24282 70074 95323 1876 28762 22584 21039 18591 15929 13198 7613 11527 39222 13189 2735 871 5402 3691 1451 10454 2161 541 10665 5110 23911 20390 15564 11338 3665 14893 11246 25007 8459 5585 1407 11835 13025 9704 8958 3288 9466 515 13617 1005 1129 3321 3232
cat_boundaries=0 1 2 3 4 5 6 7 8 9 10 11 12 13
cat_threshold=10225696 267880 1897728 18262456 14401924 7987202 5573116 31524358 31998542 26226196 4740430 9275338 5057702
is_linear=0
shrinkage=0.04


Tree=17
num_leaves=63
num_cat=10
split_feature=0 0 0 3 0 0 0 3 0 0 0 0 0 0 0 6 25 54 54 4 16 50 8 25 46 7 7 50 49 56 55 25 51 56 25 25 16 4 55 16 56 4 25 25 56 26 54 20 49 48 25 4 18 3 11 54 25 35 16 20 4 25
split_gain=20786.7 2759.74 2474.34 357.795 357.32 313.311 255.646 64.0985 53.4603 49.3175 48.6287 40.3877 35.1304 32.4289 30.8276 18.8594 22.9555 16.6993 16.2531 15.4777 17.1217 16.8027 15.4512 15.1983 15.0844 14.3643 13.6441 13.3933 18.3737 12.5535 12.3843 13.2229 11.6393 11.4606 20.025 14.2489 13.5786 18.7238 12.9413 11.925 11.2398 11.6027 22.2237 13.1893 11.3975 11.7065 11.2258 11.1572 11.0159 11.022 10.8985 11.5323 10.7417 10.713 10.6723 10.6504 10.5601 13.9862 12.5633 11.2214 10.535 18.081
threshold=-1.7151132225990293 -0.79293486475944508 -2.7102637290954585 0.64644789695739757 -3.4232381582260127 -1.2375541925430296 -2.1556856632232662 0.75973206758499157 -0.6140230894088744 -0.9848230481147765 -4.0076992511749259 -2.9676959514617915 -1.4688897132873533 -2.4446661472320552 -1.9321197867393491 2.5000000000000004 0 -1.0000000180025095e-35 -0.037499999627470963 1.4191603660583498 0.3538499921560288 0.1090499982237816 46.500000000000007 1 1.5000000000000002 45.500000000000007 34.500000000000007 0.087449997663497939 2.1049998998641972 0.017507498152554039 3.5000000000000004 2 -0.024999999441206452 -0.0073249738197773686 3 4 0.37745000422000891 1.5507621169090273 1.5000000000000002 0.34694999456405645 0.04024383798241616 1.1903610825538637 5 6 -0.051986623555421822 7.5000000000000009 -0.035833332687616341 5.5000000000000009 3.4250000715255742 1.7050000429153445 7 1.2645854949951174 18.500000000000004 0.4150128066539765 5.1549999713897714 0.015833333600312475 8 2.5475000143051152 0.3376500010490418 1.5000000000000002 1.2131882309913637 9
decision_type=2 2 2 2 2 2 2 2 2 2 2 2 2 2 2 2 1 2 2 2 2 10 2 1 10 2 2 10 10 10 2 1 10 10 1 1 2 2 2 2 10 2 1 1 10 2 2 8 8 10 1 2 10 2 2 2 1 2 2 8 2 1
left_child=2 5 4 8 10 12 13 46 56 15 -1 -6 30 29 17 27 25 23 22 20 24 53 -10 -8 -11 -17 -24 28 50 -4 -2 -32 47 34 -16 36 37 38 -35 -40 41 42 -14 -43 45 -44 -5 -33 -27 -50 51 -7 -37 -21 -18 -15 59 -58 -59 -3 61 -20
right_child=1 3 6 7 11 9 14 -9 18 19 -12 -13 40 55 33 16 54 -19 60 21 -22 -23 26 -25 -26 48 -28 -29 -30 -31 31 32 -34 35 -36 52 -38 -39 39 -41 -42 43 44 -45 -46 -47 -48 -49 49 -51 -52 -53 -54 -55 -56 -57 57 58 -60 -61 -62 -63
leaf_value=-0.040518383707649291 0.006752652095144274 0.018327728218482119 -0.016542704792531632 0.047441209907127989 -0.028492996048551624 0.047015177643113713 -0.0077933958865017061 0.053700668145035248 0.023144546736352741 0.019527166580894179 -0.03465111649795987 -0.022725884015869426 -0.0066260401685187525 -0.010714933781905498 0.005041574806967394 0.021784376858312408 -0.0068664326567904948 -0.0095993789325428056 0.022752209515578312 0.016331803628883975 0.031923606413076851 0.037702321699236582 0.048995639029681487 -0.00046404947240696008 0.029550622504039416 -0.0045982588887098462 0.039436567792285021 0.036779594223212017 -0.0027641583506393471 -0.024893178587601955 0.0076276104549261731 0.001593606286776779 -0.0034998052723034475 0.027857028000259736 -0.0025857816896104747 -0.012756414959388635 -0.012557141229542655 0.038686828238394269 -0.0076839187580464118 0.020268602728663411 -0.012032663224294988 0.014940541356370352 0.010810431452181104 0.0090838253984768715 0.0023261694853706329 0.041305894572429079 0.042929515896510166 0.022824291984052943 0.0075523316996095793 0.02834697036094766 0.01615312363244896 0.024128697508582979 -0.0012379924572971589 0.024102034751795936 0.011277716226008825 -0.0150257050534327 0.033956424024571476 0.013309699258622687 0.033712011885122212 0.027960275927240718 0.03246058251520885 0.040144098949815014
leaf_weight=4744.2788468077779 2078.5720606893301 245.94831179082394 3324.7576307430863 1455.9342999309301 4762.1262911781669 37.681349635124207 832.3496956974268 1929.985775500536 71.360248908400536 617.25942443311214 4316.5790238305926 3281.8957040086389 160.34183917939663 2840.8194278776646 952.83218216896057 788.71356894075871 54.543131053447723 1448.8233559131622 216.23349586129189 703.92325158417225 607.88768811523914 86.782793194055557 342.91614817082882 994.38149376958609 393.27558840811253 58.26691447198391 787.70752613246441 77.314338311553001 56.028407499194145 315.36999879032373 405.92267170548439 141.07407008111477 683.78455837070942 28.497237861156464 1277.6372843161225 353.58411052078009 68.091269500553608 27.638900011777878 112.99322067946196 31.151850298047066 34.321203827857971 1249.0454890578985 42.167311400175095 1544.7106090337038 59.710568159818649 38.557520404458046 2239.8871162831783 55.063057020306587 106.47762987017632 66.100356921553612 675.75591020286083 540.84318627417088 204.43957152962685 475.78521975874901 1057.7301756739616 1354.1157454103231 1718.80195055902 105.57929646968842 88.996858730912209 907.41192217171192 1036.797873288393 1132.8398137539625
leaf_count=58946 13788 1101 31575 5877 51795 199 6607 7725 297 2993 50448 33037 1024 24523 6950 4291 295 11570 902 3465 2927 423 1420 7849 1885 320 3274 415 307 2995 2725 933 4667 207 9423 2616 500 197 838 229 209 7426 266 9323 376 242 9063 366 579 362 3576 2865 1501 2258 5802 11889 7645 476 401 4056 4417 4731
internal_value=-0.000256441 0.0267949 -0.022036 0.0403665 -0.0322759 0.0138727 -0.00967307 0.0477923 0.0340888 0.0201502 -0.0377232 -0.0261401 0.0076812 -0.0145036 -0.00369627 0.0169723 0.0146099 -0.0063924 0.0374034 0.0240272 0.026619 0.0207152 0.0411965 -0.00384887 0.0234281 0.0190291 0.0423358 0.0206016 0.019647 -0.0172662 0.00484389 0.00175836 -0.00102427 -0.000807254 0.000683552 -0.00483099 0.00277057 0.00812 0.00322645 -0.00164297 0.0107321 0.0109846 0.0035199 0.0117883 0.0145404 0.0253763 0.0447069 0.00755386 0.0104398 0.015517 0.0206481 0.0251841 -0.0083862 0.0194656 0.0102954 -0.0121064 0.0302109 0.0326352 0.0226415 0.0256835 0.0354925 0.0378227
internal_weight=56450.4 25178 31272.4 12280.4 17104.9 12897.6 14167.5 5625.81 6654.59 6404.37 9060.86 8044.02 6493.27 7835.06 6332.42 3519.45 2131.83 3275.55 3587.86 2884.91 1618.42 1266.49 1201.98 1826.73 1010.54 1019.56 1130.62 1387.62 1310.31 3640.13 3364.42 1285.84 879.922 3056.87 2230.47 826.396 268.372 200.281 172.642 144.145 3128.85 3094.53 300.777 2793.76 140.435 80.7248 3695.82 196.137 230.845 172.578 1254.28 578.525 558.024 1179.71 1112.27 4194.94 3066.74 1913.38 194.576 1153.36 2385.87 1349.07
internal_count=439387 125692 313695 51385 194226 74307 119469 22665 28720 32962 109394 84832 41345 70982 48487 19011 11649 26026 15041 13951 7805 6146 4991 14456 4878 5552 4694 7362 6947 34570 22479 8691 5966 22461 16373 6088 1971 1471 1274 1067 18866 18657 1908 16749 884 508 14940 1299 1261 941 6640 3064 4117 5723 6097 36412 13679 8522 877 5157 10050 5633
cat_boundaries=0 1 2 3 4 5 6 7 8 9 10
cat_threshold=8953796 25498104 53426 27419732 806672 26554786 17709162 22487656 3269186 2114580
is_linear=0
shrinkage=0.04


Tree=18
num_leaves=63
num_cat=13
split_feature=0 0 0 3 0 0 0 3 3 0 0 0 0 0 0 56 25 4 25 35 4 25 2 25 17 13 25 7 28 4 12 50 25 56 36 25 56 25 13 36 25 25 56 49 25 31 4 13 17 31 25 13 25 2 12 39 0 4 26 34 0 18
split_gain=19219.2 2558.86 2387.89 378.059 305.188 270.621 267.619 57.4446 56.5448 50.4228 49.3121 37.1454 32.4764 29.0123 19.3982 19.2171 18.5232 16.7237 18.3409 14.7094 14.5062 16.1004 13.662 13.5387 16.507 12.8528 17.4834 12.6016 12.5754 14.1852 13.0768 12.282 12.6378 12.9749 14.1554 11.5807 11.5128 19.0459 12.1991 13.298 14.2778 12.0734 11.4048 11.3324 11.2361 12.6873 11.2297 11.0721 10.9908 10.7634 21.0868 16.6527 13.2011 13.6625 10.6509 10.5334 12.6525 10.3978 12.7148 10.2647 14.4952 10.2307
threshold=-1.7151132225990293 -0.81701362133026112 -2.8310116529464717 0.64644789695739757 -2.2816562652587886 -3.5118060111999507 -1.1918020248413084 0.51459980010986339 0.75973206758499157 -2.0402834415435787 -1.4087177515029905 -4.0076992511749259 -2.5228821039199825 -3.1696701049804683 -1.033816337585449 0.0077828888315707454 0 1.3580033779144289 1 3.3308333158493046 1.2242154479026797 2 -1.2154515981674192 3 8.3099999427795428 7.5350000858306894 4 36.500000000000007 4.5000000000000009 1.3580033779144289 0.46625000238418585 0.072450000792741789 5 -0.015580368228256701 0.086224999278783812 6 -0.00081143941497430195 7 5.1150000095367441 0.079474996775388732 8 9 -0.030220601707696911 2.7549999952316289 10 -1.0000000180025095e-35 0.78153684735298168 7.0350000858306894 4.3099999427795419 -1.4999999999999998 11 6.3250000476837167 12 -1.0083643794059751 0.25294999778270727 1.2236666679382326 -0.96119156479835499 1.4620432257652285 5.5000000000000009 1.122500002384186 -0.76981878280639637 40.500000000000007
decision_type=2 2 2 2 2 2 2 2 2 2 2 2 2 2 2 10 1 2 1 2 2 1 2 1 10 2 1 2 10 2 2 10 1 10 2 1 8 1 2 2 1 1 8 10 1 2 2 2 8 2 1 2 1 2 2 8 2 2 2 2 2 10
left_child=2 6 5 7 12 11 10 28 -5 16 17 -1 -4 -7 36 20 -6 18 -2 23 48 -22 -20 24 -12 -19 -27 42 29 30 -3 -24 33 34 -33 -17 37 43 39 -38 -41 -40 -16 57 45 -29 -10 -37 -9 50 -11 54 53 -51 -52 56 -46 58 -8 60 -31 -30
right_child=1 3 4 8 9 13 14 15 46 49 19 -13 -14 -15 27 35 -18 25 22 -21 21 -23 31 -25 -26 26 -28 44 61 59 -32 32 -34 -35 -36 47 38 -39 41 40 -42 -43 -44 -45 55 -47 -48 -49 -50 52 51 -53 -54 -55 -56 -57 -58 -59 -60 -61 -62 -63
leaf_value=-0.040287853939540874 -0.0050473826742806595 0.041663264373673875 -0.018837968355227643 0.042992693236296717 -0.0055426791914782985 -0.030028372005006968 0.0035549406894430625 0.049484418046103061 0.054384765388977463 -0.0090009347078411645 0.017149280420564822 -0.034785310555905773 -0.013553983710584668 -0.024878345988580259 0.042167458340230744 0.02027046620875432 -0.011507634367371551 0.0063155399937822208 -0.0091147317338735549 -0.0037258883133284475 0.038178733995930796 0.027774249537323287 0.0033156812578463667 0.0094758248138256708 0.0025816170835492305 -0.0049373032108177466 0.031824266550674822 0.027130593220889031 0.024938497327567633 0.041839857651339268 0.024591265886036846 0.02785519730365656 0.020753660204264279 -0.017627074742288213 -0.0062768434834485631 0.032367591178560667 0.021399311500702751 0.013109485965488251 0.0164516048087942 -0.011822403811738125 0.016783422438577337 0.0073639678417192845 0.02362135636520549 0.047912357435704031 0.0095223463535798296 0.018105669318572836 0.048273622146715454 0.052429568454503243 0.037328039890826024 -0.0021989248246969228 -0.0026254936690885524 0.03261480096461887 -0.0049664592114895701 0.0087302005991285112 0.0073004187825842946 0.012582962662855562 0.026856575927160033 0.039500719773472456 0.032648286041155973 0.011487932048997363 0.022551822557622239 0.042952747662937878
leaf_weight=4603.4555638059974 458.16888374090195 271.4796087294817 4074.3895705267787 3707.6110257655382 1598.899549856782 3194.5265519693494 46.218727052211761 126.67180715501308 998.32760080695152 235.38442758470774 1098.1167902350426 3422.0540597066283 3425.9897251576185 3870.9706336483359 55.413930356502533 318.50011974573135 1916.223387748003 2488.337464183569 109.08193093538284 96.903916969895363 828.69345015287399 908.09749136865139 799.72603388130665 1617.5312067866325 140.3613922894001 32.781191781163216 58.655986025929451 525.01978300511837 1786.3140613734722 95.059545874595642 97.596033871173859 40.582590982317924 141.95431144535542 35.660776704549789 37.318170443177223 342.9709657728672 591.9141558855772 268.48774357140064 552.88472647964954 40.131975919008255 56.043369308114052 508.86653129756451 1244.6556423306465 55.827120989561081 97.221279263496399 474.46268151700497 928.6350334584713 50.495647296309471 1964.2905354499817 753.31034442782402 290.46422120928764 32.370108142495155 2627.6525773704052 241.74143242835999 427.59510225057602 626.19443869590759 219.44828571379185 63.848404914140701 50.074997082352638 64.679265812039375 181.11558961868286 51.907671168446541
leaf_count=59146 3110 1211 40123 14929 13346 36536 245 524 4007 1757 6312 41361 31022 41402 268 1342 16126 16115 765 581 3508 3851 5350 9530 832 217 383 2529 8038 435 442 271 945 238 247 1448 3139 1430 2986 212 295 2771 6035 301 496 2352 3716 213 8126 5741 2136 240 19742 1742 3168 3085 1046 335 265 297 807 233
internal_value=-0.00029014 0.0254858 -0.0215674 0.0381479 -0.0106063 -0.0329157 0.0127329 0.032 0.0458815 -0.00523455 0.0076392 -0.0379416 -0.0164244 -0.0272068 0.0193877 0.0346979 -0.0088429 0.00485558 0.0016737 0.0116006 0.0358203 0.0331184 0.0043247 0.0121206 0.0153741 0.00685676 0.0215853 0.0213638 0.0271935 0.0317151 0.0371489 0.00575493 0.0133894 0.00216573 0.0115043 0.0286635 0.0165199 0.0219769 0.0150091 0.0191578 0.00536264 0.0123205 0.0244119 0.0309601 0.0193237 0.0226201 0.0514397 0.0340762 0.0380645 -0.00248231 0.00122342 0.00449056 -0.00349071 0.000451697 0.00328526 0.0154259 0.0215348 0.0269837 0.0186842 0.0258315 0.0291908 0.0254472
internal_weight=56069.4 25354.3 30715 12722.4 15624 15091 12631.9 7087.87 5634.57 8123.64 7155.18 8025.51 7500.38 7065.5 5476.71 4539.72 3515.12 4202.27 1622.49 2952.91 3827.75 1736.79 1164.32 2856.01 1238.48 2579.77 91.4372 3242.42 2548.15 709.93 369.076 1055.24 255.516 113.562 77.9008 711.967 2234.3 484.457 1749.84 688.09 96.1753 1061.75 1300.07 215.969 1942.35 999.482 1926.96 393.467 2090.96 4608.52 985.814 750.429 3622.7 995.052 718.059 942.864 316.67 160.142 96.2937 340.854 276.175 1838.22
internal_count=439401 125813 313588 53127 135143 178445 72686 30475 22652 63998 44896 100507 71145 77938 27790 19012 29472 27641 10926 17255 16009 7359 7816 16674 7144 16715 600 15811 11463 3192 1653 7051 1701 756 518 3003 11979 2576 9403 3646 507 5757 6303 1146 9508 4881 7723 1661 8650 34526 7301 5544 27225 7483 5304 4627 1542 845 510 1539 1242 8271
cat_boundaries=0 1 2 3 4 5 6 7 8 9 10 11 12 13
cat_threshold=15420930 17899624 1843694 5419114 30805504 40324 14036230 18356068 9576794 29578132 28584172 11670144 10883648
is_linear=0
shrinkage=0.04


Tree=19
num_leaves=63
num_cat=15
split_feature=2 2 3 2 2 2 3 3 2 1 1 3 3 3 2 4 2 2 4 2 2 4 25 56 2 25 2 56 54 25 56 25 27 25 50 25 4 25 18 25 16 54 25 25 50 25 55 3 25 50 18 25 16 43 8 54 3 25 50 25 36 53
split_gain=17617.4 2299.51 1966.79 552.668 311.887 254.736 161.393 140.579 94.4587 49.6332 48.8718 47.2601 39.0794 36.754 32.6389 32.6106 31.836 25.9833 25.4566 21.0152 20.9661 20.8998 21.9873 19.5972 18.3845 17.7818 17.4873 15.9674 15.8225 14.7429 15.5315 14.6045 14.4662 15.2592 13.8616 13.5488 13.9322 13.2627 13.2483 12.4965 12.3903 12.2067 17.3038 14.2765 12.3336 11.8811 11.8261 11.8159 13.3902 11.813 12.6247 11.4615 12.0291 11.3739 12.4786 11.0208 11.6999 10.9753 10.9699 17.179 12.4144 10.8244
threshold=-0.91109085083007801 -2.2752385139465328 0.56963250041008007 -0.12571965157985684 -1.5210691094398496 -3.0419787168502803 0.70517298579216015 0.41314075887203222 -0.67825591564178456 2.5000000000000004 3.5000000000000004 0.4392389208078385 0.50323492288589489 0.51262331008911144 -1.2650425434112547 0.78153684735298168 -3.7349337339401241 -0.51430314779281605 1.4539570212364199 -2.7098853588104244 -1.9849620461463926 1.4916491508483889 0 0.0025949537521228199 -2.1504156589508052 1 -1.2650425434112547 -0.0060211725067347279 -0.032500000670552247 2 0.0077828888315707454 3 1.5000000000000002 4 0.056849999353289611 5 1.5988840460777285 6 29.500000000000004 7 0.47840000689029699 -0.007500000298023223 8 9 -0.015749999321997162 10 4.5000000000000009 0.321072667837143 11 0.17275000363588336 23.500000000000004 12 0.34045000374317175 3.5000000000000004 50.500000000000007 0.035833332687616355 0.44295442104339605 13 -0.0028499999316409226 14 -0.049624999985098832 7.0050001144409189
decision_type=2 2 2 2 2 2 2 2 2 2 2 2 2 2 2 2 2 2 2 2 2 2 1 8 2 1 2 8 2 1 10 1 8 1 8 1 2 1 8 1 2 2 1 1 10 1 2 2 1 10 10 1 2 2 2 2 2 1 8 1 2 2
left_child=1 5 3 9 10 16 8 18 25 17 20 26 -7 -9 27 -8 -1 39 45 -14 -3 46 34 58 -12 -4 -6 37 -10 30 53 61 -16 -34 -23 40 -37 -13 -38 -2 -11 42 -29 44 -43 -5 -19 57 -49 50 -47 -25 -53 54 -15 56 -22 -28 59 -20 -60 -26
right_child=2 4 6 7 11 12 15 13 28 35 24 14 19 29 32 -17 -18 21 23 -21 55 22 -24 51 31 -27 47 41 -30 -31 -32 -33 33 -35 -36 36 38 -39 -40 -41 -42 43 -44 -45 -46 49 -48 48 -50 -51 -52 52 -54 -55 -56 -57 -58 -59 60 -61 -62 -63
leaf_value=-0.040459205301558665 0.011012788261009493 -0.016264809387328116 -0.0069106758238321533 0.015065099264581522 -0.012900537935084855 -0.031964492517852869 0.052473322487466834 0.024401996441176792 0.039223730394802585 0.0065981493733108312 -0.023428611791901425 0.0096032571939651708 -0.028311034558663534 0.026932100103920026 0.0091253855758939208 0.044011231810842794 -0.035153157567592117 0.016689126993107865 0.023472404353815854 -0.023235890835417411 -0.026501992885897087 0.0063462178075518426 0.00021483980512546386 0.0078600017239043481 -0.014298804238777945 0.017070645880738474 0.0091940500954261883 -0.011913466489078681 0.034469216810019514 0.026613312276335229 0.0237402836667573 -0.019137280002572695 0.0050540178095125499 -0.0021344816915511884 0.021530971142921157 0.0028735493087368568 -0.017196433872704992 -0.0048903776393094105 0.00099502773310868216 0.0043915151965757786 0.032380768808255946 0.0053979443387644202 0.00048173884609411285 -0.013788282393995703 -0.010274266505702545 0.020894711589926486 0.0085904482986328343 0.0021840527029384428 -0.0068934250014479823 0.045115655355111597 0.032587205951043509 0.011335351579336508 0.019465424233292439 0.033086650265766716 0.045868281013437331 -0.016376194659312341 -0.0090509061953337137 -0.018435547774446611 0.0063091800471594796 -0.0040551529655985848 0.026395322391494735 2.0892975879215804e-05
leaf_weight=3230.7723683342338 764.38686214387417 1418.9697738736868 79.632183879613876 531.7810535132885 866.97212358564138 1850.9598193988204 1002.9109138995409 3643.5241857022047 1845.6734151989222 846.60719577223063 852.49950528144836 189.88212009519339 2157.0221144556999 65.946842089295387 367.76793107390404 2664.6209124922752 4111.9219127893448 1582.3168194293976 66.690567210316658 3306.6232936158776 62.936571523547173 184.91664817929268 370.6244010925293 684.9424545019865 1319.460539534688 109.6781200915575 24.322006352245808 247.15840614587069 2848.0056953728199 1066.2814063578844 133.05479246377945 2099.2692333459854 735.02042718231678 1282.2355139404535 200.45961883664131 1353.2855938524008 117.29615421593189 196.30318234115839 141.1134676784277 1239.9601225703955 30.911713905632496 150.10180530697107 607.28506472706795 551.81976199895144 172.87671664357185 710.44991648197174 352.81916224956512 360.4277006983757 915.6605751812458 41.659109830856323 186.54418729245663 651.51858320832253 526.48312290012836 338.64506223797798 357.65138697624207 426.62848754972219 2636.365642644465 157.90668001770973 56.374976485967636 69.320692345499992 388.59486892819405 90.237479612231255
leaf_count=43111 4710 13589 500 2662 7771 22134 4041 16511 7496 5727 9045 1477 24832 277 2598 10677 51851 8635 358 35316 588 1111 2221 3630 12989 675 209 1953 11666 4517 568 20729 5184 9152 1173 9152 836 1538 998 7719 206 1210 4749 4427 1393 3562 1962 2845 7264 207 916 3445 2787 1432 1504 3771 22502 1362 290 376 2024 892
internal_value=-0.00030741 -0.0208252 0.024382 0.0163956 -0.0102046 -0.0322247 0.0399842 0.0227165 0.0352215 0.00802068 -0.0151351 -0.0037712 -0.0269413 0.0267786 -0.00137875 0.0463252 -0.0374878 0.0104413 0.0168998 -0.0252395 -0.0122324 0.0130093 0.00736955 0.0143977 -0.0181598 0.00751974 -0.00840164 -0.00499574 0.0363388 0.0311931 0.0359487 -0.0168798 0.00182938 0.000499239 0.0138845 0.00345453 0.00124072 0.00235798 -0.00726236 0.00699349 0.0074218 -0.00663802 -0.00323752 -0.0099594 -0.00290091 0.0210584 0.0152126 -0.00572703 -0.00436642 0.0240373 0.0233264 0.0123974 0.0148429 0.0385514 0.0429202 -0.010402 -0.00945779 -0.015255 0.0208117 0.0108701 0.0238505 -0.0132879
internal_weight=55644.1 30389.4 25254.7 16704.2 15732.1 14657.3 8550.52 9519.46 4882.99 7184.7 8906.37 6825.74 7314.61 5605.1 4500.45 3667.53 7342.69 4695.48 3914.36 5463.65 4544.9 2691.14 756.001 2443.93 4361.47 189.31 2325.29 2115.43 4693.68 1961.58 895.298 3508.97 2385.02 2017.26 385.376 2489.21 1611.7 386.185 258.41 2004.35 877.519 1729.24 854.443 874.798 322.979 1470.43 1935.14 1458.32 1276.09 938.653 896.994 1862.94 1178 762.243 423.598 3125.93 2699.3 182.229 580.981 136.011 444.97 1409.7
internal_count=439052 314481 124571 89516 137237 177244 35055 45066 20337 44450 84105 53132 82282 24809 33681 14718 94962 27531 20257 60148 40450 15102 4505 12910 43655 1175 19451 16747 19162 8298 3781 34610 16934 14336 2284 16919 10986 3015 1834 12429 5933 13732 6702 7030 2603 7347 10597 11680 10109 4685 4478 9862 6232 3213 1781 26861 23090 1571 3048 734 2314 13881
cat_boundaries=0 1 2 3 4 5 6 7 8 9 10 11 12 13 14 15
cat_threshold=5665144 25629058 10289596 26854944 28107776 16994386 18345488 242258 331896 8440122 32063568 12128832 17985744 4477184 13059270
is_linear=0
shrinkage=0.04


Tree=20
num_leaves=63
num_cat=0
split_feature=0 0 0 0 0 0 3 0 0 4 3 0 0 0 0 54 56 31 7 6 4 36 5 35 3 38 12 56 17 34 50 4 16 17 54 0 12 7 53 4 48 56 36 16 4 12 16 35 17 36 53 28 12 50 16 34 56 50 7 3 48 56
split_gain=16542.5 2337.38 2132.61 376.781 278.351 268.338 224.291 62.5544 39.5156 37.8933 37.5095 33.5511 31.9248 24.9688 24.5802 20.5585 17.3683 15.8889 15.6208 14.0609 12.5231 12.1757 12.1313 12.9308 11.4765 11.0144 12.2891 12.2646 10.8935 10.7646 12.0466 11.519 10.7343 10.6852 10.6164 12.294 10.1831 10.1438 17.199 14.5203 13.3407 10.9491 12.2004 10.0312 9.59248 13.6371 9.97191 10.4196 9.68697 9.49646 12.1344 9.48099 9.27998 14.5257 9.81188 10.0058 9.22598 9.20816 11.4763 9.17597 9.04907 9.02984
threshold=-1.7496883273124693 -0.70223706960678089 -2.8310116529464717 -1.2375541925430296 -3.6413699388504024 -2.2816562652587886 0.68366694450378429 -0.96119156479835499 -3.1251311302185054 1.2297613024711611 0.78234952688217174 -1.4894618391990659 -2.0402834415435787 -2.4708646535873409 -4.3508243560791007 -0.0091666667722165567 -0.046774258837103837 -1.0000000180025095e-35 55.500000000000007 2.5000000000000004 0.9404941499233247 -0.018641667440533635 3.5000000000000004 -1.7308333516120908 0.42393004894256597 -0.037499999627470963 0.35195000469684606 -0.020412258803844448 4.7300000190734872 1.1058333516120913 -0.16655000299215314 1.6711840629577639 0.50170001387596141 7.6849999427795419 0.030833332799375061 -1.8667646646499632 0.35684999823570257 29.500000000000004 6.8250000476837167 1.4563613533973696 2.7849999666213994 -0.0010172133333981035 -0.025824999436736103 0.49830000102519995 1.2297613024711611 0.47454999387264257 0.29039999842643743 0.93583333492279064 8.5300002098083514 -0.089441668242216096 6.8949999809265146 6.5000000000000009 0.36615000665187841 -0.020550000481307503 0.3103999942541123 0.36750000715255743 -0.0013822026667185126 0.026250000111758712 50.500000000000007 0.78234952688217174 -2.0149999856948848 0.011618778109550478
decision_type=2 2 2 2 2 2 2 2 2 2 2 2 2 2 2 2 8 2 2 2 2 2 2 2 2 2 2 8 10 2 8 2 2 8 2 2 2 2 2 2 10 10 2 2 2 2 2 2 8 2 2 10 2 8 2 2 8 8 2 2 10 10
left_child=2 3 4 11 14 13 9 19 -6 15 -8 29 16 59 -1 -3 -7 36 24 32 -15 -11 -21 -24 37 -23 27 -27 -20 31 -31 43 -5 56 35 -19 -14 38 39 -9 41 -39 -43 44 -2 51 -47 48 -48 50 -17 -46 53 -38 55 -54 -25 -28 -59 60 -4 -51
right_child=1 6 5 7 8 12 10 18 -10 21 -12 -13 17 20 -16 49 -18 34 28 22 -22 25 23 33 -26 26 57 -29 -30 30 -32 -33 -34 -35 -36 -37 52 40 -40 -41 -42 42 -44 -45 45 46 47 -49 -50 61 -52 -53 54 -55 -56 -57 -58 58 -60 -61 -62 -63
leaf_value=-0.040910223733183475 -0.00095512193345062514 0.036904947908585298 -0.024023313623431814 0.01738920102935693 -0.029273879775486119 0.020022736305212167 0.041508209856595306 0.027350471216198938 -0.023486014422597259 0.024955603772954561 0.049518040680793948 0.008784306660884483 -0.0026389061931605907 -0.020531442527255028 -0.035946025545924555 0.029568388009764329 -0.0081589108874611238 -0.0069854026738677723 0.018413919328961859 0.011366301154295537 -0.011746181523312327 0.048857972154280845 0.040277195748592169 0.042409588688185597 0.024158008284502892 0.050716545246491468 0.012975128803161443 0.032451491858950618 -0.00072681895823581649 0.015262211173519129 -0.0015486221993966623 -0.013766074856137192 0.037580036054413186 0.013513282384373031 -0.011699686312724564 0.00026299747355768997 0.037178047140852856 0.021336783960579177 0.040476163474382612 0.0015984186775357975 0.0014531771802174978 -0.0016740696957262776 0.017911763509747488 0.018577682735166259 0.0051529300052827031 -0.0010478433391173342 0.04301715721496277 0.0083517019829385582 0.016950954319739631 0.03348472739653309 0.0051492573620229463 -0.0095031282313121513 -0.0152949656047829 0.0028889814490976364 0.0049906924078127407 0.00052229047837328881 0.019381507586766596 0.029999172833620334 0.016149239941147413 -0.024052707692669019 -0.016604306378204824 0.024503231571166718
leaf_weight=2763.8153307810426 422.96037364006042 2544.9215279370546 281.39046711474657 1531.2022904604673 4479.9905033633113 35.348145790398121 3031.7156497836113 105.94801267981529 3261.2712195590138 962.56900787353516 1352.8615458458662 3448.8666195422411 1301.4121450260282 291.67173099517822 3776.6577947512269 95.250559255480766 3454.1420170515776 891.91910917311907 126.34955202043056 1756.3301520347595 2361.7172284573317 51.407461136579514 38.562530249357224 40.220398813486099 2586.7771180123091 65.6625597178936 68.222684592008591 564.52747641503811 76.305432394146919 73.705235838890076 913.6677977591753 53.474151805043221 43.321511343121529 461.49016310274601 345.81943020969629 645.24156277626753 31.18967229872942 805.87312409281731 93.449252977967262 52.338821396231651 73.048667922616005 75.983154192566872 154.07464587688446 84.10029162466526 1774.5879639834166 45.886673629283905 42.167734205722809 69.057375147938728 49.694693639874458 1097.0697140544653 49.469503849744797 73.548857942223549 89.543490916490555 53.975678451359272 512.2258768081665 224.22641411423683 90.409014016389847 753.7022557258606 109.65223522484303 325.487265214324 4034.9985877126455 214.04746702313423
leaf_count=38283 2929 10344 2825 7880 54004 287 12144 489 36085 4072 5469 20573 9751 2749 49730 390 29340 6959 594 9342 21452 217 201 210 11657 273 291 2377 359 501 6207 342 221 2453 2680 4770 236 3804 434 245 353 360 727 546 11728 307 282 462 331 4486 203 485 678 407 3869 1697 480 3170 464 3393 40549 878
internal_value=-0.000217804 0.0228994 -0.0209271 0.0127269 -0.0319685 -0.0103299 0.036972 0.0186058 -0.0268355 0.0323 0.0439796 0.00596429 -0.00506205 -0.0158071 -0.0380438 0.0347362 -0.00787343 -0.00266669 0.0220377 0.0150105 -0.0127119 0.0285159 0.0130751 0.0178338 0.0225938 0.0306402 0.0300406 0.0343546 0.0112069 0.00326481 -0.00029373 0.0046082 0.0179447 0.0163721 -0.00536739 -0.0039428 -0.0003683 0.01962 0.0268688 0.0188353 0.0179746 0.0191396 0.011443 0.0049917 0.00453059 0.0056597 0.0154007 0.0200911 0.0289162 0.0309451 0.0212212 0.00456967 0.00287481 0.0154465 0.00157859 -0.00399163 0.0264718 0.0271222 0.0282401 -0.0175763 -0.017088 0.0320184
internal_weight=55286.5 26124.5 29162 15163.4 14281.7 14880.3 10961.1 8111.68 7741.26 6576.5 4384.58 7051.72 7585.04 7295.27 6540.47 4000.76 3489.49 4095.55 4150.15 3961.54 2653.39 2575.74 2387.01 630.682 3947.49 1613.17 1561.77 630.19 202.655 3602.85 987.373 2615.48 1574.52 592.12 1882.98 1537.16 2212.57 1360.72 251.736 158.287 1108.98 1035.93 230.058 2562 2477.9 2054.94 206.806 160.92 91.8624 1455.84 144.72 1848.14 911.161 85.1654 825.996 313.77 130.629 931.577 863.354 4641.88 4316.39 1311.12
internal_count=439024 129280 309744 84502 178102 131642 44778 39809 90089 27165 17613 44693 60674 70968 88013 16301 29627 31047 19022 20787 24201 10864 12686 3344 18069 6792 6575 2650 953 24120 6708 17412 8101 3143 14409 11729 16638 6412 1168 734 5244 4891 1087 17070 16524 13595 1382 1075 613 5957 593 12213 6887 643 6244 2375 690 3925 3634 46767 43374 5364
is_linear=0
shrinkage=0.04


Tree=21
num_leaves=63
num_cat=8
split_feature=2 0 0 0 0 3 0 3 0 0 0 0 0 3 25 56 7 54 50 17 25 25 53 8 3 25 49 25 56 0 54 5 34 0 25 15 14 17 26 49 13 2 25 34 43 54 39 0 11 56 17 34 7 5 15 2 7 56 56 25 15 16
split_gain=15244 2193.55 2051.72 337.309 311.615 258.858 215.787 55.943 52.5626 46.3529 38.0753 25.3665 24.983 24.48 22.7007 21.4296 18.9691 18.7801 16.688 16.1147 13.6607 13.653 13.2167 15.0285 12.8639 12.0113 11.9933 12.1184 11.426 11.4019 11.0127 13.6733 10.7605 10.5865 10.526 15.0832 10.1802 15.1015 10.1294 17.0751 10.8223 10.1266 9.93345 13.4068 9.79457 9.76651 10.1763 9.55418 9.4406 9.3668 10.0944 9.35929 11.9326 14.1247 10.3992 16.6425 9.25691 9.02591 13.3963 8.82158 20.1994 13.8875
threshold=-0.9897826313972472 -0.72488087415695179 -2.7503768205642696 -3.6413699388504024 -1.1487106680870054 0.64440611004829418 -2.2957198619842525 0.72926622629165661 -3.1395276784896846 -1.4087177515029905 -2.0402834415435787 -4.38437795639038 -0.93729621171951283 0.59182780981063854 0 -0.0091614350676536543 34.500000000000007 0.040833333507180221 0.11985000222921373 8.7649998664855975 1 2 6.9649999141693124 47.500000000000007 0.7978406846523286 3 2.7549999952316289 4 0.0079857632517814654 -2.5502631664276119 -0.095833331346511827 2.5000000000000004 -0.40916666388511652 -0.63600385189056385 5 0.26254999637603765 0.5527000129222871 7.3550000190734872 7.5000000000000009 4.680000066757203 3.6450001001358037 -1.8959949016571043 6 1.0058333277702334 5.5000000000000009 -0.054166667163372033 2.75083339214325 -3.3409157991409297 3.0449999570846562 -0.028348311781883236 9.7300000190734881 0.95916664600372326 26.500000000000004 3.5000000000000004 0.33904999494552618 -0.51430314779281605 34.500000000000007 -0.0060211725067347279 -0.0075452758464962235 7 0.19534999877214435 0.28034999966621404
decision_type=2 2 2 2 2 2 2 2 2 2 2 2 2 2 1 8 2 2 10 10 1 1 2 2 2 1 8 1 10 2 2 2 2 2 1 2 2 10 2 10 2 2 1 2 2 2 10 2 2 8 10 2 2 2 2 2 2 8 10 1 2 2
left_child=2 4 3 11 9 13 16 -7 47 17 21 -1 -6 14 30 -12 25 19 33 26 44 -8 23 -19 28 -4 27 -2 -9 -18 -3 -32 -22 -16 38 -36 51 -38 49 40 -40 -27 43 -25 -14 46 -34 -5 -43 -11 -51 54 -53 -54 55 -37 -35 58 -23 60 -28 -62
right_child=1 5 6 8 12 7 10 24 -10 34 15 -13 20 -15 18 -17 29 22 -20 -21 32 57 -24 42 -26 41 59 -29 -30 -31 31 -33 45 56 35 36 37 -39 39 -41 -42 48 -44 -45 -46 -47 -48 -49 -50 50 -52 52 53 -55 -56 -57 -58 -59 -60 -61 61 -63
leaf_value=-0.040823550258657158 -0.0032517500773831583 0.047392580960235992 -0.015866601535278781 -0.030426877746320358 0.015625610891619453 0.037022446410616035 -0.010632468546932474 0.044236522272161322 -0.022463830377174757 0.025621175709580859 0.0043646924039210076 -0.035660743555408006 0.018473587731097831 0.032654650015132937 0.01998530320117519 -0.0034582437783748079 -0.018889006912769592 0.025828594163983684 0.044911070647451236 -0.0046879769518172751 0.029968752405238698 -0.0018014360263915064 -0.012985735141462324 -0.00079727308779209242 0.048625063590391648 -0.012362509842111026 -0.013218354323506912 0.0049341091897831535 0.035247145353727055 -0.014641848987669674 0.031580859412064177 0.015390336654722343 0.031636946479274591 0.031386868599139792 -0.00049242571014530227 -0.0064389434821658618 -0.0076172044064856869 0.015763009030456503 0.037095971626917516 -0.0082785531902883451 0.017355155134318758 -0.026246830070492361 -0.0059189521829049021 0.024269290453776828 0.0090895942256038059 0.020394842510058547 0.012046153840144578 -0.026604122226766936 -0.0036493938534730569 0.01041593487516981 -0.011139576930564261 0.036142308042159003 0.007195648937897663 0.022339248578344829 0.0043971899285972452 0.01832262991448888 0.023578438347525484 -0.0067946403380678569 0.029300203956095672 0.0094392613023884537 -0.0023411410689841653 0.0084913791079851194
leaf_weight=2542.9270815402269 398.03680910170078 65.543248385190964 703.37633088976145 2355.6674477905035 3101.1405871659517 2901.5934622138739 1581.5754151195288 1599.5516652911901 4333.0726883932948 63.020761772990227 669.5414289906621 3795.243610240519 1234.4172148257494 1835.5762984901667 899.68041077256203 3432.8536671996117 1755.2517395466566 35.401846654713154 58.649911195039749 259.49633751064539 310.546281889081 319.23444887250662 146.83964156359434 114.24732802063227 980.68960723280907 638.90906313806772 93.543991908431053 1009.3775064721704 263.50202639400959 2386.2898258939385 1454.4136069267988 88.539111450314522 252.13333106040955 333.28108222782612 301.428293004632 52.820229485630989 122.88511277735233 69.033418267965317 50.533924236893654 37.961579665541649 368.05940781533718 31.381576739251614 267.60885486751795 48.688338026404381 207.94166719913483 1348.6147006005049 51.005453452467918 1881.6374043747783 515.31888353079557 1305.447001054883 35.71120822429657 39.994185850024223 246.3282695710659 164.26132042706013 479.7444711625576 244.27033829689026 895.93102012574673 1595.1630929708481 23.811106465756893 1367.0715591534972 242.00369330495596 870.46230785548687
leaf_count=36479 2688 272 6869 29800 15732 11623 13661 6425 48161 350 4964 51573 5636 7445 3853 25770 17964 243 248 1736 1394 2688 1013 784 3995 6383 623 6800 1058 22501 6090 376 1138 1374 1742 311 710 401 282 220 2094 302 1857 331 949 6144 233 22609 4874 7335 207 228 1421 943 2711 1367 3723 13649 203 9028 1615 5783
internal_value=-0.00023964 0.0217227 -0.0204763 -0.0307357 0.0116452 0.0349564 -0.00927318 0.04093 -0.0255616 0.00657162 -0.00480016 -0.0377321 0.0182228 0.0288621 0.0270282 -0.00218148 -0.0149268 0.00402413 0.0237537 0.00497012 0.0205885 -0.00785228 -0.00252135 0.000776423 0.044917 -0.011605 0.00559975 0.00263099 0.0429651 -0.0164419 0.0311404 0.0306518 0.0230201 0.0232824 0.0100233 0.00758985 0.00935977 0.000792698 0.0121676 0.0174088 0.0197383 -0.0088681 -0.00128351 0.00630607 0.0170028 0.0218531 0.0283406 -0.0287293 -0.00494653 0.0105502 0.00984197 0.0106993 0.0152856 0.013254 0.00803915 0.0139202 0.0256956 -0.00550042 0.000357357 0.0072236 0.00459566 0.00613489
internal_weight=54878.3 26317 28561.3 14908.5 14940.1 11377 13652.7 5745.34 8570.38 8434.28 7622.18 6338.17 6505.8 5631.61 3796.04 4102.4 6030.53 4852.78 2187.54 4239.99 3404.66 3519.78 612.786 465.946 2843.74 1888.99 3980.5 1407.41 1863.05 4141.54 1608.5 1542.95 1962.3 2128.89 3581.5 1720.77 1419.34 191.919 1860.73 456.555 418.593 1185.61 430.545 162.936 1442.36 1651.75 303.139 4237.3 546.7 1404.18 1341.16 1227.42 450.584 410.59 776.835 297.091 1229.21 1938.21 343.046 2573.08 1206.01 1112.47
internal_count=438981 130531 308450 188622 84049 46482 119828 23101 100570 52823 60935 88052 31226 23381 15936 30734 58893 32501 9198 28273 15494 30201 4228 3215 11478 18428 26537 9488 7483 40465 6738 6466 8909 8950 20322 9834 8092 1111 10488 2596 2376 11559 2972 1115 6585 7515 1371 52409 5176 7892 7542 6981 2592 2364 4389 1678 5097 16540 2891 17049 8021 7398
cat_boundaries=0 1 2 3 4 5 6 7 8
cat_threshold=9771432 17944630 17054140 8817096 10889378 4649208 21546514 9791014
is_linear=0
shrinkage=0.04


Tree=22
num_leaves=63
num_cat=10
split_feature=0 0 0 0 0 0 3 0 0 0 0 0 0 0 0 50 25 56 55 25 25 50 6 34 25 54 14 54 25 49 56 54 8 25 54 34 26 25 35 48 5 3 6 34 25 25 41 54 30 36 34 49 31 36 49 35 54 50 25 35 35 2
split_gain=14232.6 2210.01 1872.08 316.235 253.854 234.954 219.081 62.3165 43.3816 41.6685 38.2576 27.9167 25.9916 24.1505 23.7678 16.238 16.2299 13.7956 13.6649 16.404 14.372 15.3753 13.2042 12.9653 15.4532 12.5326 12.4769 12.2619 15.2951 15.926 12.1546 11.9278 11.5804 11.482 11.2346 12.6822 11.0364 10.8102 11.5306 10.6836 10.6665 10.6478 13.5068 10.5844 10.3732 10.1685 9.99562 20.2937 9.83919 9.76451 9.65369 9.62561 9.58686 9.49598 11.3015 12.1206 11.6563 9.44639 9.40089 12.4096 10.342 9.37879
threshold=-1.6970797777175901 -2.9117056131362911 -0.72488087415695179 -2.2816562652587886 -1.1487106680870054 -3.6413699388504024 0.65266463160514843 -0.26403853297233576 -2.5903147459030147 -1.4688897132873533 -2.0981568098068233 -0.52933800220489491 -3.308025479316711 -4.1701359748840323 -1.0101490020751951 0.023249999620020393 0 -0.0066622847225517026 1.5000000000000002 1 2 -0.0019500000635161994 2.5000000000000004 -0.86916667222976673 3 -0.020833333022892472 0.67925000190734874 0.029166666790843013 4 5.180000066757203 -0.046774258837103837 0.024166666902601722 49.500000000000007 5 -1.0000000180025095e-35 0.38916665315628057 8.5000000000000018 6 2.5475000143051152 -1.9350000023841856 5.5000000000000009 0.46832402050495153 3.5000000000000004 -0.26249998807907099 7 8 3.5000000000000004 0.0224999999627471 3.5000000000000004 -0.068608332425355897 1.8774999976158144 -5.4849998950958243 -1.0000000180025095e-35 -0.10242499783635138 2.9250000715255742 2.1441667079925542 -0.010833333246409891 0.14295000582933429 9 -0.555833339691162 0.075833335518836989 -0.46258123219013209
decision_type=2 2 2 2 2 2 2 2 2 2 2 2 2 2 2 8 1 10 2 1 1 10 2 2 1 2 2 2 1 10 8 2 2 1 2 2 2 1 2 10 2 2 2 2 1 1 2 2 2 2 2 8 2 2 10 2 2 10 1 2 2 2
left_child=1 5 4 8 9 13 11 52 22 18 30 34 -7 -1 -6 25 -16 58 20 46 21 -2 39 -19 36 45 43 -12 -29 32 -5 51 -30 48 -4 -36 -25 38 -32 -3 41 44 -43 -18 -21 -11 -20 -48 -27 -47 -51 -14 -8 -35 56 -56 -55 -46 59 -17 -61 -50
right_child=2 3 6 10 14 12 7 -9 -10 15 27 -13 31 -15 16 17 26 23 19 40 -22 -23 -24 24 -26 33 -28 28 29 -31 37 -33 -34 53 35 -37 -38 -39 -40 -41 -42 42 -44 -45 57 49 47 -49 61 50 -52 -53 -54 54 55 -57 -58 -59 -60 60 -62 -63
leaf_value=-0.03985960427051341 0.0056688337812930692 -0.023437169566358339 0.027791454365560412 0.018569676690201882 0.01411861461160421 -0.029722786155144662 0.041346762021825287 0.045985531416536177 -0.012419285065561983 0.0029205618649628573 -0.00141898257638221 0.031974592894617307 -0.0085159381067437048 -0.03482580036566154 0.015325278490729628 -0.0074516889611357055 0.026186961021549091 0.021168511843429078 0.0048475457566990914 0.0067483689588619979 0.0036808628195839949 0.024679875955905105 -0.020922343259824786 0.00092163104561239256 0.010221385828267258 0.020231239898790287 0.0048108527283802424 -0.013686135231371004 0.010521967622506258 0.027267108236405498 -0.0055639958680508477 -0.027563849747361032 -0.005950463783028122 -0.013835428872313916 0.018083841461153903 0.026594251477273623 -0.020370096850049393 -0.010203346679279399 0.016776834735184314 -0.015152326136195516 0.017341304214184235 0.00058574800294427989 -0.010577918492218778 0.020352543800691812 3.4850093011576902e-05 0.0036166723023493847 0.026836695017911378 -0.0059857829980772869 0.013225482193400993 0.014194261745417715 0.034263534100896983 -0.023358008845087361 0.035815137517782938 -0.0088388549197283093 -0.016144864571586454 0.011254281379577496 0.008447075416263097 -0.018898908374951076 0.014444202499959421 0.028662793828989348 0.0069730600791425481 -5.6010424412120283e-05
leaf_weight=3278.6900753378868 126.91041009128094 286.48420760780573 2539.041821539402 26.96786330640316 2033.103993549943 2581.9469985514879 596.77072045207024 1676.0959667861462 4154.2192150056362 243.22439639270306 4649.5070279762149 2229.7160428464413 71.939191199839115 2850.9266267567873 1464.8351661413908 78.11815969645977 629.88084618747234 84.336362406611443 491.26971717178822 421.04186774790287 480.44541098177433 146.80016846954823 1713.2331399172544 217.15671832859516 311.87603890895844 93.419303581118584 72.724273532629013 300.78590597957373 76.721515201032162 26.827341124415398 786.34165914356709 1372.1281899735332 621.01056610047817 69.756367653608322 482.35047879815102 668.3802293241024 47.465363830327988 1756.0701873824 38.786891557276249 1905.457558915019 54.791690185666084 391.03792324662209 311.56736959517002 2367.0935812741518 536.13879138231277 129.75483849644661 99.327235072851181 43.269266381859779 148.35968540608883 414.57884575426579 42.257471427321434 2482.5001114755869 3133.2315215617418 77.153854191303253 92.393697872757912 35.85849167406559 326.75439050793648 45.759616047143936 1624.3510105907917 43.080014765262604 191.65489101409912 199.41192048788071
leaf_count=48410 821 3070 10568 220 10423 33353 2389 6841 39764 1407 35231 9006 854 39519 6776 443 2862 471 3257 2734 3117 953 18339 1245 1787 547 343 2359 589 207 6811 16316 4786 413 2039 2809 275 15288 337 20324 364 2631 2150 10900 3481 750 635 281 896 2390 241 29412 12549 450 543 211 1913 296 9174 243 1102 1148
internal_value=-0.000157186 -0.0193375 0.0216303 -0.00962372 0.0119491 -0.0318984 0.0337575 0.039579 -0.0152646 0.00698143 -0.0041351 0.0284409 -0.0266056 -0.0375183 0.0177123 0.00946369 0.0193235 0.0115104 0.00345639 0.00197738 0.00815177 0.0153059 -0.0182915 0.00651988 0.00437692 0.00662454 0.0211127 -0.00229214 -0.00625155 -0.00293582 -0.008145 -0.0245558 -0.00413918 0.00370612 0.0263055 0.023027 -0.00279197 -0.00842411 -0.00445977 -0.0162351 -3.03998e-05 -0.000588655 -0.00436473 0.0215788 0.00205666 0.0102931 0.00743643 0.0168771 0.00851291 0.0130773 0.0160507 -0.02294 0.0367002 4.07503e-05 0.00186043 -0.00848424 0.00514515 -0.00142951 0.0132129 0.00616101 0.0109537 0.00560989
internal_weight=54493.1 28980.5 25512.5 16342.4 14187 12638.1 11325.6 5406.1 8059.39 7619.32 8283.02 5919.49 6508.51 6129.62 6567.64 4470.96 4534.53 2598.04 3148.36 2394.2 754.156 273.711 3905.17 660.834 576.498 1872.92 3069.7 5674.85 1025.35 724.559 2608.17 3926.57 697.732 1043.11 3689.77 1150.73 264.622 2581.2 825.129 2191.94 1760.34 1705.55 702.605 2996.97 1002.94 829.816 633.866 142.597 441.191 586.591 456.836 2554.44 3730 601.917 532.16 128.252 403.908 581.898 1937.2 312.853 234.735 347.772
internal_count=439063 315189 123874 147325 77673 167864 46201 21779 81497 46369 65828 24422 79935 87929 31304 25649 20881 14740 20720 15829 4891 1774 41733 3778 3307 10909 14105 43172 7941 5582 22656 46582 5375 6121 15416 4848 1520 22436 7148 23394 11656 11292 4781 13762 6511 4788 4173 916 2591 3381 2631 30266 14938 3530 3117 754 2363 3777 10962 1788 1345 2044
cat_boundaries=0 1 2 3 4 5 6 7 8 9 10
cat_threshold=1175570 2461968 21913860 9979494 7738752 6399254 23092736 17826986 15999042 1115152
is_linear=0
shrinkage=0.04


Tree=23
num_leaves=63
num_cat=0
split_feature=2 2 3 2 2 2 3 3 3 2 2 3 2 3 3 2 3 54 4 2 3 53 2 2 17 56 42 4 11 56 54 4 31 26 26 50 18 48 15 2 56 56 27 4 15 3 55 56 17 26 54 13 27 48 56 8 10 4 12 8 2 11
split_gain=13050.6 2050.35 1472.67 388.417 254.408 250.546 139.227 124.579 45.881 45.7707 45.1259 42.1205 33.6093 31.6068 26.7316 24.5566 23.2451 21.5453 19.5664 19.0341 17.1463 15.9013 15.3481 14.8034 15.0992 13.9629 13.9278 15.1028 13.9089 13.8916 13.774 13.5051 15.3828 13.5926 13.3123 13.1534 12.7356 12.6302 12.3735 11.3478 11.2476 13.3112 10.6685 10.5662 10.5347 11.6886 10.5211 10.3895 10.3175 10.2272 10.1195 10.1091 10.1005 10.4068 11.4872 10.9306 10.0982 9.94062 9.89077 9.96457 9.66808 9.64433
threshold=-0.91109085083007801 -2.2880759239196773 0.57968538999557506 -0.15593496710062024 -3.0576553344726558 -1.6859825849533079 0.44465696811676031 0.72926622629165661 0.50697708129882824 -0.61070337891578663 -1.3916181921958921 0.45723125338554388 -3.6844168901443477 0.4392389208078385 0.36860087513923651 -1.9849620461463926 0.34160307049751287 -0.007500000298023223 1.1577312350273135 -0.61070337891578663 0.80920755863189708 6.805000066757203 -2.5151880979537959 -0.35856500267982477 7.7650001049041757 -0.0077659774105995885 1.5000000000000002 1.281666159629822 4.4249999523162851 -0.02528442349284887 -0.037499999627470963 1.3846164345741274 -1.4999999999999998 7.5000000000000009 9.5000000000000018 -0.098449997603893266 21.500000000000004 0.36500000953674322 0.44744999706745153 -2.1504156589508052 -0.013111745938658713 -0.015580368228256701 1.5000000000000002 1.3892724514007571 0.24424999952316287 0.56336653232574474 5.5000000000000009 0.0041737719438970098 9.6900000572204608 8.5000000000000018 0.037499999627470977 5.3250000476837167 5.5000000000000009 1.3450000286102297 0.016090031713247303 52.500000000000007 0.17500000447034839 1.5845949649810793 0.43629999458789831 51.500000000000007 -2.5151880979537959 7.7550001144409189
decision_type=2 2 2 2 2 2 2 2 2 2 2 2 2 2 2 2 2 2 2 2 2 2 2 2 10 8 2 2 2 8 2 2 2 2 2 8 10 10 2 2 8 10 8 2 2 2 2 10 10 2 2 2 10 10 8 2 2 2 2 2 2 2
left_child=1 4 3 14 12 11 16 9 60 21 17 39 -1 46 23 28 -5 -7 -11 -16 -9 -4 29 24 38 35 -21 -28 -13 -10 37 32 51 43 36 -18 -25 -15 -2 -3 41 -30 -32 -33 -19 49 -12 58 -27 57 -47 -8 53 56 55 -55 -39 -46 59 -20 -6 -44
right_child=2 5 7 6 8 10 31 20 22 18 13 15 -14 30 19 -17 25 44 47 26 -22 -23 -24 34 -26 48 27 -29 40 -31 42 33 -34 -35 -36 -37 -38 52 -40 -41 -42 -43 61 -45 45 50 -48 -49 -50 -51 -52 -53 -54 54 -56 -57 -58 -59 -60 -61 -62 -63
leaf_value=-0.039370701141978645 0.0010735095931278047 -0.02794615558496457 0.021022814062644352 0.010360299033238951 -0.033066610710207035 -0.0047787947975141305 0.033939064269973791 0.039371093722372213 -0.012573664966841659 0.03301518514038225 -0.0051494137395058648 -0.022137721310226829 -0.033559381054738747 -0.00027294217062421271 0.0056881813152024887 -0.010400298613480049 2.2532952060730644e-05 -0.018694048076346587 0.024415792539468312 0.0068040481964103819 0.046433194824750376 -0.0050756682100499299 -0.020065291416498245 0.0034849371244102308 -0.010196514450085173 0.014689689790978773 0.020919738832822641 0.011114283212102491 -0.010266346909298148 -0.025328532152696651 0.0046770433799428477 0.0050592205922761584 0.023620440963655703 0.012082333725449198 0.02937354026364683 0.023290814680897221 0.015144054132725427 0.020617483102943385 0.014231094097564552 -0.019056928153419309 -0.015545764946201825 0.016365571212435572 -0.0022993701033284541 0.024024830166431123 -0.0093341044334685225 -0.0022567747738857355 -0.013604136651610352 0.020341028396148871 0.028177377522398319 -0.020511882770057992 -0.015063252951383792 0.023435438597257337 -0.0068824637199536255 0.0011219302217285729 -0.0043176148137382929 0.033704904133780279 -0.0031375652455935925 -0.028761769588737895 0.024723896992535736 0.035098902782060411 -0.026788513292849415 -0.025623683793429955
leaf_weight=3031.8097591549158 1240.0195875018835 282.42422311753035 81.790079414844513 1595.9168986827135 1094.1522423624992 1607.8564769104123 428.85816529393196 2069.6826798021793 142.75388915091753 3717.386529147625 1589.1512952893972 467.20286586880684 3353.6962019503117 481.88470270484686 2201.3652133494616 2615.9428792521358 41.759897068142891 254.51120191067457 192.61070065200329 901.46140864491463 749.19460082054138 68.749895885586739 1654.1064295247197 622.98488262295723 174.87269935011864 3229.6221144944429 311.76229506731033 1296.527630507946 203.03271674364805 3180.7664702087641 378.96928148716688 50.944004118442535 3284.643581867218 283.66395400464535 42.021999180316925 561.96576806902885 197.3997877985239 188.67378088086843 125.97394732385874 1232.6099305450916 1904.5896348580718 35.24039800465107 2035.8256554454565 607.1929449737072 738.96962731331587 422.95403425395489 276.4632676243782 262.99524986743927 93.367289558053017 203.21652114391327 128.78293699771166 222.75854587554932 55.763222128152847 33.85011513531208 105.1429830789566 32.090596981346607 33.754571422934532 44.688115872442722 482.72563904523849 508.49328882992268 611.98399371653795 28.765213876962662
leaf_count=46221 8499 3456 489 8634 14859 13825 1795 8378 1748 14904 13220 4950 47399 3456 14022 24220 203 2300 778 4985 3104 420 18507 3670 1212 15336 1608 7273 2082 39178 2780 220 13848 1233 244 2658 1158 1317 852 13616 19702 362 15066 2639 6898 3449 2368 1068 449 1870 1082 932 389 236 738 223 242 463 1951 2055 7764 211
internal_value=-0.000306189 -0.0189594 0.0203855 0.0138539 -0.0306089 -0.00906172 0.0187805 0.0344506 -0.025154 0.0308454 -0.00455287 -0.0148416 -0.0363186 -0.00222421 0.00665173 -0.0131392 0.0144309 -0.00814093 0.0314791 0.00840296 0.041248 0.00910393 -0.0232137 0.0032188 0.000870178 0.0160853 0.0107842 0.013015 -0.0158842 -0.0247807 8.55318e-05 0.0237047 0.0247342 0.0194019 0.0074151 0.0216813 0.00629034 0.00422524 0.00228692 -0.020714 -0.0145208 -0.00632751 -0.00149198 0.0225568 -0.0111557 -0.00990873 -0.00640231 0.0275325 0.0150687 -0.0125156 -0.00524598 0.0303483 0.00904992 0.0113076 0.00389062 0.0169787 0.0170125 -0.010442 0.0291302 0.032164 -0.0308147 -0.00262434
internal_weight=54100.3 28451.6 25648.7 17515.1 13069.3 15382.4 10400.7 8133.63 6683.76 5314.75 8641.31 6741.04 6385.51 5240.33 7114.39 5226.01 5522.63 3400.98 5164.21 4711.12 2818.88 150.54 4977.63 2403.27 1540.87 3926.72 2509.75 1608.29 2610.07 3323.52 3374.72 4878.06 3936.26 941.801 862.407 603.726 820.385 931.16 1365.99 1515.03 2142.86 238.273 2443.56 658.137 1793.12 1538.61 1865.61 1446.82 3322.99 986.874 551.737 651.617 449.275 393.512 171.084 65.9407 222.428 783.658 1183.83 701.104 1706.14 2064.59
internal_count=438814 314197 124617 91470 175676 138521 47947 33147 82056 21665 70133 68388 93620 40246 43523 51316 27280 29887 20756 27888 11482 909 59433 15635 10563 18646 13866 8881 27096 40926 24658 20667 16575 4092 5072 2861 4828 6601 9351 17072 22146 2444 18057 2859 16062 13762 15588 5852 15785 9231 4531 2727 3145 2756 1197 459 1559 7361 4784 2833 22623 15277
is_linear=0
shrinkage=0.04


Tree=24
num_leaves=63
num_cat=13
split_feature=0 0 0 0 0 0 3 3 0 0 0 0 0 25 0 3 54 7 54 31 25 54 7 11 6 25 10 25 56 7 13 25 15 25 51 7 4 13 25 18 56 31 25 50 6 25 49 4 46 53 11 34 15 25 9 55 25 5 25 25 16 11
split_gain=12356.8 1838.56 1731.24 244.112 231.604 208.226 199.065 51.0798 34.5246 32.418 30.6197 29.0862 28.7455 24.994 24.2012 23.2925 21.7535 15.475 15.0281 14.8619 15.6514 14.2457 13.7344 12.4082 12.387 15.9061 16.2048 15.8902 14.9746 14.3876 12.1385 11.9918 24.0747 11.7496 13.856 15.8587 11.7306 11.8005 11.3518 14.3399 11.3072 11.2108 12.4408 10.2503 10.2184 12.2201 10.1649 10.0597 14.3188 11.6097 14.0112 11.2554 14.0151 12.3523 10.7073 9.70516 13.9873 9.68746 9.60181 9.57295 11.3289 9.69812
threshold=-1.7834130525588987 -2.9117056131362911 -0.72488087415695179 -1.2152394652366636 -3.6413699388504024 -2.3621590137481685 0.7202071249485017 0.58572021126747142 -1.4688897132873533 -0.96119156479835499 -4.3508243560791007 -3.308025479316711 -2.1556856632232662 0 -2.6971695423126216 0.78234952688217174 0.017500000074505809 27.500000000000004 -0.032500000670552247 -1.0000000180025095e-35 1 0.024166666902601722 58.500000000000007 4.9049999713897714 2.5000000000000004 2 0.18500000238418582 3 -0.014732712879776953 45.500000000000007 7.2149999141693124 4 0.34874999523162847 5 -0.044999999925494187 41.500000000000007 1.2379809617996218 4.6949999332427987 6 2.5000000000000004 0.0041737719438970098 -1.0000000180025095e-35 7 0.060650000348687179 2.5000000000000004 8 -4.4949998855590811 1.428714454174042 1.5000000000000002 6.8450000286102304 4.3650000095367441 -0.47916665673255915 0.34789998829364782 9 1.0000000180025095e-35 1.5000000000000002 10 3.5000000000000004 11 12 0.37375000119209295 5.805000066757203
decision_type=2 2 2 2 2 2 2 2 2 2 2 2 2 1 2 2 2 2 2 2 1 2 2 2 2 1 2 1 8 2 2 1 2 1 10 2 2 2 1 8 8 2 1 10 2 1 8 2 10 2 2 2 2 1 2 2 1 2 1 1 2 2
left_child=1 4 3 8 10 14 7 13 16 24 -1 -6 41 17 58 -8 38 -4 -9 20 -14 -13 44 31 25 26 -5 28 -26 -29 -31 32 -21 34 35 -18 37 -15 -2 -40 -20 42 -7 -38 47 -46 -44 48 51 50 -50 52 -11 -53 -51 56 -49 -30 -3 -43 -61 -62
right_child=2 5 6 9 11 12 15 18 -10 22 -12 21 19 36 -16 -17 33 -19 40 23 -22 -23 -24 -25 27 -27 -28 29 57 30 -32 -33 -34 -35 -36 -37 43 -39 39 -41 -42 59 46 -45 45 -47 -48 55 49 54 -52 53 -54 -55 -56 -57 -58 -59 -60 60 61 -63
leaf_value=-0.040200227819676783 0.0076584396859730756 -0.011552080769226822 0.040268660068054726 0.024496688095756735 -0.029032289947783192 -0.0026826497200985672 0.036597136170864297 0.0332232406250507 0.0083854343498522416 0.014798214350342264 -0.034290938485168655 -0.021628736039656728 -0.0051434126721484601 0.037198862247960589 -0.013302854106420528 0.043636487200274604 0.026174775352055639 0.027195642890202598 0.033044334044435464 0.026865561044714169 0.00073205750906726375 -0.026789885641370598 0.00051304443818298592 -0.0073366273604511499 0.020215093211343804 0.011549561528477836 0.0097133358269298614 0.016459384808617937 0.0028302313084128095 0.0025177950991901671 0.02548731466327022 -0.0048837961971529859 -0.011152222946719885 0.0011898366428467792 -0.011606852737538224 -0.011143270928290353 0.018240110626940906 0.022897532868566963 -0.010968869523785419 0.0036231391013400766 0.027142614405078414 -0.017694765690973561 0.014353123950661538 0.034712635237068669 0.020596795184125678 0.013747867574362469 -0.01040647758317385 0.020176677713400728 0.016692332725625175 0.012430657736507721 0.038301905247421379 0.0043037803809774502 0.04417518957757699 0.020584986262667089 0.033399597681935615 0.020047146163002797 -0.0019827355092989886 0.012452029060544368 -0.019454144985998113 -0.012173107777929142 0.012735791475166068 -0.0065439283775660271
leaf_weight=2418.1954285427928 1263.2977591603994 413.64805679768324 162.4061761200428 487.45068761706352 2446.9204362481833 719.71190614253283 1777.087636873126 1856.8209843188524 3550.2275448739529 49.003168731927872 3341.8052827194333 2450.8382023349404 1328.8082228600979 112.60054485499859 4286.3348438739777 1303.9364120811224 37.132667064666748 1342.2403072118759 687.59738950431347 68.818551227450371 1583.9262218624353 1314.6831763833761 70.009148463606834 2058.6627148985863 121.73326216638088 849.52310828864574 156.79789017140865 960.72024528682232 664.28842853009701 234.31480205059052 43.672200605273247 182.44926605373621 43.494128607213497 701.78471104800701 295.52635733783245 35.772884175181389 1420.4937694966793 512.38167071342468 114.05787575244904 1949.8560306578875 2123.6097690910101 345.65842840820551 27.252545699477196 63.127961859107018 880.01371142268181 1323.7075882107019 1000.5150072798133 78.79931777715683 61.355489939451218 104.12442189455032 220.65392336249352 132.98682829737663 55.313427448272705 246.99564033746719 62.259752556681633 455.95571288466454 97.005594372749329 223.83924132585526 2072.028088003397 558.51934108883142 57.415991365909576 152.94903408735991
leaf_count=38408 8339 4623 667 2426 33224 6479 7179 7440 20509 215 49611 30175 10540 461 43457 5417 245 5548 2760 548 12386 16303 326 16481 622 4243 780 4927 3444 1212 227 1442 344 4758 2045 237 5923 2104 773 12941 8533 3151 246 264 3976 5995 9073 353 268 458 963 584 242 1083 274 2042 433 1157 23186 5083 521 1390
internal_value=-0.000138992 -0.0193219 0.0190312 0.0103494 -0.030994 -0.00994334 0.0308962 0.0276668 0.00545133 0.0154847 -0.0367718 -0.025637 -0.00562722 0.0240961 -0.0151238 0.0395763 0.0030825 0.0284178 0.0304306 -0.00387359 -0.00196351 -0.0234307 0.0180676 -0.0062376 0.0128356 0.0156591 0.0205793 0.0109599 0.00698938 0.0140272 0.00612634 0.00143814 0.0111501 -0.00187804 -0.0075491 0.00786377 0.0207789 0.0254741 0.00467809 0.00280316 0.0285861 -0.00885391 -0.00685458 0.018941 0.0183938 0.0166387 -0.00965599 0.020866 0.0235058 0.0286566 0.0336004 0.0187369 0.0303752 0.0155419 0.0202771 0.0169686 0.00898446 0.00525526 -0.0182639 -0.0119886 -0.00907524 -0.00128182
internal_weight=53763.1 26872.6 26890.5 15528.2 11972.4 14900.2 11362.3 8281.28 7947.66 7580.52 5760 6212.44 8128.18 3613.25 6772.01 3081.02 4397.43 1504.65 4668.03 5266.16 2912.73 3765.52 3838.18 2353.42 3742.34 1493.77 644.249 2248.57 1009.86 1238.71 277.987 294.762 112.313 1070.22 368.432 72.9056 2108.6 624.982 3327.21 2063.91 2811.21 2862.02 1747.48 1483.62 3768.17 2203.72 1027.77 1564.45 932.693 448.394 282.009 484.299 104.317 379.982 166.384 631.761 175.805 888.128 2485.68 1114.54 768.884 210.365
internal_count=439064 306671 132393 86097 167721 138950 46296 33700 49847 36250 88019 79702 67684 14967 71266 12596 29338 6215 18733 41741 22926 46478 17212 18815 19038 7449 3206 11589 5223 6366 1439 2334 892 7285 2527 482 8752 2565 22053 13714 11293 25943 15798 6187 16886 9971 9319 6915 4087 1963 1231 2124 457 1667 732 2828 786 4601 27809 10145 6994 1911
cat_boundaries=0 1 2 3 4 5 6 7 8 9 10 11 12 13
cat_threshold=1382828 3559850 24617000 23511146 19039122 23879752 27345684 5625346 15157768 25642032 1780308 1066048 1347606
is_linear=0
shrinkage=0.04


Tree=25
num_leaves=63
num_cat=0
split_feature=0 0 0 0 0 0 0 0 0 0 0 0 0 0 0 18 54 56 55 38 4 16 51 54 36 7 4 51 36 54 16 38 18 56 31 34 4 38 7 35 31 4 15 36 16 36 51 51 56 7 50 12 13 27 48 6 4 50 54 6 54 16
split_gain=11415.9 1755.62 1635.83 278.095 232.435 208.192 207.669 47.1816 42.775 37.5916 26.5353 22.6185 21.1755 20.3225 20.1912 17.2678 15.325 12.2833 14.4262 11.8248 11.6747 11.8616 11.1268 11.1083 10.855 11.6787 10.8938 10.6794 10.6742 15.4505 10.5789 10.3348 9.84624 9.80829 9.7093 9.77637 9.66051 10.0578 9.50835 9.45258 9.3823 9.3786 9.49835 9.30981 8.95578 10.4502 10.1479 8.71435 8.61363 8.50494 9.30197 9.25167 9.17149 15.7878 10.1887 10.5947 8.50159 13.973 13.5337 11.9714 9.21166 10.5597
threshold=-1.800451874732971 -2.9676959514617915 -0.79293486475944508 -0.39616037905216211 -2.4025845527648921 -3.737532258033752 -1.2375541925430296 -0.6140230894088744 -2.0981568098068233 -0.26403853297233576 -0.96119156479835499 -3.3409157991409297 -2.7102637290954585 -4.38437795639038 -1.4688897132873533 43.500000000000007 0.0224999999627471 -0.0073249738197773686 5.5000000000000009 -0.035833332687616341 1.2326324582099917 0.47134999930858618 -0.03499999921768903 -0.07416666671633719 0.071858335286378874 44.500000000000007 1.1387342214584353 0.034999999217689044 -0.07102500274777411 0.030833332799375061 0.32084999978542333 -0.010833333246409891 5.5000000000000009 0.027118434198200706 -1.4999999999999998 0.40083333849906927 1.4677913188934328 -0.007500000298023223 24.500000000000004 3.4991666078567509 -1.0000000180025095e-35 0.77159667015075695 0.28955000638961798 -0.10242499783635138 0.35924999415874487 0.017058333382010463 1.0000000180025095e-35 0.024999999441206459 -0.003501505008898675 38.500000000000007 0.24554999917745593 0.26160000264644628 7.0750000476837167 2.5000000000000004 0.74500000476837169 2.5000000000000004 1.4338353276252749 -0.08484999835491179 0.040833333507180221 2.5000000000000004 -0.0025000000605359669 0.23825000226497653
decision_type=2 2 2 2 2 2 2 2 2 2 2 2 2 2 2 10 2 8 2 2 2 2 8 2 2 2 2 8 2 2 2 2 10 8 2 2 2 2 2 2 2 2 2 2 2 2 8 10 10 2 8 2 2 10 8 2 2 8 2 2 2 2
left_child=1 5 6 7 12 13 14 27 40 -5 39 -7 -3 -1 16 41 20 19 34 -10 21 23 -22 33 25 -9 30 -4 29 -16 -27 -24 -26 -2 35 36 37 -19 -39 -8 -6 -14 -43 -33 45 46 -38 -25 -28 50 -18 -52 54 -54 55 -51 58 -58 59 -12 -59 -62
right_child=2 4 3 9 8 11 10 24 17 -11 56 -13 15 -15 28 -17 49 18 -20 -21 22 -23 31 47 32 26 48 -29 -30 -31 -32 43 -34 -35 -36 -37 44 38 -40 -41 -42 42 -44 -45 -46 -47 -48 -49 -50 52 51 -53 53 -55 -56 -57 57 60 -60 -61 61 -63
leaf_value=-0.040019625291602405 0.026386459567498268 -0.018285225738303573 0.013929186128778312 0.033703130754661977 -0.0070523948483924284 -0.028870604329697454 0.012296895496961408 0.027155366021976355 0.028142597066707502 0.041260241611969339 0.02409895529654265 -0.023958332370631601 -0.024822702483746985 -0.034890099277450758 0.0044549160038304374 0.015632330456904153 -0.00017445675459719986 0.0060855638552724965 -0.010756374302740512 0.00093728007966607601 -0.0057462258056397994 0.02051893805429221 0.0025606191200285432 -0.0060212656730237535 0.027198593355046038 0.035985843505117375 0.022181628119070252 0.021116897292177566 0.0077944364561978079 -0.015767990411364348 0.02217134470278161 -0.0038397089820703047 0.036743295284245726 -0.00021753370063215844 -0.0040689538523846179 0.011709689370378687 -0.01279199305840375 0.0091235112696436017 -0.012938981989600036 0.00036546579567161728 -0.010940118283693437 -0.016895795132584969 -0.012376056720519168 0.00843189966713947 -0.0057384312051341367 0.024001833611608757 0.014249942978124699 0.0036869809827486696 0.012612160184223203 0.017979617890465007 0.0035785321420363377 0.032128349441336503 0.030100245832310041 -0.0097613764042378866 -0.010488926274054219 -0.0053990085136476143 -0.0061172065928629003 0.011992043604744021 0.0054632618534480263 0.017003698508793946 0.0371742702662139 0.01745584065682107
leaf_weight=2217.0077578574419 40.866039127111435 2876.9352785423398 373.892662063241 3030.5893933027983 2547.3333668708801 2702.2360588982701 3997.8500790894032 2783.2720889896154 26.55991480499506 1614.0932625234127 615.51266019046307 3370.262027785182 123.85871300846338 2792.1731232479215 356.29091550409794 31.735652834177017 339.03432510793209 91.02424019575119 421.94419073313475 680.88810853660107 141.55041600763798 41.902688711881638 1012.5625496953726 480.58505283296108 422.27092897891998 156.05512562394142 595.33429984748363 2865.5564463436604 2828.9198499023914 72.797771409153938 205.47432979941368 105.47851593792439 292.86018304526806 48.472646579146385 2378.9702931419015 120.1218883022666 39.223099142313004 36.957820907235146 202.5406471118331 109.139662951231 1627.9363817572594 1030.6414062157273 2674.4140075817704 1589.3479355275631 75.665947332978249 60.434975884854794 51.170131586492062 213.72601015120745 201.41464181244373 46.162929326295853 43.83652575314045 31.005996562540531 30.51059702038765 33.192725002765656 347.0388101041317 94.517825990915298 51.674219742417336 566.08347252011299 114.19457745552063 996.39748249948025 49.91298334300518 335.76990506052971
leaf_count=36487 274 33054 1605 12197 23033 38240 20311 11221 207 6736 2716 43008 1360 43079 2079 329 2349 714 3419 5296 931 278 6675 3368 1700 626 2411 12079 16341 434 824 690 1179 327 18745 930 297 288 1586 567 14843 10665 27684 10395 571 457 386 1503 819 315 287 206 211 234 2369 654 242 2563 515 4536 226 1525
internal_value=-0.00016539 -0.0190331 0.0179448 0.0285629 -0.0101589 -0.0311238 0.00890737 0.0239945 -0.00570362 0.0363293 0.0140114 -0.0261443 -0.0156875 -0.0371604 0.00448917 -0.0137517 0.00279438 -0.00284603 -0.00382332 0.00195866 0.00397265 -0.00021581 0.00518636 -0.00132452 0.0265734 0.0257508 0.0223756 0.0202873 0.00690275 0.00102396 0.0281344 0.00575795 0.0311073 0.0119519 -0.0028661 0.00135986 -0.0008721 -0.00523277 -0.00953444 0.0119798 -0.00856822 -0.0139953 -0.0136333 0.00766817 0.00549143 0.0111251 0.00251601 -0.00303283 0.0197625 -0.00169078 0.00264304 0.0154062 -0.00494358 0.00933028 -0.00680796 0.00227245 0.0170682 0.0141404 0.0187703 0.019713 0.0152402 0.0200077
internal_weight=53455.2 26180 27275.1 12540.8 15098.4 11081.7 14734.3 7896.13 8360.77 4644.68 6836.54 6072.5 6737.59 5009.18 7897.8 3860.65 4639.79 4185.5 3478.05 707.448 3674.49 825.552 2848.94 783.65 4656.68 3941.55 1158.28 3239.45 3258.01 429.089 361.529 2707.39 715.131 89.3387 3056.11 677.139 557.017 330.523 239.498 4106.99 4175.27 3828.91 3705.06 1694.83 226.494 150.828 90.3932 694.311 796.749 965.3 413.877 74.8425 551.423 63.7033 487.72 140.681 2729.55 1003.44 1726.1 1611.91 951.766 385.683
internal_count=439196 304678 134518 51397 143864 160814 83121 32464 70772 18933 33201 81248 73092 79566 49920 40038 31066 32896 27393 5503 24441 5750 18691 5472 18780 15901 4680 13684 18854 2513 1450 17760 2879 601 23974 5229 4299 2588 1874 20878 37876 39709 38349 11085 1711 1140 683 4871 3230 6625 2842 493 3783 445 3338 969 12323 4556 7767 7252 4314 1751
is_linear=0
shrinkage=0.04


Tree=26
num_leaves=63
num_cat=15
split_feature=0 0 0 0 0 0 0 0 0 0 0 0 0 25 0 25 25 54 25 31 25 0 25 34 48 56 43 27 54 25 51 31 25 14 25 39 4 36 53 34 25 31 25 16 27 12 56 50 36 34 25 16 56 25 50 50 33 38 25 34 18 25
split_gain=10550 1742.05 1573.02 237.262 236.719 199.72 175.571 51.0201 32.6495 31.4626 30.6772 28.9571 23.4174 15.9191 14.6557 14.2201 13.7023 13.4925 15.5934 12.9489 21.6325 14.3173 14.8239 14.2368 13.5079 12.8866 12.838 12.6967 12.63 18.4817 19.215 12.4715 13.9464 12.3388 16.5811 11.8289 16.4571 12.9675 12.8898 11.76 22.7513 11.4845 15.3717 14.3631 11.1968 11.1032 12.5542 10.8961 10.8891 10.8257 12.8137 10.6202 10.5678 14.6103 18.6638 10.4903 10.4889 12.1412 10.2707 17.334 10.204 10.8582
threshold=-1.7834130525588987 -2.9676959514617915 -0.79293486475944508 -2.2957198619842525 -0.43227103352546686 -3.6413699388504024 -1.3043900132179258 -0.26403853297233576 -2.6971695423126216 -4.3508243560791007 -1.0101490020751951 -0.65804103016853321 -3.3409157991409297 0 -2.0402834415435787 1 2 0.064166665077209487 3 -1.4999999999999998 4 -1.4688897132873533 5 0.71583330631256115 -0.085000000894069658 -0.0010172133333981035 2.5000000000000004 5.5000000000000009 -0.037499999627470963 6 -1.0000000180025095e-35 -1.0000000180025095e-35 7 0.26690000295639044 8 3.25083339214325 1.4465090632438662 0.0076750000007450589 6.7149999141693124 -0.070833332836627946 9 -1.0000000180025095e-35 10 0.37974999845027929 5.5000000000000009 0.43190000951290136 0.018725550733506683 -0.08484999835491179 -0.033341666683554642 0.91583335399627697 11 0.28855000436306005 0.0017146499012596907 12 0.11115000024437906 0.12674999982118609 1.0000000180025095e-35 0.0025000000605359678 13 1.9825000166893008 10.500000000000002 14
decision_type=2 2 2 2 2 2 2 2 2 2 2 2 2 1 2 1 1 2 1 2 1 2 1 2 8 8 2 10 2 1 8 2 1 2 1 10 2 2 2 2 1 2 1 2 10 2 8 10 2 2 1 2 8 1 8 8 2 2 1 2 10 1
left_child=1 5 6 8 11 9 17 16 49 -1 28 58 -7 25 15 -5 -6 19 -19 20 23 39 24 -2 -23 -13 -27 -26 29 30 -8 32 45 34 -30 36 -31 -37 -38 40 -21 42 43 56 52 -16 -47 -17 -45 50 -3 -32 53 54 -35 -46 -12 -58 -4 -60 -33 -62
right_child=2 3 4 14 7 12 10 -9 -10 -11 41 13 -14 -15 31 47 -18 18 -20 21 -22 22 -24 -25 27 26 -28 -29 33 35 51 60 -34 44 -36 37 38 -39 -40 -41 -42 -43 -44 48 55 46 -48 -49 -50 -51 -52 -53 -54 -55 -56 -57 57 -59 59 -61 61 -63
leaf_value=-0.039707165993266728 -0.0010129078508520129 -0.012028769361724218 0.01576006943161494 -0.0094893896289705241 0.036640255032843537 -0.02853866756930025 -0.018627818796398059 0.039896072754860276 -0.01238856810050552 -0.033514587042588591 0.0056668455413322735 0.027546276903813532 -0.023125738061006589 0.027128911465856942 0.0015826428594068224 -0.0098534791109474683 0.029264498772451488 0.0057624451070119745 -0.012890660184984977 0.021425315351966862 0.011283310892354813 0.018874673994105452 0.0086608467886446789 0.023411625272220515 -0.0027567470154285741 0.024445351579668446 0.01709750796695772 0.019891423125333534 0.019790542394147216 0.022358645809716325 -0.0050151923854276316 -0.0072926505548826072 -0.003207648715850013 0.013292521085443459 0.0082295060781952031 -0.014967208679489365 0.0032524193535603063 0.017137810938704822 0.017739672757896525 0.00071061270933186495 0.00061103667505979574 0.012699934059583116 0.020477585381102809 0.037363205303674624 -0.014002469416104335 0.029280837507577148 0.0042399621624971909 -0.0028148929407835403 0.015978571599431012 -0.025690907975085997 -0.018788155087426543 0.01391254527336651 0.0061680765327037871 0.0060714444157447698 0.040024819409213395 0.011251890859802207 0.02706954412423531 0.0078446155734450598 0.0235356254095416 0.0062527112124047034 0.0061577503613926008 -0.0052861845754553763
leaf_weight=2251.6792758591473 483.19493161141872 800.4523845911026 1110.2470275908709 1298.2781112492085 1040.0753403156996 2082.8653055131435 48.820448353886604 1621.5240274220705 5088.5272581279278 3147.9644486047328 388.67218817770481 446.05033078789711 3312.4566581174731 2595.543785661459 678.43236873298883 436.68912452459335 2799.4189950227737 120.5195234566927 155.9331469386816 124.03464823961258 860.0348979383707 60.542317524552345 1143.0855342447758 41.46007464826107 515.59835410118103 610.73596541583538 1008.9900615811348 42.899882838129997 331.18446058034897 506.22975090146065 64.636580288410187 1103.3342182710767 1140.1726157516241 117.42750562727451 621.77234438061714 39.070893555879593 172.39703804254532 41.520931869745255 228.5146948248148 2980.62403319031 238.47350640594959 1543.8326606452465 1128.0100630074739 54.53744213283062 74.508132055401802 53.162075288593769 80.602344997227192 1812.4213657155633 126.39330871403217 246.01254761219025 1949.5100063383579 178.17725965380669 1502.8674173802137 250.3694461286068 64.873491272330284 40.688466310501099 97.796855226159096 113.6271720379591 1205.2002544701099 100.60106468200684 218.06567348539829 307.32809115201235
leaf_count=38340 3005 9304 4720 11547 4192 29836 257 6827 51861 49550 1757 1799 43117 10491 5129 3842 11278 784 1027 808 5323 356 6643 263 3057 2470 4090 255 1701 2617 333 8672 8759 620 3203 206 882 217 1176 19984 1560 7153 5070 246 402 402 615 15803 569 2851 22691 917 7953 1317 330 209 442 513 5092 434 1704 2405
internal_value=-0.000179971 -0.0183688 0.0173142 -0.00964835 0.0276899 -0.0306583 0.00834364 0.0339467 -0.0143391 -0.0360969 0.0124598 0.022862 -0.0252154 0.024704 -0.00432855 -0.00615085 0.0314342 0.00363771 -0.00501669 0.00400636 0.00743711 0.00307585 0.00599354 0.000900049 0.000913585 0.0214223 0.0198681 -0.00101707 0.0101981 0.0135264 0.00412856 -0.00252341 -0.000367375 0.00878053 0.0125414 0.0160964 0.0175641 0.00157331 0.01151 0.00153797 0.00834067 0.0152652 0.0173397 0.0123871 0.0070329 0.00361482 0.014192 -0.004163 0.0224245 -0.0176519 -0.0169327 0.00887402 0.00775396 0.0132625 0.0216195 -0.0050824 0.00956717 0.0167373 0.0193081 0.0220354 -0.00510786 -0.000519769
internal_weight=53048.7 26008 27040.7 15213 12538.4 10795 14502.3 5461.02 8084.5 5399.64 7735.93 7077.37 5395.32 4661.32 7128.49 3547.39 3839.49 6766.4 276.453 6489.95 1384.69 5105.26 1762.13 524.655 619.041 2065.78 1619.73 558.498 4283.06 1279.37 291.634 3581.1 1952.37 3003.69 952.957 987.733 907.141 80.5918 400.912 3343.13 362.508 3452.87 1909.04 781.027 2050.73 812.197 133.764 2249.11 180.931 2995.97 2749.96 242.814 1935.54 432.67 182.301 115.197 600.096 211.424 2416.05 1305.8 1628.73 525.394
internal_count=438976 306428 132548 145585 51393 160843 81155 22297 86707 87890 38090 29096 72953 18850 58878 31192 15470 43065 1811 41254 8591 32663 10311 3268 3668 8359 6560 3312 22340 6605 1507 27686 14905 15735 4904 5098 4675 423 2058 22352 2368 15750 8597 3527 10831 6146 1017 19645 815 34846 31995 1250 10220 2267 950 611 2712 955 10246 5526 12781 4109
cat_boundaries=0 1 2 3 4 5 6 7 8 9 10 11 12 13 14 15
cat_threshold=11781652 405944 303520 5362194 25051652 9767824 16875530 9219602 4466958 26106112 4977156 1610944 25827532 11126298 13531672
is_linear=0
shrinkage=0.04


Tree=27
num_leaves=63
num_cat=0
split_feature=0 0 0 3 0 0 0 3 0 0 0 0 0 0 3 3 39 2 56 49 56 39 26 34 3 51 16 5 49 7 7 7 56 16 51 6 7 5 12 6 36 51 17 15 26 3 16 18 20 15 39 6 5 13 55 16 56 7 7 55 10 3
split_gain=9866.27 1580.52 1530.48 228.573 204.418 192.418 180.456 48.4068 34.5202 26.5706 23.2597 20.2816 18.764 18.5204 17.8818 12.7288 11.7084 16.2192 17.8794 12.7597 11.6126 11.3667 11.2982 10.7067 13.038 11.8378 10.6142 10.5573 10.7203 10.4687 10.438 10.4149 9.61238 9.4129 9.29987 10.7225 9.10089 8.89048 8.65958 9.77581 10.2883 8.6176 8.45355 8.36133 8.32151 8.22201 9.38803 9.028 9.23988 9.77963 9.35389 8.95714 10.762 12.7597 11.494 10.6685 8.08181 8.04057 7.96364 7.93885 7.89716 7.74395
threshold=-1.8831887841224668 -0.79293486475944508 -2.9811792373657222 0.63000038266181957 -3.6413699388504024 -2.4446661472320552 -1.2375541925430296 0.78234952688217174 -1.5686837434768675 -4.38437795639038 -2.1556856632232662 -0.96119156479835499 -2.7102637290954585 -3.2600187063217159 0.51262331008911144 0.72926622629165661 1.000833332538605 -0.9897826313972472 -0.013691669330000876 -0.044999999925494187 0.0077828888315707454 0.88708332180976879 8.5000000000000018 1.375833332538605 0.51076331734657299 0.034999999217689044 0.25059999525547033 3.5000000000000004 -0.17500000447034833 25.500000000000004 30.500000000000004 30.500000000000004 0.01205108128488064 0.177499994635582 0.095000002533197417 2.5000000000000004 59.500000000000007 3.5000000000000004 0.49175000190734869 2.5000000000000004 0.020691666752099994 0.044999999925494201 5.3550000190734872 0.28955000638961798 6.5000000000000009 0.3274443000555039 0.23409999907016757 29.500000000000004 5.5000000000000009 0.32565000653266912 1.5345000028610232 2.5000000000000004 3.5000000000000004 5.6749999523162851 3.5000000000000004 0.46175000071525579 0.041679177433252342 46.500000000000007 54.500000000000007 1.5000000000000002 0.16499999910593036 0.68581387400627147
decision_type=2 2 2 2 2 2 2 2 2 2 2 2 2 2 2 2 10 2 8 8 10 10 2 2 2 10 2 2 10 2 2 2 10 2 8 2 2 2 2 2 2 10 10 2 2 2 2 10 8 2 10 2 2 2 2 2 10 2 2 2 2 2
left_child=2 6 4 14 9 12 8 15 16 -1 21 29 31 -6 23 38 17 18 19 -2 30 22 26 24 25 -3 -7 -19 33 -8 -16 -4 43 -29 35 -12 -37 -21 39 40 -5 -35 -18 -14 60 46 -31 48 49 -48 -51 55 -53 -54 -55 -47 -10 -40 -24 -9 -17 -41
right_child=1 3 5 7 13 10 11 59 56 -11 34 -13 32 -15 20 44 42 27 -20 37 -22 -23 58 -25 -26 -27 -28 28 -30 45 -32 -33 -34 41 -36 36 -38 -39 57 61 -42 -43 -44 -45 -46 51 47 -49 -50 50 -52 52 53 54 -56 -57 -58 -59 -60 -61 -62 -63
leaf_value=-0.03955683744190551 0.027209104458017372 0.01964000371842636 -0.013333833886421207 0.027879072240270673 -0.027134567984488461 -0.011935326276866772 0.01735130602082369 0.041879698817938009 0.0063182376421025725 -0.033736972644314252 -0.00069668068263793053 0.015003215501755577 -0.01610668273133091 -0.022336916856468384 0.028459951344513939 0.031492683537646053 0.013025038384673322 0.0029786809752493969 -0.0021199355594054034 -0.0046369587224966771 0.017771021482823827 -0.012571738031098454 -0.01119655212233339 0.012673150565591061 0.0013102037342872042 0.037291352920614328 -0.0040895437326254006 0.027707535170530373 0.022758151899199226 -0.0079375117628582587 0.022641140344114068 -0.019061471571961457 -0.019215299937940088 0.0035024811189958978 -0.014133003270388765 -0.004839769048306488 -0.029097116894082224 0.01818225555426373 0.033594483639893431 0.024584639868845626 0.044012410429795083 0.020678546242740587 -0.0029990728719460546 -0.01122453816398339 0.035408128704012304 0.012587565209221508 0.001405186364223111 0.021268063294522684 -0.0029822043797712422 0.0095284200546223614 0.030087690652757799 0.0074552011980079441 0.027649661854432989 0.015617247215766426 0.0016290615410629928 0.02882720375922506 -0.010547578848096269 0.023740681192642367 0.0047742063447150131 0.035529523173792883 0.018737136879772031 0.029449833838156369
leaf_weight=2072.9315175116062 56.187402866780758 1706.9785900563002 654.94012403488159 146.01774951815605 2671.2885598316789 328.46904192864895 334.47931899130344 676.8313106149435 4577.7556122094393 3181.5793292745948 1454.0447369888425 2735.2282211184502 769.11859469115734 2485.028227083385 592.48736676573753 411.84309646487236 55.304741650819778 1191.2697203308344 1351.6051104590297 72.248978272080421 642.72496525943279 748.55979394167662 1018.7196972593665 436.19648729264736 60.007636249065399 63.035158812999725 1723.5430404469371 33.469832010567188 84.985304206609726 71.966774463653564 2944.9028552025557 2263.3703378066421 393.30581008642912 369.93690229952335 133.06074369698763 2203.6957577392459 25.027752853929996 43.926536694169044 809.67215605080128 1250.7536343187094 111.56338027119637 53.495227508246899 1108.1274843290448 2076.9559486657381 970.55164113640785 1112.2398429363966 134.39213931560516 66.253644898533821 141.71513372659683 113.530931442976 51.455319851636887 1524.4079272300005 91.639689564704895 299.82956127822399 136.90116001665592 68.724065184593201 45.914328768849373 158.41851246356964 52.531148493289948 589.21926112473011 95.705995231866837 900.20836286246777
leaf_count=36580 399 7197 7757 586 38663 3079 1649 2894 27132 51668 11726 12224 8247 32705 2387 1690 387 7987 9822 508 2614 7023 9646 1873 248 269 16121 228 579 375 11911 26867 4230 2510 1066 18112 205 311 3257 5016 448 362 7842 22201 3979 5439 703 337 738 588 270 7769 455 1511 700 332 279 637 497 2513 392 3629
internal_value=-0.000143971 0.0158169 -0.0188935 0.0264224 -0.0304805 -0.0101808 0.00744871 0.0319586 0.00373443 -0.0360329 -0.00596048 0.0123294 -0.0154497 -0.0248224 0.0211659 0.030142 0.00120707 0.00243741 -0.000572741 0.0115598 0.0227171 -0.00814473 -0.0070837 0.0183047 0.019647 0.0202686 -0.00534543 0.00508424 0.00971305 0.0105661 0.0236157 -0.017776 -0.0133539 0.00728661 -0.00374418 -0.00336883 -0.00511217 0.0039911 0.0287869 0.0275027 0.0348667 0.00567246 -0.00223735 -0.0125439 0.0332377 0.00997091 0.00558249 0.00750029 0.00543233 0.00941547 0.0159404 0.0107571 0.00916032 0.0140798 0.0112324 0.0135326 0.00615076 0.031982 -0.0104134 0.0389243 0.0290874 0.0266208
internal_weight=52750.3 28494.1 24256.2 12567.1 10410.8 13845.3 15927 6120.79 9044.23 5254.51 7687.65 6882.76 6157.69 5156.32 6446.33 4854.73 4420.56 3257.13 1523.97 172.363 4180.12 3871.82 3123.26 2266.22 1830.02 1770.01 2052.01 1733.16 541.887 4147.54 3537.39 2918.31 3239.38 456.902 3815.83 3682.77 2228.72 116.176 3376.63 2408.54 257.581 423.432 1163.43 2846.07 1478.1 3813.06 579.314 507.347 441.094 299.378 164.986 3233.74 2052.78 528.37 436.731 1180.96 4623.67 968.091 1071.25 1266.05 507.549 2150.96
internal_count=439369 142976 296393 51540 159616 136777 91436 25041 58346 88248 67475 33090 69302 71368 26499 19634 30935 22706 11040 1218 16912 36366 29343 9587 7714 7466 19200 11666 3679 20866 14298 34624 34678 3100 31109 30043 18317 819 13573 9679 1034 2872 8229 30448 6061 19217 3011 2636 2299 1561 858 16206 10435 2666 2211 5771 27411 3894 10143 5407 2082 8645
is_linear=0
shrinkage=0.04


Tree=28
num_leaves=63
num_cat=9
split_feature=0 0 0 0 0 3 0 3 0 2 0 25 0 0 55 25 25 25 34 4 3 55 25 0 25 55 4 0 31 53 43 38 4 3 11 15 49 55 28 48 25 7 20 7 26 13 35 45 16 34 25 8 35 16 1 43 7 12 35 25 49 34
split_gain=9276.46 1625.4 1337 225.591 194.04 192.014 159.944 46.1976 29.1496 28.6581 25.6968 24.196 20.6857 19.4331 17.2936 15.3338 14.7852 14.6114 13.3001 12.8248 11.8333 13.0589 11.6087 11.4537 10.8839 10.7318 10.3162 10.313 11.2784 14.5545 10.8295 12.2996 10.3041 10.1784 10.0436 9.52994 9.30302 9.25381 9.18959 10.3628 11.613 10.0823 10.2465 9.82802 11.7778 15.2889 9.07057 9.03551 8.98925 11.5964 8.92157 9.26377 9.03296 9.2994 8.98633 8.77418 8.72524 17.1808 14.877 12.3841 8.80715 9.44666
threshold=-1.800451874732971 -2.9117056131362911 -0.72488087415695179 -3.6413699388504024 -1.2375541925430296 0.64644789695739757 -2.2816562652587886 0.75973206758499157 -4.3508243560791007 -2.0738506317138667 -0.93729621171951283 0 -3.3409157991409297 -1.4688897132873533 5.5000000000000009 1 2 3 -0.39750000834465021 1.2719775438308718 0.50697708129882824 1.5000000000000002 4 -2.4708646535873409 5 1.5000000000000002 1.3458522558212282 -2.0981568098068233 -1.0000000180025095e-35 7.0150001049041757 4.5000000000000009 -0.029166666790843006 1.3631339669227602 0.82174682617187511 6.2550001144409189 0.24825000017881396 2.2050000429153447 5.5000000000000009 4.5000000000000009 1.4950000047683718 6 43.500000000000007 2.5000000000000004 55.500000000000007 1.5000000000000002 4.7149999141693124 -3.3558332920074458 3.5000000000000004 0.44009999930858618 -0.060833333060145371 7 46.500000000000007 -1.6691666245460508 0.25335000455379492 3.5000000000000004 2.5000000000000004 37.500000000000007 0.61004999279975902 3.4991666078567509 8 4.3350000381469735 0.55916666984558117
decision_type=2 2 2 2 2 2 2 2 2 2 2 1 2 2 2 1 1 1 2 2 2 2 1 2 1 2 2 2 2 2 2 2 2 2 2 2 8 2 10 10 1 2 10 2 2 2 2 2 2 2 1 2 2 2 2 2 2 2 2 1 8 2
left_child=1 3 4 8 13 11 9 25 -1 22 56 26 -5 48 15 32 18 36 -12 20 -13 -22 -3 -11 -16 -7 -4 28 29 30 31 -17 -8 -9 -32 -20 47 -14 39 41 -41 42 -18 44 -40 55 -34 -15 -2 -50 52 -52 -33 -54 -55 -46 58 -58 59 60 61 -6
right_child=2 6 5 12 10 7 14 33 -10 23 16 19 37 17 24 27 38 -19 35 -21 21 -23 -24 -25 -26 -27 -28 -29 -30 -31 34 50 46 -35 -36 -37 -38 -39 43 40 -42 -43 -44 -45 45 -47 -48 -49 49 -51 51 -53 53 54 -56 -57 57 -59 -60 -61 -62 -63
leaf_value=-0.039294914375361409 0.0018198046179855624 -0.01082724055051636 0.025106139795257998 -0.027400787517830566 0.040794065913112201 0.031955464834446883 -0.0091351873061708954 0.035144260877502415 -0.033134626070068805 -0.012901601057467779 0.027692696959070943 0.0064994376403744161 -0.021343396622720178 0.01288639931743351 -0.017946811159975779 -0.027928558222867574 0.019406043670250402 0.0084922579317037866 0.025139773255677816 0.014992657201424073 0.026237459585064453 0.018818856318555028 -0.01727444075992482 -0.0088131264296486475 -0.006848512144358586 0.027515095369107814 0.018019434541572642 -0.00074583833635291522 -0.0092489297938101993 0.025389384967147214 -0.012133354456831311 0.014525118612584638 -0.022485013896499841 0.041833421949539339 0.01519898042416244 0.015560040041653289 0.0010651176685917932 -0.026283336696356865 0.024321338898214511 -0.0020825786343944674 0.019539434803614881 0.012185205926077922 0.035090885521187797 -0.0025692350926481123 -0.004535911225648376 0.013511876203572809 -0.0019834669591616474 -0.0028160406511144914 0.021052506880186922 0.0044402234619631926 0.028520985315155078 0.0033566605249008698 -0.02639103557898417 -0.011018178358875393 0.0085172758431394883 0.0087842218141113825 0.0086762209684816387 0.030353964161459811 -0.0081727340396304769 0.0096985182604440428 0.014470901571447972 0.019727531868358836
leaf_weight=2090.7262305207551 4274.4318539425731 730.97261933237314 2551.8061534315348 1978.3128778636456 40.318373948335648 1408.8648113310337 1124.9900995641947 1289.5055061876774 2981.7829395383596 2191.1193240061402 226.99978928267956 91.658153891563416 2990.0415812209249 235.69361028075218 201.92174159735441 24.414694979786873 255.2492617815733 2004.0500432550907 198.94498609006405 1075.8337282538414 564.59444518387318 1158.9759011417627 2407.6296963021159 2194.2344921454787 597.35641118884087 2280.59020011127 377.25237208604813 2541.8799531832337 587.78072534501553 29.727227076888084 245.99892366677523 32.395807981491089 36.357391491532326 507.08657310903072 23.571956641972065 1007.9609014093876 978.93359833955765 761.19163369387388 113.46398225426674 92.852191403508186 60.806334778666496 198.30357244610786 90.186110183596611 78.545153632760048 131.52543924748898 919.89337436854839 686.5251597315073 78.048231929540634 87.038539543747902 295.47499407082796 25.228307768702507 324.14096499234438 36.871389105916023 107.60685789585114 57.972456365823746 198.5990597307682 2413.7732745409012 59.950101047754288 53.109365373849869 988.08554159104824 763.63485650718212 219.31865924596786
leaf_count=38159 28536 8371 10311 29720 202 5710 9567 5467 49755 24084 976 382 39893 1368 1755 217 1109 11395 870 4422 2267 4668 27616 21299 5101 9215 1556 19894 5282 265 2185 287 299 2212 211 4403 5659 10261 495 416 271 869 389 354 570 4040 5617 451 557 1942 223 2862 329 955 513 863 12052 304 271 4884 3748 1100
internal_value=-0.000225785 -0.0178352 0.0158649 -0.0295302 0.00844854 0.026403 -0.00894414 0.0317721 -0.0356737 -0.0129444 0.0128016 0.0213421 -0.0240912 0.00400909 -0.0044417 -0.00369195 0.0153388 0.00635903 0.0186796 0.0183896 0.0205042 0.021249 -0.0158624 -0.0108559 -0.0099625 0.0292107 0.0241111 -0.0022909 -0.00493197 -0.00213723 -0.00306901 -0.000112852 -0.00670455 0.0370323 -0.00974335 0.0171392 0.00296324 -0.0223458 0.0129518 0.0167821 0.00760985 0.0193741 0.023501 0.0111893 0.0119818 0.0108618 -0.00301459 0.00898017 0.00234553 0.00822024 0.00104958 0.00502983 -0.0048781 -0.00822392 -0.00417845 0.00347733 0.0108038 0.00920158 0.0127237 0.0132755 0.0164737 0.0229989
internal_weight=52382.1 25010.8 27371.4 10802.1 16065.2 11306.2 14208.7 5486.05 5072.51 7523.96 8111.52 5820.12 5729.55 7953.67 6684.74 5885.46 3573.33 3296.73 1433.91 2891.06 1815.23 1723.57 3138.6 4385.35 799.278 3689.46 2929.06 4037.59 1495.71 907.929 878.201 608.63 1847.87 1796.59 269.571 1206.91 1292.68 3751.23 2139.42 697.397 153.659 543.739 345.435 1442.03 1363.48 1250.02 722.883 313.742 4656.95 382.514 584.216 349.369 234.847 202.451 165.579 330.124 4538.19 2473.72 2064.47 2011.36 1023.27 259.637
internal_count=439024 304720 134304 167788 88094 46210 136932 22604 87914 81370 38186 23606 79874 49908 55562 48706 15625 18873 6249 11739 7317 6935 35987 45383 6856 14925 11867 33223 13329 8047 7782 5386 15483 7679 2396 5273 7478 50154 9376 3054 687 2367 1498 6322 5968 5473 5916 1819 31035 2499 5169 3085 2084 1797 1468 1433 22561 12356 10205 9934 5050 1302
cat_boundaries=0 1 2 3 4 5 6 7 8 9
cat_threshold=22288874 6558120 23473288 25248660 4214992 5546368 1573174 8618004 11671350
is_linear=0
shrinkage=0.04


Tree=29
num_leaves=63
num_cat=0
split_feature=0 0 0 0 0 0 0 4 0 0 0 0 0 16 16 31 31 48 4 34 54 4 34 16 4 0 12 0 18 49 15 34 10 35 18 7 16 8 56 35 36 15 49 34 34 36 39 54 49 0 35 49 16 18 4 54 54 4 55 53 31 48
split_gain=8505.89 1709.06 1093.6 259.103 208.745 158.187 114.252 41.8416 40.0558 32.3736 30.5316 24.8613 20.7021 18.6685 14.7364 13.3007 13.1588 16.0184 12.6432 16.5684 11.4937 11.4492 11.7827 11.3279 11.1866 10.9423 10.8673 13.3613 13.2021 10.7278 10.6555 10.4346 11.1895 10.3796 10.2648 9.75813 9.74013 9.87578 9.66086 9.43532 9.40947 9.3854 9.98691 9.32173 9.30813 10.2684 9.07136 8.96807 8.89376 8.77523 12.085 9.90403 10.0413 8.82427 8.83541 8.77418 8.7345 9.02422 8.72868 8.67025 8.66721 15.2736
threshold=-2.0981568098068233 -0.79293486475944508 -3.0809003114700313 -1.4294337034225462 -0.45060503482818598 -3.6413699388504024 -2.4708646535873409 0.83556732535362255 -1.079185366630554 -4.38437795639038 -1.7151132225990293 -0.65804103016853321 -2.8310116529464717 0.35009999573230749 0.35645000636577612 -1.4999999999999998 -1.0000000180025095e-35 -1.6549999713897703 1.4262213110923769 -0.23250000178813932 0.032500000670552261 1.2326324582099917 -0.30250000953674311 0.11830000206828119 0.95447453856468212 -3.3409157991409297 0.25090000033378607 -2.3353204727172847 21.500000000000004 1.9950000047683718 0.32565000653266912 1.375833332538605 0.13499999791383746 -0.87083333730697621 7.5000000000000009 42.500000000000007 0.3481499999761582 45.500000000000007 -0.044822912663221352 1.935833275318146 -0.018041666597127911 0.21450000256299975 4.1549999713897714 -1.1941667199134824 1.4508333802223208 -0.030541666783392426 4.6673333644866952 0.037499999627470977 3.3549998998641972 -1.8667646646499632 0.075833335518836989 -0.024999999441206452 0.30885000526905065 36.500000000000007 1.281666159629822 0.059166666120290763 -0.012500000186264513 1.375315845012665 5.5000000000000009 6.6250000000000009 -1.4999999999999998 -1.4750000238418577
decision_type=2 2 2 2 2 2 2 2 2 2 2 2 2 2 2 2 2 10 2 2 2 2 2 2 2 2 2 2 10 10 2 2 2 2 10 2 2 2 8 2 2 2 8 2 2 2 10 2 10 2 2 8 2 8 2 2 2 2 2 2 2 10
left_child=2 3 5 10 11 9 12 -6 -5 -1 16 31 29 36 34 26 17 -2 19 -16 33 22 -13 39 -9 -7 27 -8 -29 35 44 32 -3 -18 -15 58 37 -10 -17 -12 -30 -20 -43 -19 45 -21 -25 -24 -22 50 51 -35 -53 -54 -55 -49 57 -34 -4 -39 61 -14
right_child=1 4 6 8 7 25 15 24 13 -11 23 21 60 14 18 38 20 43 41 30 48 -23 47 46 -26 -27 -28 28 40 -31 -32 -33 56 49 -36 -37 -38 59 -40 -41 -42 42 -44 -45 -46 -47 -48 55 -50 -51 -52 52 53 54 -56 -57 -58 -59 -60 -61 -62 -63
leaf_value=-0.039516769786661146 -0.006996910587498132 0.027521075005650899 -0.014027266559428861 0.0075153614705696231 0.035960928807688544 -0.026976867642132741 -0.01661702642432723 0.030877158087407527 0.025029357644287639 -0.032873940637549628 0.0080579948749352134 0.035456709802193377 -0.018122081065858886 0.036193260421731002 0.030290926950442811 0.010989547354748601 -0.011001162061429806 0.02473191531706161 0.025997654815263914 0.032055407920951066 -0.01159733110366881 0.019119649298288365 0.023329475099510003 0.0030100243615022071 0.026603910663707361 -0.022813583520778905 -0.0012379521517883196 -0.0090163933716491292 0.0254473234052464 -0.026635098900878243 0.011431199667099779 0.010929336733884954 0.022058287623552521 -0.012353434056859951 0.01595759378956783 -0.021007834097711283 -0.0060795743274222351 0.021808767503638499 -0.0089237268422781273 0.02922756462163404 -0.00076679798074010235 -0.0013875294168785215 0.011638598986387605 0.0013960517168950042 0.011231610429785708 0.013930179389940763 -0.013147145344683957 0.006613957799223749 0.0061680769636865817 0.0019335280488755157 -0.0054320388416310298 0.030502707048494008 0.02083158656825812 0.011296501487309268 -0.022112028485001597 0.027005615354618432 0.013598954030243169 0.014263706672545822 -0.022617855488467765 0.01008553359124909 -0.015139677684142686 -0.0088750900807537877
leaf_weight=1933.0426966026425 396.51726982742548 167.44428929686546 1117.8141796663404 5072.365175023675 1403.0485252737999 1938.7948848232627 202.62053448706865 1471.0708443671465 77.555009678006172 2988.7027427181602 166.51382690668106 120.9951995164156 388.53923246264458 91.502738326787949 144.29694613814354 39.409635752439499 195.57380699366331 27.693154372274876 59.600889950990677 142.37402546405792 375.70451258867979 1893.0118239820004 2074.6615661531687 3763.1894858181477 2937.2968358844519 2108.6685084626079 833.36282287538052 202.07108019292355 35.340548008680344 231.75389816612005 437.14221566915512 458.04296588897705 642.40963998436928 33.706937924027443 71.4091866761446 824.51271253824234 54.753214567899704 105.09187443554401 3581.917031429708 42.229357957839966 57.643226988613605 113.36452685296535 556.2345722168684 2489.8056259602308 105.51327051222324 77.087682917714119 56.432086303830147 102.96141663193703 51.236103095114231 772.51585250347853 903.25268220156431 34.183673895895481 33.133090391755104 24.874334454536438 25.805903270840645 50.233171939849854 803.95726838707924 377.19237317144871 227.81246358901262 2553.9757385700941 2692.5597756430507 1080.8253352344036
leaf_count=36574 2997 700 14354 27393 6093 29819 1981 6077 355 51450 1073 485 4383 422 640 358 1523 210 274 640 3035 7661 8321 24247 11861 29541 7784 1824 318 2980 1995 1947 2663 273 326 10626 251 478 33924 276 518 535 2548 19058 492 349 371 414 410 5672 7330 278 268 205 206 202 3370 1582 2953 11725 30367 12126
internal_value=-0.000122411 0.0129067 -0.0201933 0.00536648 0.0243987 -0.0306657 -0.0120371 0.0299447 0.00996527 -0.0354829 0.000635536 0.0195818 -0.0154978 0.0126727 0.0158508 -0.00745026 -0.00134083 0.000475772 0.0147081 0.0178624 -0.0035015 0.0214345 0.0233001 0.00326718 0.0280299 -0.0248079 -0.00403102 -0.00870805 -0.00327678 -0.0184548 0.0155092 0.0163729 0.0176252 -0.00224289 0.0273234 -0.0175812 0.010625 0.0109592 -0.00870702 0.0123407 0.00919646 0.0107871 0.00943325 0.00165275 0.0209948 0.0256888 0.00277131 0.0226398 -0.00946535 -0.00130559 -0.00367751 0.00676901 0.0122315 0.00477951 -0.00571481 0.0133005 0.0167165 0.0191748 -0.0154816 0.0105489 -0.0137912 -0.0113202
internal_weight=52042.4 31557 20485.4 19054.6 12502.3 8969.21 11516.2 5811.42 9662.27 4921.75 9392.37 6690.91 6563.82 4589.9 1798.53 4952.36 5364 2914.02 1635.61 906.414 2449.99 4241.86 2348.85 4028.36 4408.37 4047.46 1331.04 497.675 295.055 2401.89 762.117 2449.05 1991 2023.05 162.912 2170.14 2791.38 2736.62 3621.33 208.743 92.9838 729.2 669.599 2517.5 324.975 219.462 3819.62 2227.86 426.941 1827.47 1054.96 151.704 117.997 83.8133 50.6802 153.195 1823.56 1019.6 1345.63 2659.07 4161.92 1469.36
internal_count=439111 167231 271880 115855 51376 147384 124496 24031 48423 88024 67432 27345 77789 21030 8221 46707 41465 22265 7473 4116 19200 17083 9422 25967 17938 59360 12425 4641 2660 30913 3476 10262 8315 15755 748 27933 12809 12558 34282 1349 836 3357 3083 19268 1481 989 24618 8937 3445 14232 8560 1230 957 679 411 616 7615 4245 17307 12203 46876 16509
is_linear=0
shrinkage=0.04


Tree=30
num_leaves=63
num_cat=12
split_feature=2 1 2 3 2 2 4 2 3 3 3 3 25 25 2 25 2 25 54 25 34 17 12 25 4 4 53 2 25 25 55 25 7 25 3 3 15 48 6 2 4 12 54 12 25 26 11 2 55 4 39 4 43 3 54 49 54 35 25 54 54 2
split_gain=7908.13 1178.44 1143.3 424.013 168.039 154.551 81.5899 80.0388 74.2192 42.6899 37.9022 33.2059 21.6807 21.1568 21.0445 23.0902 20.167 19.1094 16.6358 19.1921 17.2016 16.3534 16.2389 16.108 15.0434 14.768 14.2995 14.0988 14.0569 13.7108 13.8881 18.1171 13.6837 13.2415 16.0372 13.1242 12.6024 12.7182 12.5732 12.4081 12.0344 12.6575 11.8975 13.0529 15.4536 11.7755 15.1751 14.6498 12.6337 11.7525 12.0459 11.7237 11.6725 11.5762 11.5694 11.2347 13.7401 10.8966 12.7655 10.8756 10.4422 10.4966
threshold=-1.2473551034927366 1.5000000000000002 -2.5151880979537959 0.59182780981063854 -3.4078608751296993 -1.9594913125038145 0.9404941499233247 -0.70057076215744007 0.42727483808994299 0.50323492288589489 0.46648937463760382 0.50520855188369762 0 1 -0.21402113884687421 2 -2.9936090707778926 3 0.040833333507180221 4 1.1758332848548891 3.185000061988831 0.25090000033378607 5 0.78153684735298168 1.4916491508483889 6.8849999904632577 -2.1750770807266231 6 7 1.5000000000000002 8 42.500000000000007 9 0.43063625693321234 0.29034198820590978 0.2921500056982041 -1.7749999761581419 2.5000000000000004 -3.9550833702087398 1.2214391827583315 0.58605000376701366 -0.007500000298023223 0.44770000874996191 10 3.5000000000000004 5.9749999046325692 -0.095634173601865755 2.5000000000000004 1.4046365022659304 0.25083333253860479 1.1725814938545229 5.5000000000000009 0.31758287549018865 -0.064166665077209459 -0.92500001192092884 0.0224999999627471 -0.74750000238418568 11 0.020833333022892479 0.035833332687616355 -1.2650425434112547
decision_type=2 2 2 2 2 2 2 2 2 2 2 2 1 1 2 1 2 1 2 1 2 8 2 1 2 2 2 2 1 1 2 1 2 1 2 2 2 10 2 2 2 2 2 2 1 2 2 2 2 2 10 2 2 2 2 10 2 2 1 2 2 2
left_child=2 3 4 8 39 11 24 29 12 -6 28 -4 35 -8 18 -16 -11 38 19 20 -9 -20 -13 60 -5 -22 -15 57 -7 55 31 -31 -18 34 -23 -2 -30 -38 52 -1 -19 -42 43 -25 -45 46 49 -48 54 -17 -51 -21 -10 -32 -47 -3 -57 58 -24 -39 61 -12
right_child=1 7 5 6 9 10 13 14 17 16 23 22 -14 26 15 45 32 40 21 51 25 33 27 42 -26 -27 -28 -29 36 30 53 -33 -34 -35 -36 -37 37 59 -40 -41 41 -43 -44 44 -46 48 47 -49 -50 50 -52 -53 -54 -55 -56 56 -58 -59 -60 -61 -62 -63
leaf_value=-0.038814941092414984 0.00035602704934161296 0.00037914854781593795 -0.021200136537199363 0.037119972959908085 -0.031440500528396982 -0.0065439079335094788 0.029111054232523505 0.012843221579179062 0.026603795986978422 -0.02657421373271715 -0.0023938723517593374 -0.019024556016963273 0.006940882870133596 0.023475835807790085 0.005303838321100535 0.027707047649868862 -0.018631733743238829 0.020000183230848876 0.023329083959320741 0.015345050974478679 0.0069096738873924389 -0.0019312177726037915 0.003784669245702631 -0.0072930717472394482 0.030767101798085856 -0.011793298713401814 0.016839414790859906 -0.0094307808691025483 -0.018818221431736538 0.011802880049903982 -0.0090925910165375046 0.00090100179175796465 -0.024543567078950938 -0.0093231099407419145 0.025821360760589742 0.014112327684231216 -0.023197433364685955 -0.0067087898932629234 0.018439980449655672 -0.033989731150757756 0.013872081094904712 0.029750335455303173 -0.009937132921357757 0.011911238243548608 -0.0041421781619013923 0.010450472889914488 0.010490092695201722 -0.017638285609952006 0.012183239359318553 0.0012331450197399854 0.025321206996463938 0.0036387351619799196 0.011899719069241111 0.00099270165934469616 0.026895067774386196 -0.0036928258747583424 -0.01775477822237706 -0.016492007703747643 -0.013482753365072014 -0.015348904976658482 -0.0093427440369387993 0.016556736136693444
leaf_weight=1622.3790626339614 118.25118441879749 769.5270001962781 1461.040498636663 907.46564048528671 1272.2235351614654 749.0091951712966 1299.0964317768812 1043.9184447154403 669.88653841614723 1642.4951389580965 2137.9938233494759 837.40306222438812 1821.1076567471027 2831.252296552062 847.11279951035976 72.70972628891468 1612.871193703264 740.29387044906616 38.881366319954395 144.60191735625267 374.98997415602207 138.40902062505484 99.588271170854568 999.93965171277523 1739.7345847189426 82.390618674457073 636.21920309960842 1225.7387439310551 506.17666428536177 434.32136006653309 192.98442561179399 558.71133124083281 1024.2658587805927 259.62368685752153 43.876363828778267 1801.2194659560919 126.64022029191256 660.50862624496222 1532.5261102616787 1797.3536866977811 2928.3303247094154 82.592861205339432 1482.6257479935884 132.26040100306273 285.57035182416439 91.951915830373764 60.831111297011375 57.750002041459084 372.55647730827332 113.00449615716934 47.044958025217056 2563.8093734830618 99.165588721632957 3228.8097278252244 267.83673574030399 510.44612073898315 142.13581358641386 1434.7848208621144 206.04892438650131 360.21843648701906 358.71782710403204 47.811078689992428
leaf_count=31669 647 5574 19978 4026 21375 7804 5243 6005 2758 26600 18747 9911 8626 11426 4361 339 22541 3017 239 739 2058 869 1202 8811 7308 518 2565 13130 5357 2946 1648 3828 14368 1601 244 8422 1373 6814 6344 32896 12190 347 13525 1120 2463 452 316 290 1912 595 250 14927 409 23049 1341 3648 1082 17216 2488 3834 3332 350
internal_value=-0.000177675 0.0133137 -0.0183009 0.0200974 -0.0293038 -0.0107725 0.0273141 0.00394422 0.0146341 -0.0250073 -0.00721551 -0.0160745 0.0102046 0.024187 0.00695447 0.0104693 -0.0230949 0.0173716 0.00550764 0.0063127 0.00994289 -0.00154124 -0.0141056 -0.00536893 0.0329449 0.0035406 0.0221942 -0.0127169 -0.0114004 0.000529453 0.00162881 0.00579707 -0.0209279 -0.00372946 0.0045019 0.0131961 -0.0134792 -0.0112413 0.0204455 -0.0362789 0.01539 0.0143076 -0.00740638 -0.00481209 0.00112532 0.0143259 0.00843817 -0.00320866 0.0173462 0.0143718 0.00831359 0.00424805 0.0247078 0.000423905 0.0226923 -0.00287465 -0.00675559 -0.0150312 -0.00817367 -0.00975792 -0.00300561 -0.00197936
internal_weight=51749 29665.4 22083.7 17207.1 8971.59 13112.1 7413.77 12458.2 9793.37 5551.86 7847.47 5264.6 3740.58 4766.57 6621.3 1930.8 4279.63 6052.8 4690.5 4209.71 1501.3 480.79 3803.56 5444.92 2647.2 457.381 3467.47 2966.16 2402.55 5836.94 4414.83 993.033 2637.14 441.909 182.285 1919.47 1653.54 1147.37 2301.58 3419.73 3751.22 3010.92 2900.4 1417.77 417.831 1083.69 351.34 118.581 732.345 232.759 160.049 2708.41 769.052 3421.79 359.789 1422.11 652.582 1740.42 305.637 1020.73 2544.52 2185.8
internal_count=439063 152159 286904 73328 149449 137455 30568 78831 42760 84884 73530 63925 17695 19234 37056 9856 63509 25065 27200 24247 8581 2953 43947 48348 11334 2576 13991 34036 25182 41775 31471 6774 36909 2714 1113 9069 17378 12021 9511 64565 15554 12537 25919 12394 3583 5495 1790 606 3705 1184 845 15666 3167 24697 1793 10304 4730 20906 3690 10648 22429 19097
cat_boundaries=0 1 2 3 4 5 6 7 8 9 10 11 12
cat_threshold=11341358 17047852 804570 1313272 17248298 30502402 7697408 4457640 2763524 17324594 2752576 17044084
is_linear=0
shrinkage=0.04


Tree=31
num_leaves=63
num_cat=0
split_feature=0 0 0 3 0 0 0 4 0 0 0 0 0 0 50 3 4 39 56 16 49 4 16 15 13 34 56 49 43 6 54 53 39 39 8 35 4 12 39 49 4 56 4 54 45 16 48 27 51 8 54 54 8 8 8 13 48 50 31 12 5 35
split_gain=7475.12 1290.54 1281.75 211.582 180.924 152.46 131.332 50.4265 28.7508 26.2902 21.5721 20.2094 19.3321 17.068 15.6988 15.0976 14.7714 14.2164 19.229 13.0191 12.8799 12.1944 22.3634 14.2764 11.9069 10.8227 10.3296 10.3557 10.0982 10.0324 14.6641 13.7135 14.4656 11.4039 11.1659 11.6086 10.5158 9.98804 12.6853 11.5703 9.95837 9.88647 10.1352 9.83286 9.81774 10.3822 9.79982 9.77877 15.3077 9.75212 9.50495 9.46543 11.4103 9.09347 8.8246 8.7716 9.79728 8.77119 9.02362 15.2784 8.76699 12.4117
threshold=-1.9321197867393491 -3.1251311302185054 -0.79293486475944508 0.63000038266181957 -2.4708646535873409 -1.3043900132179258 -3.864582777023315 0.93600317835807811 -2.7102637290954585 -1.6970797777175901 -2.1556856632232662 -3.4232381582260127 -1.079185366630554 -4.3508243560791007 -0.089649997651576982 0.54180839657783519 0.78153684735298168 3.00083339214325 -0.023985526524484154 0.35009999573230749 -0.82499998807907093 1.4312765598297121 0.35514999926090246 0.33390000462532049 1.0149999856948855 -0.31249999999999994 -0.0075452758464962235 -3.9850000143051143 3.5000000000000004 3.5000000000000004 -0.045833334326744073 6.7850000858306894 1.7418333292007449 2.00083339214325 44.500000000000007 -1.7941666245460508 1.2214391827583315 0.45694999396801 0.25083333253860479 2.9250000715255742 1.4883599877357485 0.011845426168292763 1.5780431032180788 -0.017500000074505802 1.5000000000000002 0.43684999644756323 2.7849999666213994 4.5000000000000009 0.024999999441206459 51.500000000000007 -0.087499998509883867 -0.039166666567325585 51.500000000000007 55.500000000000007 45.500000000000007 7.6150000095367441 0.78499999642372142 -0.011950000189244745 -1.0000000180025095e-35 0.43494999408721929 3.5000000000000004 1.0158333182334902
decision_type=2 2 2 2 2 2 2 2 2 2 2 2 2 2 10 2 2 10 8 2 10 2 2 2 2 2 10 8 2 2 2 2 10 10 2 2 2 2 10 10 2 10 2 2 2 2 10 10 10 2 2 2 2 2 2 2 8 10 2 2 2 2
left_child=1 6 5 15 8 9 13 16 -3 24 -6 -8 17 -1 -12 54 -5 18 20 28 -7 23 -23 53 -2 -25 27 -26 46 31 49 32 37 -34 -33 -36 -32 39 -39 50 -35 42 -10 -27 45 47 -14 -29 -49 -31 -11 52 -17 -21 -4 -38 -57 58 -30 -60 61 -20
right_child=2 4 3 7 10 12 11 -9 41 29 14 -13 19 -15 -16 51 -18 -19 60 21 -22 22 -24 25 26 43 -28 44 57 30 36 34 33 40 35 -37 55 38 -40 -41 -42 -43 -44 -45 -46 -47 -48 48 -50 -51 -52 -53 -54 -55 -56 56 -58 -59 59 -61 -62 -63
leaf_value=-0.03864694845815566 -0.0084057479900580614 -0.017109579585623695 0.02739739061437518 0.036743023333513286 -0.0077458553176418376 0.010957282849426025 -0.028352032789418887 0.025202531235757185 -0.010448643287240766 -0.0089711395784636428 -0.0091694978921275615 -0.023017568024264207 0.013030083714723313 -0.033095144923586499 -0.0019621168478781898 0.016485348078932878 0.030370738613295804 -0.00043908145751168226 0.0091632436212909906 0.023866052773174124 0.033354976635030203 0.035561500342612143 0.0087218314875108002 0.026032583236785409 0.02476618179233931 0.015460396430719817 -0.0035108180528369841 0.0015646272807504763 0.0090426423251250727 -0.0019047264396718428 -0.0056590017988843201 -0.014276334956965436 -0.024902643908563997 0.0032536295469212757 -0.00081215113746642995 0.0091538896652152823 0.00071790578303966817 0.020827722436534302 -0.0056069544379331784 0.021295593779177571 -0.017006550272904375 -0.018214845114059807 -0.025081218610618815 0.0038012106505552162 6.3287658949758209e-05 0.026542656798881136 0.00019027387160801577 -0.0038663604352323524 0.030411402944118253 0.012147803262100408 0.0033717721820406407 0.018423506097712119 0.025906916740746192 0.0057100568607945023 0.01566861141117239 0.029761945200725483 0.0048205662241432821 0.016222959021774407 -0.0077834380666905092 0.0075278905465967242 0.012740683724761928 0.0032076802945977807
leaf_weight=1891.2678436711431 273.12278733402491 3990.5170729830861 106.02452856302261 900.07669661939144 4091.6513818800449 84.481179267168045 2364.5534883290529 3450.8920200318098 2358.4652804508805 109.59321434795856 597.41043172776699 2187.5251127891243 1432.0800598710775 1666.8928711824119 2536.8572654724121 291.06771922111511 1647.2170264869928 310.66093485057354 1390.8724470734596 447.77013643085957 79.961886748671532 53.309037506580353 727.86635310947895 83.252282738685608 30.798964813351631 265.98753046989441 824.21433683484793 315.14097314327955 660.91445776820183 106.73691274225712 392.41619390249252 36.520253300666809 43.664402797818184 141.84974350035191 210.2365275323391 1692.3963864892721 1026.7530997544527 111.55284997820854 39.269702285528183 53.371842384338379 53.441008687019348 338.40098180621862 78.250538423657417 204.88118697702885 1746.9505595490336 38.661270759999752 101.87459503114223 34.7077656686306 52.189524471759796 304.22995144128799 1119.841381624341 2162.0462274998426 701.00012935698032 48.964164614677429 3213.6250961571932 35.468584328889847 87.031832829117775 155.88888290524483 169.16398777067661 271.83109852671623 472.71813993155956 937.14105083048344
leaf_count=38275 2014 51688 437 4041 39608 425 39829 14009 26528 655 5016 32712 6503 30896 21068 1167 6974 1658 7139 2013 410 243 3328 365 224 1199 6121 2322 2967 649 2616 225 267 880 1278 10375 6356 682 242 324 324 3840 861 928 12820 282 473 259 386 1857 6777 8682 2811 218 13285 220 539 727 777 1266 2482 4932
internal_value=-3.64763e-05 -0.0175933 0.013229 0.022941 -0.0102343 0.00601027 -0.0302888 0.0283536 -0.0149351 0.00241412 -0.00583302 -0.0257885 0.0100528 -0.0360461 -0.00333589 0.0179261 0.0326224 0.00770189 0.00855481 0.0117183 0.0218484 0.0143385 0.0105534 0.0171522 -0.00040531 0.0127379 0.000312845 0.00173344 0.00999893 0.0040942 0.00178426 0.00534305 0.00268912 -0.00642246 0.00763214 0.00805267 -5.45849e-06 0.00420783 0.0139449 0.00306302 -0.00229054 -0.0118083 -0.0109185 0.0103873 0.00140917 0.00674431 0.0121774 0.00484044 0.0167205 0.00849806 0.00227151 0.0199078 0.0231427 0.0220764 0.0160432 0.00192496 0.0120421 0.00734222 0.00608584 0.00165452 0.00777429 0.00676583
internal_weight=51353.5 22101.8 29251.7 12471.9 13991.6 16779.8 8110.24 5998.19 6765.63 8880.16 7225.92 4552.08 7899.62 3558.16 3134.27 6473.76 2547.29 3275.84 2965.17 4623.78 164.443 1832.03 781.175 1050.86 3315.79 554.121 3042.66 2218.45 2791.75 5564.37 1952.64 3611.74 1672.58 238.955 1939.15 1902.63 1541.67 1433.63 150.823 1282.81 195.291 2775.12 2436.72 470.869 2187.65 440.7 1533.95 402.038 86.8973 410.967 1229.43 3154.11 992.068 496.734 3319.65 1149.25 122.5 1257.8 1101.91 440.995 2800.73 2328.01
internal_count=438474 290321 148153 51406 148609 96747 141712 25024 82917 58694 65692 72541 38053 69171 26084 26382 11015 17046 15388 21007 835 8294 3571 4723 24428 2492 22414 16293 12713 34266 12237 22029 10151 1471 11878 11653 9731 8680 924 7756 1204 31229 27389 2127 16069 3249 6976 2967 645 2506 7432 12660 3978 2231 13722 7115 759 5737 5010 2043 14553 12071
is_linear=0
shrinkage=0.04


Tree=32
num_leaves=63
num_cat=12
split_feature=0 0 0 0 0 0 0 0 0 0 4 0 0 0 4 0 25 12 25 25 2 36 7 36 25 7 54 31 54 11 25 50 25 4 25 34 55 25 42 25 17 48 4 45 25 34 7 0 53 53 53 6 54 25 1 54 34 48 39 25 4 0
split_gain=6950.61 1265.72 1079.14 193.464 174.703 145.131 115.659 31.4501 30.3939 26.9039 21.7435 20.2238 17.9093 17.7065 17.0023 16.0887 17.7488 19.6084 13.6497 12.6669 12.5864 12.4197 12.1972 11.5812 13.1774 11.355 11.3419 11.3192 14.1326 14.4408 12.9607 11.8193 11.653 12.3008 11.2396 11.2252 16.7966 16.8109 13.3299 10.5997 10.3081 12.1128 10.2585 11.173 9.98869 11.6049 10.1932 10.1086 10.0156 9.85933 9.75293 9.68564 14.447 10.1286 13.3053 13.4028 12.0148 11.5398 11.3626 9.6325 10.3217 9.62239
threshold=-1.8831887841224668 -3.1102806329727168 -0.65804103016853321 -1.1487106680870054 -2.4708646535873409 -3.8424757719039913 -0.3769832700490951 -1.4688897132873533 -2.8183037042617793 -2.2544609308242793 0.78153684735298168 -0.52933800220489491 -4.38437795639038 -3.4583823680877681 1.4338353276252749 -1.033816337585449 0 0.41275000572204595 1 2 -0.063770208507776246 -0.023174999281764027 24.500000000000004 -0.046358332037925713 3 26.500000000000004 -0.017500000074505802 -1.0000000180025095e-35 0.029166666790843013 6.5350000858306894 4 0.072450000792741789 5 1.4703419804573061 6 -0.12416666746139525 4.5000000000000009 7 4.5000000000000009 8 6.3550000190734872 0.16499999910593036 1.3846164345741274 3.5000000000000004 9 1.2308333516120913 30.500000000000004 -1.800451874732971 6.805000066757203 6.805000066757203 6.9849998950958261 2.5000000000000004 0.050833333283662803 10 1.5000000000000002 0.032500000670552261 0.54750001430511486 -0.25499999523162836 -0.9426666498184203 11 0.96435746550560009 -1.766928970813751
decision_type=2 2 2 2 2 2 2 2 2 2 2 2 2 2 2 2 1 2 1 1 2 2 2 2 1 2 2 2 2 2 1 10 1 2 1 2 2 1 2 1 10 10 2 2 1 2 2 2 2 2 2 2 2 1 2 2 2 8 10 1 2 2
left_child=1 5 3 7 8 12 11 27 -3 18 -8 39 -1 -7 15 19 17 25 -6 21 -16 -5 -12 24 -9 -17 -18 31 -29 -30 -31 44 -33 -34 -13 36 37 42 -38 -4 41 -35 -11 -44 45 46 47 -2 -47 -28 -36 52 53 54 -25 57 -55 -56 -59 60 -24 -46
right_child=2 4 6 14 9 13 10 23 -10 35 22 34 -14 -15 20 16 26 -19 -20 -21 -22 -23 59 51 -26 -27 49 28 29 30 -32 32 33 40 50 -37 38 -39 -40 -41 -42 -43 43 -45 61 48 -48 -49 -50 -51 -52 -53 -54 56 55 -57 -58 58 -60 -61 -62 -63
leaf_value=-0.038557643996152698 -0.005593997423271089 -0.017892340641972811 0.020595912566536385 0.0037304488855731295 -0.012701075055557884 -0.02763591563183309 0.034250255340458204 0.0086947425919717825 -0.012359335051985177 -0.0099151246836849602 0.041308044004128207 0.024847330103355811 -0.032867920539745021 -0.02257869356690689 0.023973423178938594 0.033581240396302822 0.014432145319385309 0.012581864420909493 -0.0066858531048904976 0.0038927359385268591 0.0087321599751397291 0.019971145570860566 0.032234609911189718 -0.00029280351172751047 -0.00086552424445449333 0.019820714390514572 0.0143258635160617 0.0011011509257972979 -0.011431210628589091 -0.010608721189878078 0.010272765582731654 0.013526133731023429 -0.0025374776387582661 0.03653799802299839 0.019843498581047597 -0.0051728346872050128 -0.0025464394577416629 0.0061072148162026694 -0.020920162602964098 0.0145503588712503 -0.0065818138916204274 0.0072050397588447517 0.01180898445053484 -0.0050166258334075507 -0.0059816329026695179 0.0077853312494864111 0.0013619817394396369 0.015272410876823022 0.037496214274292922 0.0071232438803892698 0.0045788077969865625 0.0055131469880688767 -0.0063513454750251655 0.0042733140812273931 0.036441855213533388 0.040333206268596877 0.018085439703984661 0.018344344419294313 0.0050585850760198068 0.023460241213770012 0.025302215167425354 0.0017525463231779501
leaf_weight=1743.9069662429392 46.558368861675262 2682.8051447719336 1064.1893969923258 114.18083699047565 1013.9187048524618 2000.6647808142006 876.96631056070328 333.27381865680218 3894.3110899627209 242.14086809009314 94.225418791174889 1577.0817440599203 1797.4910856708884 2481.8702674508095 89.597586706280708 108.57888861000538 1494.4346965104342 704.61298045516014 1752.4175693616271 522.83279600739479 2673.5932658314705 221.47038127481937 995.89048880338669 80.226221963763237 703.78920775651932 824.78870178759098 446.55388927459717 2347.2900434136391 319.11617579311132 66.873077198863029 116.72896725684404 311.03110873699188 234.95044130086899 39.577467039227486 1748.8695490807295 3780.0880368500948 156.71167798340321 553.43818350881338 105.84630808234215 1484.0313600003719 31.792920105159283 52.275628119707108 102.62999039143324 164.13686865568161 356.60726992040873 43.708139948546886 705.22304730862379 183.75381900370121 31.05002523958683 953.0624582618475 69.636447429656982 2303.9421655088663 82.874592691659927 500.54717814922333 38.533313080668449 37.22137539088726 126.16494445502758 290.52868683636189 159.56501717865467 1549.8271579146385 524.68615898489952 924.97933846712112
leaf_count=36596 345 36153 4279 559 10140 34624 3987 1837 45229 2083 394 6358 34356 37999 441 458 6429 3065 17413 2588 12272 1082 4219 411 3928 3504 1922 16147 2289 483 839 2090 1602 260 7047 32275 1361 4654 914 5979 209 342 847 1350 2642 295 4694 1185 212 4119 280 12784 458 2708 211 202 697 1552 858 6485 2148 5967
internal_value=-0.000230872 -0.0168788 0.0128469 0.00715795 -0.00980447 -0.0296174 0.0234563 0.00355971 -0.0146162 -0.00578385 0.0286769 0.0199064 -0.0356697 -0.0248359 0.0117776 0.0130853 0.0140364 0.017512 -0.00896064 0.00806438 0.00922636 0.0140285 0.0271324 0.00600901 0.00228229 0.0214215 0.0119674 0.00159712 -0.000202396 -0.00628892 0.00264884 0.00332889 0.00800386 0.00275991 0.0219277 -0.00406238 -0.000894144 0.00134488 -0.00995353 0.017213 0.0130491 0.019844 -0.00387798 0.00145649 0.00196299 0.00491129 0.00374803 0.0110542 0.0201254 0.00942127 0.0191536 0.00707676 0.00981491 0.0109017 0.014639 0.0171955 0.00694308 0.015433 0.0136343 0.0266974 0.0296476 -0.000396431
internal_weight=51079.7 22472.4 28607.3 18621.9 14448.4 8023.93 9985.4 10468.2 6577.12 7871.33 4041.6 5943.81 3541.4 4482.54 8153.71 5390.52 4532.03 1637.98 2766.34 858.484 2763.19 335.651 3164.63 4656.67 1037.06 933.368 2894.05 5811.52 2850.01 502.718 183.602 2961.51 669.628 358.596 3395.59 5104.99 1324.9 1062.35 262.558 2548.22 123.646 91.8531 508.908 266.767 2291.88 1010.29 935.535 230.312 74.7582 1399.62 1818.51 3619.6 1315.66 1232.79 606.075 525.848 626.712 488.627 450.094 3070.4 1520.58 1281.59
internal_count=438856 295994 142862 101686 152419 143575 41176 65247 81382 71037 17233 23943 70952 72623 36439 23726 19497 7027 27553 4229 12713 1641 13246 25646 5765 3962 12470 39601 19758 3611 1322 19843 4503 2413 13685 43484 11209 8934 2275 10258 811 602 4280 2197 15340 6731 6224 1530 507 6041 7327 19881 7097 6639 3234 2823 3405 2621 2410 12852 6367 8609
cat_boundaries=0 1 2 3 4 5 6 7 8 9 10 11 12
cat_threshold=1051116 17214048 25693844 5386506 21242808 3683446 17215722 18961244 1333674 27827348 13804008 18788736
is_linear=0
shrinkage=0.04


Tree=33
num_leaves=63
num_cat=11
split_feature=0 0 0 0 4 0 0 3 0 0 25 0 25 25 2 18 39 34 25 4 56 50 25 25 56 25 39 35 25 34 56 48 25 53 35 13 4 28 0 55 25 15 12 31 39 56 31 50 4 17 4 51 4 33 0 12 49 4 53 55 25 4
split_gain=6373.33 1240.98 966.617 182.553 169.833 116.889 115.598 54.2129 46.274 22.966 22.8999 16.8182 16.6174 16.428 15.1527 13.6752 13.6429 13.5307 13.8918 12.3218 12.0773 13.7277 16.3783 11.9801 11.9293 11.7569 11.669 13.3406 12.3356 16.5086 12.265 11.4718 11.1827 11.161 12.3075 12.8829 11.1088 10.7842 10.4689 10.4563 9.99255 17.3793 10.3743 14.6767 11.4723 9.88736 12.0769 9.68718 9.57712 9.6253 9.55204 9.51411 15.8468 9.49136 9.4438 9.44037 9.39189 12.7102 9.29239 9.21063 9.07224 9.04498
threshold=-2.0981568098068233 -0.79293486475944508 -3.2147889137268062 -1.5481464862823484 0.93600317835807811 -3.8424757719039913 -2.7102637290954585 0.59182780981063854 -1.1024111509323118 -2.322920441627502 0 -4.3508243560791007 1 2 -1.0272111296653745 43.500000000000007 -3.720833301544189 -0.052500000223517411 3 0.78153684735298168 0.012297186069190504 0.1090499982237816 4 5 -0.021143673919141289 6 -0.166333332657814 -4.192499876022338 7 -0.29249998927116388 -0.0033021022100001569 2.2749999761581425 8 6.8849999904632577 1.9074999690055849 7.3650000095367441 1.1665365695953371 4.5000000000000009 -3.0082942247390743 4.5000000000000009 9 0.4228499978780747 0.32764999568462377 -1.4999999999999998 2.55733335018158 -0.0068925202358514062 -1.4999999999999998 -0.13735000044107434 1.375315845012665 9.6900000572204608 1.2792074680328371 -1.0000000180025095e-35 1.4732596278190615 1.0000000180025095e-35 -3.5469450950622554 0.44770000874996191 -0.044999999925494187 1.5331130027770998 6.7249999046325692 4.5000000000000009 10 1.2870022654533388
decision_type=2 2 2 2 2 2 2 2 2 2 1 2 1 1 2 10 8 2 1 2 10 10 1 1 8 1 8 2 1 2 10 8 1 2 2 2 2 10 2 2 1 2 2 2 8 8 2 8 2 8 2 8 2 2 2 2 10 2 2 2 1 2
left_child=2 3 5 14 19 11 13 12 23 15 33 -1 48 -4 25 20 -10 18 -18 -3 -8 -22 -23 26 50 -2 28 -28 29 -5 -31 61 -11 34 -9 37 -12 -36 -15 -25 42 56 -16 44 -44 -20 -47 -41 49 59 -14 -43 -53 -48 -7 -27 -42 -58 -56 -6 -55 -26
right_child=1 4 6 8 7 54 9 10 16 32 36 -13 24 38 40 -17 17 -19 45 -21 21 22 -24 39 31 55 27 -29 -30 30 -32 -33 -34 -35 35 -37 -38 -39 -40 47 41 51 43 -45 -46 46 53 -49 -50 -51 -52 52 -54 60 58 -57 57 -59 -60 -61 -62 -63
leaf_value=-0.038101359082229586 0.00049893453681259311 0.033996762463016403 -0.010608617799767137 -0.0069935982106172166 0.012898289687967902 -0.027563512001419724 -0.0096375518266038976 0.021385612483955527 -0.0082492173897292884 -0.0024498065047332158 0.025751930629233769 -0.032499344371943274 0.035977271557143989 -0.020408991540372075 0.00024889501899682089 0.013823898883743949 0.020094416831159687 0.0095527044608688678 0.020144581699478921 0.028094018360674742 -0.01832886899330715 -0.017803670625499906 0.01843886753548496 0.0048410534123104381 -0.0016168251547067037 -0.0054940657064002666 0.027178559138959321 0.0057977221438784247 0.017425713510064528 0.023726847346754818 -0.00046936183597904939 0.017717989799076555 -0.0075790178194788931 0.012569151103167064 0.0045120259270212387 -0.00038237077635458315 0.01918127694144392 0.021616002932826932 -0.016047819671094494 -0.020121426009868291 0.00060639233608354769 -0.0013633136433822293 0.007763139906007699 0.0051437027172114205 0.035386277515995206 0.013537702316642634 -0.0015585985855369356 0.00029163985871858013 0.0073479937708352608 0.017323358372206582 0.01911167241976585 0.0016909788422264538 0.027968733913061532 -0.0025844780316066841 -0.017166213012204484 -0.00012184489189844953 -0.0016814108783654151 -0.01450850393229503 -0.024490108704760684 0.0014635908150491793 0.018980115631320658 0.015004639977338648
leaf_weight=1768.3874489217997 2024.4994284883142 871.51924593746662 776.01925540715456 104.09734591841698 779.20625282824039 1436.8189579211175 3997.3954305276275 1403.3102285116911 60.295055240392685 1122.7610525712371 2038.8519676327705 1664.5654434636235 97.810092508792877 1379.7722508683801 646.9582746475935 37.620836161077023 461.63202509284019 3505.4368542581797 162.98515075445175 1613.1868655979633 473.8536593541503 27.62725156545639 32.661607034504414 2381.6822793483734 89.42216183245182 1547.6795137450099 47.458916276693344 2891.0858452320099 322.64980027079582 83.816077888011932 55.857497930526733 2584.2669977247715 1852.917682364583 446.79901711642742 79.573751747608185 85.265470743179321 515.85286822915077 227.9192563444376 2434.6688046902418 39.830633983016014 960.4542021676898 76.043905891478062 47.922099277377129 846.49359106272459 48.303530991077423 468.63159036636353 212.76561838388443 562.42239610850811 432.13539350032806 768.12536770105362 119.21993455290794 67.234373673796654 80.900165610015392 50.491819620132446 327.11062981933355 790.76419674605131 374.48446927219629 184.49142350256443 1815.9277849830687 131.76920120418072 82.953448906540871 126.46519908308983
leaf_count=38354 15714 4010 10490 568 3167 25877 43702 5701 271 10340 8315 32655 395 20160 4397 405 2056 16014 722 6930 5251 305 362 13268 367 12149 262 16054 1741 458 309 10509 17321 1811 323 347 2069 927 31639 236 6635 524 323 5796 324 2091 957 3208 1801 3128 486 456 559 226 5288 6184 2601 1309 29413 540 370 528
internal_value=-7.89303e-05 0.0109553 -0.0182892 0.00458074 0.020812 -0.0301115 -0.0114572 0.0184709 0.00777313 -0.00841206 0.0215273 -0.0353851 0.0156117 -0.0164623 -0.000186991 -0.010193 0.0106629 0.0108935 0.0141587 0.0301644 -0.0103924 -0.0160415 0.00193615 0.0055441 0.0176198 -0.00173835 0.00713597 0.00614303 0.0124132 0.00486446 0.0140504 0.016978 -0.0056774 0.0181456 0.0196339 0.013375 0.0243299 0.0171898 -0.0175793 0.00363816 0.00184358 -0.000257326 0.00412361 0.00682644 0.0216295 0.0110381 0.00935212 -0.0010584 0.0125988 0.0140252 0.0267126 0.0101379 0.016042 0.00368651 -0.0250544 -0.00366175 -0.00179274 -0.00591503 -0.0233722 0.0112443 0.0120493 0.0081199
internal_weight=50749.1 31601 19148.1 19190.3 12410.7 7012.81 12135.3 9925.99 11494.1 7544.84 4797.57 3432.95 5128.42 4590.46 7696.23 4569.16 5005.19 4944.9 1439.46 2484.71 4531.54 534.143 60.2889 6488.9 3017.18 4362.94 3504.97 2938.54 566.421 243.771 139.674 2800.15 2975.68 2242.87 1796.07 392.758 2554.7 307.493 3814.44 2983.94 3333.29 1743.61 1589.68 942.719 96.2256 977.828 814.842 602.253 2111.24 1679.1 217.03 224.178 148.135 346.211 3579.86 2338.44 1519.43 558.976 2143.04 910.975 133.445 215.887
internal_count=438698 167136 271562 115782 51354 131587 139975 40414 58811 77686 19493 71009 20921 62289 56971 50025 22707 22436 6422 10940 49620 5918 667 36104 12285 34047 19392 16316 3076 1335 767 11404 27661 9109 7298 1597 10384 1250 51799 16712 22924 12084 10840 6443 647 4366 3644 3444 8636 6835 881 1539 1015 1553 60578 18333 10545 3910 34701 3707 596 895
cat_boundaries=0 1 2 3 4 5 6 7 8 9 10 11
cat_threshold=14900304 18933270 83008 19144762 26891532 4387676 26339874 147988 4255238 19633362 9113604
is_linear=0
shrinkage=0.04


Tree=34
num_leaves=63
num_cat=0
split_feature=2 2 1 4 2 2 4 2 4 4 54 12 2 2 4 56 54 39 2 31 4 13 7 56 50 4 34 2 36 4 8 2 49 15 36 2 2 4 54 38 18 11 43 18 34 7 54 48 11 31 38 42 15 54 15 43 39 7 48 4 13 12
split_gain=5720.31 1058.98 831.95 352.501 168.552 120.819 73.373 63.0186 45.3269 33.2582 25.9774 23.2098 20.4919 17.0536 16.1483 15.9443 15.4387 14.1361 13.463 13.3408 14.8322 12.6791 12.5659 12.878 12.5653 12.0107 15.6316 11.8189 15.8344 11.716 11.8177 11.5907 11.4677 11.2947 13.4251 10.9486 10.1976 10.9497 10.0222 12.6242 11.4253 11.342 9.98309 9.49724 15.4395 10.8325 10.126 13.3168 9.81109 14.3807 9.17454 9.12788 9.05878 9.019 8.97413 8.95753 8.80085 8.7505 8.66344 8.6281 10.6342 11.9853
threshold=-1.2650425434112547 -2.5286256074905391 1.5000000000000002 1.1059775948524477 -3.4283231496810909 -2.0738506317138667 1.4191603660583498 -0.74561554193496693 0.84159728884696972 1.2018299698829653 0.037499999627470977 0.21984999626874926 -0.24280757457017896 -2.9636646509170528 1.4020670652389529 -0.0073249738197773686 -0.037499999627470963 -2.1691666841506954 -3.9550833702087398 -1.4999999999999998 1.040547847747803 8.1149997711181658 56.500000000000007 -0.023151319473981854 0.025249999947845939 1.2744072675704958 -0.080833330750465379 -1.3448406457900999 0.04462499916553498 1.4732596278190615 53.500000000000007 -1.6718273758888242 -0.29500000178813929 0.31354999542236334 -0.062941666692495332 -3.0902627706527706 -1.4204602837562559 1.3555570244789126 0.039166666567325599 0.027500000782310966 33.500000000000007 3.3549998998641972 4.5000000000000009 3.5000000000000004 1.9825000166893008 44.500000000000007 0.019166666083037857 -1.2549999952316282 6.4449999332427987 -1.0000000180025095e-35 -0.0091666667722165567 3.5000000000000004 0.41085000336170202 -0.0025000000605359669 0.18980000168085101 1.5000000000000002 2.4170833826065068 45.500000000000007 0.42499999701976782 1.428714454174042 7.7049999237060556 0.48659999668598181
decision_type=2 2 2 2 2 2 2 2 2 2 2 2 2 2 2 8 2 8 2 2 2 2 2 8 8 2 2 2 2 2 2 2 10 2 2 2 2 2 2 2 10 2 2 8 2 2 2 10 2 2 2 2 2 2 2 2 10 2 10 2 2 2
left_child=1 4 3 8 18 14 16 43 -2 13 11 56 38 -6 -3 -15 25 -14 -1 27 -21 29 23 -18 33 26 -5 -13 32 52 54 57 -29 34 -25 -11 -12 -38 39 41 55 -9 -27 44 45 -4 47 53 -48 -50 -26 58 -19 -45 -31 -40 -7 -22 -41 60 -43 -62
right_child=2 5 7 6 9 10 -8 12 -10 35 36 19 17 15 -16 -17 22 21 -20 20 31 -23 -24 24 50 42 -28 28 -30 30 -32 -33 -34 -35 -36 -37 37 -39 40 51 -42 59 -44 46 -46 -47 48 -49 49 -51 -52 -53 -54 -55 -56 -57 -58 -59 -60 -61 61 -63
leaf_value=-0.038202426024269084 0.03146270653638937 -0.013898620206829387 -0.01279935597023127 0.030262433206828809 -0.024243326495828544 -0.011574647983033277 0.0080623063934034227 0.023124635218102596 0.023073553786048997 -0.032903262016856949 -0.013097049566912572 -0.0023294859962920233 0.022260550683200417 -0.0097308782645795944 -0.021342001571537518 -0.020018762064801049 0.023427776654472571 0.012652825615085695 -0.032777287851429339 -0.0010709022919273674 -0.0075981667841200666 -0.014036007220574818 0.0032830804596027763 0.012920602527289965 0.016558088225511101 0.016830271356416956 0.01828498580141669 -0.0075664976045097341 0.034541427587675817 0.019039056904855738 0.011618862692497844 -0.0048842198064551643 0.023474837375390724 0.014600739303415251 -0.0066524372690847933 -0.025841821450884376 0.0066262614593100115 -0.011025123014176817 0.0095299973214041794 0.027748434004951323 0.017264471912348894 0.0065767743167588566 0.0088967971807977185 -0.0080276680747996126 0.022281954731090649 0.0034599808783813686 -0.0044136763637917468 0.0023875478034420341 0.028999445642261947 0.00074879406216351208 0.012896803248921897 0.0060948002170059428 0.0037260047794911801 0.0047041879444901461 9.6929989866927297e-05 -0.0050869393884701696 0.0086490849849171943 -0.014438914675974837 0.0091923559067342824 0.0021797406342218928 -0.024802952745428462 0.0035107994433691771
leaf_weight=1413.0052343718708 1383.3842446655035 3464.304603882134 249.56255219876766 205.49417847394943 1440.8784533254802 1054.6412138305604 3537.2967141568661 50.634038001298904 4039.4863594919443 483.22319497168064 1139.3938668221235 1337.6005865521729 120.19659794867039 284.43201173469424 538.88389312848449 1579.5959687866271 226.72485467791557 1019.370306044817 1518.3015820086002 921.47682443261147 1141.2564313188195 40.394451171159744 177.56387457251549 93.601891055703163 1755.3911520838737 953.46459883451462 1149.9084056019783 61.944417677819729 32.595653802156448 43.392354249954224 281.81588263809681 2227.3890800103545 27.494102366268635 176.70962953567505 139.82633879780769 1286.9432422593236 94.045464389026165 139.83851271867752 80.180121451616287 87.43634857237339 50.598312601447105 1924.1631966233253 345.82822006940842 350.56333534419537 28.191365450620651 88.92065392434597 1004.8219017535448 3415.6641084551811 32.747757770121098 240.97505686432123 2911.0373315066099 178.65132340788841 221.38635089993477 119.32194506376982 514.60334338247776 410.58175015449524 35.590667061507702 405.49178877472878 74.60621539503336 1958.6562182530761 37.048370718955994 67.507645651698112
leaf_count=31638 6331 44223 1763 831 25310 11048 16382 304 16763 9573 12313 13693 613 4166 8327 23374 932 4902 31375 8185 12150 199 739 408 7188 3982 4664 537 277 238 1523 19766 237 767 605 22428 784 1356 490 508 312 10440 1445 2532 197 642 7746 24351 241 1787 11943 1047 1059 864 2782 2560 356 4367 441 11983 204 364
internal_value=-0.000185558 -0.0163765 0.0110268 0.0167867 -0.0277558 -0.00915833 0.0128718 0.00326851 0.0252136 -0.023345 -0.00649119 -0.00553514 0.00574552 -0.0209752 -0.0149006 -0.0184489 0.0149629 0.00891587 -0.0353924 -0.00458235 -0.0056206 0.00815961 0.0137502 0.0141007 0.0136841 0.0174667 0.0201009 -0.0012423 0.0106742 0.00859054 0.00494207 -0.00673144 0.00197585 0.00697155 0.00119611 -0.0277695 -0.0115354 -0.00392745 0.00430138 0.00493617 -0.000832967 0.00431231 0.0147186 6.12753e-05 -0.00615919 -0.00852797 0.000502957 0.001519 -0.00258485 0.00412866 0.0142741 0.0123303 0.01106 -0.00479456 0.00156996 -0.00269884 -0.0109144 -0.00939152 0.019205 0.00407342 0.0059017 -0.00652189
internal_weight=50416 20628.3 29787.7 17095.7 8006.38 12621.9 11672.8 12692 5422.87 5075.07 8618.76 7245.48 7161.22 3304.91 4003.19 1864.03 8135.55 2241.16 2931.31 6155.25 4695.61 2120.96 5480.86 5303.29 5076.57 2654.7 1355.4 1459.63 122.034 2080.57 839.812 3774.14 89.4385 410.138 233.428 1770.17 1373.28 233.884 4920.06 4378.7 541.36 4038.01 1299.29 5530.77 366.675 338.483 5164.09 3885.55 1278.54 273.723 4666.43 340.694 1240.76 469.885 557.996 490.762 1090.23 1546.75 162.043 3987.38 2028.72 104.556
internal_count=438555 285483 153072 72980 147864 137619 49886 80092 23094 84851 85069 70616 39969 52850 52550 27540 33504 11316 63013 59212 44468 10703 22582 21843 20911 10922 5495 14744 1051 10504 4543 36283 774 1780 1013 32001 14453 2140 28653 25291 3362 23295 5427 40123 2602 2405 37521 27747 9774 2028 19131 1996 5961 3396 3020 3050 11404 16517 949 22991 11008 568
is_linear=0
shrinkage=0.04


Tree=35
num_leaves=63
num_cat=13
split_feature=0 0 0 0 0 0 0 4 0 0 0 0 0 0 31 0 25 25 25 54 6 48 11 4 4 25 25 53 25 4 43 54 25 35 2 45 13 12 31 54 50 25 12 25 39 50 0 54 16 12 13 25 25 53 4 7 36 36 25 50 55 25
split_gain=5537.07 1039.79 1009.81 154.631 147.88 120.426 105.683 34.7724 20.5671 18.4355 18.0955 17.7218 15.6443 15.6342 13.8982 16.9106 13.8719 13.3714 13.3322 13.2287 13.069 15.3953 13.0041 13.7861 11.7271 11.536 11.4658 11.3557 11.0262 13.5916 13.9179 11.0073 10.6507 16.2144 13.4432 10.5588 12.7607 10.5545 16.3513 10.4323 11.1567 12.8912 13.9732 11.7627 13.3229 13.1538 11.8703 10.3132 10.304 10.2421 10.8251 10.0523 9.98407 12.3057 9.97051 9.93336 9.80073 10.2104 9.8695 10.0062 9.79296 9.87935
threshold=-1.979622423648834 -3.1251311302185054 -0.79293486475944508 -0.4138853251934051 -3.8424757719039913 -2.6174316406249996 -1.3886722922325132 0.78153684735298168 -2.2957198619842525 -4.3508243560791007 -0.96119156479835499 -3.3409157991409297 -0.52933800220489491 -2.8443514108657832 -1.0000000180025095e-35 -1.7834130525588987 0 1 2 0.035833332687616355 2.5000000000000004 -2.0149999856948848 6.2550001144409189 1.0738117098808291 0.93600317835807811 3 4 7.0250000953674325 5 1.3655760288238528 1.5000000000000002 0.050833333283662803 6 -0.197500005364418 -0.51430314779281605 1.5000000000000002 4.4749999046325692 0.24724999815225604 -1.4999999999999998 -0.12083333358168601 0.072450000792741789 7 0.23165000230073932 8 1.3091666102409365 0.15294999629259112 -1.800451874732971 -0.080833330750465379 0.37524999678134924 0.60070002079010021 5.0950000286102304 9 10 6.7449998855590829 1.3384859561920168 57.500000000000007 -0.11069166660308837 -0.08082499727606772 11 -0.098449997603893266 5.5000000000000009 12
decision_type=2 2 2 2 2 2 2 2 2 2 2 2 2 2 2 2 1 1 1 2 2 10 2 2 2 1 1 2 1 2 2 2 1 2 2 2 2 2 2 2 10 1 2 1 10 10 2 2 2 2 2 1 1 2 2 2 2 2 1 10 2 1
left_child=1 4 6 12 9 13 14 -5 37 -1 32 -6 16 60 39 -16 -4 35 22 28 21 -15 -17 -24 -9 -23 -14 49 29 -10 -31 -13 33 56 -35 -12 -37 48 -39 -2 41 42 -41 44 45 46 -42 -20 -7 50 -18 -26 53 -22 -34 -56 -8 -58 59 -59 -3 -62
right_child=2 5 3 7 11 8 10 24 19 -11 17 31 26 20 15 18 27 -19 47 -21 52 25 23 -25 51 -27 -28 -29 -30 30 -32 -33 54 34 -36 36 -38 38 -40 40 43 -43 -44 -45 -46 -47 -48 -49 -50 -51 -52 -53 -54 -55 55 -57 57 58 -60 -61 61 -63
leaf_value=-0.037751629841124699 -0.01337542983405555 -0.015577006309082103 0.017264652786702136 0.032373622876737639 -0.025388761942351765 -0.015138191121274042 -0.0059102927449708031 0.026145290902149287 -0.0098781979870796125 -0.031700383484766309 0.007299460795962504 -0.018518825298739987 0.021774490338502591 -0.021696391998215183 -0.0042785351577654413 0.00014757387333736295 0.016155097330039007 0.0075685153989368051 0.0130228020743964 -0.0098665664752035816 0.0055985973702780247 -0.013115665176892975 -0.010898071222261826 0.010882574936163831 0.025203060019820863 -0.0047842238244806649 0.015481834976394902 -0.0027260059627643198 -0.0019653715600579861 0.012577263476168599 -0.0045885809220096042 -0.027920198349918903 0.0083905975959918042 -0.00054462135785036437 0.007594157671204407 0.0080190023452932063 0.018642428500374994 -0.0023956674340373865 -0.0092497949701975356 -0.0076446645237222312 0.014740679331712175 0.0043766977688149853 0.0014259605032945961 0.0047212436703098302 -0.0061211886552443827 0.0062821093305327671 0.045577002133146853 -0.0015261876610430021 -0.0051381262025114675 0.029371116219072436 0.010906208934617356 0.01858522392471627 -0.019105643094285588 -0.01317904410895347 0.0036801646630822511 -0.012239655276316697 0.033246982596309191 -0.0058218533659593966 0.015001308247940671 0.01829151796631474 -0.010857931374282467 -0.026228361787447103
leaf_weight=1652.813293248415 62.182291679084301 1970.9123496711254 2103.4302623271942 863.02227668464184 2568.9341930672526 642.6351008489728 41.658603459596634 1599.336035862565 808.61310429126024 1571.3869293220341 325.29514726996422 1301.3801718167961 1150.4158577471972 149.99393106997013 1238.7052245661616 503.37796248495579 959.53714071214199 1581.0731118619442 81.785610496997833 657.50451036542654 65.47484178096056 449.78840366750956 51.021157383918762 524.290143892169 1031.1925889104605 736.10473904013634 1389.5684881657362 74.734248831868172 2266.7898183017969 91.203108258545399 440.95551243424416 235.28546181693673 812.97081266343594 380.47170308232307 2215.8320000916719 250.11039653420448 653.88028126955032 739.86978262662888 2251.7013350576162 353.55588833987713 33.978046491742134 1716.6888293102384 1174.1614066660404 792.20903831720352 30.524621680378914 46.615848742425442 48.460157811641693 1664.5966657400131 221.75023215264082 60.358924478292465 1823.1003730595112 1301.566792100668 601.1847185343504 379.4595784842968 2198.1931088715792 64.552008554339409 41.742384776473045 84.844793125987053 574.07956774532795 40.763047099113464 149.04585987329483 311.24773098528385
leaf_count=38369 412 27907 8535 4070 46785 6937 209 6973 7365 32667 1420 20520 4642 1884 9778 3244 3906 6872 513 6062 813 5557 355 3374 4270 9076 5602 306 19947 793 3859 3757 4213 2120 11117 1072 2827 7877 24392 2347 253 11544 7959 5382 203 307 303 10935 2394 247 7432 5380 7536 4744 11152 329 208 418 2837 207 2147 4473
internal_value=-0.000207332 -0.0163548 0.0107202 0.0194839 -0.0283911 -0.00953387 0.00456326 0.0251029 -0.00656247 -0.0348024 0.00750188 -0.0233562 0.0159204 -0.0145473 0.00129156 -0.000381756 0.0146263 0.0101809 0.00132686 -0.00464845 -0.0122442 -0.00962229 0.00479832 0.00895097 0.0235071 -0.00809513 0.0184786 0.0126219 -0.00369742 -0.00656211 -0.00164664 -0.0199583 0.0063355 0.00789976 0.00640147 0.0133706 0.0157032 -0.00867955 -0.00755464 0.00288841 0.00312942 0.00201229 -0.000668854 0.00693742 0.0166031 0.0232645 0.0328674 -0.000840027 -0.0125728 0.0130698 0.0127162 0.0216983 -0.0155923 -0.0101868 0.00457622 0.003226 0.0129682 0.0140289 0.0128824 0.00185582 -0.0168039 -0.022057
internal_weight=50207.9 20264 29943.9 12356.3 7329.8 12934.2 17587.6 4795.12 8121.02 3224.2 9265.47 4105.6 7561.15 4813.21 8322.15 4063.78 5021.16 2810.36 2825.07 4265.07 2382.01 1335.89 1078.69 575.311 3932.1 1185.89 2539.98 2917.73 3607.56 1340.77 532.159 1536.67 6455.11 3379.39 2596.3 1229.29 903.991 3855.96 2991.57 4258.38 4196.19 3244.41 1527.72 951.788 159.579 129.054 82.4382 1746.38 864.385 2843 2782.64 2332.76 1046.12 444.934 3075.72 2262.75 783.088 741.43 699.687 125.608 2431.21 460.294
internal_count=439134 285861 153273 51363 142098 143763 101910 20693 79626 71036 45001 71062 30670 64137 56909 28199 20426 12191 18421 38026 29610 16517 6973 3729 16623 14633 10244 11891 31964 12017 4652 24277 32810 17116 13237 5319 3899 41600 32269 28710 28298 21850 10306 6448 1066 863 556 11448 9331 11585 11338 9650 13093 5557 15694 11481 3879 3670 3462 625 34527 6620
cat_boundaries=0 1 2 3 4 5 6 7 8 9 10 11 12 13
cat_threshold=5511596 19729240 3392006 28050484 21147834 307636 13908270 7489222 9282 18686756 6615124 4100 2476416
is_linear=0
shrinkage=0.04


Tree=36
num_leaves=63
num_cat=0
split_feature=0 0 0 3 0 0 0 4 3 0 0 54 0 54 6 7 54 0 7 54 48 3 0 31 56 48 48 39 54 16 0 15 11 16 31 15 4 15 51 7 2 7 31 11 39 56 2 46 4 54 53 36 18 2 35 39 3 20 31 53 48 35
split_gain=5254.28 1026.09 855.27 225.636 135.09 119.156 76.9877 47.9481 27.3685 22.5698 19.3852 16.8889 15.7457 12.7888 12.2665 12.0923 12.0193 11.41 11.0619 11.0094 10.7699 10.5899 10.343 10.1147 10.0364 9.9438 13.5426 12.5218 11.1133 10.399 9.82664 12.6656 9.71249 9.63395 9.52407 11.1609 9.80571 9.56926 9.06423 9.69306 8.73819 8.57794 8.47872 13.2968 9.09957 8.5633 9.38778 8.42996 14.168 8.34936 8.34353 8.16284 8.08591 9.21705 8.12378 9.11951 8.06305 14.7553 12.8604 11.0169 11.147 10.2951
threshold=-2.1269676685333248 -0.93729621171951283 -3.3409157991409297 0.63000038266181957 -2.6836023330688472 -1.6256265044212339 -4.0605709552764884 0.93120554089546215 0.5259920358657838 -1.3043900132179258 -2.9117056131362911 0.014166666660457851 -3.6413699388504024 0.090833336114883437 1.5000000000000002 29.500000000000004 -0.10583333298563956 -2.4708646535873409 42.500000000000007 -0.087499998509883867 -2.0149999856948848 0.82174682617187511 -4.6479060649871817 -1.0000000180025095e-35 0.021343562752008442 1.794999957084656 1.3849999904632571 2.3336666822433476 0.032500000670552261 0.4118999987840653 -2.22656238079071 0.29424999654293066 5.1949999332427987 0.35009999573230749 -1.0000000180025095e-35 0.32009999454021459 1.3237908482551577 0.31125000119209295 0.014999999664723875 30.500000000000004 -2.1252720355987544 59.500000000000007 -1.4999999999999998 4.5450000762939462 3.25083339214325 -0.0037241447716951366 -1.2154515981674192 3.5000000000000004 1.1634743213653567 0.029166666790843013 6.7550001144409189 -0.012374999932944773 41.500000000000007 -0.91109085083007801 2.3258333206176762 0.21450000256299975 0.54180839657783519 1.0000000180025095e-35 -1.0000000180025095e-35 6.8150000572204599 1.3450000286102297 -1.6108333468437193
decision_type=2 2 2 2 2 2 2 2 2 2 2 2 2 2 2 2 2 2 2 2 10 2 2 2 10 8 10 8 2 2 2 2 2 2 2 2 2 2 8 2 2 2 2 2 10 10 2 10 2 2 2 2 10 2 2 10 2 8 2 2 10 2
left_child=2 5 6 8 10 23 22 21 15 13 18 17 -8 14 -7 19 -10 20 49 -3 -6 -5 -1 52 30 26 27 29 32 33 31 -13 -29 50 35 36 37 -18 39 -12 -19 -17 43 -42 -44 46 -45 -36 -49 -4 -11 -35 53 -2 55 -55 59 58 -58 -16 61 -61
right_child=1 3 4 7 11 9 12 -9 16 25 38 24 -14 -15 56 41 34 40 -20 -21 -22 -23 -24 -25 -26 -27 -28 28 -30 -31 -32 -33 -34 51 47 -37 -38 -39 -40 -41 42 -43 44 45 -46 -47 -48 48 -50 -51 -52 -53 -54 54 -56 -57 57 -59 -60 60 -62 -63
leaf_value=-0.038886567530530249 -0.00066605099654260859 0.03087885372325809 -0.014684758349683379 0.026548665437717878 -0.021868258188888802 0.018500395018768375 -0.0291724028319531 0.020486910647511295 0.028867533115916555 0.0025145843230742755 -0.0062254668887502043 -0.01593413949312036 -0.023608153563681036 -0.014888458271165105 0.002472551917939012 0.010860979886914233 0.017194836510988982 -0.016356881911666375 -0.021033243612767736 0.014460367850218684 -0.0082009724096153303 0.033277709472326021 -0.033553002171046585 -0.0026724491057304772 -0.018580840141504702 0.0087363493970839153 -0.00010870330442389072 0.012893476319002867 0.018740335584057296 -0.002279970315453086 -0.0037395009042706148 -0.0085830128123298571 0.0015222558950553967 0.0094609021429725212 0.012551930883900872 0.020614933191549938 -0.00087814513413749385 0.0010528554132226086 -0.017680245495712132 -0.013470876925220544 -0.0077500838875594726 -0.003364446725759594 -0.005329968000393928 0.0019601220106039252 -0.020728262666413314 0.012241135945739598 -0.01853065685914751 0.039287827828726266 0.016012767754329377 -0.020499971597306016 0.015515323163498575 0.028996445931916276 -0.015341048066251408 0.0053354993485757634 0.019852896093151728 -0.0030519045932410481 0.031251496616548288 -0.002171374254915209 0.0040927441892495637 -0.0012992219477390083 0.0017644238557224018 0.010574629150380781
leaf_weight=1011.9701591357589 2685.3847113028169 71.198989480733871 1454.4627978764474 1878.2978471815586 98.851259611546993 90.149703443050385 1607.2574526295066 3473.2770529389381 112.31427350640297 132.6604420542717 379.99430434405804 545.3570851534605 1648.0907902568579 58.761102989315987 2019.5531175285578 4306.1169928610325 550.94826304912567 101.0222020149231 1275.1488779447973 794.86944237351418 1381.4320958331227 467.29725895822048 1368.3746996596456 3233.8322032690048 220.69864644110203 3515.9983604848385 553.85075971484184 142.01610277593136 80.800507053732872 70.957998141646385 374.61083378642797 1200.5373743772507 781.66704186797142 51.638263046741486 1645.0973492115736 957.19643753767014 64.850297018885612 65.775598898530006 570.98639130592346 1327.5373754501343 303.18061812222004 68.907547980546951 1894.2397232875228 386.15888291597366 63.460990123450756 117.97105256468058 39.426360063254833 49.762933194637299 262.99897812306881 542.34452509880066 195.201874807477 101.46953842043877 51.705042660236359 735.32311023771763 47.724981933832169 288.90462307631969 40.228695288300514 716.37524244189262 91.004343271255493 132.88639780879021 467.01750223338604 967.14681100845337
leaf_count=24415 20973 296 22078 8383 1169 522 32716 14338 452 663 4916 6002 29632 365 11861 18101 2212 1118 19591 3311 16118 2252 31056 25060 2381 17050 2797 712 418 359 3537 13147 3936 264 6604 3843 261 264 7437 17323 2930 297 18522 3712 616 1131 352 200 1056 8399 994 506 384 5007 324 2000 249 4584 576 782 2788 5709
internal_value=-0.000104642 0.0096001 -0.0174527 0.0173391 -0.011531 0.00297511 -0.0303532 0.0234708 0.0133525 0.00573613 -0.0161501 -0.00771966 -0.0263554 0.00365234 0.00389314 0.0114918 0.0159819 -0.0062553 -0.0181228 0.0158101 -0.00911365 0.0278892 -0.0358205 -0.00102728 -0.0104628 0.00743357 0.00526296 0.00717447 0.00451496 0.0120147 -0.00961793 -0.0108793 0.00327058 0.0141236 0.0155796 0.0178294 0.0139174 0.0154732 -0.0133174 -0.0118585 -0.00479901 0.0106369 -0.00438267 -0.0010384 -0.00582912 0.00270519 6.18494e-05 0.0136964 0.019716 -0.0162642 0.0102549 0.0224077 0.000369456 0.000585649 0.00372133 0.00296966 0.00359617 8.74763e-05 0.0124181 0.00442537 0.00694208 0.00914024
internal_weight=49934.3 32021.2 17913.1 14768.9 12277.4 17252.3 5635.69 5818.87 8950.04 10209.4 5550.47 6726.95 3255.35 4583.12 4524.36 5241.09 3708.94 4385.74 3271.96 866.068 1480.28 2345.6 2380.34 7042.87 2341.2 5626.26 2110.26 1556.41 1004.48 551.928 2120.51 1745.89 923.683 480.97 3596.63 1638.77 681.574 616.724 2278.52 1707.53 2905.46 4375.02 2804.44 846.737 1957.7 543.556 425.585 1957.86 312.762 1996.81 327.862 153.108 3809.04 3757.34 1071.95 1024.23 4434.21 847.608 131.233 3586.6 1567.05 1100.03
internal_count=439051 170753 268298 61870 150479 108883 117819 24973 36897 55135 79744 70735 62348 27436 27071 22005 14892 45668 50068 3607 17287 10635 55471 53748 25067 27699 10649 7852 5066 2786 22686 19149 4648 2427 14440 6580 2737 2476 29676 22239 28381 18398 27263 8125 19138 5195 4064 7860 1256 30477 1657 770 28688 28304 7331 7007 26549 5409 825 21140 9279 6491
is_linear=0
shrinkage=0.04


Tree=37
num_leaves=63
num_cat=13
split_feature=0 0 0 0 3 0 0 3 0 0 0 7 3 25 25 54 25 54 25 16 25 51 54 0 25 35 35 25 34 13 54 48 4 25 3 31 54 26 4 18 18 25 56 31 25 34 25 25 50 11 20 14 34 34 26 31 25 35 48 45 16 35
split_gain=4825.71 953.397 890.937 144.008 131.16 130.834 86.1942 42.0824 23.907 23.4541 19.4054 19.2356 18.9138 15.0122 14.9329 14.9244 13.8174 13.2712 13.2225 13.0446 25.3887 12.8527 12.5305 12.2697 11.5472 12.2557 11.2276 10.6033 10.5306 10.943 10.2145 12.2593 10.6777 15.1636 10.5858 10.1768 9.95825 11.7816 9.82223 9.66954 10.657 9.66011 10.3981 9.70464 14.6356 12.8776 10.3115 9.62729 11.9261 14.2996 9.627 9.54101 11.3229 10.2242 10.4317 9.38531 13.6456 15.8857 11.8442 9.65085 10.4904 9.47127
threshold=-2.0981568098068233 -0.76981878280639637 -3.1251311302185054 -1.4087177515029905 0.72926622629165661 -3.737532258033752 -2.6299035549163814 0.59182780981063854 -1.8831887841224668 -4.6479060649871817 -1.1487106680870054 32.500000000000007 0.82174682617187511 0 1 -0.080833330750465379 2 0.014166666660457851 3 0.35164999961853033 4 0.095000002533197417 0.037499999627470977 -2.9676959514617915 5 0.44916665554046636 2.3641666173934941 6 1.9274999499320986 4.5350000858306894 -0.052500000223517411 2.0449999570846562 1.4118472337722781 7 0.37523703277111059 -1.4999999999999998 -0.040833333507180207 4.5000000000000009 0.9499773681163789 22.500000000000004 17.500000000000004 8 -0.041476912796497338 -1.4999999999999998 9 -0.71916666626930226 10 11 0.11985000222921373 5.7149999141693124 4.5000000000000009 0.19364999979734424 -0.060833333060145371 -0.82249999046325672 7.5000000000000009 -1.0000000180025095e-35 12 -1.0108333230018614 4.1250000000000009 3.5000000000000004 0.4683500081300736 1.8041666150093081
decision_type=2 2 2 2 2 2 2 2 2 2 2 2 2 1 1 2 1 2 1 2 1 8 2 2 1 2 2 1 2 2 2 8 2 1 2 2 2 2 2 8 10 1 8 2 1 2 1 1 10 2 10 2 2 2 2 2 1 2 8 2 2 2
left_child=2 3 5 8 7 9 22 11 21 -1 -5 15 -6 36 -8 -3 -13 -16 -17 41 -21 24 23 -4 25 -2 -20 -25 29 -27 32 -32 -22 -34 -35 -26 -9 -38 -39 40 -33 -12 -43 44 45 -44 50 48 -24 -50 -45 52 -46 -53 -55 -10 58 -58 -57 60 -59 -61
right_child=1 4 6 10 12 -7 14 13 55 -11 19 16 -14 -15 17 18 -18 -19 26 20 30 -23 47 27 35 28 -28 -29 -30 -31 31 39 33 34 -36 -37 37 38 -40 -41 -42 42 43 46 51 -47 -48 -49 49 -51 -52 53 -54 54 -56 56 57 59 -60 61 -62 -63
leaf_value=-0.038670324092522301 -0.00039133343690190978 0.032476249345770772 -0.016602968149825641 0.0050163471445775721 0.024659779632836734 -0.022451387635347576 -0.0038936934855248874 0.025617808656512687 0.003201606676350408 -0.031341500371582537 0.012329282210580095 0.014814699239548795 0.033533988426462547 0.01631244482180955 -0.0064463491860026799 0.0088420228284941844 0.0096328200610063149 -0.011121978340498858 0.02228933028222525 0.0053526962880710831 0.027064235152327858 -0.01583537595169212 -0.015106548349321793 -0.0084519712019323918 0.0062692540507324479 0.011214523501767524 0.0042044573594132544 -0.013897424475362723 0.016081271844159747 -0.01113105724687641 0.0057055759637631492 0.012923469728859048 -0.0065021298293808771 0.036459146629814351 0.010911076141893487 -0.0014936608689124218 0.012814890976234752 0.0052459283942805713 0.02244280071001447 0.017616874091523165 -0.0060953937949234658 0.023491810141191883 0.0019254797717088384 -0.010151612655308142 0.0038870969563892495 0.021319303130021439 0.0054182854051760092 -0.022019937666772162 -0.0083343273514025658 0.039017404997338322 0.01145209527941243 0.024860108551385273 -0.01944330834024089 0.0098784466674177885 -0.0078128313604234612 -0.0043099943826107939 -0.0090775451884102798 0.0039141424221131463 0.019831630245313731 0.0018487543514371023 0.019925120575275929 -0.0096590217564141087
leaf_weight=976.51873658597469 487.07755684107542 106.09026937186718 959.12925804406404 3829.1379903554916 2043.1883554309607 3520.2987622208893 2187.8700802028179 669.84868991374969 3412.7310677617788 2455.4854710437357 514.91520673036575 1707.1813141554594 473.28573437035084 2537.5881246775389 2863.3655543252826 307.4179814606905 2024.619335308671 1469.8985807746649 540.40033231675625 888.37041892111301 177.25199338793755 112.66749501973391 417.93716032803059 1280.7626867294312 336.68350791186094 37.275411836802959 61.139770358800888 1331.3848999813199 26.189960181713104 591.27115958929062 318.01303741335869 199.46618330478668 47.729610025882721 45.559887513518333 60.287224680185318 1368.273494720459 310.59575171768665 55.875413089990616 1085.9714064598083 614.21409350633621 61.727801024913788 55.398458003997803 70.677193194627762 132.48212391138077 120.78820875287056 243.56156584620476 2150.2452643811703 501.73525448143482 34.170953292399645 14.548427976667879 43.952105522155762 55.138682901859283 45.943896576762199 259.07074016332626 67.15107960999012 1026.0664361640811 190.48630856722593 1451.8260104432702 33.579692214727402 387.90174595266581 68.567187197506428 162.31426075100899
leaf_count=24413 3981 428 14436 20434 9143 62386 22485 2773 22358 54907 2331 6906 2313 10405 29355 1245 8208 15564 2181 4005 778 920 5789 16773 2648 304 248 17549 218 4899 1488 891 215 212 261 11226 1270 237 4445 2713 272 246 315 604 537 1072 9789 6969 472 200 202 246 203 1147 295 7056 1294 9825 224 2628 449 1093
internal_value=-0.000123999 0.00929056 -0.0166487 0.00388594 0.0182176 -0.0278694 -0.00959596 0.0160477 0.000411525 -0.0334268 0.0072533 0.0133969 0.0263288 0.0187479 -0.0066498 0.0182792 0.0120689 -0.00801389 0.0166222 0.00864114 0.0109366 -0.00258495 -0.0138281 -0.0127337 -0.00206053 -0.00515091 0.0201168 -0.011313 -0.00877037 -0.00980587 0.0140637 0.0124319 0.0203752 0.012655 0.0200167 3.90785e-05 0.0214819 0.0197224 0.0216013 0.0148754 0.00842875 0.00716796 0.00629142 0.00601235 0.00963689 0.0164343 0.004669 -0.0178638 -0.0126522 0.0058057 -0.004514 0.00534238 -0.00254172 0.00892943 0.00623679 0.00172851 0.000214606 0.0019678 -0.00351182 0.00299342 0.00463621 -0.00154605
internal_weight=49630.3 31617.2 18013.1 19694 11923.2 6952.3 11060.8 9406.73 9692.91 3432 10001.1 4746.85 2516.47 4659.88 6521.13 1015.05 3731.8 4333.26 908.958 6171.94 2412.62 2959.44 4539.67 3571.28 2846.77 1141.81 601.54 2612.15 654.737 628.547 1524.25 1193.42 330.829 153.577 105.847 1704.96 2122.29 1452.44 1141.85 875.408 261.194 3759.32 3244.41 3189.01 862.331 314.239 2326.68 968.392 466.657 48.7194 176.434 548.093 166.732 381.361 326.222 6733.47 3320.74 2261.1 1059.65 2070.61 1520.39 550.216
internal_count=438479 167181 271298 117379 49802 141706 129592 38346 69123 79320 48256 19216 11456 19130 67404 4102 15114 44919 3674 27822 10835 24196 62188 48758 23276 9402 2429 34322 5421 5203 6830 5364 1466 688 473 13874 8725 5952 4682 3876 1163 16987 14656 14410 3815 1387 10595 13430 6461 672 806 2428 740 1688 1442 44927 22569 15289 7280 13995 10274 3721
cat_boundaries=0 1 2 3 4 5 6 7 8 9 10 11 12 13
cat_threshold=21275562 31474706 26491274 25223760 1298832 2381272 7460072 4982274 2192 17117258 16781312 2972308 17573032
is_linear=0
shrinkage=0.04


Tree=38
num_leaves=63
num_cat=0
split_feature=0 0 0 3 0 0 0 3 0 0 4 0 2 0 54 54 7 38 55 7 8 11 4 11 51 34 3 53 49 14 41 6 20 4 7 4 11 36 36 7 6 11 35 16 31 11 3 3 54 4 12 0 34 49 5 3 16 12 0 10 54 14
split_gain=4584.94 978.693 793.062 155.801 129.823 106.996 103.867 30.7482 25.1981 20.1677 18.685 15.7309 14.9791 14.5719 13.6808 13.6638 13.6761 13.2641 12.334 11.5411 11.4576 14.8458 11.8462 11.2734 11.1565 10.3264 10.2487 10.0933 9.83712 9.77746 9.54808 9.25633 9.1454 11.2965 10.4529 10.6597 10.2617 9.13636 9.11291 11.9147 8.80886 11.492 10.1657 9.55 8.74104 9.01407 10.3596 13.9176 8.71136 8.69444 9.83924 14.2221 9.09939 8.55301 8.4211 8.36502 8.33891 8.27528 11.7195 8.32698 8.51953 10.1891
threshold=-1.964570105075836 -3.1251311302185054 -0.79293486475944508 0.66477224230766307 -4.0076992511749259 -1.2375541925430296 -2.6038690805435176 0.79140049219131481 -3.6413699388504024 -1.6792871356010435 1.2297613024711611 -2.9117056131362911 -2.1128032207489009 -4.38437795639038 1.0000000180025095e-35 -0.014166666660457848 39.500000000000007 -0.040833333507180207 2.5000000000000004 58.500000000000007 52.500000000000007 7.3550000190734872 1.6187156438827517 7.4749999046325692 0.095000002533197417 1.122500002384186 0.51825860142707836 6.7850000858306894 -6.4800000190734854 0.75099998712539684 3.5000000000000004 1.5000000000000002 4.5000000000000009 1.4539570212364199 44.500000000000007 1.3846164345741274 3.7350000143051152 -0.047974999994039529 -0.018641667440533635 53.500000000000007 2.5000000000000004 4.9749999046325692 -4.3925001621246329 0.23104999959468844 -1.0000000180025095e-35 6.4349999427795419 0.63198941946029674 0.50323492288589489 -0.039166666567325585 1.4191603660583498 0.28620000183582311 -2.1980965137481685 -0.61250001192092884 -4.194999933242797 3.5000000000000004 0.51262331008911144 0.39904999732971197 0.28309999406337744 -2.3893730640411373 0.17500000447034839 -0.017500000074505802 0.23550000041723254
decision_type=2 2 2 2 2 2 2 2 2 2 2 2 2 2 2 2 2 2 2 2 2 2 2 2 8 2 2 2 8 2 2 2 8 2 2 2 2 2 2 2 2 2 2 2 2 2 2 2 2 2 2 2 2 8 2 2 2 2 2 2 2 2
left_child=1 4 5 10 13 9 11 -5 -6 44 15 28 -8 -1 18 -4 26 -12 20 29 27 22 25 38 -16 56 -17 -14 -3 32 -18 -11 33 34 -7 -36 -35 -33 -19 -40 41 43 -42 -13 45 -2 47 -47 -9 53 51 -51 -53 -20 -29 -41 -22 58 -55 -60 -61 -62
right_child=2 6 3 7 8 19 12 48 -10 31 17 40 14 -15 24 16 30 23 49 -21 21 -23 -24 -25 -26 -27 -28 54 -30 -31 -32 37 -34 36 35 -37 -38 -39 39 55 42 -43 -44 -45 -46 46 -48 -49 -50 50 -52 52 -54 57 -56 -57 -58 -59 59 60 61 -63
leaf_value=-0.037538922530384128 0.00053665882717876241 0.0091523754533863969 0.018276802623284391 0.021685938536896016 -0.027906471705681436 0.012736828091715564 -0.011787075277744568 0.033668919748166729 -0.021354765643970004 0.014098414523335979 0.026779284938849877 -0.021328122031344314 -0.011144079540397927 -0.031184727317189419 -0.0069009508018970222 0.0022891353195531559 0.0080013159316966141 0.0090773518165556139 0.02180247922051461 -0.0036926147415991682 -0.0041738860817071548 -0.030758984859541358 -0.025592740850112129 0.026510928840863812 -0.021576878002650603 0.010698653404331347 0.018793886636292931 0.00047220347545464867 -0.016789003976150726 -0.009015256343986134 0.021650340369576321 -9.3576908133625509e-05 0.0066472479022191902 0.023830653524012115 0.0027687219745089853 0.012870686295759394 0.0061513409917024996 0.0036294686610055965 0.013903613708065584 -0.0036236421430417653 0.0053623709159138604 -0.0047596731384979404 -0.014726403672098763 -0.010559802101905234 -0.002595630410947119 0.0044367256935302956 -0.0098547984401707155 0.036337708007559727 0.025953957225028686 0.001833680575342373 -0.0008770353195716174 0.0075395629876166765 0.037949823830194428 -0.022537487616340165 -0.0092217063180881041 0.011733133375584017 0.0049521926296185277 -0.0013012168734166227 -0.012684169700752247 0.026183029821779068 0.011263077541835651 -0.023224852968903288
leaf_weight=1417.2603844963014 2003.6231571212411 23.717263091355562 2062.7364206314087 3635.3498274534941 1357.7107841856778 1878.2633963674307 640.52319075912237 468.5815587490797 3047.390473484993 118.78996148705482 97.771235585212708 150.15239955484867 745.69533381611109 974.50383926555514 3351.0707631483674 66.352945685386658 692.63857017457485 1479.2576087713242 22.074436120688915 132.42094637453556 904.59735579788685 29.563268065452576 33.348114266991615 82.448734357953072 84.979110196232796 102.81344412267208 648.78256970643997 304.4690397977829 1687.0728612169623 52.227645352482796 93.015990346670151 1344.4973626732826 2911.8797450214624 54.540870189666748 401.55328802764416 286.28107130527496 1424.8143077343702 4891.518550299108 2284.673107907176 109.99591438472271 41.607778653502464 515.3434369713068 1286.3204469159245 1076.5569663122296 1859.470098555088 49.242291815578938 26.590883702039719 39.380788080394268 468.11361369490623 94.054338797926903 249.64553831517696 25.869053207337856 40.219764590263367 78.331095404922962 271.00070677697659 117.24636255204678 194.67547692358494 747.46798262745142 81.160899430513382 22.793020397424698 33.695016905665398 23.104732796549797
leaf_count=36488 14524 353 8376 15600 28960 8579 7555 2287 54042 681 399 1943 7066 22551 33235 272 2797 6007 219 624 8593 276 302 335 804 955 2617 2859 25436 248 375 8085 13459 252 1848 1308 6674 29061 9262 456 543 6643 16869 13940 14053 347 202 287 2270 969 2322 215 334 866 2586 471 1842 7189 750 209 311 213
internal_value=-0.000177433 -0.0151702 0.00971914 0.0174972 -0.0274475 0.00424139 -0.0086823 0.023351 -0.0233741 0.00163927 0.014037 -0.0133557 -0.00591754 -0.03495 -0.00541226 0.0161641 0.0132603 0.0122199 -0.00382349 0.00800618 -0.00546751 -0.00274661 -0.00207629 0.0118705 -0.00726391 -0.0014239 0.0172625 -0.00807273 -0.0164294 0.00822718 0.00961726 0.00303747 0.00835662 0.00958701 0.0111919 0.00697322 0.00680314 0.00282677 0.011568 0.0130348 -0.0116428 -0.00977213 -0.014097 -0.0118779 -0.000594173 0.00116229 0.0120422 0.0186123 0.0298134 -0.00082599 0.00408721 0.0118259 0.0260464 -0.00282214 -0.00409286 0.00429973 -0.00255771 -0.00337313 -0.00985069 -0.00366874 0.00552432 -0.00276576
internal_weight=49440.8 19658.8 29782.1 12307 6796.87 17475.1 12861.9 4572.04 4405.1 10333.1 7734.92 4780.77 8081.15 2391.76 7440.63 3563.53 1500.79 4171.39 4004.58 7141.98 2586.16 1265 1235.43 4073.62 3436.05 1202.09 715.136 1321.17 1710.79 7009.56 785.655 6354.81 6957.33 4045.45 2566.1 687.834 1479.36 6236.02 3991.17 2511.92 3069.98 1742.05 1327.93 1226.71 3978.31 2118.84 115.214 88.6231 936.695 1418.42 409.789 160.143 66.0888 1008.63 575.47 227.242 1099.27 986.553 239.085 160.754 79.5928 56.7997
internal_count=439194 287438 151756 51524 142041 100232 145397 20157 83002 67240 31367 65727 79670 59039 72115 14437 6061 16930 38076 32992 24479 11968 11692 16531 34039 11390 2889 12511 25789 32368 3172 37827 32120 18661 11735 3156 6926 37146 16196 10189 39938 22526 17412 15883 29413 15360 836 634 4557 13597 3840 1518 549 9757 5445 927 10435 9538 2349 1483 733 524
is_linear=0
shrinkage=0.04


Tree=39
num_leaves=63
num_cat=15
split_feature=0 0 0 0 4 0 0 0 0 25 4 0 25 31 2 25 7 39 25 0 7 36 0 4 25 15 25 54 25 54 12 56 25 35 16 25 56 39 25 39 39 49 25 54 25 36 16 54 25 46 35 25 0 39 15 2 14 27 25 16 11 36
split_gain=4184.65 869.165 776.587 157.921 114.667 114.189 90.1304 41.9076 22.7422 22.3502 18.9789 16.9935 14.2076 14.1735 14.0264 17.0739 17.5496 13.1022 15.6685 12.942 14.0024 12.44 13.7576 12.291 16.7775 13.9357 13.3416 12.0845 11.5887 12.8969 11.1934 15.9577 17.0266 11.0187 11.016 10.7272 10.6096 16.0903 18.0628 13.4078 9.98333 12.1148 9.96789 10.6497 9.75611 9.7065 9.67831 9.65762 9.63859 12.2724 9.6161 11.564 9.55507 9.51695 13.8307 14.6458 10.588 10.4507 9.47792 9.47118 14.5677 9.54065
threshold=-2.1556856632232662 -0.72488087415695179 -3.3409157991409297 -1.5686837434768675 0.95447453856468212 -2.7102637290954585 -4.0868606567382804 -1.033816337585449 -0.52933800220489491 0 0.76109081506729137 -3.6413699388504024 1 -1.4999999999999998 -1.9594913125038145 2 38.500000000000007 0.33266666531562811 3 -2.9811792373657222 30.500000000000004 -0.11069166660308837 -1.8831887841224668 1.428714454174042 4 0.25814999639987951 5 0.044166667386889465 6 -0.0091666667722165567 0.24724999815225604 -0.012307554483413695 7 2.4508333206176762 0.22594999521970752 8 -0.0068925202358514062 -1.5326666235923765 9 -0.082916669547557817 2.7241666316986088 4.1549999713897714 10 -0.094166666269302354 11 -0.025824999436736103 0.30885000526905065 0.014166666660457851 12 4.5000000000000009 -3.3558332920074458 13 -2.322920441627502 -0.166333332657814 0.24624999612569812 -2.3507783412933345 0.15810000151395801 2.5000000000000004 14 0.36245000362396246 3.435000061988831 0.020691666752099994
decision_type=2 2 2 2 2 2 2 2 2 1 2 2 1 2 2 1 2 10 1 2 2 2 2 2 1 2 1 2 1 2 2 8 1 2 2 1 8 8 1 10 10 10 1 2 1 2 2 2 1 10 2 1 2 8 2 2 2 8 1 2 2 2
left_child=2 3 6 21 10 9 -1 36 12 19 -3 -8 -6 23 30 47 17 18 33 27 34 -2 42 24 -9 -25 45 -4 29 -10 46 32 -32 59 -21 -33 37 -5 39 -39 41 -40 43 -23 -42 -27 -7 -16 49 -18 51 -24 -51 57 -55 56 -56 -36 -19 60 -17 -61
right_child=1 4 5 7 8 14 11 13 28 -11 -12 -13 -14 -15 15 16 48 58 -20 20 -22 22 50 25 -26 26 -28 -29 -30 -31 31 35 -34 -35 53 -37 -38 38 40 -41 44 -43 -44 -45 -46 -47 -48 -49 -50 52 -52 -53 -54 54 55 -57 -58 -59 -60 61 -62 -63
leaf_value=-0.035613544493680538 -0.0072197961910129014 0.030479417239622102 -0.01283827426703547 0.022907732277801338 0.0099541205371308037 -0.024696887939223391 -0.02781188738014231 0.0051031596537418457 0.016541493599752065 -0.017428114549385563 0.022721944643423177 -0.021899145397285293 0.015175433078577136 0.0078749550999772742 -0.0068836577004149635 -0.031173042800380153 -0.0044477919463644707 0.00099028893298705109 -0.0033834111145724329 -0.026234122723168631 -0.011095600816192392 0.024745252352662596 0.0061070875756412133 0.022263374516671101 0.019273762250664486 -0.017035560652908736 0.011616454533347699 -0.02369936386681749 0.018593605844874763 0.0087433696252159528 0.014594752951191963 -0.013765721030810085 -0.0069329852055269583 0.034239516708960797 0.016456817189808258 -0.0067848586334237349 0.0038164991149661517 0.003764266068663146 0.0032931545558885799 0.017602021441586832 0.0085070060788239015 0.026527522093607869 -0.0037169377694388824 0.00021487838686944314 -0.012917633245929268 0.0026151290953430242 -0.011108045093342128 -0.013667282565478809 -0.0090613150450961927 0.0023634266771012154 0.001594795097721138 -0.013172172099438179 0.036142220846172517 0.045475458682866003 0.043127669134110105 -0.0073346709261237243 0.0064255408783144554 -0.017768495540290731 -0.012463014535959601 0.0059950658819259072 0.0034755251211390317 0.026261433103273783
leaf_weight=2079.256907299161 452.39677469432354 681.52647966146469 877.78526037186384 102.90642558038235 1728.5887664407492 132.52641503512859 1556.0225519575179 206.12742161750793 953.2232970893383 2899.640076328069 1943.8096276074648 1554.8784670382738 2109.3259934782982 3878.9463548064232 934.40229537338018 20.621210552752018 366.50983368605375 139.87968853861094 537.05113124102354 23.177701234817505 830.03854927420616 29.056142866611481 69.739075444638729 92.216151162981987 579.22992315888405 52.503970131278038 234.77863559126854 201.54180214554071 3081.0141546577215 526.89747230708599 85.912003464996815 659.01788763701916 142.44723461568356 21.690740823745728 19.345421276986599 931.88224682956934 6566.2234865874052 174.61028046905994 582.56001758575439 312.60536994040012 42.613442957401276 38.265121355652809 2363.8355945646763 1113.1494494229555 102.47514881193638 171.88230223953724 228.36388594657183 524.14845264703035 1030.700992025435 34.117703840136528 3977.4890963807702 141.94798929989338 22.0637027323246 14.837964817881582 20.3485973700881 70.622786864638329 32.925463929772377 54.461239449679852 212.74010533094406 105.95723272114992 331.95190404355526 57.245782360434532
leaf_count=53541 3475 3395 14296 535 6966 1606 34329 870 3935 43872 8714 29676 8482 16858 9637 220 3786 1435 5552 315 11448 234 482 398 2429 229 1016 3355 12712 2154 999 7800 1666 220 262 10992 35620 929 3126 1677 233 204 19882 9243 561 747 2753 5660 10723 376 27635 996 210 202 285 939 459 743 2169 1089 3413 585
internal_value=-8.90308e-05 0.008323 -0.0163114 0.00360152 0.0174391 -0.010542 -0.029166 0.00631476 0.0151583 -0.0150606 0.0247358 -0.0248566 0.0128892 0.00909904 -0.00704549 -0.00573033 -0.00389844 -0.000761208 0.00143435 -0.0117243 -0.00865228 -0.000773558 -0.000394588 0.0126511 0.0158649 0.00807348 0.00522366 -0.0148664 0.0170676 0.0136731 -0.00966302 -0.00838646 0.00150157 0.00619606 -4.86046e-05 -0.0098058 0.00448172 0.00770284 0.00645422 0.0123885 0.00248508 0.00472523 -0.00224333 0.000831617 -0.00692908 -0.00189832 -0.0160982 -0.00925796 -0.00700583 -0.00173818 0.00115268 -0.00715448 0.0156291 0.00280693 0.00898059 0.00460994 0.0204443 -0.00879772 -0.00745162 0.00513684 0.00144901 0.0131038
internal_weight=49064.1 32309.9 16754.1 21285.6 11024.4 11564 5190.16 13137.9 8399.05 5044.72 2625.34 3110.9 3837.91 5215.68 6519.23 4339.08 2880.53 1427.14 1074.52 2145.08 1065.76 8147.61 7695.22 1336.74 785.357 551.381 459.165 1079.33 4561.13 1480.12 2180.15 1819.26 228.359 537.467 235.719 1590.9 7922.26 1356.04 1253.13 487.216 765.914 620.825 3506.04 1142.21 145.089 224.386 360.89 1458.55 1453.39 422.691 4189.18 211.687 56.1814 212.541 138.735 123.897 53.2741 73.8067 352.62 515.776 352.573 163.203
internal_count=438350 173737 264613 127379 46358 147067 117546 65432 34249 76176 12109 64005 15448 22547 70891 45075 29778 14683 11079 32304 14653 61947 58472 5689 3299 2390 1992 17651 18801 6089 25816 21457 2665 5527 3205 18792 42885 7265 6730 2606 4124 3330 29359 9477 794 976 4359 15297 15095 4372 29113 1478 586 2890 1885 1683 744 1005 3604 5307 3633 1674
cat_boundaries=0 1 2 3 4 5 6 7 8 9 10 11 12 13 14 15
cat_threshold=3785952 7005776 276812 22168610 580112 11917476 14699600 6443602 3596672 9575716 18361858 2196032 2655744 15016464 8471186
is_linear=0
shrinkage=0.04


Tree=40
num_leaves=63
num_cat=12
split_feature=0 0 0 3 0 0 0 3 3 0 25 25 4 0 0 55 15 48 31 25 0 54 48 25 12 7 48 7 56 25 18 13 27 7 13 45 16 25 35 49 4 4 49 25 25 25 27 25 51 43 25 11 15 4 3 50 25 50 7 11 45 0
split_gain=3916.68 792.576 763.413 174.377 102.018 81.7432 69.8265 36.1714 24.1461 17.6646 16.3537 15.6206 14.2163 14.1424 13.8653 13.555 12.6261 12.2639 12.9264 12.046 10.5621 10.2967 13.9473 12.5065 10.0479 10.2067 9.96666 9.77631 9.65471 24.7714 12.5988 9.57384 12.3544 11.4461 13.0645 9.62234 11.3107 9.4313 10.3537 9.42997 9.27505 9.27042 9.20368 14.5022 9.01842 8.26848 8.17209 11.6456 8.15414 8.28397 8.13155 9.03618 9.45466 10.8304 10.564 10.3894 8.52546 8.5178 8.36195 10.9877 9.08121 16.8545
threshold=-2.1269676685333248 -0.96119156479835499 -3.3409157991409297 0.64644789695739757 -2.8310116529464717 -4.0605709552764884 -1.4294337034225462 0.72926622629165661 0.51262331008911144 -2.4973915815353389 0 1 0.71567171812057506 -1.800451874732971 -3.5849981307983394 4.5000000000000009 0.40305000543594366 -2.2649999856948848 -1.4999999999999998 2 -4.6479060649871817 0.0224999999627471 1.1050000190734866 3 0.61004999279975902 46.500000000000007 1.435000002384186 41.500000000000007 -0.01713483594357967 4 6.5000000000000009 4.1150000095367441 4.5000000000000009 34.500000000000007 4.7550001144409189 3.5000000000000004 0.38054999709129339 5 1.6875000000000002 -5.3250000476837149 1.5915565490722658 0.78153684735298168 5.9849998950958261 6 7 8 1.5000000000000002 9 0.014999999664723875 3.5000000000000004 10 7.5050001144409189 0.44204999506473547 1.4948555231094363 0.54387739300727855 0.087449997663497939 11 0.14005000144243243 33.500000000000007 4.5650000572204599 2.5000000000000004 -2.0102446079254146
decision_type=2 2 2 2 2 2 2 2 2 2 1 1 2 2 2 2 2 10 2 1 2 2 10 1 2 2 10 2 8 1 10 2 10 2 2 2 2 1 2 8 2 2 10 1 1 1 10 1 10 2 1 2 2 2 2 8 1 10 2 2 2 2
left_child=2 6 5 8 10 20 13 -5 37 17 -4 16 -9 39 -7 45 -10 -6 19 -19 -1 -15 23 40 28 -26 -24 -12 29 30 -8 32 -21 34 -33 36 48 38 -3 -2 -23 -20 -30 -44 -11 -14 47 -28 49 -35 -41 52 55 54 56 -52 -54 -56 59 -57 61 -60
right_child=1 3 4 7 9 14 24 12 11 44 27 -13 15 21 -16 -17 -18 18 41 31 -22 22 26 -25 25 -27 46 -29 42 -31 -32 33 -34 35 -36 -37 -38 -39 -40 50 -42 -43 43 -45 -46 -47 -48 -49 -50 -51 51 -53 53 -55 57 58 -58 -59 60 -61 -62 -63
leaf_value=-0.038075287303238212 0.01829673935935567 0.013903347311952346 -0.012147725604263563 0.017580589756880788 -0.021248808528978008 -0.026782681319898031 0.008228962604081411 0.03070390073937878 0.0090114744222486373 -0.0088559316998020471 -0.015758967854131285 0.015596903421311457 0.02756886966586318 0.0022626512010002044 -0.02125225993992946 0.011993406752498333 0.017476048066567988 -0.010809391345712438 -0.022800444210321871 -0.013423055618506747 -0.032320934549561808 0.011887079524921421 -0.017933871282426416 -0.0026949066205062132 0.0091134926234161685 0.033128252021228384 -0.011868552796215142 -0.021201067124359107 0.0047873753279019009 0.0014042615734369988 0.023745644202085525 -0.0036439414005662008 0.0089369278241030747 -0.0059104321984512409 0.022359654631122418 -0.0086744916933606218 0.026829512140256494 0.0083471864267903179 0.0073932292385628495 -0.0037149324826022886 -0.01122383176894678 -0.010473601324700842 0.0070481112931604145 -0.011353977365131192 -0.0048183918668077974 0.020229906620002961 -0.0082879548124484489 0.014675412765381214 -0.014326144332414149 0.025847279971931102 0.00058025273805299455 -0.017634619934340543 0.0055108741271806877 0.025254272604747656 -0.0015845756752273506 0.016791788405179663 -0.018311776707438072 0.022090233084944694 0.02650442331716911 -0.0080045686340183605 -0.015432351828705004 -0.011412776491707008
leaf_weight=884.33462959527969 37.448250308632851 1437.9412881135941 1615.1192534379661 2662.337448745966 142.34765627235174 1703.7912394292653 143.37922497093678 454.84836184978485 1475.6615576148033 1275.8176638707519 1288.6314192116261 2990.7673942744732 833.11320646107197 4210.1657716855407 1262.9985169433057 168.02386902272701 348.55123248696327 443.56496310979128 102.43166379630566 188.91582247614861 1206.840677972883 212.97237656265497 112.4292591586709 415.08433319628239 103.31769606471062 39.008669659495354 33.58618725836277 894.96346750110388 6062.2283218950033 333.77272874116898 201.22911642491817 53.610056899487972 50.00051262229681 27.413978934288025 73.017375111579895 186.30843240022659 30.544222839176655 3193.3366084992886 536.79380334913731 2029.0853804349899 31.953089326620102 2075.7845783680677 119.87199535965919 137.18652471899986 3332.8610795140266 977.89838145673275 222.55868702381849 62.367630623281002 41.939006738364697 25.243359096348286 1725.1556453481317 47.021325714886189 43.872464060783386 45.593147002160549 41.780915841460228 48.927374847233295 38.380990192294121 58.164927095174789 26.945216678082943 68.796119570732117 187.02833557128906 61.723752655088902
leaf_count=24506 302 6000 25566 11202 1832 37765 721 2314 5944 13110 20462 12049 3832 27108 24452 764 1405 5529 1389 2337 30934 1403 763 2777 534 200 230 14383 30750 1673 990 660 625 344 901 2318 380 13430 2268 16589 201 26140 620 716 33747 4478 1530 419 521 315 13979 391 348 344 346 390 303 477 232 549 1507 487
internal_value=-0.000116368 0.0081157 -0.0156881 0.0147823 -0.0101346 -0.0286975 0.00216767 0.0208027 0.011709 -0.0075849 -0.0155377 0.0137471 0.0243272 -3.12733e-05 -0.0244283 0.0228616 0.0105708 -0.00975339 -0.00925735 -0.0057663 -0.0347544 0.00136526 -0.0020979 0.00155668 0.00517384 0.0156954 -0.00769507 -0.0179074 0.00495984 0.00949455 0.0168021 -0.00226889 -0.00874355 0.00121044 0.0113506 -0.00291227 0.00566648 0.00981017 0.0120726 -0.00169121 0.008524 -0.0110533 0.00447303 -0.00294019 -0.00596577 0.02387 -0.00408096 0.0056769 -0.00116686 0.00931387 -0.00186047 -0.000271618 7.51792e-05 0.00781868 0.00345563 -0.000757413 -0.00716149 0.0121933 -0.0066231 0.00230111 -0.0104338 0.000109712
internal_weight=48886.8 31980.3 16906.5 15079.3 11848.5 5057.97 16901 5096.22 9983.05 8049.8 3798.71 4814.98 2433.88 9761.04 2966.79 1979.04 1824.21 3441.12 3298.77 1120.56 2091.18 5301.12 1090.95 660.01 7139.99 142.326 430.942 2183.59 6997.67 678.381 344.608 676.993 238.916 438.076 126.627 311.449 125.141 5168.07 1974.74 4459.92 244.925 2178.22 6319.29 257.059 4608.68 1811.01 318.513 95.9538 94.5963 52.6573 4422.48 2393.39 2346.37 227.792 182.199 2118.58 82.2535 99.9458 393.421 117.723 275.697 88.669
internal_count=438781 170565 268216 63686 150559 117657 106879 22590 41096 90148 60411 19398 11388 70675 62217 9074 7349 43291 41459 13930 55440 34431 7323 4381 36204 734 2942 34845 35470 3384 1711 8401 2962 5439 1561 3878 1560 21698 8268 36244 1604 27529 32086 1336 46857 8310 2179 649 1180 659 35942 19353 18962 1818 1474 17144 651 823 3165 939 2226 719
cat_boundaries=0 1 2 3 4 5 6 7 8 9 10 11 12
cat_threshold=7980112 10741248 15016212 46960 3192300 23136652 15698560 17572008 28586368 27569160 2289898 17827092
is_linear=0
shrinkage=0.04


Tree=41
num_leaves=63
num_cat=0
split_feature=0 0 0 2 4 0 0 3 0 2 3 2 0 4 31 11 2 39 13 18 7 16 8 6 16 16 34 11 34 7 16 2 51 36 42 7 16 36 26 48 15 56 10 20 51 15 8 56 36 51 18 14 34 15 4 0 56 50 50 50 56 4
split_gain=3599.99 812.82 685.186 147.077 139.689 98.3417 73.6656 23.1064 20.6855 19.7032 19.4777 17.1123 13.8438 13.3367 10.5274 18.7087 11.9857 10.444 10.8005 10.4249 9.78712 9.71716 12.1812 9.7073 9.64506 10.8671 12.8349 9.63851 10.8871 10.5217 9.56629 10.6371 9.44405 9.32615 9.24534 9.61136 9.03306 8.851 8.8019 9.68992 9.31242 8.59511 8.89138 8.55008 8.54372 10.0968 12.9855 10.0516 9.49751 9.22607 9.30369 9.63235 8.49791 18.6441 8.99423 10.5935 8.85028 8.47955 11.6613 8.9718 10.3401 10.2616
threshold=-2.22656238079071 -0.79293486475944508 -3.2600187063217159 -0.70057076215744007 1.0245689749717715 -4.1121997833251944 -2.6836023330688472 0.78824773430824291 -3.6413699388504024 -0.30066718161106104 0.56751841306686412 -1.4204602837562559 -2.9811792373657222 1.5507621169090273 -1.4999999999999998 4.6849999427795419 -1.9330397844314573 -3.99916660785675 8.4650001525878924 42.500000000000007 60.500000000000007 0.28464999794960028 43.500000000000007 2.5000000000000004 0.22190000116825107 0.40234999358654028 -0.1325000002980232 7.5050001144409189 1.8774999976158144 45.500000000000007 0.35514999926090246 -2.3015404939651485 -0.014999999664723871 -0.025191666558384892 1.5000000000000002 29.500000000000004 0.35009999573230749 -0.019925000146031376 1.5000000000000002 -0.60500001907348622 0.2824500054121018 -0.014205107931047676 0.18500000238418582 2.5000000000000004 0.014999999664723875 0.35279999673366552 51.500000000000007 0.022063471376895908 -0.043108332902193063 -0.024999999441206452 7.5000000000000009 0.57589998841285717 -0.14916666597127912 0.30785000324249273 1.3505255579948428 -0.68028292059898365 -0.016831349581480023 -0.11034999787807463 -0.068250000476837144 0.11115000024437906 0.001522923354059458 1.4215795993804934
decision_type=2 2 2 2 2 2 2 2 2 2 2 2 2 2 2 2 2 8 2 10 2 2 2 2 2 2 2 2 2 2 2 2 8 2 2 2 2 2 2 10 2 10 2 10 8 2 2 10 2 10 8 2 2 2 2 2 10 8 8 8 10 2
left_child=2 3 5 11 7 -1 12 -3 -7 -5 27 24 -4 17 15 16 -8 -11 20 30 36 -13 -23 -12 -2 26 38 28 29 52 41 -32 43 -17 -33 -36 -19 -35 -26 40 -40 42 -16 -15 45 46 47 -14 -46 -48 -51 -52 53 -6 55 -55 -57 -38 -59 -60 -61 -62
right_child=1 4 6 9 10 8 14 -9 -10 13 23 21 44 32 19 33 -18 18 -20 -21 -22 22 -24 -25 25 -27 -28 -29 -30 -31 31 34 -34 37 35 -37 57 -39 39 -41 -42 -43 -44 -45 48 -47 49 -49 -50 50 51 -53 -54 54 -56 56 -58 58 59 60 61 -63
leaf_value=-0.035050229521641281 -0.011771551327593844 0.020072380185910402 -0.016170803993222998 0.0031670710470584379 -0.0021721890260364444 -0.027197673732595115 -0.01714293161219899 0.027308969101285444 -0.021031186780522911 -0.0093500962812613098 0.018999916758684742 -0.0028348316228665039 -0.0034191111526803183 0.0036527507593876467 -0.0067939668672101052 -0.0060413567581152315 -0.0056598014027050359 0.0066161544020987267 -0.012224729976292354 0.010969428628612448 -0.0086822368852714459 0.027051022272211622 0.00042874712025158212 0.013722056587899017 -0.014717213904616496 -0.0094517351355711317 -0.0036725673356690709 0.02348853803295016 0.0028659708087500676 0.0077203713161801291 -0.020830907520117795 0.0025312974495098873 0.0040499393792713797 0.025029049861530178 0.0019689409624117971 -0.0081180356756257004 0.00065788208985763028 0.0016002570954381532 -0.023168628871048879 0.014799999768346866 0.0044953164885607648 -0.013167711045423533 -0.016108332870691418 -0.018560493785780261 -0.023715325021206542 -0.01405483127410951 -0.017244561651674258 0.024685110267643404 -0.012858509676793224 -0.02492034796553726 -0.0080238882790814054 0.016513496579702129 0.013463319894114928 0.030091024126741025 0.0065312173129003824 0.019146495569382176 -0.0012807598886635232 0.022905309590300817 0.0061676050730234393 0.013233972086369299 0.01252271644874399 -0.0029281026274789192
leaf_weight=1882.8859106227756 243.54991692304611 2694.8102543056011 1979.395876146853 3988.8776871263981 192.55980682373047 1549.2903654240072 200.63991009443998 956.55836102366447 1986.2421652153134 58.904425472021103 661.93048453330994 1797.4372801482677 320.26162977516651 52.381563454866409 1296.3580485060811 293.73946923017502 528.54358185827732 3685.2286154776812 43.782369270920753 46.090144462883472 57.716604754328728 27.642971329391003 5290.3563697040081 3536.6758148819208 32.0798424705863 382.93694346398115 1385.8184196725488 92.6460812240839 282.8568217754364 1124.2552379667759 68.362607769668102 234.51973634213209 1265.6809999197721 27.006600871682167 184.79847164452076 829.85587291419506 153.72970896959305 577.24397116154432 23.027418002486229 142.86652851849794 126.00851430743933 775.75702594220638 187.72186521440744 58.898684769868851 175.07017057389021 789.72901305183768 254.15393685176969 21.744000732898712 489.07607444375753 49.906838569790125 597.42969871684909 26.743224162608385 2195.1411111205816 78.900741413235664 194.58426780998707 96.467397421598434 52.352506086230278 112.7572772949934 749.19771674275398 1153.6675046533346 134.22686216235161 141.04381407797337
leaf_count=51900 2182 11840 32802 22908 779 36051 2415 4817 38479 269 2702 13193 4472 281 14491 3224 5741 16942 205 505 275 201 38549 14496 289 3398 12335 376 1158 4560 893 2584 6495 296 2029 9201 736 6293 211 1276 1122 8761 2106 315 2457 11040 3562 304 6864 702 8365 380 8878 319 790 387 210 534 3551 5126 582 647
internal_value=-0.000211365 0.00718599 -0.0162199 0.00244043 0.0154237 -0.027666 -0.00998933 0.0219682 -0.0237334 0.00544713 0.0126151 -0.0012675 -0.013625 0.00663333 -0.0067325 -0.00405974 -0.00881946 0.00741386 0.00757233 -0.00793275 0.00771241 -0.000292243 0.00056713 0.0145541 -0.00423777 -0.003361 -0.00199689 0.0107261 0.0104458 0.0109907 -0.00817628 -0.00546729 0.00306768 -0.000194765 -0.0046265 -0.0062809 0.00786678 0.00264739 0.00517076 0.00735643 0.000220983 -0.00975568 -0.00797214 -0.00810433 -0.0117752 -0.0105032 -0.00829514 -0.0016323 -0.0157204 -0.01075 -0.00830136 -0.00697256 0.0122991 0.00814287 0.0128463 0.0182424 0.0119605 0.00975207 0.0103623 0.00971301 0.0115719 0.00460599
internal_weight=48640.1 33267.6 15372.6 21107.8 12159.7 5418.42 9954.15 3651.37 3535.53 11656.1 8508.37 9451.72 4703.51 7667.22 5250.64 1627.17 729.183 6290.25 6231.35 3623.46 6187.57 7115.44 5318 4198.61 2336.29 2092.74 1709.8 4309.76 4217.12 3934.26 3577.37 1317.54 1376.96 897.99 1249.17 1014.65 6129.85 604.251 323.982 291.902 149.036 2259.84 1484.08 111.28 2724.11 2059.97 1270.24 342.006 664.146 928.234 674.08 624.173 2810.01 614.865 422.305 227.721 148.82 2444.62 2290.89 2178.14 1428.94 275.271
internal_count=438851 182934 255917 131622 51312 126430 129487 16657 74530 58866 34655 72756 70948 35958 58539 17969 8156 28867 28598 40570 28393 51943 38750 17198 20813 18631 15233 17457 17081 15923 40065 14707 7091 9813 13814 11230 28118 6589 2898 2609 1333 25358 16597 596 38146 28825 17785 4776 9321 13009 9447 8745 11363 2485 1706 916 597 11176 10440 9906 6355 1229
is_linear=0
shrinkage=0.04


Tree=42
num_leaves=63
num_cat=15
split_feature=0 0 0 3 0 0 0 3 0 54 25 25 6 4 25 36 54 0 0 53 39 0 7 53 12 15 7 25 54 25 25 48 25 16 41 25 54 4 25 10 54 15 6 25 12 25 39 9 54 25 16 12 54 34 3 15 25 53 54 25 54 25
split_gain=3367.18 794.249 654.292 104.807 103.825 84.1068 79.1734 26.1568 17.5473 14.4182 17.7244 14.1092 13.9093 13.7249 13.9691 16.1595 13.9743 13.6252 13.2559 12.8228 12.7654 12.2536 11.9225 11.6278 11.0739 16.5138 14.4117 14.2051 18.5946 12.5155 11.6434 11.2176 11.6992 11.7007 11.0958 10.8181 10.7047 10.6669 10.6568 10.6147 11.0769 10.5684 10.5288 14.1535 13.6413 16.0945 10.522 10.503 10.2887 11.4186 10.2375 12.5318 11.437 10.1497 13.6585 10.1134 9.81474 11.1309 9.78623 18.5882 15.5723 13.1745
threshold=-2.0402834415435787 -3.3409157991409297 -0.74735838174819935 0.67126089334487926 -2.6971695423126216 -4.0076992511749259 -1.3262171745300291 0.78234952688217174 -2.994590044021606 0.034166667610406883 0 1 2.5000000000000004 1.2297613024711611 2 0.03512499853968621 -0.037499999627470963 -1.6970797777175901 -4.6479060649871817 7.0850000381469735 2.6408333778381352 -3.6413699388504024 38.500000000000007 6.9849998950958261 0.33675000071525579 0.39325000345706945 52.500000000000007 3 -0.012500000186264513 4 5 1.3650000095367434 6 0.32084999978542333 3.5000000000000004 7 -0.039166666567325585 1.5048808455467226 8 0.18500000238418582 0.054166667163372047 0.31125000119209295 3.5000000000000004 9 0.35840000212192541 10 -0.50083333253860463 1.5000000000000002 -0.079166665673255907 11 0.40934999287128454 0.38785000145435339 -0.030833332799375054 0.41083332896232611 0.40952849388122564 0.32434999942779547 12 6.8949999809265146 -0.012500000186264513 13 -0.00083333335351287719 14
decision_type=2 2 2 2 2 2 2 2 2 2 1 1 2 2 1 2 2 2 2 2 10 2 2 2 2 2 2 1 2 1 1 10 1 2 2 1 2 2 1 2 2 2 2 1 2 1 10 2 2 1 2 2 2 2 2 2 1 2 2 1 2 1
left_child=1 5 6 13 8 18 17 38 48 42 -11 47 24 14 23 35 -17 20 -1 22 -2 -7 37 -4 26 27 31 28 -26 -27 -28 32 33 34 -8 -16 -9 39 50 -12 -41 -37 44 -44 -6 -46 -36 -10 49 -3 51 -5 -52 54 -34 -55 57 -22 61 60 -60 -14
right_child=2 4 3 7 9 21 12 36 11 10 19 -13 58 -15 15 16 -18 -19 -20 -21 56 -23 -24 -25 25 29 30 -29 -30 -31 -32 -33 53 -35 46 41 -38 -39 -40 40 -42 -43 43 -45 45 -47 -48 -49 -50 -51 52 -53 -54 55 -56 -57 -58 -59 59 -61 -62 -63
leaf_value=-0.03788708316985389 3.4092034981696256e-05 0.024909022626640038 0.017941552518639572 0.0021034591412454322 -0.0056983536721104998 -0.026189338206331347 -0.0018871810776740089 0.029988050098633808 -0.0080128126506064969 -0.015406134440950837 -0.0015612139370699265 -0.01344945936873136 0.002263671695601779 0.010727146093931682 -0.0024945447858981118 0.02448092098564663 0.01178820150507205 0.0023672656370917686 -0.03137470520630975 0.017304103233796872 -0.0050102304801156348 -0.020778233703716405 -0.011063874161868879 0.0075263797525183477 0.019166544256112656 -0.010257471908569134 0.0082729622019432798 0.020898474518158495 -0.0053318404112276934 0.010775230136097083 -0.0048113014441851171 -0.0084483928492161773 0.0010613037370086988 0.014857845493271548 0.0066352878701365419 0.014005735525966614 0.022007279936255692 -0.017777404789387538 0.020022684928068454 0.00030320657571956131 0.042831622203851082 0.0061649882728576719 -0.0024622923008648118 -0.010661697617870301 -0.0065604605630978112 0.001879646703753534 0.021364944052998224 0.01439927465183617 -0.016225446164647581 -0.012129263269809764 0.015297982455493273 0.01809240406617843 -0.011610228960980174 0.026122017213482833 0.0098778521817655864 0.0056349996992841843 -0.012276871299078864 0.021737930156324192 -0.0089926192516776044 0.0059971009248279347 0.0018559343693303079 0.0081014769294386856
leaf_weight=819.95755095034838 4388.1194298788905 13.470252156257628 1683.3011360317469 92.859496429562569 3263.2098364904523 1230.2104395702481 158.71487940847874 523.59880489110947 985.21404081583023 527.98974202573299 283.25165882706642 1662.0321993529797 913.81292204558849 3416.6058592647314 122.87492686510086 237.30279728770256 334.28951045870781 5352.0211233794689 1281.9582557231188 36.118925161659718 106.64085784554482 1469.3600373789668 500.6714188605547 190.96556669473648 96.720466330647469 72.942698895931244 166.85370853543282 332.29348188638687 101.68973822891712 90.032013431191444 272.90307746827602 64.307133942842484 720.98898842930794 688.7453974634409 284.53289899230003 567.75303749740124 552.82501745223999 55.960950881242752 2461.9004385024309 20.502472914755344 18.769737511873245 533.52142453193665 526.41476057469845 1045.2031674608588 552.70418909937143 1003.8122462257743 106.69007746875286 34.631557255983353 2286.2914338596165 22.284191109240055 50.54936695098877 504.80720573663712 50.54362165927887 73.662205442786217 460.8455668836832 80.888436004519463 238.75460757315159 32.471667610108852 283.11545853316784 1430.286411061883 839.31848675012589 2095.9526913315058
leaf_count=24317 33395 227 6871 401 34358 28985 717 2669 13938 5838 3096 23858 4277 13771 499 975 1360 32545 34605 390 817 29725 5491 777 440 331 773 1500 462 410 1255 314 3366 3106 1292 2314 2783 583 10781 227 208 2175 5511 11036 5816 10447 477 488 39202 377 222 2207 220 331 2005 370 1844 252 1350 6802 3998 9806
internal_value=-0.000103082 -0.0140365 0.00788294 0.0155272 -0.00884589 -0.0279155 0.00343325 0.0205039 -0.0133469 -0.00597114 -0.00958217 -0.0111428 0.00608991 0.0125516 0.0142501 0.011441 0.0170577 0.0009821 -0.0339152 -0.00598877 -0.000573387 -0.0232441 -0.00701385 0.0167908 0.00796469 0.0125304 0.0069361 0.0159505 0.00629338 0.00139338 0.000231883 0.00805312 0.00846521 0.0112928 0.00703327 0.00891189 0.0258893 -0.00165635 0.0186699 0.00114081 0.0206292 0.0101154 -0.00515572 -0.00799881 -0.00422865 -0.00114743 0.0106522 -0.00718133 -0.0158925 0.00539898 0.0134248 0.0156082 0.00184464 0.00571706 0.00449924 0.0153996 -0.00762796 0.00115062 0.00481832 0.00299653 -0.00087266 0.00636346
internal_weight=48417 17640 30777 11323.7 12838.5 4801.49 19453.3 4237.08 5003.92 7834.61 1443.26 2681.88 9335.3 7086.61 3670.01 1795.74 571.592 10118 2101.92 915.275 4765.99 2699.57 879.156 1874.27 3772.81 693.678 3079.13 530.704 198.41 162.975 439.757 2639.38 2575.07 1238.68 549.938 1224.15 1076.42 378.485 3160.66 322.524 39.2722 1101.27 6391.34 1571.62 4819.73 1556.52 391.223 1019.85 2322.05 35.7544 698.76 597.667 101.093 1336.39 1181.83 154.551 377.867 139.113 5562.49 2552.72 1122.43 3009.77
internal_count=438983 278723 160260 48025 161091 117632 112235 19283 78090 83001 15833 38284 43382 28742 14971 7323 2335 68853 58922 9995 36308 58710 9605 7648 17149 3143 14006 2402 902 741 2028 11978 11664 5592 2486 4988 5452 4114 13831 3531 435 4489 67168 16547 50621 16263 1769 14426 39806 604 3050 2608 442 6072 5371 701 2913 1069 26233 12150 5348 14083
cat_boundaries=0 1 2 3 4 5 6 7 8 9 10 11 12 13 14 15
cat_threshold=10363336 1787088 31363114 27940608 8928412 5538332 8825644 2097152 10488834 2122902 1738144 3295266 20457680 22458660 16813082
is_linear=0
shrinkage=0.04


Tree=43
num_leaves=63
num_cat=12
split_feature=0 0 0 4 0 0 0 4 25 0 3 31 25 0 25 50 51 25 25 27 12 56 7 3 49 16 25 16 0 54 34 25 50 25 53 25 15 7 50 55 53 35 50 56 25 27 8 11 17 54 7 50 48 38 53 13 25 3 54 48 54 25
split_gain=3138.03 713.423 602.334 165.727 81.2335 72.615 62.5556 32.2609 21.3394 21.0496 20.9603 15.7044 14.9408 14.7277 14.503 13.6443 13.1036 13.0303 12.3697 12.1018 11.7775 11.3451 10.2301 10.198 10.0939 10.0088 9.89954 10.3426 9.83121 9.74807 15.4184 20.5915 11.7675 10.8948 12.9729 10.8671 10.1883 10.0953 9.68286 9.64827 13.6005 12.6537 11.9667 10.7583 13.0661 11.0653 10.0668 10.5187 9.61565 14.5024 9.44936 9.35713 11.0835 9.23019 9.16435 9.10085 12.9461 12.7508 11.7806 11.5779 10.2785 10.006
threshold=-2.2816562652587886 -0.96119156479835499 -3.4406573772430415 1.0992073416709902 -1.4294337034225462 -2.6971695423126216 -4.1701359748840323 0.78153684735298168 0 -1.9000387787818906 0.48070509731769567 -1.0000000180025095e-35 1 -2.9676959514617915 2 0.026250000111758712 0.024999999441206459 3 4 5.5000000000000009 0.41695000231266027 -0.010796900372952221 48.500000000000007 0.78527465462684642 0.67500001192092907 0.27064999938011175 5 0.47840000689029699 -3.6413699388504024 1.332267629550188e-15 0.99083334207534801 6 0.094149999320507063 7 6.9749999046325692 8 0.29614999890327459 51.500000000000007 0.12674999982118609 4.5000000000000009 6.7449998855590829 -1.7308333516120908 0.0073500000871717939 0.0034217417705804114 9 3.5000000000000004 55.500000000000007 6.1849999427795419 5.6849999427795419 -0.072499997913837419 40.500000000000007 0.15294999629259112 2.4550000429153447 -0.015833333600312468 6.9849998950958261 5.805000066757203 10 0.5516892969608308 -0.035833332687616341 0.58499997854232799 -0.015833333600312468 11
decision_type=2 2 2 2 2 2 2 2 1 2 2 2 1 2 1 10 10 1 1 8 2 8 2 2 8 2 1 2 2 2 2 1 10 1 2 1 2 2 10 2 2 2 8 8 1 8 2 2 8 2 2 10 10 2 2 2 1 2 2 10 2 1
left_child=2 4 6 7 9 8 -1 -3 -4 11 18 12 -2 21 22 -16 -17 19 -5 -9 25 24 -12 53 -10 -20 27 -11 -8 30 35 36 -31 34 38 -7 -32 -37 -34 40 41 42 -14 44 -41 -45 47 -47 49 -28 -46 52 -51 -15 -24 57 60 61 -58 -60 -57 -42
right_child=1 3 5 10 -6 29 28 17 13 26 14 -13 39 23 15 16 -18 -19 20 -21 -22 -23 54 -25 -26 -27 48 -29 -30 32 31 -33 33 -35 -36 37 -38 -39 -40 43 55 -43 -44 45 50 46 -48 -49 -50 51 -52 -53 -54 -55 -56 56 58 -59 59 -61 -62 -63
leaf_value=-0.03484236416133047 -0.0052232267433704937 0.026445538904824699 -0.018975987206317907 0.0052112701614587418 0.0046534369890982724 -0.0021303611056021528 -0.026685677279778011 0.019284361148326046 0.00018268997572354416 0.0022084920496466295 0.014635945804350778 -0.0053120993639278347 0.032284485065521611 -0.01596839493728126 0.0087582534038578731 0.0059723577818718036 0.030358602411633347 0.01602859792212653 0.019080279304400413 0.028739841866913144 0.0059326979096491995 -0.015529791775626162 0.010597084086076186 -0.019110369979750935 -0.014760893594241915 0.010418413667518174 0.019837207234739401 0.015215996115103046 -0.021511808862553675 -0.010076434891824138 0.042875922522331765 -0.0037464753983638276 0.01625177977797022 -0.0079022559583124142 0.036264834142232361 -0.0094571980997470856 0.012028250465867319 0.0018916219425005815 -0.0063196017942858222 -0.0059679833485040195 -0.0043619639603798242 -0.0046335392384607181 -0.00050460356583880079 -0.01380750018021842 0.0073164537039334737 -0.0080824243938288163 0.019883640224804048 0.020716144899954256 -0.001496708901892114 0.0017366364152505956 0.042565142500634881 -0.014925455236691079 0.026140216961278249 -0.0077598239204631006 -0.0048496611694279967 0.0093672026767906477 0.024255524629042409 -0.0032666496316350515 -0.016950602389009226 0.012364106131281452 0.033788934844019285 0.009934856538017069
leaf_weight=1627.2511161342263 854.72466392815113 770.60568906366825 1084.5345892980695 1827.5087551474571 7165.6872272491455 721.8509089127183 1603.8012309670448 733.79319427907467 148.64537176862359 2355.3802177086473 2481.8958263844252 2127.0209760069847 30.542867839336395 255.99263215065002 2839.6206181198359 56.68534342944622 93.252547472715378 3203.7005074769258 268.16087271273136 307.25415924191475 760.95699027180672 2119.9851636812091 512.21489311754704 173.09866432100534 140.85203919187188 1045.9876338988543 75.905306294560432 102.04257520288229 927.41831723600626 1910.9011238962412 27.039720423519611 163.13048212230206 46.921494327485561 212.45402248948812 19.875283531844616 1260.7464251071215 46.746920965611935 139.26517177373171 86.412439361214638 57.25346378237009 95.0097471550107 500.46065717190504 42.715024270117283 189.3752699047327 24.756362274289131 152.44236946851015 32.818951457738876 23.40893442928791 3242.8226873800159 803.70156897604465 23.931523986160755 51.512644745409489 30.923287056386471 1524.027117408812 69.831817030906677 48.783506013453007 28.91817993670702 295.53588283807039 53.368794858455658 36.163449093699455 63.421805843710899 392.53905191272497
leaf_count=48184 7638 4023 17698 7742 36096 8196 39515 3225 2610 15669 10046 19189 263 3638 11493 229 377 14024 1120 1350 3241 37656 2071 2568 2482 4365 490 655 19343 22327 306 1834 542 2475 231 14387 524 1591 998 503 800 4319 364 1710 221 1383 296 211 22013 5370 213 347 211 21605 282 415 249 2616 466 313 545 3314
internal_value=-0.000159606 0.00646407 -0.0159143 0.0129867 0.00129757 -0.0106311 -0.0287236 0.0189162 -0.0137626 -0.000751525 0.00999971 -0.00269287 -0.000801886 -0.0123946 0.0114733 0.00934794 0.0211392 0.0175493 0.00771391 0.021865 0.00984537 -0.0145155 0.0134727 -0.00984167 -0.00708796 0.0121859 0.000726768 0.00273748 -0.02479 -0.00695127 -0.00514918 0.00452904 -0.00881843 -0.00224428 0.00574256 -0.00622981 0.0205479 -0.00826922 0.00162348 0.00102509 0.00256079 -0.00236074 0.0131659 -0.00379175 0.00753634 -0.00680676 -0.000453351 -0.00424882 -0.000453771 0.00305701 0.0204434 0.00161965 0.0026408 -0.00894034 0.00874384 0.00534609 0.0123294 0.00328918 0.00189895 -0.00510994 0.021275 0.00726311
internal_weight=48113.6 33872.6 14241 14971.5 18901.2 10082.5 4158.47 5015.35 5447.14 11735.5 9956.12 5073.19 2946.17 4362.6 6053.5 2989.56 149.938 4244.75 3902.61 1041.05 2075.11 2409.48 3063.94 1953.12 289.497 1314.15 6662.29 2457.42 2531.22 4635.34 2358.78 236.917 2276.56 365.663 153.209 2121.86 73.7866 1400.01 133.334 2091.45 1587.46 573.719 73.2579 503.987 105.941 398.046 208.67 175.851 4204.87 962.043 48.6879 886.138 834.625 1780.02 582.047 1013.74 230.656 783.085 118.45 89.5322 112.205 487.549
internal_count=438177 189467 248710 63588 125879 141668 107042 22622 88257 89783 40966 45028 25839 70559 24498 12099 606 18599 16468 4575 8726 42748 12399 27811 5092 5485 44755 16324 58858 53411 26838 2664 26573 4246 1771 24174 830 15978 1540 18201 13664 4946 627 4537 937 3600 1890 1594 28431 6418 434 5928 5581 25243 2353 8718 1988 6730 1028 779 960 4114
cat_boundaries=0 1 2 3 4 5 6 7 8 9 10 11 12
cat_threshold=16785676 2363704 18618798 303268 5813302 16957780 2169236 8444594 4866672 8932422 29953600 16844288
is_linear=0
shrinkage=0.04


Tree=44
num_leaves=63
num_cat=12
split_feature=2 2 2 3 2 2 3 2 3 3 3 25 7 25 3 25 2 55 54 17 25 25 3 34 5 25 53 15 20 34 25 25 48 4 34 3 34 54 35 39 7 45 25 15 20 4 25 49 54 18 9 10 48 53 25 15 49 15 25 55 2 49
split_gain=2942.98 589.584 519.271 227.563 98.0336 58.2443 43.0579 38.6842 30.4069 27.4825 20.1403 20.0634 18.209 17.5151 15.8284 15.6319 13.6182 13.4582 12.9553 15.9679 15.0265 12.849 12.1599 11.8579 12.3135 11.1459 10.691 10.6142 10.5142 14.6105 10.4955 9.84772 12.7595 10.6139 10.9789 11.4418 9.63486 9.55642 10.2532 12.638 14.8197 11.1643 9.34645 11.1054 9.23484 9.24363 9.19403 11.35 9.14803 9.09601 9.2273 9.04883 10.4032 9.5104 8.93082 9.52217 9.5744 9.10339 8.77287 8.7161 8.71066 8.70486
threshold=-1.6718273758888242 -0.24280757457017896 -2.9636646509170528 0.59182780981063854 -2.1626302003860469 -3.4283231496810909 0.72926622629165661 -0.9897826313972472 0.41867353022098547 0.46648937463760382 0.46832402050495153 0 45.500000000000007 1 0.39451578259468084 2 -3.9550833702087398 4.5000000000000009 0.040833333507180221 9.1849999427795428 3 4 0.80920755863189708 1.2891666293144228 3.5000000000000004 5 6.7750000953674325 0.20654999464750293 1.0000000180025095e-35 1.1058333516120913 6 7 2.1550000905990605 1.5780431032180788 -0.5741666555404662 0.36019468307495123 0.3574999868869782 0.0041666666511446246 -1.7308333516120908 -1.5708333849906919 33.500000000000007 5.5000000000000009 8 0.45475000143051153 5.5000000000000009 1.4390355944633486 9 1.3450000286102297 -0.014166666660457848 42.500000000000007 1.0000000180025095e-35 0.16499999910593036 0.16499999910593036 6.8150000572204599 10 0.44744999706745153 -2.6650000810623165 0.50104999542236339 11 1.5000000000000002 -1.4204602837562559 0.40500000119209295
decision_type=2 2 2 2 2 2 2 2 2 2 2 1 2 1 2 1 2 2 2 10 1 1 2 2 2 1 2 2 8 2 1 1 8 2 2 2 2 2 2 8 2 2 1 2 8 2 1 8 2 10 2 2 8 2 1 2 8 2 1 2 2 8
left_child=2 7 5 8 9 16 30 11 46 -4 -7 37 15 49 31 -11 -1 23 19 54 51 -10 25 24 42 -8 28 -19 29 -23 59 32 33 34 -13 36 -36 38 -2 40 -40 -41 -15 44 45 -44 47 -3 -17 50 -6 52 -20 -53 55 56 -9 -57 -21 -5 -39 -50
right_child=1 3 4 6 13 10 22 18 21 12 -12 14 -14 17 -16 48 -18 27 20 58 -22 26 -24 -25 -26 -27 -28 -29 -30 -31 -32 -33 -34 -35 35 -37 -38 60 39 41 -42 -43 43 -45 -46 -47 -48 -49 61 -51 -52 53 -54 -55 -56 57 -58 -59 -60 -61 -62 -63
leaf_value=-0.035807140906786106 -0.0066160569114474804 0.014021888090363716 -0.020934575978145211 0.015536331406903992 -0.0016664304026989744 -0.032610241825307001 0.01416185185915279 0.016796457935697406 0.0069330841496326543 -0.003030001881708543 -0.020721311406476532 -0.01363788897048499 -0.017355470318795786 6.2679725939272129e-05 -0.0024334675642535704 -0.0093480746709577889 -0.029439391208703893 -0.025278089899238864 -0.011910954429114599 -0.013652459922912918 -0.0075116852929025127 0.01198196967567881 0.026071981404248223 0.0066760271291983579 -0.010816127849678923 0.022002668154102376 0.008969790839472136 -0.01112517634527402 0.014281627247933677 -0.0068099366132767557 0.015717823766809906 -0.011199021685641204 -0.029500334450972821 -0.013531457439675192 0.042396158547660878 0.002304155138878473 0.0068255413243365369 -0.0067354065518084984 0.041466872279838876 0.0038439077119375581 0.0062337642418475179 -0.0078004781575214312 -0.0069780321520167311 0.013325399938944897 -0.015906788777626146 0.019547274793649969 0.006329029531925566 0.0014802843076417039 -0.010703470144312444 0.021843094915756076 -0.007655339073226808 0.013658601972857721 0.01189540994456148 -0.010940222002981949 0.0045714670519564167 0.015310925987792936 0.000474058874935128 -0.00084731093906947397 -0.00077355665397075375 0.0088373446537833109 0.00063043169599039095 -0.016281930223883911
leaf_weight=1014.100147318095 176.00471199303865 126.46214458346367 896.13711844757199 474.34110797941685 1152.1718965508044 270.20666927099228 632.79173582792282 58.839731782674789 2498.5310880988836 329.66431787610054 1458.8988524824381 30.792852111160755 1241.3651690408587 442.18509994447231 3570.6433793604374 918.51290834322572 1143.0530953668058 94.538914058357477 34.580938972532749 119.22428446263075 436.40244552493095 217.04604941606522 579.62369452416897 100.36901522800326 897.48348747193813 1130.2182687520981 2486.7302234023809 821.68150682002306 1582.5817974209785 95.247762769460678 3187.5064787566662 595.97804622352123 22.72369235008955 51.267886236310005 29.344890519976616 66.223917722702026 20.833870068192482 419.57943998277187 29.563222549855709 1364.7611812129617 53.974514506757259 145.81602881848812 261.73427596315742 36.485281262546778 209.93189781159163 22.856047756969929 4007.9623456597328 1326.3296703398228 713.24552941694856 22.398515213280916 640.41629990935326 33.554758705198765 194.89047371596098 100.36351147294044 3582.1008970960975 147.89251250773668 2524.2451698333025 89.577086977660656 262.81696776300669 901.11327590048313 662.44325616955757 1201.5112810619175
leaf_count=31734 1498 628 18266 2000 13302 7164 2948 384 10228 5165 32138 330 19973 4957 30003 14104 31429 1203 239 719 2849 884 3093 1090 10887 5314 10178 10263 6460 394 13387 6190 224 558 312 646 215 4187 256 11149 472 1262 2913 393 2293 318 18934 6294 11429 268 7341 224 1242 665 21383 881 15270 530 1561 3744 5527 19084
internal_value=-0.000121071 0.00620534 -0.0156404 0.0108233 -0.0108194 -0.0280487 0.0166378 0.000209811 0.00756976 -0.0145492 -0.0225792 -0.00188157 -0.01325 -0.00661516 -0.00357463 -0.0116388 -0.0324329 -0.0085504 0.00220619 0.00277379 -0.00260882 0.00933865 0.0210459 -0.00671809 -0.00743674 0.0193935 0.0106702 -0.0125855 0.012958 0.00625055 0.0143746 -0.00860474 -0.00106032 0.00214258 0.00760182 0.0132205 0.0276275 0.000733042 0.00254586 0.00355742 0.0187024 0.00271988 -0.00432025 -0.00782388 -0.00954246 -0.00484773 0.00534109 0.00255442 -0.0125853 -0.00347036 -0.00380602 0.00339249 0.00830783 -0.0047767 0.00324781 0.00154507 0.000845865 0.0092158 -0.0051703 0.0110671 -0.00222584 -0.014204
internal_weight=47959.9 34070.9 13888.9 19246.5 10002.7 3886.26 6905.59 14824.4 12340.9 5300.44 1729.11 7239.95 4404.3 4702.25 4387.81 3162.93 2157.15 2887.27 7584.49 6784.7 799.792 6880.14 2342.63 1971.05 1870.68 1763.01 4381.61 916.22 1894.88 312.294 4562.96 817.165 221.187 198.463 147.196 116.403 50.1788 2852.14 1770.12 1594.11 83.5377 1510.58 973.193 531.008 494.522 284.59 5460.75 1452.79 2833.27 1814.99 1792.59 363.39 229.471 133.918 6402.66 2820.55 2583.08 237.47 382.041 1375.45 1082.02 1914.76
internal_count=438976 193262 245714 84486 143249 102465 30486 108776 54000 88021 39302 62829 69755 55228 38478 49782 63163 34317 45947 40728 5219 28144 11355 22851 21761 8262 17916 11466 7738 1278 19131 8475 2285 2061 1503 1173 527 24351 14637 13139 728 12411 10874 5917 5524 3231 25856 6922 44617 20911 20643 2370 1481 889 38448 17065 15654 1411 2280 5744 9714 30513
cat_boundaries=0 1 2 3 4 5 6 7 8 9 10 11 12
cat_threshold=16114176 27876352 16464 16864790 19580418 4279902 10570816 655504 41704 2822224 12667686 22021704
is_linear=0
shrinkage=0.04


Tree=45
num_leaves=63
num_cat=13
split_feature=1 1 1 4 4 3 3 1 1 1 4 4 4 3 48 25 25 25 38 35 25 49 25 3 54 25 25 25 34 48 54 35 25 54 4 7 25 16 3 4 53 48 54 5 25 12 15 14 50 8 25 13 48 25 48 53 15 15 56 16 7 56
split_gain=2191.07 752.574 359.962 207.844 126.92 114.144 45.158 45.1375 34.4512 32.8557 28.041 22.2822 21.5771 18.4963 18.3979 17.7841 17.3951 17.3647 16.3275 20.753 18.9281 18.7471 15.8541 15.2948 17.1496 16.2787 14.4682 13.7291 13.1694 12.9836 12.8972 14.4792 16.4316 12.5362 12.3839 12.2495 12.2058 13.6638 13.2482 11.9241 11.8892 11.766 12.4463 11.6788 11.6279 11.5962 12.3293 15.917 12.4028 13.4418 11.4321 12.3562 11.4299 11.9429 11.3889 11.2193 11.2108 11.5332 11.142 10.9771 10.7251 10.6728
threshold=3.5000000000000004 1.5000000000000002 5.5000000000000009 1.0885146856307986 1.3458522558212282 0.67126089334487926 0.48070509731769567 4.5000000000000009 4.5000000000000009 2.5000000000000004 1.4414880275726321 0.83556732535362255 1.3237908482551577 0.72926622629165661 -1.6249999999999998 0 1 2 -0.01916666608303785 1.8541666865348818 3 1.3450000286102297 4 0.48070509731769567 -0.034166667610406869 5 6 7 -1.5008333325386045 2.1149998903274541 0.042500000447034843 1.1991667151451113 8 -0.037499999627470963 1.081214487552643 44.500000000000007 9 0.31405000388622289 0.32455590367317205 0.93600317835807811 6.6649999618530282 -1.6549999713897703 -0.007500000298023223 5.5000000000000009 10 0.15230000019073489 0.24424999952316287 0.33245000243186956 -0.11195000261068343 52.500000000000007 11 5.805000066757203 1.5850000381469729 12 -3.1049998998641963 7.0050001144409189 0.24825000017881396 0.26479999721050268 -0.0075452758464962235 0.3437000066041947 40.500000000000007 -0.023151319473981854
decision_type=2 2 2 2 2 2 2 2 2 2 2 2 2 2 8 1 1 1 2 2 1 10 1 2 2 1 1 1 2 10 2 2 1 2 2 2 1 2 2 2 2 8 2 2 1 2 2 2 8 2 1 2 8 1 8 2 2 2 8 2 2 8
left_child=1 3 4 11 7 9 36 15 18 23 28 -1 17 29 -10 39 45 41 19 -6 -20 -21 -15 25 27 -3 35 -25 -4 50 31 32 -16 -28 -9 -8 37 -5 60 -2 -41 -11 -43 -30 -26 -14 47 -47 -49 -50 -7 -52 -48 -54 -12 -35 -40 -58 -17 -31 -38 -42
right_child=2 5 10 6 8 13 26 34 14 12 54 -13 16 22 30 58 -18 -19 20 21 -22 -23 -24 24 44 -27 33 -29 43 59 -32 -33 -34 55 -36 -37 38 -39 56 40 61 42 -44 -45 -46 46 52 48 49 -51 51 -53 53 -55 -56 -57 57 -59 -60 -61 -62 -63
leaf_value=0.022852607027056843 -0.01679227534299791 0.0010038003420253434 -0.035243036704282173 0.00027748208634951029 -0.00022249379967333814 -0.0010031465896285542 0.009579022892644791 -0.023379428250684179 -0.019564417002654173 -0.015447545707381376 -0.035045175612209503 0.016457161536697028 -0.01032811554537021 -0.0027475831315231995 -0.011839821017193155 -0.0072358968576448366 -0.0022894027688561587 -0.0068278923755589055 -0.00050950937553979371 0.035569149578926672 -0.0080283887026694339 -0.0074344946942693745 -0.012486741422719896 -0.00075963206559637772 -0.0044544496096957801 0.0056398490449189476 0.014918350119391228 0.0073375762361614152 -0.022773848766395034 -0.0027373267351715018 -0.015853410519294748 -0.015763379690183744 -0.00028555551911242552 0.011057658656184695 -0.017280506692031 0.0024692653504793556 -0.0057787522056331397 0.0059586189571752554 0.014379461842682999 0.011508923353208522 0.011966806906693991 0.0062693288520702488 -0.0032676646384097647 -0.030367172994377477 0.00078941663253718607 0.0016718585838201374 0.0045991992336541464 0.0063562221851293467 0.01396344823035138 0.046220759499663901 -0.013284152983347081 -0.0034336469949139891 0.0075731073931517793 -0.007543850070958107 -0.018297122213331237 0.0020382334792403956 -0.0045893280145757036 0.0079243653100765817 -0.015710768653050322 0.02148643805875999 0.0080484696545012301 -0.00814676245128396
leaf_weight=1156.5310778319836 189.85058964043856 2124.1290186941624 556.16835914738476 1124.8282649964094 292.1355773024261 558.90916873142123 1252.105364844203 873.12717706896365 293.32554593496025 73.055544223636389 73.721783241257071 3538.473984092474 96.630088977515697 360.19533765688539 289.49664762988687 290.37362418323755 1911.5311015844345 1646.6294646337628 1045.9660121835768 55.350018780678511 1105.7893414795399 22.942860260605812 1338.5941802822053 571.55149087309837 1161.8518841713667 2862.1912495717406 1402.2318017780781 808.11467302590609 465.8687802888453 66.586021397262812 302.72162817232311 217.53959215059876 588.04719097167253 2772.1371618360281 1366.1883530206978 561.64881409704685 206.57631966471672 1702.728189215064 416.81910559535027 59.696136698126793 44.749781552702188 416.81141366064548 461.21931070461869 1064.8217801637948 1599.1278182268143 126.65822711586952 1089.6457609608769 53.571728333830833 39.028487034142017 43.938526459038258 427.91813957691193 388.92311854660511 108.68618017435074 284.06978768110275 546.85684969834983 239.74513418972492 124.44636315107346 2220.4270475655794 1709.3670218810439 54.372516889125109 158.709945499897 743.84705391898751
leaf_count=6004 3844 11257 17034 4974 2855 5892 5076 21019 5062 868 2133 15514 713 4886 4143 4534 14000 16699 10346 510 11099 218 17943 3691 8034 15057 5718 5101 11547 628 4598 2908 8286 11220 27186 2276 1038 7501 1799 864 645 3990 4823 30943 10874 947 8197 400 283 322 4664 3955 754 1967 11726 969 537 9575 27268 500 806 10981
internal_value=-0.000258465 0.00476057 -0.0148866 0.0108823 -0.0112165 -0.000772188 0.00812659 -0.0153497 -0.00603958 0.000648744 -0.0277516 0.0180326 -0.00156042 -0.00765494 -0.0104568 -0.0121736 0.000379047 -0.00436299 -0.00307782 0.00467887 -0.00441315 0.0229674 -0.0105114 0.0021861 0.000389198 0.00367826 0.0105079 0.00403084 -0.0299715 -0.00441278 -0.00854561 -0.00652546 -0.00423542 0.0117676 -0.0196585 0.00733696 0.00563598 0.00368558 0.00736428 -0.00765679 -0.00570251 -2.34225e-05 0.00125966 -0.0280561 -0.00143054 0.00314324 0.00390698 0.0118851 0.0213592 0.0310466 -0.00551746 -0.00849009 0.00249049 -0.00335983 -0.0202867 0.0103397 0.00833474 0.00726024 -0.0144081 0.00815159 0.000228913 -0.0070054
internal_weight=47749.3 35551.3 12198 16877.4 9490.51 18673.9 12182.4 5277.2 4213.31 15478.4 2707.44 4695.01 6351.48 3195.5 1691.13 3037.88 3753.76 2597.72 2522.18 370.428 2151.76 78.2929 1698.79 9126.97 4140.65 4986.32 6227.87 1379.67 2086.86 1496.71 1397.81 1095.08 877.544 4414.11 2239.32 1813.75 5954.54 2827.56 3126.98 1038.14 848.293 951.086 878.031 1530.69 2760.98 1842.23 1745.6 263.197 136.539 82.967 1375.75 816.841 1482.4 392.756 620.579 3011.88 2761.69 2344.87 1999.74 120.959 365.286 788.597
internal_count=439201 219452 219749 73007 146366 146445 51489 96341 50025 107977 73383 21518 53963 38468 24997 48136 27583 26380 25028 3583 21445 728 22829 54014 27700 26314 25259 8792 59524 15639 19935 15337 12429 17907 48205 7352 26230 12475 13755 16334 12490 9681 8813 42490 18908 13583 12870 1952 1005 605 14511 8619 10918 2721 13859 12189 11911 10112 31802 1128 1844 11626
cat_boundaries=0 1 2 3 4 5 6 7 8 9 10 11 12 13
cat_threshold=12699200 20156650 7865614 30006788 2682 11357762 10601984 5345582 6473768 26399014 5898744 29497560 2097162
is_linear=0
shrinkage=0.04


Tree=46
num_leaves=63
num_cat=15
split_feature=0 0 0 4 2 0 0 0 0 25 54 54 25 7 25 15 6 53 25 48 12 6 25 14 4 48 25 16 25 14 45 54 25 25 15 25 12 14 25 25 12 50 25 7 53 15 0 18 39 53 15 36 53 25 0 17 54 53 0 38 36 25
split_gain=2571.36 552.198 520.448 101.719 88.6087 81.787 60.0773 20.1188 18.4351 18.2107 14.6682 14.3833 22.8762 13.7288 13.2562 13.6981 13.6357 13.1098 12.8336 12.4878 12.4589 25.6232 14.6028 12.2716 12.1741 16.6949 13.7391 12.2488 13.8772 13.1084 11.8361 11.7553 11.7286 11.6869 12.2652 11.338 10.8716 10.7849 10.6428 10.3445 10.2336 10.2156 20.9502 10.0771 10.0043 9.81479 9.80048 9.70989 14.3528 9.73961 10.1059 10.4469 9.60608 9.50092 9.37942 9.35289 9.31475 12.844 10.0152 10.686 9.2935 9.25845
threshold=-2.2544609308242793 -3.5118060111999507 -0.81701362133026112 1.0632632970809939 -0.91109085083007801 -2.8310116529464717 -4.1409900188446036 -0.26403853297233576 -1.1024111509323118 0 0.055833334103226669 -0.0058333333581686011 1 40.500000000000007 2 0.40545000135898596 2.5000000000000004 6.8849999904632577 3 1.3450000286102297 0.24724999815225604 2.5000000000000004 4 0.06919999793171884 1.2990888953208926 2.0449999570846562 5 0.30134999752044683 6 0.26690000295639044 5.5000000000000009 -0.040833333507180207 7 8 0.34264999628067022 9 0.45995000004768377 0.47845000028610235 10 11 0.45845000445842748 -0.10215000063180922 12 34.500000000000007 7.0150001049041757 0.25335000455379492 -4.6479060649871817 25.500000000000004 -0.68266665935516346 6.9049999713897714 0.38594999909400945 0.026508333161473278 6.8250000476837167 13 -0.50995337963104237 4.1549999713897714 0.047499999403953559 6.8650000095367441 -3.308025479316711 0.030833332799375061 0.038424998521804817 14
decision_type=2 2 2 2 2 2 2 2 2 1 2 2 1 2 1 2 2 2 1 8 2 2 1 2 2 8 1 2 1 2 2 2 1 1 2 1 2 2 1 1 2 8 1 2 2 2 2 10 8 2 2 2 2 1 2 10 2 2 2 2 2 1
left_child=1 6 4 7 11 9 46 38 10 19 -6 18 30 -11 16 17 -5 -16 47 56 24 39 -23 -18 25 27 -26 -7 29 -29 -13 -9 -33 -19 -35 -12 -37 61 -4 -22 -34 42 -10 -41 -28 -24 -1 48 -2 50 -50 -52 55 -54 -25 -49 57 -3 -59 -60 -53 -32
right_child=2 5 3 14 8 20 -8 31 41 13 35 12 -14 -15 15 -17 23 33 -20 -21 21 22 45 54 26 -27 44 28 -30 -31 37 32 40 34 -36 36 -38 -39 -40 43 -42 -43 -44 -45 -46 -47 -48 52 49 -51 51 60 53 -55 -56 -57 -58 58 59 -61 -62 -63
leaf_value=-0.037399442045717601 -0.024418055520758392 -0.0092917770056971868 0.011800390992965933 0.017221376379174615 0.0033450525363905408 -0.023312103548570509 -0.023513220969110106 0.025704071658419498 0.010539601912377886 -0.013465696763228761 -0.015422260677890634 -0.0010780281107972483 -0.0066258659909995323 -0.018893479142506761 0.0090101121411085977 0.012860190139271206 -0.0020153887353651324 -0.0033750850280350121 -0.0018853230309316337 -0.022154297683227995 -0.0074272430594763466 -0.011621368844365902 -0.012801742584978739 0.0093138878804107424 -0.012311038032406237 0.02159405559576345 -0.0033117298490585351 -0.0097986051705526035 -0.018051869560188144 0.012885938363809475 -0.0079125047790799749 0.0097414456618709466 0.014074644773274712 0.0033431772482582153 0.013516636118536145 -0.0043135634071237846 0.0098941885713072358 0.035777252286330434 0.017500622487076133 0.0041737647749967135 0.026566515886353243 0.0065035257937206313 -0.010026059021023081 -0.0029936952006079788 0.022374984754835875 -0.0044832719705833477 -0.031036637443196406 0.010195256512044684 -0.0012763771390334215 0.010622369912981842 0.026803498255992705 -0.017822660471832921 0.015562569688475395 -0.0079115500511952302 0.015884964169455101 0.032880525492974579 -0.0168054967688097 -0.014713302894093483 0.003937888999797628 0.041615800298209764 0.0058689032381662011 0.013601149797927637
leaf_weight=725.37570386938751 33.42180048674345 821.15309661626816 1034.2449740916491 683.23464681208134 8255.7303553670645 208.66911085695028 1991.9551537819207 593.99405056238174 130.99827210605145 1672.3669997788966 92.61692214012146 1609.8809823617339 1681.9469515457749 1345.4515933841467 3623.1896915286779 1050.5247105807066 116.21419380605221 256.14523984491825 2184.6587384194136 121.21448873355985 435.88650888949633 1203.5376000851393 268.68730332702398 1068.5214947909117 373.79744094610214 20.142195366322994 397.37269929051399 138.39928225427866 219.18733804672956 57.770759560167789 44.71735492348671 252.100626334548 157.78509479761124 656.74027122557163 266.57077969610691 332.99107334017754 116.25576049089432 23.358907364308834 1878.3563615977764 492.33789432048798 313.22478459775448 4444.5358131527901 171.26252709329128 865.73711670935154 25.837279707193375 1460.656596519053 831.08372301980853 97.64666760712862 998.58630562573671 188.06154555082321 35.557678818702698 28.527133233845234 33.201496705412865 66.43438359349966 515.09912893176079 41.410942398011684 189.9136466383934 42.315425787121058 129.35615340620279 13.28019008412957 371.31386402994394 75.556427001953125
leaf_count=24512 267 14524 4541 2768 47189 2662 50102 3122 600 29913 567 13478 14303 24409 14779 4292 475 1043 17605 2139 5242 14752 3265 4327 4503 251 4711 1737 2766 727 387 1296 809 2674 1086 2057 702 201 8297 5772 1625 19605 782 10323 305 17591 25773 778 7905 1487 277 225 263 535 2145 328 3484 885 2165 225 2889 642
internal_value=-0.000107903 -0.0144717 0.00591251 0.0123902 0.00207797 -0.00986268 -0.028114 0.0174322 0.00401059 -0.014073 0.00292661 -0.00140555 -0.00331242 -0.0158331 0.00980086 0.00870788 0.0123968 0.00781774 0.000200537 -0.00984569 -0.00690352 -0.00591086 -0.00821416 0.0105306 -0.0101593 -0.0142486 -0.00685417 -0.0154055 -0.0114334 -0.00296692 -9.58683e-05 0.0215346 0.0181097 0.00415486 0.00621308 -0.00344867 -0.000623024 0.0109058 0.0155771 -0.00214528 0.0219165 0.00601961 -0.00109602 -0.000392413 -0.00170329 -0.0057425 -0.034002 0.00260251 0.00152877 0.0020634 0.000940926 0.00602631 0.0101585 0.000678589 0.0114512 0.0169509 -0.00868056 -0.00714688 0.00237606 0.0074459 0.0041786 0.00607543
internal_weight=47576.1 14051.5 33524.6 12465.9 21058.7 10503.1 3548.41 4229.71 13544.4 4335.05 8797.59 7514.28 3435.46 3017.82 8236.24 5853.17 2383.07 4802.65 4078.82 1317.23 6168.02 4726.84 2932.88 1699.83 1441.18 644.169 797.007 624.026 415.357 196.17 1753.51 1317.1 723.111 1179.46 923.311 541.864 449.247 143.633 2912.6 1793.96 471.01 4746.8 302.261 1358.08 423.21 1729.34 1556.46 1894.16 1655.47 1622.05 1433.98 435.399 238.693 99.6359 1583.62 139.058 1196.02 1006.1 184.952 142.636 399.841 120.274
internal_count=439089 252738 186351 53279 133072 152351 100387 19690 71502 77744 50515 61570 29011 54322 33589 23874 9715 19582 32559 23422 74607 56945 35608 6947 17662 8143 9519 7892 5230 2464 14708 6852 3730 4803 3760 3326 2759 1230 12838 21337 2434 20987 1382 16095 5016 20856 50285 14954 13050 12783 11296 3391 1904 798 6472 1106 21283 17799 3275 2390 3114 1029
cat_boundaries=0 1 2 3 4 5 6 7 8 9 10 11 12 13 14 15
cat_threshold=9126976 29400678 270824 28994562 18254122 19009950 26399802 1184628 2310658 3449120 2182746 12853512 6757264 8415232 4194404
is_linear=0
shrinkage=0.04


Tree=47
num_leaves=63
num_cat=16
split_feature=1 1 1 3 1 4 3 3 4 4 55 49 4 3 4 25 5 48 1 4 25 25 25 56 5 25 12 56 25 12 26 25 48 5 16 12 25 3 25 4 25 25 56 56 5 25 39 26 25 34 25 16 36 48 25 17 53 25 38 56 34 28
split_gain=1974.58 576.827 348.079 147.978 138.786 111.619 57.7725 56.2013 43.2986 29.1661 22.2158 22.756 22.0404 21.5986 19.6984 22.6899 19.2271 19.115 17.6518 17.271 16.8978 16.6423 16.5704 16.5135 16.462 22.5792 15.4386 15.207 14.9394 14.9351 14.4177 14.2614 13.8017 12.5516 11.9727 11.7996 15.3769 11.7682 19.5305 13.9626 21.1677 11.7246 11.3278 11.1962 11.0108 10.8682 10.8276 10.6921 12.5219 11.6824 10.6803 10.8303 10.5028 12.5714 10.3212 16.5072 11.5483 10.3012 10.2188 10.1012 10.0641 9.87821
threshold=2.5000000000000004 4.5000000000000009 1.5000000000000002 0.54180839657783519 5.5000000000000009 1.2131882309913637 0.75973206758499157 0.64644789695739757 1.4166362881660464 1.4703419804573061 5.5000000000000009 -7.9800000190734854 0.93600317835807811 0.81324681639671337 1.4237733483314516 0 4.5000000000000009 -2.0949999094009395 3.5000000000000004 1.4237733483314516 1 2 3 -0.011051413603127001 2.5000000000000004 4 0.53284999728202831 0.0028149539139121775 5 0.033050000667572028 1.5000000000000002 6 1.8849999904632571 5.5000000000000009 0.11830000206828119 0.23719999939203265 7 0.49012678861618048 8 1.2945024371147158 9 10 -0.010065574664622544 -0.0062194804195314637 5.5000000000000009 11 -0.53916668891906727 4.5000000000000009 12 0.59416666626930248 13 0.31534999608993536 0.0012916666455566885 -2.2649999856948848 14 6.1549999713897714 6.9049999713897714 15 -0.0041666666511446229 -0.0073249738197773686 0.85750001668930065 5.5000000000000009
decision_type=2 2 2 2 2 2 2 2 2 2 2 8 2 2 2 1 2 8 2 2 1 1 1 8 2 1 2 8 1 2 2 1 10 2 2 2 1 2 1 2 1 1 8 8 2 1 10 2 1 2 1 2 2 10 1 10 2 1 2 8 2 10
left_child=2 5 3 14 8 12 28 37 22 29 11 -7 31 45 15 -1 19 -10 -14 32 26 -12 52 -17 25 -19 42 -27 43 -6 -25 34 35 -31 -2 -13 -37 39 -39 40 -4 -26 46 -5 -11 -9 -18 54 49 -49 51 -20 -3 -54 -41 -56 -57 -21 -48 -36 -43 -51
right_child=1 4 7 6 9 10 -8 13 17 44 21 16 18 -15 -16 23 20 24 50 57 -22 -23 -24 30 41 27 -28 -29 -30 33 -32 -33 -34 -35 59 36 -38 38 -40 47 -42 60 -44 -45 -46 -47 58 48 -50 61 -52 -53 53 -55 55 56 -58 -59 -60 -61 -62 -63
leaf_value=0.0039973149977932214 0.015647303485645182 -0.017197095597045183 0.018148630619154418 0.015217342139640735 -0.037368931341192527 0.037015029590896149 0.021025928336187504 0.00098600358826812567 -0.025644990583552435 -0.012177907352037472 -0.0018760244657770448 -0.0075869119148226707 -0.0061109239946127427 -0.01780607011271227 0.0041386317255924874 0.017281130276932382 0.027633017772701333 0.01948112628548785 -0.014693596223683389 0.0045124209674424036 -0.0084220384620973584 -0.011582041121838929 -0.020924274382864181 0.020354316127668932 -0.014867373799179625 0.023694522805643464 0.017377706743963425 -0.01857870559718542 0.013993705760133132 -0.023083199519419319 0.0081776482650826928 -0.0190818984705977 0.010028129973497826 -0.030115097999627249 0.0016529998315898279 0.002033301251059307 -0.0046041816652295274 -0.0028066893768185349 0.0032734027011908917 -0.0028721367512746687 0.0028429155349532337 -0.0031261321969057142 -0.005034319678943939 0.0088952941351445134 -0.024391574753205247 -0.0052733483280706919 -0.014134467447232997 -0.0039665753852878858 0.0066975159964194099 -0.0019864018753131909 -0.013780499436379616 0.0023187428810806077 -0.027295227929044416 -0.0073787748217022612 0.0055226236587732104 -0.008493153960226419 0.0097419963311124735 -0.00055941620570128746 0.019876719526916393 -0.013571526504384642 -0.017413825580208792 0.010427858142897699
leaf_weight=1539.6170637905598 28.163577893748879 688.46661646664143 248.22996439039707 551.70738312602043 296.23110931180418 24.181781254708767 1503.8726186901331 640.27534992992878 97.342377532273531 245.66255458071828 500.05813478305936 757.94818275049329 1884.7713480629027 180.23508716747165 3502.8961905241013 433.36062197387218 35.510152097791433 73.594438843429089 97.479647198691964 1139.5220155194402 1122.7924360968173 688.22891974076629 1437.9019233323634 165.29280664026737 354.26566454395652 16.98187194019556 71.043859489262104 68.684029430150986 4180.5883120596409 622.17989814467728 2648.1672882139683 647.43306107632816 130.35577360913157 1169.6434638723731 83.031008491292596 957.27231290563941 1319.7042998708785 1443.3392189592123 2012.1358739957213 747.49308741092682 359.15938349068165 486.52293576858938 457.3988224491477 2389.0493388772011 227.43592626601458 1446.7722113020718 34.884207345545292 424.83998341858387 1702.4242299124599 172.16284673660994 1099.4168944619596 155.19695406779647 57.127808654680848 451.2742024268955 1015.3483677208424 266.76706577092409 70.187457472085953 1448.9182685948908 23.762573480606079 435.19763447530568 94.144515685737133 253.65166890621185
leaf_count=6359 520 14705 1129 2331 9956 254 7816 6070 1666 4960 5024 8260 22213 2770 15807 1780 368 915 1563 8629 11042 7038 31272 675 4883 199 622 857 17673 16399 10913 11896 1024 36075 1492 8963 12483 9587 13209 4073 1645 6862 4626 10020 5581 13891 327 2271 9089 930 18211 2466 1336 9387 5433 1444 381 11092 239 7965 1173 1357
internal_value=-0.000194855 -0.00994964 0.006634 0.0102344 -0.0198103 -0.00515713 0.0139021 0.0010892 -0.0149864 -0.0270171 -0.00252818 -0.0017254 -0.0103261 -0.00452091 0.00641797 0.00808607 -0.00185032 -0.00865902 -0.0086128 -0.00073478 -0.00552771 -0.00761079 -0.0178479 0.00998187 -0.00714791 0.0047396 -0.000170104 -0.00913265 0.0123978 -0.0290489 0.00889304 -0.0149716 -0.00271657 -0.0276734 -0.00957663 -0.00326398 -0.00182498 0.0025486 0.000735121 0.00373988 0.00944371 -0.00917288 -0.00243346 0.0100472 -0.0180495 -0.00337361 0.0102011 0.00299529 0.00473424 0.000717941 -0.0121003 -0.00408283 -0.0138613 -0.00961673 0.00088096 0.00295489 -0.00469478 0.00168866 -0.000353774 -0.0111322 -0.00535047 0.0054086
internal_weight=47427.3 19529.7 27897.6 16914.6 6387.46 13142.3 8625.22 10983 3826.31 2561.15 8711.58 7523.29 4430.69 2267.28 8289.33 4786.44 7499.11 1191.54 3236.86 5753.72 1745.39 1188.29 2634.77 3246.82 1094.19 159.26 622.6 85.6659 7121.35 2088.05 2813.46 1193.83 3165.28 1791.82 546.392 3034.92 2276.98 8715.74 3455.48 5260.26 607.389 934.933 551.556 2940.76 473.098 2087.05 94.1569 4652.87 2553.08 850.654 1352.09 252.677 1196.87 508.402 2099.8 1352.3 336.955 2588.44 58.6468 518.229 580.667 425.815
internal_count=439196 292543 146653 73374 146226 146317 37840 73279 73255 72971 79991 67929 66326 22731 35534 19727 67675 16555 44453 50451 17224 12062 56700 13368 14889 1971 6182 1056 30024 62430 11588 21873 30730 52474 9977 29706 21446 50548 22796 27752 2774 12918 5560 12351 10541 19961 934 24978 13647 4558 22240 4029 25428 10723 11331 7258 1825 19721 566 9457 8035 2287
cat_boundaries=0 1 2 3 4 5 6 7 8 9 10 11 12 13 14 15 16
cat_threshold=26243090 2810626 25793618 12145686 5345128 14765648 6522700 5956144 22810922 26608436 8620106 30409282 19223554 4211792 11308564 21469234
is_linear=0
shrinkage=0.04


Tree=48
num_leaves=63
num_cat=11
split_feature=0 0 0 3 2 0 0 4 3 2 7 48 25 2 25 39 50 54 25 36 25 17 7 16 56 3 25 3 31 25 34 25 15 2 48 48 5 2 34 25 27 34 56 34 39 56 25 35 25 56 31 7 50 56 25 36 17 39 56 16 17 54
split_gain=2300.45 605.266 416.889 131.2 74.6595 73.3308 36.5776 33.7006 18.413 15.4673 12.0533 15.4133 13.2083 12.569 12.4838 11.8118 12.1594 11.6392 14.1046 16.4281 12.4747 12.6319 12.229 11.4506 11.3669 10.9218 10.8705 10.7924 10.7188 15.4254 16.3867 14.076 14.4437 11.5832 11.7178 19.2146 11.3393 11.1213 10.9126 12.9068 11.0466 10.7503 10.6425 12.1284 12.0893 10.2589 10.1727 10.1133 9.96436 13.9015 15.2121 13.0049 9.80786 9.77733 11.2066 11.6269 16.0874 11.454 11.415 9.76416 10.9571 9.715
threshold=-2.4708646535873409 -1.0101490020751951 -3.6413699388504024 0.63634669780731212 -0.9897826313972472 -3.1102806329727168 -4.1701359748840323 0.93600317835807811 0.54180839657783519 -1.9849620461463926 36.500000000000007 -1.7150000333786009 0 -2.2880759239196773 1 -1.499166667461395 0.021350000053644184 -0.007500000298023223 2 -0.10765833035111426 3 2.6349999904632573 31.500000000000004 0.34765000641345983 -0.028348311781883236 0.82174682617187511 4 0.45723125338554388 -1.4999999999999998 5 1.0058333277702334 6 0.38844999670982366 -0.70057076215744007 1.8550000190734866 1.7050000429153445 3.5000000000000004 -0.30066718161106104 1.9825000166893008 7 5.5000000000000009 1.1058333516120913 -0.0022469249088317152 -0.83749997615814198 3.1673333644866948 -0.0096144429408013803 8 1.0158333182334902 9 -0.0053849634714424601 -1.0000000180025095e-35 54.500000000000007 0.041650000959634788 -0.011566722299903629 10 0.074774999171495451 4.2099997997283944 -1.7829166650772093 -0.035639729350805276 0.3103999942541123 4.870000123977662 -0.025833333842456337
decision_type=2 2 2 2 2 2 2 2 2 2 2 10 1 2 1 8 10 2 1 2 1 8 2 2 8 2 1 2 2 1 2 1 2 2 8 10 2 2 2 1 8 2 10 2 8 10 1 2 1 10 2 2 10 8 1 2 8 10 10 2 8 2
left_child=2 4 6 8 9 53 -1 25 48 -2 11 23 24 -12 15 -15 -17 20 -19 -20 21 22 -11 -7 -13 -5 -10 -16 29 -6 42 33 61 -30 35 36 41 -36 39 40 -34 -35 45 -44 47 -31 -9 -45 -3 50 -50 -52 -38 54 55 56 57 -4 -58 60 -28 -33
right_child=1 3 5 7 28 10 -8 46 26 17 13 12 -14 14 27 16 -18 18 19 -21 -22 -23 -24 -25 -26 -27 59 -29 31 30 -32 32 38 34 37 -37 52 -39 -40 -41 -42 -43 43 44 -46 -47 -48 -49 49 -51 51 -53 -54 -55 -56 -57 58 -59 -60 -61 -62 -63
leaf_value=-0.03383498081979662 -0.0090889612596625601 0.0050321990200400167 0.010230033254286069 0.018274603371539189 0.0082149334617425008 -0.020809403728165067 -0.024771305810478959 0.015784035514231461 0.0073444536936527298 0.039384479881422844 -0.013445797607630408 0.02552366015070651 -0.0076725457739251239 0.0087646917143224864 -0.016102847193082196 -0.010319527544186328 -0.00029826891249283441 -0.0071778054784170479 -0.013688322105722571 -0.0013597974882456534 -0.0024569009610137132 0.0011860937425155957 0.00597277534138439 -0.0057657013179907551 -0.0017144102535981169 0.025571124448511218 0.021903882360417275 -0.0081144266941235218 -0.0048264567363673783 0.0022592234695913245 0.024899759253848637 0.0041879389542491567 -0.002904780628201271 0.00031875331529438637 -0.00082084467805838281 -0.019700992345493492 0.011227760985604676 0.0087979115796529041 0.019773281698201018 0.0083876472371026273 0.011383298523707256 -0.0097965331434739875 0.0077196372072089337 -0.016172754479646136 0.0079653227301290739 0.016401231360514398 0.010699833749599978 0.0057913447426616018 0.012146651744695362 0.0042111147359311357 0.0073821204710168122 -0.010505123067094366 -0.0027730741355557241 -0.017819304796921887 -0.016797547468770151 -0.028671994028454977 0.030376407139118721 0.06522030026565423 -0.0098163715543043272 0.014476306927117433 0.0070721803716513399 0.00016153282090644174
leaf_weight=1409.8504211045802 534.77084527164698 2913.2276028096676 15.259710378944876 1766.6207356005907 1090.5521377176046 196.41146007180214 1440.0844552256167 1392.8257941752672 1265.5405505746603 27.080037802457809 1346.3836170993745 25.493146002292633 1265.9431935623288 91.873288135975599 458.29396318644285 491.3220416456461 319.83322734385729 1221.8972238004208 183.90708947181702 2898.9774640798569 2505.2444919869304 1775.4601749032736 49.685901135206223 137.7162122875452 637.99286399781704 403.13464412093163 90.244117423892021 660.68784596398473 774.0146811902523 1203.6428908258677 49.142147541046143 1506.3599036708474 393.01672506332397 553.11537442356348 332.98768983781338 86.431963346898556 212.88132001459599 455.28785234689713 89.983003310859203 834.35622046887875 111.03665743023157 241.50678101181984 100.41778019815683 195.51378151029348 58.091360211372375 88.078329011797905 1656.9168375134468 40.487810768187046 1659.3726548999548 1052.2448609173298 1386.3768796473742 68.234951332211494 128.30347064882517 2388.1585914082825 162.50818978622556 20.70247396081686 13.226781688630579 10.05314141884446 77.843661993741989 1310.7962825596333 681.79733166098595 2637.6886703819036
leaf_count=48523 6184 12168 313 8666 6056 2902 39615 6040 5131 238 21477 350 18139 1268 6440 6675 4311 11360 1703 26532 21572 15083 435 2025 8999 2275 366 8819 5192 6808 274 8353 2214 3006 1847 462 1218 2209 487 4711 629 1257 577 1100 328 495 7141 235 6854 4384 5819 289 718 49629 3324 424 270 205 1598 5326 2770 15365
internal_value=-0.00019154 0.00472561 -0.0160516 0.0106426 0.000182677 -0.0115288 -0.0292551 0.0158197 0.00805123 -0.00248698 -0.00893449 -0.00667713 -0.00530356 -0.0104514 -0.00845758 -0.00477572 -0.00636821 -0.0020794 -0.00355459 -0.00208847 -0.000622046 0.00186291 0.0177591 -0.0146089 -0.000657925 0.0196303 0.0104953 -0.0112853 0.00237825 0.00450786 0.00211869 0.00165812 0.00281568 -0.000666133 0.000932209 -0.00152019 -0.000136675 0.0047347 0.00628942 0.00538288 0.000237983 -0.00275555 0.00146734 -0.0042828 -0.00838103 0.00322352 0.0131086 -0.0124047 0.00689527 0.00816635 0.00952908 0.00654304 0.00596271 -0.0169648 -0.0101533 -0.000980144 0.00386152 0.0320697 -0.0039789 0.0123153 0.00880586 0.00162513
internal_weight=47196.9 36027.3 11169.6 15647.3 20379.9 8319.7 2849.93 5219.5 10427.8 9197.02 5631.95 2263.56 1929.43 3368.39 2022.01 903.029 811.155 8662.25 4304.78 3082.88 4357.47 1852.23 76.7659 334.128 663.486 2169.76 3348.38 1118.98 11182.9 2825.93 1735.37 8356.97 5572.44 2784.53 2010.51 1222.24 1135.81 788.276 1428.39 1338.41 504.053 794.622 1686.23 394.511 294.093 1291.72 3049.74 236.002 7079.46 4166.23 3113.98 1454.61 341.185 2687.75 299.594 137.086 116.383 25.3129 91.0704 2082.84 772.041 4144.05
internal_count=439183 213877 225306 67229 146648 137168 88138 24122 43107 83107 81405 32415 27488 48990 27513 12254 10986 76923 39595 28235 37328 15756 673 4927 9349 10941 13593 15259 63541 15873 9817 47668 31759 15909 10717 6661 6199 4056 8041 7554 2843 4263 9543 2240 1663 7303 13181 1335 29514 17346 12962 6108 1936 55763 6134 2810 2386 518 1868 8462 3136 23718
cat_boundaries=0 1 2 3 4 5 6 7 8 9 10 11
cat_threshold=610900 27357896 2236872 3828996 10609700 4469098 5513514 11240448 18178984 5305922 30867570
is_linear=0
shrinkage=0.04


Tree=49
num_leaves=63
num_cat=12
split_feature=0 0 0 4 0 0 0 4 0 0 25 51 51 25 56 6 25 50 25 25 9 25 56 0 25 36 25 39 56 55 56 25 49 56 25 36 16 17 56 55 12 25 17 36 16 14 25 51 36 30 48 5 10 4 0 16 12 56 31 28 51 50
split_gain=2127.88 532.028 394.271 116.456 101.919 62.566 40.6186 22.3305 17.6756 14.9649 13.8814 13.4545 13.3092 14.9967 12.7285 12.6687 13.4344 12.3723 11.557 11.4678 16.055 11.4213 12.8216 11.3777 11.5731 10.9037 10.6891 10.6194 13.0616 10.5496 10.4879 10.0577 9.98966 9.65868 9.64986 10.5438 11.1293 9.53941 9.35122 12.202 19.139 9.27091 10.3575 14.2858 14.0883 9.24825 12.3903 11.4612 11.4547 13.3137 10.4106 11.3506 26.6093 10.728 10.4934 9.6483 9.17835 9.03029 9.01955 11.4692 10.4291 9.9846
threshold=-2.5098564624786373 -0.93729621171951283 -3.6413699388504024 1.0885146856307986 -1.7496883273124693 -3.0082942247390743 -4.38437795639038 0.89267846941947948 -2.0981568098068233 -0.65804103016853321 0 0.014999999664723875 -0.024999999441206452 1 -0.023151319473981854 2.5000000000000004 2 0.12465000152587892 3 4 1.5000000000000002 5 -0.0064401256386190644 -3.308025479316711 6 0.077858332544565215 7 0.52916663885116588 -0.014732712879776953 5.5000000000000009 0.0081844353117048758 8 4.9249999523162851 0.0036244632210582499 9 -0.011175000108778475 0.37524999678134924 5.7300000190734872 0.027619050815701488 3.5000000000000004 0.46625000238418585 10 1.8450000286102297 0.025775000452995304 0.34925000369548803 0.43645000457763677 11 -0.13499999791383741 0.028758333995938305 3.5000000000000004 3.8950001001358037 3.5000000000000004 0.13499999791383746 1.1789442300796511 -1.5873593091964719 0.177499994635582 0.59294998645782482 -0.0064401256386190644 -1.4999999999999998 5.5000000000000009 0.044999999925494201 -0.018550000153481957
decision_type=2 2 2 2 2 2 2 2 2 2 1 8 10 1 8 2 1 10 1 1 2 1 8 2 1 2 1 10 8 2 10 1 10 8 1 2 2 8 10 2 2 1 8 2 2 2 1 10 2 2 10 2 2 2 2 2 2 8 2 10 10 10
left_child=2 4 6 7 8 14 -1 30 41 18 33 12 13 27 26 16 -6 21 58 20 -14 -11 31 -16 -25 -24 -4 28 -7 -10 -3 -23 -31 -9 -13 -36 -37 -12 45 40 -40 -2 43 44 -43 -17 47 -47 49 -48 51 53 54 -49 -53 -55 -20 -54 59 -5 -60 -62
right_child=1 3 5 9 15 11 -8 10 29 17 37 34 19 -15 23 38 -18 -19 56 -21 -22 22 25 24 -26 -27 -28 -29 -30 32 -32 -33 -34 -35 35 36 -38 -39 39 -41 -42 42 -44 -45 -46 46 48 50 -50 -51 -52 52 57 55 -56 -57 -58 -59 60 -61 61 -63
leaf_value=-0.035278082084498827 -0.0016234932729410673 0.02070586585576515 0.0049418908319026431 0.019334004445715668 0.0067566076842276645 0.032283716832858057 -0.025169090686626299 0.022108653614243072 -8.8243125504519424e-06 0.012314014200631732 0.020007415228991746 -0.01608590810387674 -0.0024720551723661937 -0.013593174817571123 -0.018598268329952341 0.0009057312568580445 0.0024114421801538373 0.027644648420203925 0.0041482562672855968 -0.0073342228182648296 0.029592299191047538 0.0056058480881694614 0.005880444831116962 -0.0020070827700815631 -0.014704926381718355 0.013575667034159751 -0.014256362482887502 -0.020133512706466475 -0.0013837932897335554 -0.0072698732677703402 0.011246676839258818 0.017818527371508543 0.018170406968603066 0.014748907920746276 -0.013974970952786605 -0.0077497030219962453 0.0086790818493994813 0.0096893971848148516 -0.010283183781262386 -0.013134677106913746 0.02137195611794266 0.040565219604755128 -0.0056667178375758558 -0.015287069195860464 -0.0037350742407215743 0.021901909185517602 0.012225450389719393 -0.0061484548157519844 0.0057441826402533161 -0.0020248754737798506 -0.011734544770490121 0.042872669457058719 0.016337236986497545 0.020436485700041373 0.018676298290166208 0.0039652205046729581 0.019565555130074384 0.0029820965413766892 0.006178790409382795 0.008063562358660516 0.02907658768321069 0.0092810247853655336
leaf_weight=993.56151806563139 1672.308883368969 1441.5754337161779 89.569005526602268 249.24101772904396 2447.1317884102464 20.61490586400032 1766.9522694963962 387.98608936369419 4245.1730980724096 1554.2009843885899 160.27829037606716 508.11988103017211 842.59181676805019 724.90949297323823 1417.4589793197811 3639.5111626535654 2194.5340136513114 60.32451693713665 2421.9925352483988 1503.4283579923213 25.748932410031557 204.08540806174278 2344.3655010312796 140.94900499284267 1618.2978757843375 336.95669642090797 80.751211673021317 41.390674222260714 174.53004715591669 500.14893170446157 215.59010282158852 333.34631012380123 25.97878410667181 1078.0644057542086 283.47163320705295 260.49190364778042 88.351581923663616 1358.7649864554405 67.829485237598419 144.92013329267502 55.617633685469627 28.083227522671223 3209.0715581327677 24.244001269340515 19.434562779963017 71.173102363944054 115.40007407963276 159.25497891008854 667.9849661141634 1152.6924918889999 54.177776172757149 37.459623754024506 101.10193037986755 61.462458148598671 122.31578534841537 766.62613241374493 63.400115683674812 407.57381289452314 1699.5444806367159 343.6697046905756 63.52683487534523 113.79251731932163
leaf_count=36422 17297 7547 1775 1016 12995 290 51327 1715 33612 6359 700 7278 11845 10442 31861 20276 11726 245 10023 21657 359 838 9538 2605 30353 1376 1608 592 2496 4230 1119 1366 218 4752 4058 3684 1248 5951 370 840 308 293 33835 249 202 349 654 970 3690 6492 298 252 567 328 648 4142 266 2338 7010 1401 267 473
internal_value=-2.12067e-05 0.00456608 -0.0158113 0.010534 0.000649881 -0.0112239 -0.0288075 0.0157519 -0.00240852 0.00805945 0.0136848 -0.00812932 -0.0068462 -0.0108161 -0.0153602 0.00307442 0.00472201 0.00964306 0.0065148 -0.00523693 -0.00150393 0.00941555 0.00795303 -0.0159314 -0.0137826 0.00684749 -0.00470715 -0.00166032 0.00217281 -0.000670977 0.0194753 0.0136167 -0.0060137 0.0165835 -0.0118796 -0.00811663 -0.00358879 0.0107076 0.00207148 -0.00526266 0.00397866 -0.00408228 -0.00531443 0.00969866 0.0224466 0.00233902 0.00374235 0.00613985 0.00149726 -0.000728055 0.00551971 0.00608427 0.0101093 0.00335926 0.0243492 0.00518775 0.00452334 0.0056365 0.00846626 0.0128013 0.00714191 0.016373
internal_weight=47003.1 36421.9 10581.2 14430.7 21991.2 7820.68 2760.51 4642.26 9724.44 9788.45 2985.09 4473.65 3333.21 961.445 3347.03 12266.8 4641.67 4833.28 4955.17 2371.77 868.341 4772.95 3218.75 3176.71 1759.25 2681.32 170.32 236.536 195.145 4771.3 1657.17 537.432 526.128 1466.05 1140.43 632.315 348.843 1519.04 7625.1 268.367 123.447 4953.14 3280.83 71.7618 47.5178 7356.73 3717.22 1781.15 1936.08 1268.09 1709.97 1655.79 668.451 987.344 159.775 828.089 2485.39 508.676 2469.77 592.911 1876.86 177.319
internal_count=439041 219141 219900 61962 157179 132151 87749 21784 89936 40178 13118 63949 47681 13820 68202 67243 24721 19722 20456 33861 12204 19477 13118 64819 32958 10914 3383 3378 2786 38060 8666 2204 4448 6467 16268 8990 4932 6651 42522 1518 678 51876 34579 744 495 41004 20728 9892 10836 7146 9543 9245 3805 5440 900 4470 10289 2905 10167 2417 7750 740
cat_boundaries=0 1 2 3 4 5 6 7 8 9 10 11 12
cat_threshold=18690852 15729728 21079032 31861132 607452 4465066 4210688 18826886 561744 27561020 24202240 10114356
is_linear=0
shrinkage=0.04


Tree=50
num_leaves=63
num_cat=14
split_feature=0 0 0 0 3 0 0 2 4 25 3 50 54 6 25 12 12 12 12 25 31 25 5 34 25 31 25 4 34 25 25 34 25 10 12 13 50 16 25 14 16 11 25 10 25 17 34 35 16 16 16 39 25 25 54 17 49 3 39 50 53 15
split_gain=1920.67 443.388 400.003 100.626 86.9089 50.7549 43.9396 23.7851 20.4303 17.8192 15.5415 14.8421 14.5006 13.2536 13.383 12.6491 11.8857 17.7686 13.8171 11.81 12.0552 11.5883 12.5218 11.5093 22.4718 11.7101 15.1546 13.4434 12.2832 13.2521 11.2695 11.1527 10.5951 10.5558 16.2592 11.603 11.0911 10.3167 22.5917 10.3102 9.95265 11.8685 12.3909 13.7075 9.67103 9.47619 9.25384 9.47982 9.07357 13.394 8.91163 8.86885 8.83928 8.81565 11.4873 8.79342 8.57432 8.53936 9.75644 8.66216 8.50895 8.87234
threshold=-2.4708646535873409 -0.76981878280639637 -3.5469450950622554 -1.5481464862823484 0.70719751715660106 -4.3508243560791007 -3.0809003114700313 -1.2473551034927366 1.2326324582099917 0 0.82174682617187511 0.17275000363588336 -0.0091666667722165567 2.5000000000000004 1 0.22995000332593921 0.32615000009536749 0.40854999423027044 0.18774999678134921 2 -1.4999999999999998 3 4.5000000000000009 -0.76249998807907093 4 -1.4999999999999998 5 1.0291537046432497 0.43416666984558111 6 7 0.75249999761581432 8 0.14500000327825549 0.46330000460147863 5.1549999713897714 0.071149997413158431 0.42475000023841863 9 0.45430000126361852 0.16735000163316729 7.055000066757203 10 0.17500000447034839 11 4.2099997997283944 -1.7941666245460508 0.21083333343267444 0.23409999907016757 0.28034999966621404 0.38214999437332159 4.120000123977662 12 13 -0.010833333246409891 3.3099999427795415 0.33500000834465032 0.48270277678966528 1.4473333358764651 0.056849999353289611 6.6349999904632577 0.38899999856948858
decision_type=2 2 2 2 2 2 2 2 2 1 2 8 2 2 1 2 2 2 2 1 2 1 2 2 1 2 1 2 2 1 1 2 1 2 2 2 8 2 1 2 2 2 1 2 1 8 2 2 2 2 2 8 1 1 2 10 10 2 8 8 2 2
left_child=2 3 5 7 8 -1 32 23 9 12 -6 51 -3 14 16 -16 18 -18 -5 20 -10 22 46 24 -2 26 27 55 -28 -30 31 33 -4 35 -35 -15 56 44 -39 -29 41 42 -27 -44 -9 -40 -8 -48 -14 -50 -17 -11 -52 -42 -55 -25 -37 -32 59 -59 -20 -62
right_child=1 4 6 13 10 -7 21 37 19 11 -12 -13 48 30 15 50 17 -19 60 -21 -22 -23 -24 25 -26 40 28 39 29 -31 57 -33 -34 34 -36 36 -38 38 45 -41 53 -43 43 -45 -46 -47 47 -49 49 -51 52 -53 -54 54 -56 -57 -58 58 -60 -61 61 -63
leaf_value=-0.0345563481475583 -0.018398598073107366 0.0099027102025217965 -0.018359112570423611 0.012875496837411592 0.015555187068348734 -0.023602993178157516 -0.026618034021003906 -0.0038705588121890088 0.016276327984001561 -0.013299200790821392 0.024139147269447797 0.013122519614795302 0.015116296022778709 -0.0084889922873566045 -0.00063288195321588379 0.0037721034736439177 0.017359867325939464 -0.0016118708929738299 0.017978780225230424 0.0043444017452659543 0.0074440648890057026 -0.0098890654023951856 -0.010425912072665709 -0.022820750377777088 -0.00029740409944421651 -0.021041260263821117 -0.0058265676636554435 0.0077858013281332222 -0.0076394053824981722 0.01748615334824747 0.0021517909912513043 0.005860027491600521 -0.012250000965260395 0.00070637940110825732 -0.016815936458800532 -0.0068474554015294066 0.017802196478191777 -0.0035407740050146085 -0.0042154054237224636 0.034351235799789513 -0.0011170367253505794 0.018819560114475595 -0.010243156120438713 0.017175481992015337 0.00069844713782626466 0.014429940554518073 -0.0012836390663880115 -0.0072906409861398297 -0.014345272204766604 0.0032801382203460471 0.00059813481143540525 0.0072271387871473093 0.014156174931784209 -0.0014493238356843236 -0.0070937810467308132 0.0044704850403832434 0.01316589424536949 0.012550994839664495 -0.0048357898846282318 -0.0054924583881733567 0.005448757293326471 -0.00223207158992545
leaf_weight=1011.4301962144673 208.37039270997047 1244.1508226543665 890.31307420879602 385.83826068043709 2513.7328567951918 2046.2651113625616 29.013585932552814 889.29599083960056 300.00780102610588 51.297318309545517 389.80478070676327 2767.1308023631573 82.349322959780693 63.782001465559006 841.67776700854301 1334.1618966162205 371.56773012876511 100.3120359480381 69.273721113801003 2031.4897170811892 1406.2427185624838 2871.3799082301557 739.10996672138572 37.185498796403408 231.92232736200094 129.80818898230791 499.97391404211521 379.80668517947197 50.606352560222149 75.154163807630539 3011.4938290715218 2431.2914659678936 1528.1829109974205 758.01417583227158 95.392722189426422 76.136661022901535 152.21664020419121 270.35575073212385 50.555642127990723 24.908074721693993 2216.3718199878931 21.099760629236698 137.14562879502773 37.05565407127142 4207.2632632032037 317.56911657005548 988.47874946519732 731.34182652831078 79.428529784083366 524.64020150899887 116.68791346251965 98.062902167439461 283.90061165392399 1012.3520071282983 1341.1413106992841 38.393719300627708 62.26071660220623 112.26094278693199 627.82088352739811 68.574273198843002 997.09624913334846 317.16609162092209
leaf_count=38171 2089 5219 18529 1846 12132 58417 434 6559 1207 210 2255 11640 341 315 4078 6388 1760 487 327 8191 5668 42020 10782 367 2291 1262 4906 3593 487 711 14620 12156 31603 3723 477 413 720 1925 361 227 21216 200 1322 360 30470 2275 14213 10492 328 2170 558 402 1348 9391 13257 372 327 660 3553 386 4711 1498
internal_value=-0.000206792 0.00424358 -0.0149688 0.00119839 0.0107253 -0.0272262 -0.01015 -0.00137812 0.00870203 0.0104156 0.0167076 0.012417 0.00729 0.0037538 0.00538915 0.00337771 0.00765218 0.0133269 0.00618202 0.00647991 0.00894461 -0.00813034 -0.00603656 -0.00304627 -0.0092885 -0.00258828 0.00112895 0.00639567 -0.00296839 0.00815854 0.00269758 0.0042875 -0.0146255 0.00115751 -0.00125224 0.00696035 0.0103511 0.000495458 0.00528867 0.00942076 -0.0034282 -0.0101904 -0.0122039 -0.00417128 -0.00010502 0.0115554 -0.004216 -0.00383808 0.0026606 0.000962587 0.00534306 0.000177429 0.0105752 -0.00294712 -0.00464608 -0.00895699 0.00215593 0.00116874 -0.00247777 0.00570876 0.00431536 0.00359517
internal_weight=46777.1 35941.6 10835.5 24453.3 11488.3 3057.7 7777.82 12176.3 8584.8 4847.06 2903.54 2916.49 1930.57 12276.9 4817.68 2576.43 2241.25 471.88 1769.37 3737.74 1706.25 5359.32 2487.94 6441.3 440.293 6001 1106.03 480.294 625.734 125.761 7459.24 3639.09 2418.5 1207.8 853.407 354.396 290.614 5735.04 638.481 404.715 4894.97 325.109 304.009 174.201 5096.56 368.125 1748.83 1719.82 686.418 604.069 1734.75 149.36 400.589 4569.87 2353.49 75.5792 138.397 3820.15 808.656 180.835 1383.54 1314.26
internal_count=438416 213755 224661 163992 49763 96588 128073 103641 35376 20310 14387 12252 8058 60351 23001 12372 10629 2247 8382 15066 6875 77941 35921 62051 4380 57671 10663 4559 6104 1198 37350 18131 50132 5975 4200 1775 1460 41590 4561 3820 47008 3144 2944 1682 37029 2636 25139 24705 2839 2498 8294 612 1906 43864 22648 739 740 19219 4599 1046 6536 6209
cat_boundaries=0 1 2 3 4 5 6 7 8 9 10 11 12 13 14
cat_threshold=11160660 18194858 18098680 24172112 10568442 13224966 2228648 11161172 17082570 25202266 7157124 262436 8917008 11620024
is_linear=0
shrinkage=0.04


Tree=51
num_leaves=63
num_cat=0
split_feature=0 0 0 4 0 0 0 3 0 51 0 54 49 18 12 39 6 12 54 53 2 16 50 7 48 1 8 13 48 4 14 7 49 48 34 54 34 11 34 54 51 16 27 50 11 48 10 17 6 12 34 4 53 35 49 3 39 53 4 7 50 20
split_gain=1817.47 517.123 334.783 124.162 64.7222 38.1163 36.432 22.87 20.5783 13.4282 12.9353 11.8039 11.6713 11.3484 12.1693 13.4845 11.1869 11.8802 9.97704 11.534 9.77301 14.5412 9.62235 9.43587 9.30056 11.0329 8.97165 8.93944 15.1485 10.2944 8.77074 9.10461 8.62901 12.3548 8.99931 8.60415 11.8278 9.47929 9.06809 8.46947 8.48698 12.0416 12.6749 10.423 9.31759 11.3172 8.34717 8.14756 8.11337 11.6595 8.10111 10.3383 8.05552 8.05156 9.44045 8.45923 7.83229 7.93913 7.66642 7.66225 10.8441 10.409
threshold=-2.5903147459030147 -1.079185366630554 -3.6413699388504024 1.0773937702178957 -1.8831887841224668 -4.38437795639038 -3.3409157991409297 0.51459980010986339 -0.26403853297233576 0.044999999925494201 -2.9117056131362911 0.020833333022892479 -7.9800000190734854 4.5000000000000009 0.47124999761581426 4.3336668014526376 2.5000000000000004 0.24724999815225604 -0.0025000000605359669 6.7249999046325692 -1.8959949016571043 0.3538499921560288 -0.061550000682473176 59.500000000000007 -0.88499999046325672 3.5000000000000004 44.500000000000007 4.305000066757203 -1.3049999475479124 1.5220158100128176 0.13899999856948855 30.500000000000004 -5.9849998950958243 -2.0149999856948848 -0.37416666746139521 -0.042500000447034829 -0.014166666660457848 7.0750000476837167 -0.27250000834465021 -0.047499999403953545 0.014999999664723875 0.2424999997019768 3.5000000000000004 -0.006449999986216425 4.5050001144409189 0.92500001192092907 0.10500000044703485 8.4149999618530291 2.5000000000000004 0.32615000009536749 -0.38583332300186152 1.2539103627204897 6.9849998950958261 -4.3925001621246329 0.14500000327825549 0.78234952688217174 2.0508333444595341 6.8750000000000009 1.2870022654533388 44.500000000000007 -0.024549999274313446 1.0000000180025095e-35
decision_type=2 2 2 2 2 2 2 2 2 8 2 2 8 8 2 10 2 2 2 2 2 2 8 2 10 2 2 2 8 2 2 2 8 10 2 2 2 2 2 2 8 2 10 8 2 10 2 10 2 2 2 2 2 2 8 2 10 2 2 2 8 8
left_child=2 4 5 8 12 -1 -4 23 9 -3 11 32 -2 14 -14 -16 17 -12 19 20 21 -15 24 26 -21 -26 -5 28 -22 -30 -27 -32 33 -8 -35 36 58 -38 50 -19 41 42 -41 44 -43 -46 -6 56 -11 -50 -37 -52 -40 54 -18 -55 57 -24 -9 -59 -61 -62
right_child=1 3 6 7 46 -7 10 35 -10 48 16 -13 13 18 15 -17 53 39 -20 22 27 -23 47 -25 25 30 -28 -29 29 -31 31 -33 -34 34 -36 38 37 -39 52 40 -42 43 -44 -45 45 -47 -48 -49 49 -51 51 -53 -54 55 -56 -57 -58 59 -60 60 61 -63
leaf_value=-0.034312689529966411 0.026305155778073366 -0.0067586064678272278 -0.017153276176313476 0.017718383523389603 0.017398740061822595 -0.024250814146299988 -0.025515079173042948 0.023172172132956567 0.019239480570135675 0.023389685257474171 -0.0092381019364264627 -0.015048479013356302 -0.012933257122612781 -0.019888300826489173 -0.0041237897562479238 0.030359000757261084 0.033251278138574591 -0.01413413167155215 -0.0041143434101270299 -0.013895905703382783 -0.013783082341330882 0.00061101791818890224 0.0028064738051878542 -0.0070645479380567 -0.0055533067072587265 -0.013275556736160385 0.0056162079805132069 -0.0051833869603698573 0.011264506053837043 -0.010375774604594214 0.032468422410212916 0.0060561928066567676 -0.010025708958095587 0.04907056232006702 0.0033022480814523022 0.0061651431093328966 0.0086885591461451361 0.020686665949284647 0.0092897287501093467 -0.024486049972280492 -0.0082780455904489878 0.034067047473830485 0.0089628888076233575 -0.0017759215101705598 0.0039533894217983956 0.033758240361555399 0.0015188363159248284 -0.018148483353669278 -0.0013563921429269568 0.013536892528265327 0.0051175496768506249 -0.01967517320703727 0.0022118575475145214 -0.010089857054038922 -0.0069883592188076382 -0.020988030804681382 0.013117092045252021 -0.0052771449989269959 0.0094502405130552167 0.029166459965838835 0.022011840834497257 -0.004682796635181786
leaf_weight=934.15574047155678 21.743751250207424 53.104152634739876 1268.7785802222788 99.41151037812233 53.201422147452831 1696.0953494627029 11.775732561945913 204.10271893441677 1256.614725574851 127.9505155980587 772.32261315360665 1014.1324878260493 361.74445036053658 141.43295133113861 192.49396935105324 20.033115170896053 14.112627666443585 88.845920793712139 3868.1377941519022 125.49215014278889 68.393957614898682 90.981434039771557 1457.1334698572755 92.611477017402649 383.76245030760765 28.798780627548695 6946.4668588787317 748.3568057268858 202.55652290582657 42.562547847628593 25.698969610035419 111.40622196346521 1628.9681715629995 12.22514807805419 15.703409668058157 214.72339187562466 1053.8652701079845 117.06172600388527 3080.7305094748735 53.04254399612546 197.45814329758286 22.735633336007595 27.535393554717302 270.26472749561071 191.051344871521 22.818397864699364 11762.34929574281 33.647686682641506 86.631738156080246 2883.1235356628895 53.814302250742912 53.827528610825539 280.72540360689163 1081.0504631660879 27.516662128269672 127.38577983155847 91.863124184310436 457.73221356421709 95.686029464006424 24.652840360999107 29.034952834248543 119.81134710460901
leaf_count=36576 215 229 29788 418 317 51573 215 851 6879 569 11150 19262 3596 1660 1927 193 203 1242 39747 1288 677 1063 14180 404 3679 292 29464 6920 1875 385 255 1118 30044 220 282 873 4363 487 12586 752 2813 322 391 3810 2692 321 70196 327 383 12957 222 216 1143 15700 391 1989 872 4472 385 241 283 1179
internal_value=-5.9088e-05 0.00392847 -0.0156944 0.00915146 -0.000334168 -0.0278244 -0.0110352 0.0070863 0.0149115 0.0131854 -0.00964387 -0.0116451 -0.00296373 -0.00303752 -0.00847013 -0.000873391 -0.00779009 -0.00562365 -0.00265003 -0.00129605 -0.00443403 -0.0118636 0.000109764 0.00562023 -0.00407044 -0.00182723 0.00578696 -0.0028079 0.0028624 0.00750688 0.00679178 0.0110069 -0.00957664 0.00884773 0.0233364 0.00911666 0.0117031 0.00988805 0.00808405 -0.00242879 -0.00110382 0.00130764 -0.0130558 0.00359101 0.00972144 0.00713336 0.00159034 0.00138459 0.0135273 0.0131024 0.00167553 -0.00728033 0.00869863 -0.0106428 0.00665317 -0.0112387 0.00168604 0.00118321 0.0187924 -0.00256391 0.00459424 0.000524438
internal_weight=46641.4 37163.5 9477.97 16700.5 20463 2630.25 6847.72 12293 4407.42 3150.81 5578.95 2682.8 8647.47 8625.73 574.272 212.527 2896.14 1646.07 8051.46 4183.32 1294.28 232.414 2889.03 7138.49 675.159 549.666 7045.88 1061.87 313.513 245.119 165.904 137.105 1668.67 39.7043 27.9286 5154.54 1470.72 1170.93 3683.82 873.752 784.906 587.448 80.5779 506.87 236.605 213.87 11815.6 2213.88 3097.71 2969.76 322.365 107.642 3361.46 1250.07 41.6293 1208.44 2180.23 2088.36 299.789 631.231 173.499 148.846
internal_count=439122 229386 209736 72429 156957 88149 121587 51412 21017 14138 91799 50023 86444 86229 5716 2120 41776 23493 80513 40766 12580 2723 28186 30286 6632 5344 29882 9857 2937 2260 1665 1373 30761 717 502 21126 6086 4850 15040 12343 11101 8288 1143 7145 3335 3013 70513 21554 13909 13340 1311 438 13729 18283 594 17689 21227 20355 1236 6175 1703 1462
is_linear=0
shrinkage=0.04


Tree=52
num_leaves=63
num_cat=13
split_feature=0 0 0 0 3 0 0 3 31 25 49 54 17 4 51 25 25 3 6 15 51 2 54 25 25 15 53 11 25 25 15 25 25 50 15 56 3 14 54 4 54 50 34 53 25 56 34 25 50 14 0 18 53 16 53 50 54 42 45 25 25 56
split_gain=1727.99 409.697 375.219 78.4734 68.1504 55.6461 44.3448 17.3495 16.0173 16.5007 16.408 14.9728 14.9139 13.9259 13.6512 15.7147 13.1187 12.6084 13.6167 12.3536 18.0681 12.2242 12.5154 14.4685 11.3243 12.4604 13.0975 10.8341 16.0335 10.5854 10.5515 16.4228 13.2808 11.4541 10.4707 10.3709 10.354 12.4734 12.0082 10.3492 10.2538 13.0714 10.2433 10.1712 12.264 12.6077 9.84724 14.3041 11.6905 9.68405 9.62243 10.8003 11.7733 9.57817 11.5043 10.7819 9.48009 9.34462 10.299 9.74585 9.72567 10.8213
threshold=-2.4312120676040645 -0.79293486475944508 -3.6224418878555293 -1.7151132225990293 0.7029065489768983 -2.9117056131362911 -4.3508243560791007 0.80920755863189708 -1.0000000180025095e-35 0 1.0000000180025095e-35 -0.037499999627470963 1.3650000095367434 1.4166362881660464 0.014999999664723875 1 2 0.53981277346611034 2.5000000000000004 0.25955000519752508 0.014999999664723875 -2.1128032207489009 0.045833334326744087 3 4 0.38899999856948858 6.9349999427795419 7.1150000095367441 5 6 0.3806499987840653 7 8 -0.15785000473260877 0.45169998705387121 -0.025728535838425156 0.48643298447132116 0.44744999706745153 -0.010833333246409891 1.3310400247573855 -0.039166666567325585 -0.013849999755620955 -0.060833333060145371 7.0250000953674325 9 -0.0064401256386190644 1.310833275318146 10 -0.011049999855458735 0.5452999770641328 -3.2600187063217159 26.500000000000004 6.6649999618530282 0.3530499935150147 6.8849999904632577 0.036949999630451209 0.037499999627470977 4.5000000000000009 4.5000000000000009 11 12 0.0060457640793174514
decision_type=2 2 2 2 2 2 2 2 2 1 8 2 8 2 8 1 1 2 2 2 8 2 2 1 1 2 2 2 1 1 2 1 1 8 2 10 2 2 2 2 2 8 2 2 1 8 2 1 8 2 2 10 2 2 2 8 2 2 2 1 1 10
left_child=2 3 6 21 11 16 -1 29 9 13 -11 17 -12 19 15 -7 56 -3 -19 20 -5 -2 -23 -24 -16 -26 -27 28 -20 -6 32 -32 33 49 -30 -22 37 39 -38 -34 41 -39 -21 44 -13 -46 -42 48 -48 -10 -18 -52 -53 -33 55 -55 -4 58 -47 -60 -59 -62
right_child=1 4 5 8 7 14 -8 -9 30 10 12 43 -14 -15 24 -17 50 18 27 42 35 22 23 -25 25 26 -28 -29 34 -31 31 53 36 -35 -36 -37 38 40 -40 -41 46 -43 -44 -45 45 57 47 -49 -50 -51 51 52 -54 54 -56 -57 -58 60 59 -61 61 -63
leaf_value=-0.034149304547711333 -0.018021134945371321 0.0072866606394280786 -0.014844210967517386 0.039431689739012662 0.0050213608827151049 -0.0088211294944455926 -0.023331832344100516 0.021941601535264258 -0.019709701486925409 0.012680778750185518 -0.017800937784759607 0.010172570105311907 0.0018962706848328686 0.0040033354980929534 -0.015782369645128174 -0.0032236774222392812 -0.014440982508080371 0.019266772926472095 0.015034371862851583 0.011793924414926356 0.018427973712441315 -0.0011814801925864229 -0.0011379336429743704 -0.010985612038330235 -0.009976573812809416 -0.0019786084232640993 0.031454975134538508 0.02092621945852342 0.004363054459037982 0.014813139691278185 -0.00067959621087393049 0.0095970339273742204 0.010886558209884907 -0.0013431769532893608 0.020181930213088381 0.0018281393086282526 0.0024480503959333874 0.0040342252061141524 -0.007323295053562294 -0.00053717973323179607 0.0088252286512381286 0.020409842484712278 0.0044183426939907525 9.4081814843691893e-05 0.01199245931933786 0.0071382053574125083 0.01668377848934505 -0.0054878759333204597 -0.0020269596973280686 0.0040141233656876248 -0.011096976363646951 0.032042592807274208 -0.004291638817570117 0.011686585806024621 0.015135711312915837 -0.0042856683811133799 -0.022259077783703392 0.0047694927642634158 0.0079095675539012297 -0.0050579714616209807 -0.013006237967967897 0.0087987102566625345
leaf_weight=950.97455794736743 73.871124245226383 1078.2620398104191 1226.3634056895971 45.564069151878357 230.49186970293522 1412.7760053761303 1673.057553652674 532.05292552709579 101.95866098999977 225.2272701561451 62.694831028580666 2004.6856215596199 3238.0203734636307 2183.1128295361996 437.26912497729063 1939.6707786284387 934.42976401746273 399.47635035216808 539.65009389817715 485.72260943055153 157.60904218256474 8271.4457369670272 501.58631423860788 463.76043934375048 604.07817044481635 130.84564139321446 21.882776830345392 155.35678361356258 699.28239805996418 2214.914909362793 757.18801720440388 771.88749466091394 141.60691039264202 1546.5861545801163 74.037591978907585 97.452334076166153 451.56854593753815 151.26366773247719 362.98070232570171 1220.5314570814371 388.9176276922226 161.00471441447735 793.39109036326408 302.35815273225307 512.70528167486191 2272.8271026313305 118.71143122017384 284.15302117168903 97.154604509472847 37.713097527623177 1025.2423015087843 15.018346335738896 285.88033220544457 87.553503185510635 91.435430556535721 297.03157624602318 355.9605561196804 265.23815304040909 141.1424824744463 229.94697353243828 137.62786972522736 49.518070891499519
leaf_count=38285 893 4348 24879 269 1095 19470 51356 3118 567 1293 318 8254 16344 11043 6010 26478 21464 1671 2289 2400 759 72998 4687 4432 8331 1773 301 662 2962 10677 3995 4056 661 8261 316 469 2663 746 2302 6292 2018 770 4064 1240 2111 9333 599 1442 489 201 18873 270 5221 473 486 1528 7471 1082 576 938 561 202
internal_value=-0.000208487 0.0040849 -0.0140507 0.00104606 0.0101599 -0.00992159 -0.0272522 0.0153956 0.00290078 0.0042165 0.0022286 0.00840084 0.00152214 0.00605723 -0.00692656 -0.00561846 -0.013465 0.0107307 0.012719 0.00893394 0.0162303 -0.0018141 -0.00168449 -0.00599443 -0.0105991 -0.00729936 0.00281172 0.0109376 0.00975565 0.0139713 0.00154419 0.00400012 0.000571791 -0.00232012 0.00580252 0.0120856 0.00201635 0.0032707 -0.00190627 0.000650424 0.00624202 0.0124774 0.0072191 0.0072406 0.00762551 0.00616544 0.00405163 0.00033869 0.00789683 -0.013304 -0.0112821 -0.00914138 -0.00247814 0.00679063 0.00238259 -0.000649472 -0.0164086 0.00522047 0.00612944 -4.89727e-05 -9.19115e-05 -0.00686966
internal_weight=46521.7 35508.3 11013.4 23668.7 11839.6 8389.42 2624.03 2977.46 14358 7288.79 3525.94 8862.11 3300.72 3762.85 4546.52 3352.45 3842.89 2946.07 1867.8 1579.74 300.625 9310.66 9236.79 965.347 1194.08 756.807 152.728 1468.33 1312.97 2445.41 7069.25 2005.1 5064.15 1686.26 773.32 255.061 3377.89 2563.34 814.549 1362.14 1201.21 312.268 1279.11 5916.05 5613.69 3609.01 888.937 500.019 215.866 139.672 2260.57 1326.14 300.899 1247.91 476.021 384.585 1582.32 3096.3 2643.92 371.089 452.384 187.146
internal_count=439135 208953 230182 157518 51435 140541 89641 14890 74508 36959 17955 36545 16662 19004 62363 45948 78178 12248 7900 7961 1497 83010 82117 9119 16415 10405 2074 6229 5567 11772 37549 10538 27011 9029 3278 1228 17982 13017 4965 6953 6064 1516 6464 24297 23057 14803 4548 2530 1088 768 45828 24364 5491 6543 2487 2001 32350 12692 10847 1514 1845 763
cat_boundaries=0 1 2 3 4 5 6 7 8 9 10 11 12 13
cat_threshold=25442808 13122310 18100600 26790450 11813036 31494444 90 14486568 29365184 22290840 1885188 2801668 11146306
is_linear=0
shrinkage=0.04


Tree=53
num_leaves=63
num_cat=14
split_feature=0 0 0 3 0 0 0 3 3 25 0 25 0 5 15 25 30 25 12 39 25 34 25 25 53 6 25 25 54 17 16 25 13 11 35 54 6 25 17 13 49 8 36 54 25 30 54 38 11 36 38 25 34 35 25 39 3 0 16 11 11 50
split_gain=1556.97 459.755 260.382 93.0849 86.0552 42.0966 31.86 21.4114 14.4094 14.3034 13.8904 13.4601 12.5466 13.4103 12.429 16.4754 14.3647 12.2531 18.1399 14.9878 11.9535 14.28 11.8725 11.8644 11.3149 11.205 14.9367 10.5689 11.4499 10.532 10.3309 12.001 11.5681 22.739 10.2308 10.1386 11.6353 10.3909 9.89865 11.1094 9.69808 9.56326 9.19824 10.501 9.17008 12.133 11.4441 9.76075 9.08663 9.05151 9.03957 9.02862 14.7634 10.9473 11.9596 21.3244 9.78775 9.66697 12.1959 9.73998 12.1747 12.2073
threshold=-2.6700397729873653 -0.93729621171951283 -3.7575439214706416 0.6545778512954713 -1.9000387787818906 -3.1102806329727168 -4.1701359748840323 0.82174682617187511 0.53981277346611034 0 -2.2816562652587886 1 -1.44966584444046 3.5000000000000004 0.28474999964237219 2 3.5000000000000004 3 0.25090000033378607 -3.629166722297668 4 0.61750000715255748 5 6 6.8750000000000009 3.5000000000000004 7 8 -0.035833332687616341 10.585000038146974 0.45264999568462377 9 4.4949998855590829 5.2950000762939462 3.0991666316986088 1.332267629550188e-15 2.5000000000000004 10 4.2699999809265146 6.5250000953674325 -0.11499999836087225 53.500000000000007 -0.031241666525602337 -0.032500000670552247 11 3.5000000000000004 -0.0058333333581686011 -0.0025000000605359669 6.1549999713897714 -0.099991668015718446 -0.034166667610406869 12 -0.070833332836627946 -0.57583332061767567 13 -1.9408333897590635 0.26314251124858862 -1.8167771100997923 0.33904999494552618 5.1949999332427987 5.4649999141693124 -0.0055499998852610579
decision_type=2 2 2 2 2 2 2 2 2 1 2 1 2 2 2 1 2 1 2 8 1 2 1 1 2 2 1 1 2 10 2 1 2 2 2 2 2 1 8 2 8 2 2 2 1 2 2 2 2 2 2 1 2 2 1 8 2 2 2 2 2 8
left_child=2 4 6 8 10 9 -1 27 11 -4 17 -3 30 29 15 16 -15 18 -2 -19 21 -7 24 -10 -16 34 -27 28 -5 -14 51 -32 -33 -34 -12 -21 37 40 -30 -40 -37 49 44 -44 46 47 -25 -46 -48 -22 -28 53 -53 54 -6 -56 -54 -55 59 -59 61 -61
right_child=1 3 5 7 12 20 -8 -9 23 -11 25 -13 13 14 22 -17 -18 19 -20 35 41 -23 -24 42 -26 26 50 -29 38 -31 31 32 33 -35 -36 36 -38 -39 39 -41 -42 -43 43 -45 45 -47 48 -49 -50 -51 -52 52 56 57 55 -57 -58 58 -60 60 -62 -63
leaf_value=-0.032088598063436551 -0.009729785450536944 0.0077032613471428807 -0.018796459812453505 0.018464642005636661 -0.0096690407858917807 -0.0037702935393171271 -0.022243067800026821 0.022853646767833233 0.0056406588812725738 -0.012522107716780322 -0.00083340245941267328 0.003774808486440997 0.0021134640851887469 0.029625329986959881 0.017664064668713675 -0.0087535383628270496 0.002407468057245509 0.019235741235419122 0.00019545988608855871 -0.0045539137332175697 -0.019317790209727521 -0.015282388611358461 0.0053182846416795727 0.019016989752181978 -0.00177268984779663 0.00056320700015936778 0.0097216436755631665 0.010309349487200501 -0.0061924846682176139 -0.017733929371300521 -0.00060391661128357088 -0.0035166740551873426 0.047086813210097889 0.010763093079386925 0.019238642673301842 0.012647768185593794 -0.013396374231686303 -0.010312302443877793 0.010037198042766472 0.017278202467513566 -0.0043209514033110685 -0.014225102365601429 0.015795237429571139 0.0094423885133350111 0.026077422493392823 -0.00059511906679538733 -0.0075187667042607388 0.0019892647943821644 0.014943573093847411 -0.0076146511231759495 -0.00905692497737157 0.0037236102302403598 -0.025941868081071209 0.0078916985951884618 0.029888543504343827 -0.0019635795861973797 -0.0028615629449932939 -0.0017784693792992565 -0.0019848706753580149 0.038291953956708723 0.0047212429487550559 0.0085191058477334346
leaf_weight=1208.5461948439479 386.52169233560562 2507.5045354217291 1185.8143807128072 868.75771842896938 258.22901353985071 1110.2881087884307 930.98544225282967 376.17122754454613 1490.2230879664421 1669.3726991340518 3558.7654968053102 3323.6302985996008 6281.8899352699518 39.273883983492851 295.49234540760517 182.06204164028168 147.70984375476837 35.247066661715508 1239.2305510304868 1286.5879602283239 115.48806993663311 204.09211376681924 927.56773936748505 174.04556494951248 57.196150496602058 521.94398979097605 43.177558332681656 1791.2482161521912 43.321282461285591 43.071482822299004 204.83521795272827 48.429545916616917 35.402168199419975 124.71630194038153 41.099105380475521 74.73695020377636 634.35668699070811 316.75963798165321 769.64138682186604 605.88939368724823 193.19610833376646 748.99868562817574 687.17337450385094 1056.1432816237211 57.063157171010971 354.98659905791283 62.73062127828598 50.94390532374382 53.295170277357101 1252.6304286532104 818.9037234261632 640.95832091569901 29.80114508420229 457.21386278420687 38.152087971568108 283.69565257430077 2173.8022246956825 322.3307413905859 918.68623349070549 35.969987824559212 770.58273350447416 56.873600967228413
leaf_count=48435 4658 10256 27508 4184 1709 17700 29289 2258 6096 38373 31830 13656 30948 202 1495 943 762 407 14633 15276 1873 3263 4700 719 294 4826 392 8367 196 223 1354 313 225 818 369 898 7889 3888 3584 2881 2328 12220 2866 4319 233 1454 255 208 218 20316 7597 4233 188 3490 246 1882 14968 2048 5952 234 5040 363
internal_value=-0.000202992 0.00326323 -0.0157513 0.00892691 -0.000173045 -0.0116493 -0.0278045 0.0137223 0.00675088 -0.0152377 -0.00320522 0.00548381 0.00175725 0.00281594 0.00602821 -0.000439279 0.00771185 -0.00490967 -0.00215103 -0.00664015 -0.00866357 -0.00551588 0.00789253 0.0086042 0.0141118 -0.00178025 -0.00483907 0.0128802 0.0147835 0.00197831 0.000438076 0.00655386 0.0129903 0.0187943 -0.000604243 -0.00703065 -0.00964461 -0.00557418 0.0126338 0.0132267 0.00039745 -0.0105419 0.0103094 0.0119465 0.00665643 0.00291366 0.0121124 0.0147157 0.00279906 -0.00860256 -0.00802333 1.57511e-05 -0.00161387 0.00149162 -0.00346552 0.00175759 -0.0031737 0.00261996 0.00147462 0.00415492 0.00636995 0.0200539
internal_weight=46223.5 37797.2 8426.22 14272.8 23524.5 6286.68 2139.53 4455.03 9817.74 2855.19 9150.53 5831.13 14373.9 7974.26 1649.3 369.046 186.984 4166.64 1625.75 2540.88 3431.5 1314.38 1280.26 3986.6 352.688 4983.89 1384.03 4078.86 2287.61 6324.96 6399.68 413.383 208.548 160.118 3599.86 2505.64 1219.05 584.693 1418.85 1375.53 267.933 2117.12 2496.38 1743.32 753.065 462.994 290.071 108.007 116.026 1368.12 862.081 5986.3 2844.56 3141.73 580.077 321.848 2203.6 2561.66 2104.44 1185.76 863.426 92.8436
internal_count=438348 239371 198977 61750 177621 121253 77724 21470 40280 65881 94991 23912 82630 39567 8396 1907 964 49977 19291 30686 55372 20963 6489 16368 1789 45014 12815 19212 10845 31171 43063 2710 1356 1043 32199 30279 15003 7114 6661 6465 3226 34409 10272 7185 3087 1895 1192 441 473 22189 7989 40353 19389 20964 3837 2128 15156 17127 13637 7685 5637 597
cat_boundaries=0 1 2 3 4 5 6 7 8 9 10 11 12 13 14
cat_threshold=18102504 5114316 1743546 14766102 1885378 19530786 9129488 3671908 19805092 14090938 18122272 17072296 17286742 98374
is_linear=0
shrinkage=0.04


Tree=54
num_leaves=63
num_cat=15
split_feature=0 0 0 3 0 2 0 3 8 3 25 25 54 48 56 49 31 48 25 13 2 4 25 35 48 54 56 25 25 25 48 25 53 49 25 36 6 0 50 25 54 25 15 25 56 25 3 25 55 36 3 17 16 34 36 25 36 0 14 34 35 17
split_gain=1507.63 372.774 338.107 90.6066 47.9264 47.4899 41.2987 23.8723 16.3291 16.1195 15.8133 13.9062 13.7375 18.0544 12.4495 16.7482 12.3139 14.9186 12.2378 12.6724 12.6423 12.5872 12.1356 11.6913 11.0305 10.6544 13.5217 15.922 11.5429 10.5617 13.8367 10.3856 10.2837 10.1815 10.588 10.89 10.4786 10.1697 12.0416 14.3477 12.7108 15.1958 14.8491 14.1495 12.3944 13.9537 16.6208 12.1901 10.8366 12.7161 10.6317 10.0929 10.0882 11.731 10.3023 9.98315 9.95664 9.92683 9.91041 9.8093 11.014 11.0713
threshold=-2.4708646535873409 -1.033816337585449 -3.6413699388504024 0.7029065489768983 -3.1395276784896846 -1.2650425434112547 -4.38437795639038 0.53981277346611034 44.500000000000007 0.78234952688217174 0 1 0.024166666902601722 -1.564999997615814 -0.0089159063063561899 -4.6649999618530265 -1.4999999999999998 -1.6549999713897703 2 5.3550000190734872 -1.7127860784530637 1.4262213110923769 3 0.50749999284744274 -1.4450000524520872 0.055833334103226669 0.029257243499159816 4 5 6 -1.4750000238418577 7 6.5850000381469735 1.4099999666213991 8 0.06764166429638864 2.5000000000000004 -1.6433631181716917 0.14615000039339068 9 -0.079166665673255907 10 0.40854999423027044 11 -0.0073249738197773686 12 0.47722895443439489 13 3.5000000000000004 -0.053158331662416451 0.6015080213546754 9.2100000381469744 0.34489999711513525 0.38916665315628057 -0.013608333654701708 14 -0.064025003463029848 -1.1918020248413084 0.11165000125765802 -0.76249998807907093 -0.050833333283662789 7.0499999523162851
decision_type=2 2 2 2 2 2 2 2 2 2 1 1 2 10 8 8 2 10 1 2 2 2 1 2 10 2 8 1 1 1 8 1 2 10 1 2 2 2 8 1 2 1 2 1 10 1 2 1 2 2 2 10 2 2 2 1 2 2 2 2 2 10
left_child=2 5 6 7 23 16 -1 8 11 10 -5 -3 13 -6 15 -15 17 22 19 20 -19 -21 -2 -4 29 37 27 -27 -28 -16 -31 -17 -26 34 35 -14 -37 38 40 58 41 -7 44 -44 45 46 -42 -46 49 -49 -47 -39 53 -48 -55 -53 -30 -29 -40 -33 61 -61
right_child=1 3 4 9 12 25 -8 -9 -10 -11 -12 -13 33 14 24 31 -18 18 -20 21 -22 -23 -24 -25 32 26 28 57 56 30 -32 59 -34 -35 -36 36 -38 51 39 -41 42 -43 43 -45 47 50 52 48 -50 -51 -52 55 -54 54 -56 -57 -58 -59 -60 60 -62 -63
leaf_value=-0.033845561141989597 0.0047865260414416402 0.0011641654091800163 -0.012773332200740062 0.016355678931314004 -0.012664587468490768 0.0058095473758665393 -0.022911679570847356 0.0087894707989505418 0.0050887904210192292 0.018896994430752219 0.0088861093528586118 0.031404998519057911 -0.0063179819623614478 0.043187295371836666 -0.0116324234350929 -0.0080007462563030669 -0.0038184080541410772 -0.0075152272055850648 -0.0014091886037262758 0.022636140887206363 0.0082895671770577446 -0.010996882045173529 -0.014137201917247915 -0.019180734698948081 -0.035275448595805559 0.020051512303638452 -0.0006303661781195452 -0.0049709269399510741 0.0017100750639318788 0.007215714630667054 0.05191089975105178 -0.014038942708871783 -0.0064545552065779707 -0.018659229808587998 -0.011524895401540159 0.02746601329608489 -0.007983418122595896 0.0027392975152822807 -0.023343211597432249 0.00047075992474622844 0.0029696215386311176 -0.016347719404766276 0.00065951640150948383 0.015518127820852219 -0.0088791640092998111 0.0002600791273684163 0.040316641575371036 0.023995286615066017 -0.0059095316152325741 0.001718783109765247 -0.020135951052369587 0.004510527973647818 0.0060673817083826756 -0.0014360994594303689 0.028844843413150405 -0.0072813776932579349 -0.016905567779957609 0.018193849859246682 -0.0071020004434173677 0.010493155380613649 0.00018251609637107364 0.043627661980935761
leaf_weight=847.18687017820776 76.637833029031754 49.785979494452477 1654.9131118543446 957.41218712925911 608.20338547602296 74.202353172004223 1590.2136275861412 5514.8173676282167 7339.6244008988142 934.81303338706493 1065.694338992238 59.835196509957314 353.16947442293167 14.336101815104483 25.261738207191229 182.76378666982055 4846.8007945269346 118.98789777606726 612.76073057949543 115.91905120760202 253.49720349907875 21.034727498888969 165.21019446104765 628.74793576821685 19.958186484873295 63.080085724592209 266.36154935508966 194.88164822757244 58.666336178779602 41.328907314687967 15.142957706004379 42.534990221261978 2643.0956624783576 221.04053628072143 1071.99337002635 32.278265438973904 22.740862399339676 8195.7116555348039 81.249634832143784 390.4552164748311 590.1482592523098 128.50505416095257 203.81270079314709 212.26217047125101 370.60708509385586 1278.8827295303345 43.758419118821621 53.46523629128933 195.25911101698875 175.8479792252183 42.24204595386982 170.97810231149197 88.909317642450333 35.146447144448757 36.799481712281704 315.27526667714119 212.4199959859252 34.899353370070457 231.08833245933056 87.088869702070951 166.69262656569481 19.803420498967171
leaf_count=36495 767 206 37748 4566 9443 528 51643 23122 30605 5388 5031 248 5386 209 382 2704 47197 1252 6015 1092 2384 208 1646 14277 291 435 1770 1371 398 633 227 637 39644 3405 16884 488 344 44267 602 2845 4506 939 1533 1568 2846 9724 309 399 1533 1307 293 944 627 253 260 1759 1415 166 1687 1285 2454 293
internal_value=-0.000199621 0.00367125 -0.013698 0.00823588 -0.00965774 2.92922e-05 -0.0267121 0.00679455 0.00531766 0.014553 0.0125458 0.0206418 -0.00765617 -0.00633814 -0.00515712 0.000561115 -0.00287354 0.000483802 0.00242579 0.00693018 0.00324083 0.0174704 -0.0085272 -0.0145374 -0.00622632 0.00134098 -0.00305114 0.00386387 -0.0068192 0.0082478 0.0163122 -0.000663807 -0.00667055 -0.0106515 -0.00945571 -0.00364982 0.0128138 0.00162336 1.5764e-05 -0.0047657 0.000967753 -0.00875678 0.00156022 0.00862851 0.000549964 0.00215001 0.00629647 -0.0037076 0.000992397 0.00691263 -0.000389124 0.0024071 0.0161995 0.0239852 0.0140522 -0.00319205 -0.0124188 -0.00139206 -0.0109755 0.00371364 0.00660942 0.0166318
internal_weight=46166.2 35877.7 10288.5 15922 7851.09 19955.8 2437.4 12964.1 7449.25 2957.92 2023.11 109.621 5567.43 3866.21 3258.01 513.22 6210.85 1364.05 1122.2 509.439 372.485 136.954 241.848 2283.66 2744.79 13744.9 830.309 292.861 537.448 81.7336 56.4719 498.884 2663.05 1701.22 1480.18 408.189 55.0191 12914.6 4232.64 702.793 3529.85 202.707 3327.14 416.075 2911.07 2115.89 794.762 795.179 424.572 229.313 1321.12 8681.97 204.614 115.704 71.9459 486.253 271.086 229.781 312.338 316.12 273.585 106.892
internal_count=438883 214011 224872 69166 136734 144845 88138 54181 31059 14985 9597 454 84709 58202 48759 7582 60561 13364 10951 4936 3636 1300 2413 52025 41177 84284 5555 1972 3583 1242 860 7373 39935 26507 23102 6218 832 78729 31759 5134 26625 1467 25158 3101 22057 15972 5955 6085 3239 1706 10017 46970 1449 822 513 2703 1813 1537 2289 4669 4032 1578
cat_boundaries=0 1 2 3 4 5 6 7 8 9 10 11 12 13 14 15
cat_threshold=17494436 12828162 3771206 12718094 1097732 23794714 2361976 18634770 4310032 3361476 8231234 15958760 26435664 20082790 8752676
is_linear=0
shrinkage=0.04


Tree=55
num_leaves=63
num_cat=13
split_feature=0 0 0 0 4 0 0 48 25 25 4 25 25 7 25 25 50 35 4 25 20 35 20 55 39 25 0 38 49 50 25 35 25 14 14 48 7 35 0 10 49 25 41 14 25 30 35 39 25 49 13 53 36 10 7 39 13 2 13 4 18 13
split_gain=1403.91 346.018 322.377 98.7751 46.1486 41.2553 38.3368 16.8242 14.2708 13.9054 13.9777 12.8317 11.8656 11.1369 12.0511 10.6137 10.4701 13.1249 10.4256 14.2005 10.1021 14.2143 10.8247 10.2788 9.94048 15.9773 13.4425 11.7781 11.3623 10.5092 10.3983 11.8418 10.1948 10.2017 15.9881 9.8028 9.78168 11.3683 10.9806 9.60912 9.37769 9.01998 8.95577 11.2883 11.3999 8.92571 9.68556 10.9405 9.99844 9.11184 14.8648 8.85417 10.8861 8.80781 13.543 8.80613 9.89095 8.76622 9.32362 8.68786 8.67913 18.8615
threshold=-2.5228821039199825 -0.68028292059898365 -3.6224418878555293 -1.6433631181716917 0.93600317835807811 -2.9676959514617915 -4.38437795639038 1.8550000190734866 0 1 1.3436816930770876 2 3 60.500000000000007 4 5 -0.10414999723434447 2.4508333206176762 0.78153684735298168 6 1.5000000000000002 3.3308333158493046 3.5000000000000004 5.5000000000000009 1.7418333292007449 7 -1.9000387787818906 0.0058333333581686029 -7.4800000190734854 0.017350000329315666 8 -0.66083335876464833 9 0.5976499915122987 0.67925000190734874 -2.2150000333786006 39.500000000000007 0.30083334445953375 -2.577154159545898 0.12499999627470972 -2.6750000715255733 10 3.5000000000000004 0.35729999840259558 11 3.5000000000000004 0.43416666984558111 0.60916668176651012 12 -0.36500000953674311 6.9249999523162851 6.8849999904632577 0.060325000435113914 0.20499999821186068 37.500000000000007 0.41916665434837347 4.8849999904632577 -1.0787853598594663 6.2149999141693124 1.5331130027770998 7.5000000000000009 1.4650000333786013
decision_type=2 2 2 2 2 2 2 8 1 1 2 1 1 2 1 1 8 2 2 1 8 2 10 2 10 1 2 2 8 10 1 2 1 2 2 8 2 2 2 2 8 1 2 2 1 2 2 8 1 10 2 2 2 2 2 8 2 2 2 2 10 2
left_child=2 3 6 24 18 11 -1 8 -5 10 -6 -4 36 15 -15 20 17 -17 -3 -20 42 23 -23 53 26 27 28 -26 -2 -29 31 -28 33 -30 -35 -14 59 -38 40 -37 -39 -40 55 44 -44 46 47 -33 -49 -47 57 -11 -53 60 -55 -9 -57 58 -51 -7 -22 -62
right_child=1 4 5 7 9 12 -8 13 -10 51 -12 -13 35 14 -16 16 -18 -19 19 -21 21 22 -24 -25 25 -27 30 29 32 -31 -32 45 -34 34 -36 39 37 38 41 -41 -42 -43 43 -45 -46 49 -48 48 -50 50 -52 52 -54 54 -56 56 -58 -59 -60 -61 61 -63
leaf_value=-0.033125760081629457 0.024906713248306719 0.019563457083275223 -0.0088173577648950358 -0.00083041623749962505 0.011448224903919564 0.00052615295682230867 -0.022507178802465742 -0.012914769583329645 0.0032148630348580623 0.0080583845693276666 -0.00037204998366891894 -0.014415612209912925 -0.019871493758909346 0.0064957531615920609 -0.019540088368041466 -0.011060454054865361 0.0037291613001252943 0.010529009615753811 0.017365483851522687 0.0086742602407112717 0.0064427568734482885 0.0039186220129919418 -0.020453088299371994 0.00034099457297307367 0.00019909766198856243 -0.0060095528600415818 -0.0039371794177376932 0.0057400275691399071 -0.00077088651464425866 0.041819831925687459 -0.0011345216737368292 0.027969011015032796 -0.0033653284454347749 0.019995103350921025 -0.0083046815539760815 -0.023194195676742909 -0.0017694985137147706 0.0097482685462748561 -0.014021297167472451 -0.0072519049211316111 -0.016542155039091115 0.015458038971212602 0.0098289149817031851 0.018950579631352459 -0.0048280516503435332 0.004924250060796059 -0.0040644836136338701 0.015953763846469422 -0.011206609674673858 0.030018412527232325 0.035115674016851929 0.0012491959103951141 0.013363906676717597 0.012192949156321371 -0.019165680290351844 0.011313313417247804 -0.0016921385104657414 0.0022572306238749611 0.0018122364140978568 -0.017382765141544337 0.024751468709366779 0.0094224394947303187
leaf_weight=818.74807926267385 24.926770947873592 671.79632706940174 1148.7160420790315 2186.7995558530092 2994.6136103868484 737.2942493930459 1621.1652860306203 79.660867929458618 3842.6284396350384 3628.5440470576286 169.10603448748589 2155.5153523683548 110.67443505674601 47.312351852655411 54.348646655678749 163.07473663985729 4741.3735600560904 62.253255695104599 733.33053104579449 645.2467135488987 1321.786530688405 69.078192174434662 50.45624603331089 278.04614445567131 116.84207002818584 1329.3681485056877 273.92616765201092 26.8092036023736 2438.0345231294632 24.927148289978504 1549.9048079699278 36.617891527712345 4180.7534677609801 92.967755526304245 48.659147433936596 62.175901737064123 345.1941105350852 23.424867931753397 18.217173054814339 2234.3986936397851 296.19073214381933 33.222407467663288 182.72871010005474 98.204122602939606 145.21304585039616 598.8816899061203 260.73632499575615 28.559565141797066 39.638949550688267 50.40128531306982 44.174548014998436 661.264857172966 144.63410621881485 42.555014729499817 45.698507770895958 122.3369754999876 397.8088256418705 113.6453702673316 29.858986049890518 46.047319404780865 142.30908541381359 1316.8872222900391
leaf_count=36427 236 4018 24541 11763 12705 10571 53344 354 20508 15246 679 46703 1720 226 260 833 21990 308 3697 3218 6152 335 249 1352 1000 11685 1925 236 23983 221 11066 257 41684 911 483 935 5023 346 237 33186 4427 430 858 432 678 4217 1864 200 281 374 318 2751 606 202 214 556 1857 778 222 638 659 6012
internal_value=5.92689e-05 0.00366002 -0.0135023 0.00131396 0.0101522 -0.00924983 -0.0260704 0.00339953 0.00175164 0.00871516 0.0107823 -0.0125397 -0.00646741 0.00446092 -0.0087063 0.00460548 0.00332211 -0.00509575 0.0154775 0.0134864 0.00606846 0.00717002 -0.00636883 0.00768423 -0.00152415 -0.00455918 -0.00106079 0.00682948 -0.00204957 0.0231237 0.00115615 0.00354448 -0.00214897 -0.000163978 0.0102721 -0.00820976 -0.00359177 -0.00699423 -0.0118548 -0.00768352 -0.0146153 0.00529733 0.00262005 0.00705383 0.00349128 0.00527824 6.37215e-05 0.0103328 0.000863448 0.00755574 0.0141751 0.00719981 0.00342341 0.00839583 -0.00404485 -0.000530026 0.00136671 0.00940458 0.019525 -0.00052659 0.00879063 0.0109174
internal_weight=45999.7 36348.7 9650.98 26700.2 9648.54 7211.07 2439.91 15390.6 6029.43 7598.16 3163.72 3304.23 3906.84 9361.13 101.661 9259.47 4966.7 225.328 2050.37 1378.58 4292.77 3266.82 119.534 3147.28 11309.6 1497.95 9811.69 168.578 6785.34 51.7364 3026.35 1476.44 6760.41 2579.66 141.627 2407.25 1499.59 716.249 371.055 2296.57 319.616 51.4396 1025.95 426.146 327.942 1202.51 365.553 104.816 68.1985 836.962 238.08 4434.44 805.899 2869.24 88.2535 599.807 520.146 193.906 80.2603 783.342 2780.98 1459.2
internal_count=439187 220659 218528 177739 42920 128757 89771 75798 32271 31987 13384 71244 57513 43527 486 43041 23131 1141 10933 6915 19910 15175 584 14591 101941 13142 88799 1457 67297 457 21502 10436 67061 25377 1394 35841 21672 10463 5440 34121 4773 667 4735 1968 1536 8511 2602 738 481 5909 1692 18603 3357 13239 416 2767 2413 1374 596 11209 12823 6671
cat_boundaries=0 1 2 3 4 5 6 7 8 9 10 11 12 13
cat_threshold=12132426 26517928 11097600 640720 5430546 15247816 26098080 16779280 25351214 16450050 1216 8399176 25186340
is_linear=0
shrinkage=0.04


Tree=56
num_leaves=63
num_cat=12
split_feature=2 2 2 3 2 2 3 2 3 12 3 54 31 25 25 25 36 3 54 3 31 19 25 20 3 14 25 25 50 25 11 25 2 53 36 25 25 18 2 15 12 10 29 12 50 18 36 39 30 25 54 53 25 53 14 8 17 18 39 2 53 39
split_gain=1294.88 295.834 276.082 123.502 34.3627 33.5794 29.6571 27.8975 21.8163 18.5418 18.3954 16.8348 14.8219 15.4926 14.7615 14.3829 13.3172 12.2869 12.1544 11.6693 11.6095 12.285 11.6064 13.4452 15.6985 11.8922 11.5629 11.5138 11.66 11.4289 11.3195 10.8124 10.4583 10.1687 10.0282 9.65993 9.55785 9.36633 12.4831 12.78 11.8624 27.0024 10.0932 9.02828 8.95423 9.20595 8.71752 8.7025 8.6206 12.8586 13.7478 8.60347 11.2171 9.13342 8.73991 10.7828 9.33251 8.54343 8.53787 12.1153 8.43192 8.43175
threshold=-1.9330397844314573 -0.24280757457017896 -3.1551585197448726 0.63634669780731212 -2.5151880979537959 -3.9550833702087398 0.46444967389106756 -1.2473551034927366 0.78527465462684642 0.24724999815225604 0.51262331008911144 0.019166666083037857 -1.4999999999999998 0 1 2 -0.029175000265240666 0.44632381200790411 -0.040833333507180207 0.50144121050834667 -1.0000000180025095e-35 6.5000000000000009 3 1.0000000180025095e-35 0.5259920358657838 0.25865000486373907 4 5 0.24554999917745593 6 6.9149999618530282 7 -3.4682518243789668 6.9749999046325692 0.017775000073015693 8 9 26.500000000000004 -2.0869927406311031 0.30144999921321874 0.35195000469684606 0.16499999910593036 1.0000000180025095e-35 0.46179999411106115 -0.1165499985218048 39.500000000000007 0.0031750000780448322 1.2236666679382326 3.5000000000000004 10 -0.0025000000605359669 6.8450000286102304 11 6.9649999141693124 0.27295000851154333 52.500000000000007 5.2699999809265146 9.5000000000000018 1.7954999804496767 -1.3606060743331907 7.0950000286102304 0.60916668176651012
decision_type=2 2 2 2 2 2 2 2 2 2 2 2 2 1 1 1 2 2 2 2 2 10 1 8 2 2 1 1 10 1 2 1 2 2 2 1 1 10 2 2 2 2 2 2 10 10 2 10 2 1 2 2 1 2 2 2 10 10 10 2 2 10
left_child=2 7 5 10 6 -1 -4 16 20 14 -3 15 13 37 -6 -8 22 -7 -10 48 36 29 23 25 57 -2 -12 28 43 -22 33 -13 -19 -31 -28 -21 -5 40 39 -39 42 -42 -11 -18 -29 -46 -47 -32 49 50 -14 52 -36 -53 -54 56 -56 -25 59 -24 -15 -30
right_child=1 3 4 8 9 17 11 -9 18 12 26 31 19 60 -16 -17 27 32 -20 35 21 -23 58 24 -26 -27 34 44 61 30 47 -33 -34 -35 51 -37 -38 38 -40 -41 41 -43 -44 -45 45 46 -48 -49 -50 -51 -52 53 54 -55 55 -57 -58 -59 -60 -61 -62 -63
leaf_value=-0.032723476424974342 0.038121685637084457 0.0038517314923964502 -0.022726008701574089 0.0055608859791572663 -0.017698628960370479 -0.031664213923414244 -0.0033975747390268753 0.00082983012947152968 0.023021180307901925 -0.004915842769615689 0.01019745938794586 -0.0093076102427290773 0.043447858025453041 -0.0039980264033369602 -0.007807342499967145 -0.01160720239644765 -0.0042428653804570836 -0.024451745498713009 0.013501202853161092 -0.010109985687416079 0.012295625475089901 0.027555160422700706 -0.0072097718865146874 -0.02080790810233939 0.0053008934415780572 0.004402152927009898 0.0038167334914217671 -0.011117101772601024 -0.023955647303773912 0.0064471467056080494 0.016286356245208661 -0.018973589312330733 -0.017498236420156712 -0.0090918778301521813 -0.00032142312336302605 -0.0040815265793770726 0.01802737508168864 0.068018192019440968 -0.0089168121307972772 0.017229498700953642 -0.00051235264001845142 0.062028000944627557 0.029797753651201977 0.002127397000971747 0.00060795534235511082 0.037286728251059907 0.0053838896059084278 0.0034765075720137612 -0.017889072426469674 -0.014908643668265401 -0.0028352249703430883 0.016894445000546963 0.018649220939982308 0.00021014680080841763 0.0074792581038974617 0.013531733053617039 -0.0097058760619697666 -0.0030482518883214876 -0.014858655896510036 0.002526943181720559 -0.034782111232777996 0.0040843889440249446
leaf_weight=697.52702678740025 26.01087323948741 9631.6242178976536 415.65050270408392 157.10428591072559 411.9572562687099 192.10626645199955 580.86433057673275 10440.596928201616 402.47339077293873 147.31446745246649 1288.9771018773317 386.26133659482002 15.817947268486021 607.16890044137836 728.00426972657442 930.32228730246425 1592.4281609840691 671.79947401024401 459.6203241944313 654.45725235342979 1509.3965190798044 62.481907472014427 1261.4797714874148 79.27819100394845 200.4030127748847 46.925517708063126 1912.1229564547539 101.71269713714719 71.460903637111187 1328.5124292373657 329.69943699240685 564.59122076258063 713.77938475646079 70.981481060385704 282.7106556147337 1344.1305915862322 553.18120358884335 12.634478919208048 13.848581299185751 21.276296455413103 32.656971421092749 16.691700350493193 14.742526624351738 458.44807377457619 2449.0790714509785 20.91351617872715 39.754633970558643 114.262425750494 256.84933296218514 61.976512648165226 29.269444745033979 282.81218366324902 133.14769262075424 64.463459983468056 124.9876447468996 198.49669434130192 84.908037513494492 95.60352149233222 179.59030409902334 244.0236092209816 14.578011266887186 22.58032676205039
leaf_count=31729 279 42599 12191 697 7047 7907 11984 67428 2411 2256 5270 8504 293 9305 12007 19571 16633 24316 2683 9168 7006 287 13653 904 1862 490 7775 1027 733 6083 1520 12470 21014 320 1158 18562 2489 216 191 349 478 243 207 4409 24625 225 428 537 4778 1161 551 1152 545 261 510 812 348 1101 1805 2182 237 221
internal_value=-0.000138885 0.00330516 -0.0132567 0.00675354 -0.00944694 -0.0254152 -0.0128431 -0.000473868 0.0121585 -0.00721736 0.00482853 -0.0111746 -0.00567504 -0.0012468 -0.0116056 -0.00855091 -0.00244949 -0.022184 0.0179457 -0.00732621 0.0109492 0.00998152 -0.00507538 0.000697108 -0.00234148 0.0164274 0.00698014 -0.00127173 -0.00343439 0.00965403 0.00738437 -0.0153444 -0.0208697 0.00565902 0.00558412 -0.00612661 0.0156021 0.00682187 0.0230838 0.0361524 0.00347077 0.0206413 -0.0017579 -0.00281887 0.000515748 0.000989248 0.0163814 0.0129895 -0.0139143 -0.00437871 0.0109693 0.00851644 0.00629145 0.0137974 0.00957285 0.0068481 0.000527443 -0.0110991 -0.00657593 -0.00563157 -0.00464511 -0.0172229
internal_weight=45858.5 36322.3 9536.28 18992 7261.06 2275.21 2877.69 17330.3 4987.71 4383.37 14004.3 2462.04 3243.41 880.912 1139.96 1511.19 6889.69 1577.69 862.094 2362.5 4125.62 3415.33 2133.31 448.221 375.285 72.9364 4372.63 4756.38 2144.92 3352.85 1843.46 950.853 1385.58 1399.49 3083.65 1998.59 710.285 259.165 47.7594 33.9108 211.406 49.3487 162.057 2050.88 2611.46 2509.75 60.6682 443.962 363.913 107.064 45.0874 1171.53 824.251 347.276 541.54 408.392 209.896 174.882 1685.09 1505.5 621.747 94.0412
internal_count=439203 222468 216735 84463 131769 84966 64720 138005 24033 67049 60430 52529 47995 13482 19054 31555 70577 53237 5094 34513 18939 15753 22276 4636 3867 769 17831 48301 21996 15466 8460 20974 45330 6403 12561 27730 3186 3940 756 565 3184 721 2463 21042 26305 25278 653 2057 6783 2005 844 4786 3373 1413 2215 1670 858 2005 17640 15835 9542 954
cat_boundaries=0 1 2 3 4 5 6 7 8 9 10 11 12
cat_threshold=574148 2242956 14910532 8503328 17563850 2986424 1979788 4545172 9740426 1639438 28340358 5301252
is_linear=0
shrinkage=0.04


Tree=57
num_leaves=63
num_cat=11
split_feature=0 0 0 3 0 0 4 54 0 7 25 5 25 25 25 7 25 2 43 25 25 13 4 25 2 25 13 42 11 9 12 3 25 26 6 14 16 11 20 7 2 51 7 8 7 0 53 18 16 0 25 13 39 10 45 51 13 5 0 17 26 53
split_gain=1231.36 371.841 183.613 96.9905 73.032 36.4219 18.9256 18.7702 17.9769 16.4503 27.5256 16.1929 15.0408 14.8458 13.7532 12.7386 17.4968 13.7373 19.6991 15.9183 13.9516 12.2704 11.6774 11.3501 10.7226 10.6734 14.0209 10.5542 12.2008 10.7472 10.5371 10.2633 10.5016 11.1012 13.4482 10.1924 9.80871 9.79027 12.6675 9.62528 9.49611 9.49247 9.3858 9.37912 9.75714 12.3387 12.9737 9.20446 9.1821 16.4769 11.0039 9.79263 13.2491 8.97678 9.10509 8.95876 10.7678 8.88929 8.76433 12.0555 14.927 19.5143
threshold=-2.8310116529464717 -1.079185366630554 -4.0076992511749259 0.64644789695739757 -2.0402834415435787 -3.3409157991409297 0.89267846941947948 0.047499999403953559 -4.6479060649871817 44.500000000000007 0 5.5000000000000009 1 2 3 34.500000000000007 4 -2.0738506317138667 1.5000000000000002 5 6 8.4650001525878924 1.3777779340744021 7 -1.2968407273292539 8 1.685000002384186 5.5000000000000009 6.5450000762939462 1.5000000000000002 0.092450000345706954 0.57356971502304088 9 8.5000000000000018 3.5000000000000004 0.51859998703002941 0.35924999415874487 5.2750000953674325 3.5000000000000004 44.500000000000007 -1.9082285165786741 0.085000000894069686 60.500000000000007 51.500000000000007 42.500000000000007 -2.308838844299316 6.805000066757203 28.500000000000004 0.36245000362396246 -2.4973915815353389 10 5.1349999904632577 -1.4163333177566526 0.14500000327825549 3.5000000000000004 -0.074999999254941926 6.0050001144409189 4.5000000000000009 -1.4294337034225462 8.1750001907348651 6.5000000000000009 6.8849999904632577
decision_type=2 2 2 2 2 2 2 2 2 2 1 2 1 1 1 2 1 2 2 1 1 2 2 1 2 1 2 2 2 2 2 2 1 2 2 2 2 2 8 2 2 8 2 2 2 2 2 8 2 2 1 2 10 2 2 8 2 2 2 10 2 2
left_child=2 4 8 9 15 12 -5 11 -1 21 42 13 -4 -7 -8 16 22 20 19 43 -17 31 -2 41 -21 -9 37 28 29 48 -18 -3 -33 34 -34 36 -36 38 -27 47 -13 -20 -11 -19 45 57 -47 -15 50 -50 -24 52 -51 -46 -55 56 -6 -45 59 -57 61 -61
right_child=1 3 5 6 55 7 14 25 -10 10 -12 40 -14 39 -16 17 30 18 23 24 -22 -23 27 -25 -26 26 -28 -29 -30 -31 -32 32 33 -35 35 -37 -38 -39 -40 -41 -42 -43 -44 44 53 46 -48 -49 49 51 -52 -53 -54 54 -56 58 -58 -59 -60 60 -62 -63
leaf_value=-0.035274232779406479 -0.00089641969048203708 0.0055206678640893469 -0.013090087838071663 0.015582563618307734 -4.5713230286957466e-05 -0.0024950769380917008 0.01487280293999702 -0.026280270173155717 -0.025767036227446253 0.006859976100709513 -0.0006791793726384376 -0.018482363479120793 -0.020663833322239783 -0.012929365982878098 0.0084757205562408268 -0.0126148956148986 -0.02091130313407831 -0.0034250137435086277 -0.0023078121867103544 -0.0058250208225359762 -0.0043177418645044211 -0.011275510256779468 -0.0069465320767501818 -0.0071125292452711084 0.01290300270727331 -0.0068529720822668458 -0.015047422663227771 -0.0046057120236926794 -0.013410884688864505 -0.015511671049205106 -0.0038603103614830397 0.004772404016996256 0.012198715716288139 0.016301337258388015 -0.015034553876627077 0.011812526695515675 0.0073339238239006187 -0.019717408027851931 0.052693369150870834 -0.014222405557741864 0.0088309718358922304 -0.027134589692189733 -0.0093328944128135277 0.022977917609429951 -0.018575423687546375 0.023957763137692677 -0.012703479014080981 -0.0050509319530524475 -0.0015309876480503759 0.043491303525192954 0.014202976624893612 0.055686001627155569 0.0019534421185366082 0.022479755048519776 0.00096783729751676083 0.0005412029930480577 0.023812212444978852 0.057784074503538119 0.0021157055901650569 -0.015726814030780051 0.00041873979161423603 0.004783407165277284
leaf_weight=507.6976189352572 865.67995348200202 6533.3183000832796 1053.3701251540333 1536.8865806311369 61.120165668427944 691.10964447259903 775.85739623010159 154.27724460139871 852.66764152608812 1772.5886168479919 1776.7938065975904 327.21306991949677 1002.7424380593002 348.74431522935629 2322.0032081902027 637.76987690851092 60.540986075997353 81.162026256322861 1788.3011682219803 358.85396005213261 724.05902291461825 64.430274099111557 48.335055686533451 1889.2592745833099 56.634058102965355 10.17187535390258 312.77300741150975 97.929356675595045 31.828958049416542 20.471202291548252 1375.3444098345935 665.09038260579109 419.02769123017788 451.89771594107151 84.917526856064796 72.709228754043579 49.737531170248985 10.644673220813273 13.049044933170078 510.82289097458124 21.718277987092733 24.985290206968784 59.184414356946945 32.222666654735804 21.346375979483128 38.549808233976364 25.767644323408604 742.26998317986727 28.476727984845638 26.545173197984695 154.22362649813294 23.379325911402702 22.872728079557419 51.695518720895052 80.506535802036524 7701.7135828211904 59.962407112121582 18.469451785087585 5319.4893737584352 282.10742524266243 449.24524598568678 100.72151464223862
leaf_count=24423 10118 27269 30008 8600 398 12818 3557 3110 34276 7389 7433 6397 28699 6601 10492 9161 759 872 19574 3972 10328 273 524 21041 524 205 6205 1095 342 220 16038 2757 1746 1880 352 302 207 213 255 9937 364 271 252 391 229 363 252 14120 373 257 1678 231 226 553 880 53910 380 227 27149 1986 3274 719
internal_value=-0.000192797 0.00249486 -0.016232 0.00704182 -0.000847791 -0.0128086 0.0119536 -0.0101006 -0.0293152 0.00513676 0.00288037 -0.00875458 -0.0169479 -0.00753295 0.0101532 -0.00375142 -0.00151036 -0.00481077 -0.00373874 0.00210376 -0.00832779 0.00611292 0.00181483 -0.00494621 -0.00319535 -0.0171998 -0.0120526 0.00702387 0.0102218 0.0125412 -0.00454756 0.00624829 0.00897503 0.0114171 0.0080757 -0.000255811 -0.00677231 0.0120478 0.0266092 -0.00963083 -0.0167823 -0.00263537 0.00630238 0.00825475 0.0120919 0.0209016 0.00927009 -0.00756928 0.0144313 0.0242656 0.00951447 0.0343566 0.0242658 0.00549339 0.00937973 0.000936069 0.0117692 0.0356594 0.000841384 4.70422e-05 -0.00452693 -0.0103306
internal_weight=45703.3 39144 6559.27 16584.4 22559.6 5198.91 4634.75 3142.79 1360.37 11949.7 3608.57 2641.88 2056.11 2292.95 3097.86 8585.21 2755.63 5829.58 4467.75 765.208 1361.83 8341.13 1319.74 3702.55 415.488 500.916 346.639 454.062 356.133 324.304 1435.89 8276.7 1743.38 1078.29 626.392 207.364 134.655 33.8656 23.2209 1601.84 348.931 1813.29 1831.77 349.72 268.558 115.01 64.3175 1091.01 303.833 101.274 202.559 72.7972 49.4179 153.548 132.202 13974.4 121.083 50.6921 13853.3 8533.79 832.074 382.829
internal_count=438455 260824 177631 72509 188315 118932 22649 60225 58699 49860 15074 50237 58707 43476 14049 100499 31861 68638 49149 8263 19489 34786 15064 40886 4496 9988 6878 4946 3851 3509 16797 34513 7244 4487 2607 861 559 673 460 30658 6761 19845 7641 3767 2895 1233 615 20721 3289 1087 2202 714 483 1662 1433 87816 778 618 87038 59889 5979 2705
cat_boundaries=0 1 2 3 4 5 6 7 8 9 10 11
cat_threshold=26913224 11409174 14238720 17048100 22631476 11504650 17534372 28925248 31105280 2690404 4259872
is_linear=0
shrinkage=0.04


Tree=58
num_leaves=63
num_cat=18
split_feature=1 51 1 3 3 3 11 5 1 25 3 25 7 25 54 25 54 39 15 51 5 15 25 25 49 25 25 56 38 25 28 53 12 25 27 3 50 25 56 3 54 25 25 27 16 54 25 35 38 25 50 55 11 17 16 25 25 14 39 15 25 34
split_gain=901.256 269.821 211.864 94.794 56.5894 44.4482 28.6973 32.0573 24.1206 23.0274 18.5033 18.1852 17.7606 17.7113 17.5145 18.3349 15.4619 14.7083 13.2537 13.1486 13.0908 14.4693 14.6538 12.81 12.7672 12.5202 12.23 12.0389 14.4184 11.9514 11.9194 11.7254 11.6686 10.9926 12.7733 13.5717 19.2526 10.7995 10.7988 10.7095 10.6859 13.6889 11.1688 10.7704 10.6426 14.1318 11.8638 10.8147 10.4423 15.0041 10.3277 11.0517 12.5119 10.3886 11.2601 10.2648 10.2635 10.1738 10.1112 16.2383 10.7147 10.0085
threshold=3.5000000000000004 -0.1649999991059303 5.5000000000000009 0.64440611004829418 0.59182780981063854 0.61543747782707225 2.1049998998641972 5.5000000000000009 4.5000000000000009 0 0.72675940394401561 1 44.500000000000007 2 -0.014166666660457848 3 -0.035833332687616341 1.0318332910537722 1.0000000180025095e-35 -0.044999999925494187 3.5000000000000004 0.32234999537467962 4 5 -0.99500000476837147 6 7 -0.012307554483413695 -0.0058333333581686011 8 6.5000000000000009 6.8150000572204599 0.47984999418258673 9 4.5000000000000009 0.6015080213546754 -0.081550002098083482 10 -0.0075452758464962235 0.30172875523567205 0.0025000000605359678 11 12 1.5000000000000002 0.39904999732971197 -0.037499999627470963 13 1.5174999833106997 -0.027500000782310959 14 0.10105000063776971 2.5000000000000004 6.3550000190734872 4.1549999713897714 0.28855000436306005 15 16 0.21450000256299975 0.66733333468437206 0.41605000197887426 17 -1.9758333563804624
decision_type=2 10 2 2 2 2 2 2 2 1 2 1 2 1 2 1 2 8 2 10 2 2 1 1 10 1 1 8 2 1 10 2 2 1 10 2 10 1 8 2 2 1 1 8 2 2 1 2 2 1 8 2 2 8 2 1 1 2 8 2 1 2
left_child=1 3 5 9 14 8 -4 33 13 17 32 -7 -11 -2 15 18 29 38 -3 -12 23 30 -23 24 -10 -21 -16 28 58 31 -22 -5 -6 39 -35 36 -36 -18 56 -8 42 -42 -15 -44 45 47 -47 -19 -34 -50 51 -45 53 -53 -55 -14 -1 -57 -17 60 -60 -25
right_child=2 4 6 16 10 11 7 -9 20 12 19 -13 55 40 26 27 37 44 -20 25 21 22 -24 61 -26 -27 -28 -29 -30 -31 -32 -33 48 34 35 -37 -38 -39 -40 -41 41 -43 43 50 -46 46 -48 -49 49 -51 -52 52 -54 54 -56 57 -58 -59 59 -61 -62 -63
leaf_value=-0.0040230554831071873 -0.0072372927130635147 0.012454614910836806 -0.034943378061203165 0.012141095399012083 -0.0035514431539456939 -0.017541259732119369 0.01687651206870255 -0.024777480365083374 -0.00060238631534952915 0.0078030213787353246 -0.024109211306835996 -0.009683374176686875 0.00026006287047803186 -0.0033805992044131134 -0.0023635042505022763 0.027419618905540406 0.0068896520014848127 0.010674110295233765 -0.00049332328251945569 0.0013972655828491058 -0.016141622263745797 -9.4071199223839168e-05 -0.011023842816876319 -0.032349637309084779 0.027530429756927988 -0.0081612027971426325 0.0010934358450360975 0.0032485209743450989 0.0026231878462580124 0.016816560386176512 0.0088173332031724564 -0.0014373223752246094 0.010722307302790581 -0.012245053678208519 0.063429861657589029 -0.019137460312019367 0.0045817933901097351 0.012169518116063951 -0.0015645897383200142 -0.021564914875176679 -0.009460443828246401 -0.00058329906814742912 0.016271858334796017 -0.00044401863822759584 0.0098994247615865859 -0.0028066444491308923 0.0040925744903978099 -0.0021186135151040624 -0.0056284617231741833 0.0046801937221683061 -0.0088413358357229948 -0.0026068049715340024 -0.013310932803041511 0.043967873105384747 0.01549476684339258 -0.00079658021387090348 0.010573126744821826 0.0078223451497252839 0.015172549613425136 0.028150140175397995 -0.0015151927122953573 -0.0060411096580801887
leaf_weight=108.55779841542244 1541.2561001908034 132.41702522709966 246.69415737874806 600.65546515956521 2828.980383945629 772.11100093089044 12.067933950573204 1052.4407853260636 94.597587160766125 4338.5999902300537 71.310659039765596 1548.0984274744987 963.21534629911184 492.74146560579538 2830.3267936892807 74.658213399350643 1350.2567035518587 546.59112433344126 2826.0769202262163 268.11903727427125 727.15203998610377 295.30819427035749 621.34936839342117 24.130039161071181 35.494360568001866 1270.7286805734038 3857.6258283555508 3366.9043664559722 311.03998504206538 1212.6556786969304 31.959718694910407 122.5060209594667 162.17784519121051 313.62502773851156 11.401869932189582 23.473520819097757 40.456561239436269 1373.0143705047667 1530.7144551165402 296.20109217427671 478.44244859553874 661.46986305899918 106.33044649288058 240.09541653655469 477.15850185602903 658.32773050665855 983.36037720739841 131.09053569287062 428.05498151108623 456.5355223454535 106.00295412540436 33.382253382354975 25.276303436607122 29.709158757701516 88.185496777296066 285.005765452981 240.9954519122839 948.01593056693673 102.41456170007586 68.900243699550629 138.90093642473221 561.85631045512855
leaf_count=483 19144 788 11420 2977 28308 18404 237 41187 1752 18957 1149 35547 4284 5575 19054 454 6527 2364 16713 3890 14810 5476 12617 547 555 18347 25844 19873 1924 6196 676 596 1163 9102 306 824 1071 6675 6952 9273 6083 8289 1201 2688 2081 2863 4377 553 3804 4059 1132 416 285 345 1034 1361 1070 4104 544 354 719 9674
internal_value=-0.000169512 0.0029101 -0.0104432 0.00676891 -0.00028039 -0.00769343 -0.0221714 -0.0203706 -0.00592476 0.00477609 -0.00371371 -0.0124156 0.0063097 -0.00394527 0.00109349 0.00248886 0.0115644 0.00261411 8.59134e-05 -0.00731787 -0.00907201 -0.0110064 -0.00762402 -0.00454509 0.00656848 -0.00653975 -0.000371433 0.00422804 0.0090278 0.0142975 -0.0150908 0.00970664 -0.00221638 -0.0137185 -0.00847459 0.0060978 0.0175204 0.00962163 -0.000115993 -0.0194297 -0.00166248 -0.00439731 0.00110188 0.00459413 0.00445906 0.00333982 0.00133378 0.00819949 0.00139173 -0.000318904 0.00230627 0.00514242 0.0127394 0.0170921 0.0226699 0.00338842 0.0062275 0.00578323 0.0142037 0.0110231 0.00613306 -0.00700491
internal_weight=45577.2 35065.9 10511.3 15870.7 19195.2 8514.95 1996.36 1749.67 6194.74 11211.6 5485.91 2320.21 6534.84 3802.89 13709.3 7021.31 4659.09 4676.8 2958.49 1610.16 2391.85 1675.77 916.658 716.078 130.092 1538.85 6687.95 4062.82 695.914 1935.82 759.112 723.161 3875.75 697.226 388.957 75.332 51.8584 2723.27 1880.27 308.269 2261.64 1139.91 1121.72 628.982 2796.53 2319.37 1641.69 677.682 1046.77 884.591 522.652 416.649 176.553 151.277 117.895 2196.24 349.553 1233.02 384.874 310.216 241.315 585.986
internal_count=439077 219407 219670 72420 146987 146250 73420 62000 92299 49449 60720 53951 28706 46192 86267 41369 22971 20743 17501 23386 46107 33579 18093 12528 2307 22237 44898 23868 3995 9769 15486 3573 37334 20813 11303 2201 1377 13202 8505 9510 27048 14372 12676 7101 12238 10157 7240 2917 9026 7863 5900 4768 2080 1795 1379 9749 1553 5465 2071 1617 1263 10221
cat_boundaries=0 1 2 3 4 5 6 7 8 9 10 11 12 13 14 15 16 17 18
cat_threshold=2351700 17179048 3682762 9275992 1622548 17896448 634 22815020 8473694 27124352 13786944 4590596 8423984 2236928 20370576 16784418 32848 3154210
is_linear=0
shrinkage=0.04


Tree=59
num_leaves=63
num_cat=16
split_feature=0 0 0 2 3 0 4 8 25 54 12 54 31 25 3 25 13 50 13 25 2 25 4 25 56 54 56 25 34 25 34 0 25 54 36 25 12 25 54 31 34 50 25 0 13 25 17 42 39 25 54 38 56 25 56 49 39 56 39 51 55 25
split_gain=1066.62 380.854 142.763 88.386 70.8677 23.7702 21.5877 19.5006 19.2444 16.1682 17.0023 15.5152 14.9668 14.1067 13.5537 12.7547 15.2049 12.3309 12.2998 11.5496 11.124 11.0038 10.9215 10.6322 10.5692 10.4843 10.3687 11.9115 10.4315 10.2887 10.267 10.6726 10.8993 9.94913 12.6774 13.3872 10.7692 10.4066 9.89756 9.77606 12.6708 10.5076 12.6521 10.9998 10.9031 12.6697 10.519 9.66419 10.4183 13.0691 9.46223 9.42572 9.40561 14.2026 9.31359 10.0469 9.31246 8.86956 8.77321 8.98053 8.59243 8.84866
threshold=-2.9811792373657222 -1.0101490020751951 -3.8876314163208003 -1.2473551034927366 0.70055261254310619 -4.6479060649871817 1.3580033779144289 44.500000000000007 0 0.025833333842456344 0.22995000332593921 -0.052500000223517411 -1.4999999999999998 1 0.82174682617187511 2 7.2950000762939462 -0.028649999760091301 4.4749999046325692 3 -2.5544273853301998 4 1.5374457240104678 5 -0.023151319473981854 0.14583332836627963 -0.0071115635801106683 6 0.092500001192092909 7 -1.252499997615814 -3.7989119291305538 8 0.029166666790843013 0.0096749998629093188 9 0.49625000357627874 10 0.064166665077209487 -1.4999999999999998 0.62916666269302379 0.087449997663497939 11 -2.4171072244644161 3.2350000143051152 12 5.1849999427795419 4.5000000000000009 0.15366666764020923 13 0.047499999403953559 0.032500000670552261 -0.023151319473981854 14 0.029257243499159816 0.60500001907348644 2.217333316802979 -0.01713483594357967 -0.24916666746139524 1.0000000180025095e-35 5.5000000000000009 15
decision_type=2 2 2 2 2 2 2 2 1 2 2 2 2 1 2 1 2 10 2 1 2 1 2 1 8 2 10 1 2 1 2 2 1 2 2 1 2 1 2 2 2 10 1 2 2 1 8 2 8 1 2 2 8 1 10 8 10 10 8 10 2 1
left_child=2 3 5 9 6 -1 11 -8 24 10 29 13 52 -3 21 16 22 -10 30 51 38 -6 -9 -14 -4 39 -21 28 -28 -2 31 32 -19 -5 37 36 -36 -35 -11 40 -22 43 -43 44 45 46 -41 48 -45 -50 -42 -13 53 -12 55 -17 -31 -51 -55 -60 -32 -62
right_child=1 4 8 33 14 -7 7 15 17 20 12 19 23 -15 -16 54 -18 18 -20 26 25 -23 -24 -25 -26 -27 27 -29 -30 56 60 -33 -34 34 35 -37 -38 -39 -40 41 50 42 -44 47 -46 -47 -48 -49 49 57 -52 -53 -54 58 -56 -57 -58 -59 59 -61 61 -63
leaf_value=-0.034646885332283495 -0.011294323744645689 0.013733876667116816 -0.0012375667602927325 0.0015757631608665067 0.014163278845031262 -0.023923633482191727 0.02823763529633418 0.0035731166829447176 -0.014186400777637661 -0.027631787910693636 -0.0037842670049817273 0.0086702263362709829 -0.00073883559515577197 0.0065326235059035035 0.019980191270078537 0.018750162854048458 0.019553549930628807 0.034303792335876417 -0.011582979980464028 0.0059430270819080134 -0.0035573182336014063 0.0085448154764771935 0.017273995184117846 -0.0044971528708185465 -0.018068707267181443 0.025515500182439831 -0.0044544552890475693 -0.0013756176799431447 0.0095149828763978067 -0.0049575715070155511 0.00098369992748253889 -0.01666611734231277 -0.015506542001976785 -0.00052386851506749661 0.0052716812242836484 -0.0019910146404744375 0.024018209061180032 -0.0073664176303583698 0.0073119387176133381 -0.0090879916015781069 0.0021298276543986246 -0.0097596032643396842 0.0062655879978390288 -0.014268351595052492 -0.014388636113805571 -0.01257850087086481 0.03223278523022461 -0.015899755463376863 -0.01053375752163928 -0.0017829473705891496 0.038122925129236832 -0.0056853404095115493 0.00034317873288927664 0.047975567428384734 -0.013703973321653833 0.00078164281511168456 0.015913555577538901 0.011142552600336936 0.0048814464121570336 0.037879852825394959 0.0030302433746879636 -0.019871806015244253
leaf_weight=479.84372700378299 525.73325200751424 884.56474240124226 62.938290875405073 11666.333282828331 1364.1317084282637 1064.4870538432151 49.100253090262413 1466.035850673914 989.64602967910469 67.233573187142611 63.337372768670321 2302.343434587121 1933.8412830755115 996.44206203520298 353.56703200936317 51.09754279255867 114.33081752061844 6.0476179849356413 878.95457210019231 3052.251103490591 573.92220186069608 1197.4293406605721 99.402199894189835 3251.608705367893 1158.2120708376169 16.744352269917727 108.80390521883965 799.43948915600777 399.8050626963377 815.25271524488926 407.43217130936682 141.50398386269808 7.5756182074546796 805.04136112332344 349.5521123111248 497.40888395905495 57.029260165989399 638.34688935428858 16.068680386990309 15.192047670483587 26.58255273476243 131.59009883925319 168.1224794909358 122.53238248080015 649.38194266334176 48.432891257107258 28.070781551301479 125.48652023822069 158.25443856418133 230.87518665194511 20.854184683412313 75.582671165466309 1523.1132900267839 18.555958963930607 69.017820045351982 1942.991294786334 35.703228380531073 134.38586339354515 37.85589474439621 20.256983976811171 45.701344847679138 62.02338632196188
leaf_count=24510 6729 3734 1506 69517 6940 43011 204 6096 24067 1217 719 9618 21499 4200 2263 220 483 205 21148 12713 7674 5988 429 36720 28713 224 448 3317 1671 10170 9697 3518 257 5190 2247 3214 347 4161 294 219 310 1612 2047 1274 9602 708 405 1315 1626 2360 250 312 18168 213 290 8119 417 1369 428 221 1137 1571
internal_value=-0.000159413 0.00207041 -0.017016 -0.000995822 0.0070265 -0.0272555 0.00570829 0.00319317 -0.0128104 -0.00372264 -0.00286202 0.00681479 -0.00204665 0.0100268 0.0126388 0.00286463 0.00543918 -0.0106566 -0.00847057 0.00591814 -0.00651647 0.0116255 0.0044431 -0.00310564 -0.0170615 -0.0060278 0.00465543 0.00168648 0.00640073 -0.00691823 -0.00438921 -0.0134107 0.0204032 0.00109768 -0.00127834 0.0024361 0.0077115 -0.00360469 -0.0208913 -0.00624482 -0.00191513 -0.00772926 -0.00088692 -0.00908502 -0.0125655 0.000346102 0.0143953 -0.00574197 -0.00376895 -0.0013115 0.0179531 0.00817954 0.00125519 0.0111768 0.000738502 0.00124208 -0.00403448 0.00289335 0.0212574 0.016384 -0.00167261 -0.0117192
internal_weight=45403.4 40099 5304.37 24772.7 15326.3 1544.33 12411.2 3791.98 3760.04 10759 8225.26 8619.23 6848.57 1881.01 2915.13 3742.88 1679.77 2538.88 1549.24 6738.23 2533.73 2561.56 1565.44 5185.45 1221.15 2450.43 4360.3 1308.05 508.609 1376.69 670.284 155.127 13.6232 14013.7 2347.38 903.99 406.581 1443.39 83.3023 2433.68 621.359 1812.32 299.713 1512.61 741.078 91.6957 43.2628 771.534 646.048 523.515 47.4367 2377.93 1663.12 140.006 2063.11 1994.09 850.956 365.261 76.6688 58.1129 515.157 107.725
internal_count=438851 279511 159340 212466 67045 67521 51854 15841 91819 127790 95284 36013 77968 7934 15191 15637 7008 61600 37533 28079 32506 12928 6525 58219 30219 30995 18149 5436 2119 17316 16385 3980 462 84676 15159 5808 2594 9351 1511 30771 8234 22537 3659 18878 10934 1332 624 7944 6629 5355 560 9930 19749 1581 8629 8339 10587 3729 862 649 12405 2708
cat_boundaries=0 1 2 3 4 5 6 7 8 9 10 11 12 13 14 15 16
cat_threshold=17080552 7743790 15141528 17310154 18772388 15787024 5603360 2433972 1709058 695858 8515958 8062282 1861616 21275408 17951912 12602388
is_linear=0
shrinkage=0.04


Tree=60
num_leaves=63
num_cat=15
split_feature=2 0 0 0 4 0 0 0 25 25 7 7 25 25 46 5 25 48 27 36 25 55 25 27 39 56 27 38 35 36 15 36 16 25 36 0 38 50 25 25 0 25 35 45 26 16 36 17 4 2 2 25 25 16 51 25 48 4 10 25 45 0
split_gain=998.077 277.453 211.963 80.665 34.4183 34.0676 27.3146 23.7074 15.6718 14.8088 12.3605 11.903 12.8543 11.6712 18.2971 15.6027 14.1266 12.2782 14.2965 11.3458 11.0718 10.9652 14.6546 14.7833 10.7934 10.2624 15.3004 10.9005 9.72392 9.60061 15.101 9.6876 9.48608 11.5071 15.7715 12.6051 10.3303 16.4893 19.0767 15.217 10.1179 12.8345 11.3424 12.0653 10.592 9.84223 12.9969 10.2873 11.7755 10.4593 11.0771 9.89959 9.33724 9.70496 9.23911 8.87541 12.4789 8.83787 10.6947 10.6116 10.529 10.3983
threshold=-2.1504156589508052 -0.72488087415695179 -3.8424757719039913 -2.0981568098068233 0.94502133131027233 -3.2600187063217159 -4.6479060649871817 -1.4087177515029905 0 1 46.500000000000007 60.500000000000007 2 3 4.5000000000000009 2.5000000000000004 4 -0.4849999994039535 1.5000000000000002 0.063908334821462645 5 1.5000000000000002 6 1.5000000000000002 0.55366668105125438 0.0030110864900052552 3.5000000000000004 -1.0000000180025095e-35 1.4575000405311587 0.032658334821462638 0.40305000543594366 0.017775000073015693 0.28599999845027929 7 0.029508333653211597 -1.8831887841224668 0.034166667610406883 0.040449999272823341 8 9 -2.0102446079254146 10 1.5791667103767397 3.5000000000000004 6.5000000000000009 0.22895000129938128 0.0083416667766869085 7.3550000190734872 1.479254484176636 -0.78772836923599232 -1.0083643794059751 11 12 0.27734999358654028 -0.064999999478459344 13 3.0049999952316289 1.2379809617996218 0.17500000447034839 14 4.5000000000000009 -0.52933800220489491
decision_type=2 2 2 2 2 2 2 2 1 1 2 2 1 1 8 2 1 8 8 2 1 2 1 8 10 8 10 2 2 2 2 2 2 1 2 2 2 10 1 1 2 1 2 2 2 2 2 8 2 2 2 1 1 2 8 1 10 2 2 1 2 2
left_child=2 3 6 13 21 55 -1 32 19 24 29 20 -13 14 54 16 17 18 -15 57 -9 52 -23 -24 -7 26 27 -10 -19 30 -11 -32 33 -5 35 -35 -34 38 -38 -39 41 -36 -42 44 -44 46 47 -37 49 50 -49 -47 53 -3 -2 56 -4 59 61 -6 -60 -59
right_child=1 4 5 7 8 9 -8 11 25 10 -12 12 -14 15 -16 -17 -18 28 -20 -21 -22 22 23 -25 -26 -27 -28 -29 -30 -31 31 -33 36 34 40 45 37 39 -40 -41 42 -43 43 -45 -46 51 -48 48 -50 -51 -52 -53 -54 -55 -56 -57 -58 58 60 -61 -62 -63
leaf_value=-0.034684032416066754 -0.027564339724829395 0.022343589569566516 -0.018230861215333953 -0.0059134804902293914 -0.00065836922730506617 -0.00067124520364655025 -0.023186384959786723 0.001517760169962838 0.020857649293089198 -0.0065175928548269072 -0.013573710029150449 0.0071044556557055237 -0.019917225293713234 0.024511684916400527 0.00085754858724304344 -0.0066692127707554758 -0.0045966286193599585 0.016047462533067693 -0.0084047386967383494 0.0095897757107369398 0.004072903263456119 0.014784101911607547 -0.011737492240805985 0.0076762023456613884 -0.013397997302028513 0.0073891623932282411 0.0073289760978919143 0.0088904900540477307 -0.013794658263563797 -0.011881958839957381 -0.0047136085997815103 0.04114048887001278 0.00054403837978001727 -0.0092681506497267561 0.032243790715337214 -0.0021239020107293011 0.012958437152251713 -0.0037112852040483493 -0.0093619946013983411 0.033562728704549231 -0.00031954252951197298 -0.0018538667147583077 0.032318556929744065 -0.005804553208685205 0.0061093458874267757 0.0028831977355602244 -0.017063796955691941 0.023370842272312821 -0.0020548687193078152 0.038711308729513977 -0.0027177363445191928 -0.0089610829585716912 0.018379846894552906 0.0055729499375266776 -0.0046765589308288245 -0.01147352823619608 0.0250138405835202 -0.0023436709327408606 0.017824824463213453 0.0068168610658468787 0.0011016175238652134 0.014511209099021099
leaf_weight=465.29199636168778 28.788243621587753 70.798073664307594 873.43432486057281 800.26823864877224 376.36883497238159 643.90360972285271 1142.0063784494996 4895.3989308476448 349.86512410640717 1556.2928668893874 745.17954397946596 42.097936138510704 64.715088784694672 25.636200588196516 1860.6458918601274 2570.5389406979084 493.89755323529243 166.70669480040669 119.62371988967061 691.82131405174732 6196.912058994174 508.99278371036053 71.361411035060883 520.6103689968586 127.77919977158308 3311.5128471404314 582.14901420474052 186.8063980191946 19.515533320605755 608.73720376193523 12.658727739006283 17.651228751987219 6850.4339566603303 344.56264369934797 35.131544478237629 112.71954002231359 119.00721053779125 29.469980366528034 107.5293632298708 50.907645218074322 380.99992001801729 35.641545325517654 54.410572372376919 39.032651014626026 45.138116545975208 191.82562612742186 38.498467281460762 66.649467945098877 59.125786744058132 33.539174102246761 42.738326095044613 258.08208435773849 676.4416619092226 250.74521668255329 1427.2876356765628 1130.4990103561431 10.808628860861061 787.2917125672102 106.8360957801342 1680.2931608110666 138.10572350025177 63.270688772201538
leaf_count=24573 347 395 24236 5808 1605 11131 46561 22680 1487 27490 13599 199 309 311 21926 31547 5665 1915 1435 2913 28543 2729 381 2803 2146 13976 2490 785 217 10603 225 308 48770 2918 303 735 817 212 751 362 2600 311 367 271 313 1263 257 484 374 203 279 1702 3796 1385 16523 30895 297 3163 430 7207 555 259
internal_value=-0.000169877 0.00243878 -0.0136789 0.000343138 0.00801613 -0.0100765 -0.0265148 0.00156865 0.00685567 -0.00780367 -0.00909149 0.00282231 -0.0104668 -0.00347158 -0.00176532 -0.00511777 -0.00034801 0.00594172 -0.00259548 0.00493826 0.00295028 0.0125908 0.00983824 0.00524727 -0.00274306 0.00848901 0.0118202 0.0166921 0.0129201 -0.00761147 -0.005973 0.0219899 0.000120593 -0.00198034 -0.000134617 -0.00286811 0.000865693 0.00804513 0.00252243 0.0236103 0.00517744 0.0193661 0.00324477 0.0130441 0.0204346 -0.000122495 0.0048745 0.00755768 0.0129588 0.0191696 0.0131779 -0.00404617 0.0156275 0.00898608 -0.00512908 -0.0142642 -0.0175043 0.00393303 0.00103099 0.00547884 0.00839577 -0.00108989
internal_weight=45315 37980.7 7334.24 27607.5 10373.3 5726.94 1607.3 20894.8 8274.32 3712.2 2940.52 11199.1 106.813 6712.64 3316.72 3395.92 825.38 331.482 145.26 3843.99 11092.3 2098.95 1100.96 591.972 771.683 4430.33 1118.82 536.672 186.222 2195.34 1586.6 30.31 9695.71 2538.36 1738.1 1147.74 7157.35 306.914 226.537 80.3776 590.354 70.7731 519.581 138.581 99.5487 803.178 353.271 314.772 202.053 142.927 109.388 449.908 997.985 321.543 1456.08 2014.74 884.243 3152.17 1095.5 2056.66 244.942 850.562
internal_count=439140 247076 192064 200717 46359 120930 71134 120831 34870 65502 52225 51731 508 79886 38796 41090 9543 3878 1746 16132 51223 11489 5913 3184 13277 18738 4762 2272 2132 38626 28023 533 69100 18188 12380 8215 50912 2142 1568 574 4165 614 3551 951 680 5297 2332 2075 1340 966 763 2965 5576 1780 16870 55428 24533 13219 4407 8812 985 3422
cat_boundaries=0 1 2 3 4 5 6 7 8 9 10 11 12 13 14 15
cat_threshold=15259216 6307920 7404674 28923522 295240 18077970 29915270 1638820 25771286 15544368 23357450 2278472 5301278 16890092 2113536
is_linear=0
shrinkage=0.04


Tree=61
num_leaves=63
num_cat=10
split_feature=0 0 0 0 0 0 0 7 0 25 25 25 51 38 25 16 50 51 2 31 2 25 7 4 25 4 18 14 7 36 35 25 8 5 11 14 35 11 51 50 50 54 54 54 50 15 7 4 16 15 18 43 7 35 14 25 16 0 38 25 50 25
split_gain=917.263 277.658 183.343 96.6526 40.5449 38.5873 23.0676 17.2314 15.6186 16.2709 13.5413 11.6815 10.549 10.4784 10.2822 16.5803 13.1483 10.8015 10.2495 9.88959 9.84937 9.56975 12.229 9.33477 10.9217 9.21915 10.3459 8.95996 8.90073 9.54194 13.3301 8.98751 14.3213 9.04363 14.6634 11.7457 27.1118 8.76767 8.68537 8.83362 8.68042 10.7286 8.57869 8.69169 9.52528 16.1316 14.7395 9.14267 10.678 8.66979 8.43893 10.2248 8.50332 8.40555 11.2095 8.74534 8.36036 8.32212 8.36315 13.2582 8.82507 8.29656
threshold=-2.8310116529464717 -1.2375541925430296 -3.6413699388504024 -0.33964589238166804 -2.1269676685333248 -4.38437795639038 -0.68028292059898365 42.500000000000007 -0.24078518152236936 0 1 2 0.085000000894069686 -0.039166666567325585 3 0.20710000395774844 -0.11195000261068343 0.014999999664723875 -2.0374952554702754 -1.4999999999999998 -1.2650425434112547 4 39.500000000000007 1.1387342214584353 5 1.2744072675704958 10.500000000000002 0.4231999963521958 23.500000000000004 -0.0036749999271705742 -4.2925000190734854 6 53.500000000000007 3.5000000000000004 3.9150000810623173 0.15020000189542773 -0.44583332538604731 7.3350000381469735 -1.0000000180025095e-35 0.23335000127553943 1.0000000180025095e-35 -0.07416666671633719 -0.1091666668653488 0.0058333333581686029 0.082750000059604659 0.38674999773502355 24.500000000000004 0.9209159016609193 0.31194999814033514 0.091749999672174468 18.500000000000004 1.5000000000000002 51.500000000000007 3.2058333158493046 0.67925000190734874 7 0.40934999287128454 -1.6970797777175901 -0.034166667610406869 8 0.027350000105798248 9
decision_type=2 2 2 2 2 2 2 2 2 1 1 1 10 2 1 2 10 10 2 2 2 1 2 2 1 2 8 2 2 2 2 1 2 2 2 2 2 2 8 10 8 2 2 2 10 2 2 2 2 2 10 2 2 2 2 1 2 2 2 1 10 1
left_child=2 4 5 6 14 -1 12 10 9 -5 27 19 21 -13 15 -2 20 38 -19 -8 -16 22 -3 24 -20 26 -21 28 -4 30 -30 33 -33 35 -35 -31 -37 50 39 -17 -15 -42 -18 44 45 61 -47 -46 -49 -45 -24 -52 -53 54 -43 -55 -32 58 59 60 -6 -44
right_child=1 3 7 8 57 -7 11 -9 -10 -11 -12 13 -14 40 16 17 42 18 23 25 -22 -23 37 -25 -26 -27 -28 -29 29 31 56 32 -34 34 -36 36 -38 -39 -40 -41 41 53 43 49 47 46 -48 48 -50 -51 51 52 -54 55 -56 -57 -58 -59 -60 -61 -62 -63
leaf_value=-0.031818797175918546 -0.014513294868809186 0.0039850155784463461 -0.01184209419951163 0.0062683471283552436 0.0016965893353466256 -0.020227974442354638 0.012534756981828597 -0.012767210333359088 0.017463317579816302 0.014337418871187793 -0.010417843239871641 0.018586972125991866 -0.013612532461525908 -0.0046637585319445245 -0.009131056666451802 -0.0043329239469510937 -0.024913752300124516 -0.015870458000690223 -0.013028614927972998 -0.0017918770618039746 0.011345309230234262 0.0044520940900067306 -0.0024761160742610153 -0.0078750150576452332 0.013458452815421551 -0.0026432322115174244 0.0058503491443018998 -0.011838427738617785 0.025902606791275713 -0.0014253000655115222 -0.0093189546719228706 0.0047247382250863385 -0.013346391980448211 0.044681326098462801 -0.0018651557837791341 0.091354321271408065 0.012445643224090844 0.013332374703594989 0.00049662596488569673 -0.024305374382428153 0.013395208195264428 0.0067534482724345033 0.0038728570041001581 -0.018905763336509489 -0.017520677935841309 0.044809064362469501 0.0084339654068662038 -0.0098996149917869453 0.0026727830949520256 -0.0028901315002377598 -0.0081022736518310962 0.010251297811143372 -0.0026214236900248518 -0.014542124860102939 0.022754804449983925 0.0068507578703183927 0.0063819127284590283 0.0012095015501073138 -0.0011632104925978048 0.012054028282441915 -0.027278078153580455 -0.0023755054671308093
leaf_weight=687.0361836347729 283.7032711468637 2116.2407117486 155.71947619318962 796.42320100963116 47.567602731287479 1387.9225751310587 195.89037004113197 1600.9924150928855 813.29032905399799 933.90419089794159 1269.1280995681882 131.77145174145699 59.103967428207397 97.476120412349701 557.42655148357153 1096.5617397874594 24.59298050776124 210.47347703948617 28.193948607891798 353.64526572823524 40.303233705461025 5355.795402020216 1414.0824949890375 464.07663990557194 68.550944454967976 365.22729317843914 1427.5863145291805 221.43935313820839 20.564953431487083 16.64557621255517 375.14861743152142 209.01986663043499 105.62476240471005 12.448039740324019 83.25033550336957 10.77945712208748 19.696495149284601 71.788643077015877 784.62536958605051 36.615119207650423 431.01930305361748 3728.9708683490753 573.90235106647015 56.052057627588511 71.566039744764566 19.275969687849283 236.54016163572669 175.25354591757059 282.02531537413597 1537.5106782093644 95.932577416300774 278.5114228874445 116.42713294923306 51.763668045401573 71.388360589742661 53.411290004849434 63.438010700047016 6766.2261987254024 5631.7406773194671 172.15403048694134 26.018825501203537 804.15418399870396
leaf_count=36474 3567 9253 3340 3937 379 51584 804 35245 5023 4664 27584 559 266 398 6951 13780 284 3082 307 1507 398 23387 6245 5400 737 1467 6060 4657 436 340 8003 4440 2274 276 1739 223 384 320 9695 462 1854 15728 6817 717 939 223 2787 2044 3259 19200 412 1204 507 219 305 228 1347 39448 44812 1359 204 9606
internal_value=-0.000112531 0.00216802 -0.0143521 0.00563604 -0.0011204 -0.0240658 0.00451184 -0.00951153 0.0128914 0.0107425 -0.00747777 0.00627093 0.00323374 0.00745494 -0.00348261 -0.00529852 -0.00223252 -0.00434605 -0.00834358 0.00391449 -0.00775039 0.00333912 0.00186731 -0.00551878 0.00578387 0.00314602 0.00433306 -0.00447858 -0.00300052 -0.00149846 -0.00557213 0.00259022 -0.00130033 0.0105162 0.00418941 0.0255968 0.0403559 -0.000390386 -0.00273834 -0.00497827 0.00714092 0.00740627 -0.00136609 -0.00121192 0.000439732 0.00195 0.0111749 -0.00422626 -0.00214563 -0.00345347 -0.000907532 0.00361119 0.00645644 0.00674532 0.00705403 -0.00440941 -0.00704795 0.000253052 -0.000848025 0.00637522 -0.00752563 0.000237539
internal_weight=45193.6 38954.8 6238.85 18959.7 19995.1 2074.96 16416 4163.9 2543.62 1730.33 2562.9 6908.15 9507.88 4565.8 7351.4 2972.8 4378.6 2689.1 771.295 2342.35 597.73 9448.78 4092.98 560.822 96.7449 2146.46 1781.23 1293.77 1072.34 916.616 459.152 457.465 314.645 142.82 95.6984 47.1215 30.476 1976.74 1917.8 1133.18 4434.03 4336.55 3780.87 3756.28 2162.72 1633.87 255.816 528.845 457.279 1593.56 1904.95 490.871 394.939 3905.53 3800.36 105.175 438.587 12643.7 5877.48 245.74 73.5864 1378.06
internal_count=439150 260804 178346 84347 176457 88058 70723 90288 13624 8601 55043 29129 41594 19291 90255 37030 53225 33463 9526 9838 7349 41328 17941 6444 1044 9034 7567 27459 22802 19462 9786 9676 6714 2962 2015 947 607 8688 23937 14242 18732 18334 45876 45592 25675 19433 3010 6242 5303 19917 8368 2123 1711 16480 16033 447 9350 86202 46754 1942 583 16423
cat_boundaries=0 1 2 3 4 5 6 7 8 9 10
cat_threshold=6590058 11223670 10644992 25954732 4161650 786440 82000 5800050 4841728 7365120
is_linear=0
shrinkage=0.04


Tree=62
num_leaves=63
num_cat=13
split_feature=2 2 2 4 2 3 4 2 7 2 25 4 16 25 25 7 25 13 53 48 25 25 11 34 39 54 25 16 34 14 20 25 36 36 50 16 25 50 49 34 11 25 25 17 2 25 51 50 17 53 16 51 3 18 50 1 11 51 17 48 13 25
split_gain=855.715 260.032 167.351 91.1764 38.7944 22.2403 20.9829 14.5405 14.8138 14.5107 14.0717 13.7338 13.4691 13.4455 13.3035 12.4649 16.7999 15.7189 13.3545 12.8494 14.2201 14.049 13.1278 11.8927 11.7995 13.476 17.6472 20.1474 11.9555 13.345 11.7739 11.6818 11.5173 11.0882 10.9618 10.6024 10.6259 10.259 9.91065 11.4368 9.90386 11.6826 10.4497 9.56838 9.54861 10.5338 13.0591 11.8757 9.40893 9.31017 9.2961 9.25342 9.08433 10.0281 8.99907 8.81962 8.62362 13.1735 9.49158 11.3252 8.68374 8.57874
threshold=-2.2880759239196773 -0.30066718161106104 -3.4078608751296993 1.0632632970809939 -1.3916181921958921 0.46444967389106756 1.3580033779144289 -3.0419787168502803 42.500000000000007 -3.9550833702087398 0 0.78153684735298168 0.19704999774694446 1 2 44.500000000000007 3 5.6649999618530282 6.8949999809265146 2.3649998903274541 4 5 6.4449999332427987 0.315833330154419 3.00083339214325 0.0224999999627471 6 0.37974999845027929 2.0425000190734868 0.5452999770641328 1.5000000000000002 7 -0.027125000022351738 0.038424998521804817 -0.14635000377893445 0.16735000163316729 8 -0.13434999436140058 7.3350000381469735 0.38916665315628057 7.2149999141693124 9 10 5.0499999523162851 -2.5286256074905391 11 -0.03499999921768903 0.021350000053644184 7.4149999618530282 6.7650001049041757 0.32504999637603765 0.054999999701976783 0.58152130246162426 22.500000000000004 0.06854999810457231 4.5000000000000009 6.6549999713897714 0.024999999441206459 7.4349999427795419 3.0949999094009404 7.0750000476837167 12
decision_type=2 2 2 2 2 2 2 2 2 2 1 2 2 1 1 2 1 2 2 8 1 1 2 2 10 2 1 2 2 2 8 1 2 2 10 2 1 10 8 2 2 1 1 8 2 1 8 8 8 2 2 10 2 8 10 2 2 8 10 10 2 1
left_child=2 4 9 11 10 44 15 61 13 -1 32 14 30 23 -3 19 17 18 49 21 -21 22 -5 -9 25 -6 27 -27 31 -30 -12 -26 -2 50 -32 -13 43 -29 39 -33 42 -42 -8 -37 -4 46 -46 -48 -35 -17 -19 -34 53 -52 -39 -25 58 -58 59 -28 -59 -7
right_child=1 3 5 6 24 7 40 8 -10 -11 12 35 -14 -15 -16 16 -18 33 -20 20 -22 -23 -24 55 28 26 56 37 29 -31 34 38 51 48 -36 36 -38 54 -40 -41 41 -43 -44 -45 45 -47 47 -49 -50 -51 52 -53 -54 -55 -56 -57 57 60 -60 -61 -62 -63
leaf_value=-0.031012182214777844 -0.010693891432897965 0.021257097567187661 -0.020542227731526971 0.0053297948052880954 0.001446651770777925 -0.0087931398681581341 0.0002752551627627761 0.0023169524346209392 -0.01158069644648718 -0.022710611094794334 -0.020961551214054151 0.018065659032912133 -0.0017902933365268432 -0.008075728876696206 0.008417164091890127 0.0089341363847661257 0.00021818522168100729 -0.0077799375062228959 0.0015469037019628965 0.0093314305650490509 0.0049583089390656879 0.0057127157685316126 -0.012784521550074021 -0.0049878020085734921 -0.012113060813071156 -0.0093778525379836202 -0.0021621374130873336 -0.0099488578926715046 -0.0028047735236909079 0.026634301369851298 -0.023981202514706951 0.0098128934744053237 -0.0035223147749860895 -0.0035440815678933701 -0.0031071043287086799 -0.00081058702329962708 0.0066141658508620475 0.015734468480458768 0.010732045196569196 -0.0079614322045194301 -0.0015126813740133041 0.015260902671221217 0.0033978485063261596 0.012473366719961673 0.044212179044381211 -0.014871308716723541 0.010684783027048171 -0.031849327319026427 0.017413624252492696 0.024376887735800865 -0.0020989234804901207 -0.02287581163519347 -0.0051309456846856429 0.021373564222972815 -0.0049128910638410288 -0.027345987816203694 0.016630773320421947 -0.015255886375180815 0.013132449681240013 0.023881875698608106 0.012346191189202729 -0.017866025618943321
leaf_weight=586.06779175437987 636.14942658320069 363.65709912776947 445.59971918910742 103.75547105073929 8303.2299742177129 387.12573698163033 2790.7573863565922 453.46398203074932 1209.665662040934 792.36157793179154 99.905328344553709 231.21158407628536 5686.498588103801 1428.5418395586312 270.32519367337227 101.64984679222107 1418.6659711450338 170.87654113769531 104.84741179645061 2473.9919039011002 2479.0989447236061 452.84969261288643 167.11671386659145 109.25855722464621 287.91261716932058 734.45549922809005 959.42298362404108 58.441302381455898 64.120818398892879 40.010513164103031 45.61748781055212 71.497762821614742 1262.4563482813537 47.869769617915154 342.21007387340069 92.405222550034523 1491.833406150341 113.7569038644433 82.357148580253124 305.03411768376827 105.04448013007641 187.5844062268734 4478.7737403810024 1419.2996290028095 11.156496996060012 185.1354267206043 30.467805709689856 16.027871480211616 120.68438951671124 162.03304344415665 48.862985610961914 40.80547633767128 85.726319581270218 72.082168400287628 48.036520950496197 38.06352305971086 125.20308576524258 46.52265727519989 77.136206708848476 27.479902945458889 29.994050100445747 450.28102530352771
leaf_count=31751 8094 2327 15288 443 55504 11585 12693 8841 24769 32915 1250 1117 68274 28375 1725 422 5895 714 433 10299 10300 1935 709 1896 1926 5551 7082 405 393 245 571 509 15510 200 4129 440 7134 881 551 1982 471 858 20228 6952 269 4504 736 387 507 670 202 484 362 297 364 842 881 315 566 200 195 13621
internal_value=-9.14245e-05 0.00209799 -0.0139657 0.00537112 -0.00116719 -0.0104147 0.00400575 -0.00929168 -0.00807696 -0.0262402 -0.00328028 0.0108669 -0.00233366 -0.00598842 0.0162503 0.00543241 0.00297118 0.00716061 0.0136222 0.00644403 0.00717147 0.0014655 -0.00563784 -0.000876232 0.000340101 0.000706445 -0.00206151 -0.00613164 -0.00419055 0.00850664 -0.00871669 -0.005961 -0.00624965 0.00293118 -0.00556238 0.00981186 0.00917648 0.00441566 -0.00179797 -0.00458635 0.00249458 0.00970954 0.00220414 0.0115847 -0.0170648 -0.0106826 0.0045574 -0.00397747 0.0114616 0.0184237 -0.000877167 -0.00412828 0.00483006 0.0118905 0.00960426 -0.0107645 0.00104851 0.00863967 -0.000380762 -0.00143695 -0.00443605 -0.0139901
internal_weight=45072.5 38929.3 6143.22 19441 19488.3 4764.79 15572.3 4076.4 3238.99 1378.43 8113.64 3868.73 6174.23 2029.33 633.982 8010.11 2333.3 914.632 368.53 5676.81 4953.09 723.722 270.872 600.786 11374.6 10523.7 2220.45 954.69 850.933 104.131 487.733 746.802 1939.41 546.102 387.828 3234.75 3003.54 220.235 458.889 376.532 7562.16 292.629 7269.53 1511.7 688.387 242.788 57.6522 46.4957 168.554 263.683 377.548 1303.26 206.671 120.945 161.793 147.322 1265.76 201.72 1064.04 986.903 76.5167 837.407
internal_count=438974 263195 175779 87333 175862 111113 67638 89929 64723 64666 98312 19695 74224 39954 4052 33388 9702 3807 1525 23686 20599 3087 1152 11579 77550 71944 16440 7201 5606 638 5950 4968 24088 2282 4700 15643 14526 1650 3042 2491 34250 1329 32921 7392 21184 5896 1392 1123 707 1092 1575 15994 861 499 1245 2738 9239 1391 7848 7282 510 25206
cat_boundaries=0 1 2 3 4 5 6 7 8 9 10 11 12 13
cat_threshold=401736 4407904 33505408 22554716 6640046 1263782 8323468 5256396 17609652 2107270 18403410 289536 12484890
is_linear=0
shrinkage=0.04


Tree=63
num_leaves=63
num_cat=13
split_feature=0 0 0 0 0 2 0 0 25 25 54 25 35 49 56 48 17 56 54 25 45 2 39 53 25 54 25 36 49 17 53 53 36 36 25 36 16 25 25 15 12 35 53 56 56 56 25 54 11 25 25 38 25 16 10 9 53 17 15 11 7 11
split_gain=805.3 223.021 211.884 67.7265 39.3866 34.2521 20.8767 14.0038 17.5994 13.8122 12.0077 11.474 20.4998 11.2508 10.7155 13.6254 18.0557 10.6425 10.623 25.156 20.5051 17.4581 12.5423 10.9235 21.5592 10.5008 13.7805 10.3993 10.3664 11.0474 10.0625 9.85488 9.74063 9.69621 21.3421 10.6224 11.4296 10.2476 9.53865 9.52884 9.35654 9.34482 9.31212 10.7143 14.5966 9.24576 16.6586 13.5015 12.009 9.20836 9.16628 10.7856 8.83847 10.3637 11.3479 9.38776 14.1635 10.9322 11.5182 9.50258 12.204 12.1685
threshold=-2.6299035549163814 -1.1487106680870054 -3.6593996286392207 -0.43227103352546686 -4.38437795639038 -1.2473551034927366 -3.1102806329727168 -0.21680778264999387 0 1 0.024166666902601722 2 -0.51916664838790882 1.8350000381469729 -0.023151319473981854 -1.1649999618530271 4.5850000381469735 0.0066880863159894952 0.014166666660457851 3 5.5000000000000009 -1.8179216980934141 0.067083336412906661 6.805000066757203 4 0.055833334103226669 5 0.053575001657009132 2.6750000715255742 7.9449999332427987 6.8849999904632577 6.805000066757203 -0.054974999278783791 -0.018641667440533635 6 -0.073641669005155549 0.34184999763965612 7 8 0.22925000637769702 0.51225000619888317 -1.8575000166893003 6.7349998950958261 0.014311564620584251 0.0050256771501153716 -0.0071115635801106683 9 0.029166666790843013 4.1449999809265146 10 11 -0.027500000782310959 12 0.45845000445842748 0.19500000029802325 1.0000000180025095e-35 6.7950000762939462 7.7200000286102304 0.15820000320672992 6.4449999332427987 35.500000000000007 6.6849999427795419
decision_type=2 2 2 2 2 2 2 2 1 1 2 1 2 10 8 10 8 10 2 1 2 2 10 2 1 2 1 2 10 10 2 2 2 2 1 2 2 1 1 2 2 2 2 8 10 10 1 2 2 1 1 2 1 2 2 2 2 10 2 2 2 2
left_child=2 5 4 33 -1 18 17 8 -5 42 11 12 31 -12 15 -13 -17 49 23 20 -20 -22 -23 -2 28 45 -27 -18 29 -25 -31 -8 -33 34 -3 38 -37 -35 -36 -21 -9 -16 43 44 -6 52 48 -48 -47 -4 51 -38 53 54 55 56 59 58 -58 60 -7 -61
right_child=1 3 6 7 9 25 10 40 -10 -11 13 14 -14 -15 41 16 27 -19 19 39 21 22 -24 24 -26 26 -28 -29 -30 30 -32 32 -34 37 35 36 50 -39 -40 -41 -42 -43 -44 -45 -46 46 47 -49 -50 -51 -52 -53 -54 -55 -56 -57 57 -59 -60 61 -62 -63
leaf_value=-0.031294279714986481 -0.0032352503877485384 0.0053780919109757599 -0.0055077260970643532 0.013019075139805519 0.0046608851550753198 -0.010114075108524564 -0.0066948646525628432 0.011553884486583841 0.0071348343154210439 -0.022282879924496513 -0.0081598321821751262 -0.012407060416054673 -0.011403397438768321 -0.021381455259586783 -0.011876805194457827 0.060063585036768008 -0.0013895236718020332 -0.016946232356647301 -0.0012905407129927564 -0.016376737880844674 0.049397459695632258 -0.0031172071442345556 0.035886584939361948 0.00501296929891924 -0.0028526769043940464 -0.014294070747162786 -0.00093044593514847397 0.039607888440150264 -0.0073413201735283012 0.010858706612851579 0.045327601833315329 -0.011762093993892336 0.011022711972169077 0.0066936751950211785 0.0089353447843545791 -0.0049923687611566729 0.023040489778557219 0.0037990278557290202 3.5210007913830117e-05 -0.0066921042321853577 0.022415631779526376 -0.0016421106039908873 -0.015490186853397815 -0.010011422059737736 0.076869171611800194 0.0084496253915140804 0.0033815016304396214 -0.0073872856558437417 -0.0054394329245114007 -0.011734709943232908 -0.002662313789489312 0.0035294955403843793 0.00048134248330513317 0.011025595209171022 -0.0061785723474505816 0.0058762132277622959 -0.01042164483085662 -0.0054014589167376281 0.0075933903806083437 0.016483784271943532 -0.000178055377175774 -0.000683928261112343
leaf_weight=648.00050953030586 3026.1226046010852 2453.044786080718 637.47215935029089 1265.6466417461634 20.10147021710873 296.98404074460268 172.94389884546399 305.31999239325523 2637.0455539524555 858.01184038817883 1007.9365467168391 27.60358003154397 741.74329106882215 114.69321883097291 164.07354203611612 14.740393079817293 36.578403204679489 395.07538107410073 748.21914518997073 184.04314492642879 22.74591737985611 44.225646175444126 18.798163414001465 852.42283229902387 1389.2050739005208 148.37285639345646 584.82158367335796 13.572746831923721 100.74614560976624 39.156900078058243 20.722324512898922 37.423020012676716 151.76412905007601 3466.9287644773722 328.23399990797043 848.19249898195267 52.762014657258987 4793.5461368411779 458.05900366604328 1392.0772354081273 217.13458545506001 1097.70896089077 343.52495319023728 60.459977716207504 5.7634419556707135 108.85119193047285 1359.8810391947627 215.84926272928715 1172.6421803310513 1255.0277216769755 370.27956360578537 321.90411746501923 4157.5761429965496 248.82798546552658 221.88894886523485 1287.8495610281825 60.648290038108826 143.38574735075235 891.48614642769098 95.84925252944231 592.14551713317633 212.54305622726679
leaf_count=36475 31117 10331 15746 6215 777 1837 2904 1985 12679 33374 17480 453 12613 2010 2700 228 583 9983 8269 2139 290 485 198 8774 14379 1029 4045 219 1001 397 207 633 2576 14649 1390 3590 224 20198 1926 15578 1421 18187 13264 2336 221 695 8503 1453 7435 31644 1562 1356 26009 1520 1402 8012 390 899 5596 578 3678 1281
internal_value=-9.46077e-05 0.00235882 -0.0117755 0.00563995 -0.0232508 -0.000568105 -0.00798996 0.00991805 0.00909474 -0.0192036 -0.00608304 -0.00451768 -0.00752648 -0.00951062 -0.00199489 0.0111319 0.0211449 -0.0109749 -0.00261772 -0.00482768 0.000823144 0.019358 0.00851649 -0.00163653 0.000377382 0.000793453 -0.00384242 0.00970588 0.0047877 0.00617959 0.0227873 0.000206674 0.00651566 0.00419404 0.00277086 6.0109e-05 -0.00181723 0.00502662 0.00386461 -0.00777365 0.0160681 -0.00297296 -0.0122538 -0.00079431 0.020751 0.0011006 -0.000859176 0.00189433 -0.0042267 -0.00972831 0.00179798 0.00611393 0.0017827 0.00310923 0.00259942 0.00314334 0.00160847 0.00489526 0.00644588 -0.00139835 -0.00349685 0.00465185
internal_weight=44960.4 37156.2 7804.22 17518.1 1935.86 19638.1 5868.36 4425.15 3902.69 1287.86 3580.78 2458.15 1103.87 1122.63 1354.28 92.4951 64.8915 2287.58 7838.49 2410.11 833.989 85.7697 63.0238 5428.38 2402.25 11799.6 733.194 50.1512 1013.05 912.302 59.8792 362.131 189.187 13093 4832.48 2379.43 1593.14 8260.47 786.293 1576.12 522.455 1261.78 429.85 86.3249 25.8649 11066.4 2857.22 1575.73 1281.49 1892.5 744.946 374.666 8209.18 4051.61 3802.78 3580.89 2293.04 1095.52 952.134 1197.52 889.13 308.392
internal_count=439128 234722 204406 77526 86447 157196 117959 22300 18894 49972 60586 41096 18726 19490 22370 1483 1030 57373 82834 26959 9242 973 683 55875 24758 74362 5074 802 10379 9378 604 6113 3209 55226 20379 10048 6732 34847 3316 17717 3406 20887 16598 3334 998 69288 18086 9956 8130 47390 3142 1580 51202 25193 23673 22271 14259 6885 5986 7374 5515 1859
cat_boundaries=0 1 2 3 4 5 6 7 8 9 10 11 12 13
cat_threshold=1352104 11699218 21310234 25185336 29436710 10888064 27036904 16792378 4333574 10096228 14893092 4281088 3863140
is_linear=0
shrinkage=0.04


Tree=64
num_leaves=63
num_cat=0
split_feature=2 2 2 4 2 2 3 4 7 54 3 6 56 56 54 54 3 48 49 39 26 54 4 53 53 4 6 54 50 2 2 14 36 50 48 36 56 11 39 50 5 3 43 50 3 50 31 50 35 54 26 7 35 51 17 26 17 34 12 13 48 43
split_gain=754.482 192.403 162.943 65.6298 34.979 34.9141 16.6107 16.2613 15.9045 14.8017 14.6706 14.5811 12.9259 11.5157 11.3758 12.885 11.2844 10.5235 11.6232 12.0038 10.472 16.7208 10.9145 11.1507 10.8172 10.5046 9.87532 9.74955 11.7246 14.3091 9.40373 10.5735 10.7235 9.44577 9.16811 8.97763 9.49531 13.6418 10.2109 9.5324 9.99574 9.568 10.7615 12.9241 13.9926 15.2684 9.35435 9.26104 8.73885 8.55776 8.54549 8.25708 8.25689 8.23876 8.13754 8.0228 8.00969 7.94309 8.64304 10.488 9.29858 9.05369
threshold=-2.2245926856994624 -0.24280757457017896 -3.1718487739562984 1.0885146856307986 -1.2473551034927366 -3.9550833702087398 0.46444967389106756 1.3580033779144289 42.500000000000007 0.037499999627470977 0.82174682617187511 2.5000000000000004 -0.043008215725421899 0.0013233263161964717 -0.044166667386889451 -0.039166666567325585 0.44632381200790411 1.7050000429153445 1.1749999523162844 1.279166638851166 3.5000000000000004 -0.0091666667722165567 1.2766904830932619 6.6549999713897714 6.7349998950958261 1.1928814053535464 2.5000000000000004 -0.0091666667722165567 0.055649999529123313 -2.9936090707778926 -2.5412331819534297 0.44124999642372137 -0.075008336454629884 -0.014750000089406965 -2.8249999284744258 -0.12122500315308569 -0.0030743076931685205 3.9750000238418584 1.8336666822433474 -0.16655000299215314 3.5000000000000004 0.30172875523567205 2.5000000000000004 -0.010149999987334011 0.40404908359050756 -0.035949999466538422 -1.0000000180025095e-35 0.22314999997615817 0.21083333343267444 0.037499999627470977 4.5000000000000009 37.500000000000007 -4.3925001621246329 0.044999999925494201 9.0549998283386248 6.5000000000000009 6.7650001049041757 0.315833330154419 0.25820000469684606 5.805000066757203 0.78499999642372142 5.5000000000000009
decision_type=2 2 2 2 2 2 2 2 2 2 2 2 8 8 2 2 2 8 10 10 2 2 2 2 2 2 2 2 8 2 2 2 2 10 8 2 10 2 8 8 2 2 2 8 2 10 2 10 2 2 2 2 2 8 8 2 8 2 2 2 10 2
left_child=2 4 5 10 9 -1 -4 11 13 34 53 49 56 14 48 -16 -14 18 19 52 21 22 23 -13 -23 -26 -19 28 29 -15 33 -32 -33 -29 -2 -6 39 38 -38 40 -37 -41 43 44 50 -46 -42 -44 -8 -5 -43 -48 -17 -3 -24 -18 -7 58 61 60 -60 -31
right_child=1 3 6 7 35 12 8 -9 -10 -11 -12 20 16 27 15 17 55 26 -20 -21 -22 24 54 -25 25 -27 -28 30 -30 57 31 32 -34 -35 -36 36 37 -39 -40 41 46 42 47 -45 45 -47 51 -49 -50 -51 -52 -53 -54 -55 -56 -57 -58 -59 59 -61 -62 -63
leaf_value=-0.031317145122839271 -0.016353977427049658 -0.0082915649770125537 -0.014684571772190666 0.0083858654615062318 -0.0046812964758605339 0.052484780509552832 -0.023681170937832913 0.0021276915248918489 -0.011160130733513051 -0.0064600431204323043 0.017106405388100349 -0.009126132275652515 -0.029987874942299927 -0.020784612060396383 0.034045976124133785 0.034005591708597523 -0.014405819232219856 0.053932533972752029 -0.017493118476583837 0.036920941378347394 0.0045390525529912466 0.0077373057514432799 0.0046200992920989708 0.011272410693546635 -0.019876684626123419 -0.0043981082223988393 0.0053225332796714084 -0.017385092579573748 -0.012056985320496982 0.0030160831210701232 -0.002207270336013437 0.014807598083036262 -0.02034790756619902 -0.0081702074261265044 -0.0018834794945202299 0.0026745204843062744 0.004947340276435239 -0.0020907578911575609 0.03088249896342065 -0.0050606963762387163 0.037474058667214649 0.014140192374870988 0.00054708825400462857 0.002855859903467259 -0.006018833758743152 0.02296741967178997 0.02505867870172615 -0.020882567768346565 0.0039140035877894361 -0.0046666704071849276 0.043459138457369768 -0.0025375098792220418 -0.0012188662463808665 0.0086341245211216389 -0.012056708797618649 -0.021185085039357839 -0.012839606837618638 -0.0072866179600843493 0.014343194175114456 -0.0019984421551495139 0.052330284490641976 -0.022503432601472952
leaf_weight=552.57921906933188 70.704727973788977 46.564321100711823 667.1684221252799 1825.9573518484831 476.90203610062599 6.4116647485643607 55.141820162534714 7164.2292724847794 1458.2253334671259 1421.4596469067037 338.95396086573601 49.796938672661781 151.16881420463324 48.061613064259291 18.796462723985314 10.994738006964324 478.53112283721566 10.800585031509401 60.96234530210495 14.595932245254515 4572.0633194595575 68.840520083904266 96.44516795873642 308.53850714862347 107.7268530279398 201.12314440310001 17.556100316345692 331.0391563102603 181.61672984808683 104.84946238435805 397.69907886534929 15.994720052927731 105.13233360275626 384.95012351498008 7611.4267953410745 145.69095684587955 105.25536657124758 2165.5842216685414 31.575159572064877 354.15588727593422 30.706833228468895 31.422020480036736 4157.2157514467835 2708.6626566424966 71.355138652026653 49.071032300591469 33.955963537096977 32.518703430891037 27.527938136830926 84.069679602980614 32.211646892130375 35.468781903386116 337.13617625460029 3892.890321880579 90.975311577320099 670.88335635326803 5.6493345983326435 105.230254676193 109.64114201068878 65.067072585225105 11.380284612998365 28.232842084020376
leaf_count=31724 1036 198 19543 7524 3134 259 1039 32109 30680 18189 2286 208 7655 1332 350 220 18190 220 1196 274 19019 285 401 1288 448 833 330 7862 3527 2057 6776 273 1753 9020 84936 942 704 14138 212 2615 225 214 26576 16959 446 301 222 212 510 345 219 236 6714 19169 381 25302 216 1889 2014 1191 210 564
internal_value=-0.000242033 0.00188114 -0.0129201 0.00476539 -0.00089739 -0.0228824 -0.00885213 0.00348633 -0.00785454 -0.00271046 0.00912112 0.00480071 -0.0193317 -0.00588096 -0.00080713 0.0015957 -0.0197139 0.000246388 -0.0013325 0.00138356 0.00375432 -0.000130956 0.00434671 0.00843768 -0.0066011 -0.00979703 0.0238373 -0.00736777 -0.00341925 -9.88668e-05 -0.00945929 -0.00535865 -0.0157057 -0.0124307 -0.00201666 0.000680308 0.000936392 -0.00131682 0.0109322 0.00161168 0.00936144 0.0013555 0.00167634 0.00355282 0.0138094 0.00579243 0.0190909 0.000380762 -0.0144923 0.00781136 0.0289816 0.0109599 -0.000106401 0.00843406 -0.00347495 -0.0183627 0.021887 0.00224371 0.00538584 0.0109523 0.0179153 -0.00239777
internal_weight=44846.5 38413.5 6433.02 18848.2 19565.3 1865.22 4567.8 14569.8 3900.63 9103.59 4278.41 7405.54 1312.64 2442.41 553.512 470.842 1300.58 452.046 423.689 362.727 5495.51 923.446 545.756 358.335 377.691 308.85 28.3567 1888.89 654.079 472.463 1234.82 518.826 121.127 715.989 7682.13 10461.8 9984.85 2302.41 136.831 7682.44 245.823 7436.61 7082.46 2892.72 184.06 120.426 100.132 4189.73 82.6698 1910.03 63.6337 69.4247 348.131 3939.45 187.42 1149.41 12.061 424.401 319.171 186.088 121.021 133.082
internal_count=438900 256010 182890 84494 171516 83346 99544 62841 80001 104161 21653 30732 51622 49321 10853 9304 51147 8954 8404 7208 22863 3844 2278 1496 1566 1281 550 38468 12784 9257 25684 8802 2026 16882 85972 67355 64221 15054 916 49167 1625 47542 44927 18139 1180 747 683 26788 1549 7869 433 458 6934 19367 782 43492 475 7925 6036 3415 2224 2621
is_linear=0
shrinkage=0.04


Tree=65
num_leaves=63
num_cat=0
split_feature=0 0 0 0 3 0 51 0 8 56 12 7 54 17 54 56 6 12 12 0 51 7 56 46 3 8 56 42 50 12 56 48 35 48 48 35 16 56 0 39 35 56 39 56 51 56 36 13 5 34 3 48 48 35 11 13 54 17 50 0 55 29
split_gain=712.098 221.854 124.476 58.1656 56.0545 25.1858 16.6476 15.9911 14.095 12.4352 12.1625 11.9884 14.3178 10.9453 10.8177 10.3435 10.9631 23.7768 12.6276 11.4768 11.2214 10.7097 15.8763 10.3148 9.84816 9.83359 9.73931 13.4612 10.8854 9.83983 9.40268 11.2235 10.443 9.30981 9.72796 9.19201 9.05784 8.64415 8.6379 11.7507 10.5973 14.8994 19.1888 8.63655 8.58129 15.0948 13.8984 13.4985 12.0207 16.1316 9.72439 9.03241 11.6524 9.85949 16.061 13.7841 9.00455 8.5425 8.54213 8.52588 8.52397 8.43226
threshold=-2.994590044021606 -1.079185366630554 -3.8424757719039913 -2.1269676685333248 0.72926622629165661 -4.6479060649871817 0.024999999441206459 -3.356669425964355 45.500000000000007 -0.0071115635801106683 0.61945000290870678 45.500000000000007 -0.052500000223517411 1.0649999976158144 0.019166666083037857 0.022433121688663963 2.5000000000000004 0.24909999966621402 0.36454999446868902 -2.3621590137481685 0.014999999664723875 24.500000000000004 -0.016229408793151375 2.5000000000000004 0.80920755863189708 50.500000000000007 -0.0066622847225517026 5.5000000000000009 -0.0083499997854232771 0.32975000143051153 0.010953989811241628 2.3249999284744267 0.78416669368743908 1.9750000238418581 2.9250000715255742 2.2474999427795415 0.27734999358654028 0.0040005182381719359 -2.6038690805435176 0.46733333170413976 -0.7708333134651183 -0.026232414878904816 -0.9426666498184203 -0.01447152905166149 -0.024999999441206452 0.017507498152554039 0.047524999827146537 5.0050001144409189 2.5000000000000004 -1.034166634082794 0.44465696811676031 -0.66500002145767201 -0.60500001907348622 -0.092500001192092882 5.4549999237060556 5.0050001144409189 -0.015833333600312468 1.8450000286102297 0.092349998652935042 -2.1410354375839229 4.5000000000000009 1.0000000180025095e-35
decision_type=2 2 2 2 2 2 8 2 2 8 2 2 2 8 2 10 2 2 2 2 8 2 10 8 2 2 8 2 8 2 8 10 2 10 10 2 2 8 2 10 2 10 10 10 10 8 2 2 2 2 2 10 10 2 2 2 2 8 10 2 2 2
left_child=2 3 5 15 6 -1 -3 -4 -8 -5 11 12 -10 -14 30 16 17 19 59 -2 33 22 -21 -23 60 -20 27 28 -15 -30 31 35 -33 44 -35 -11 -25 -7 39 40 41 -27 -43 -31 45 -19 47 -47 -46 -50 -49 61 -53 54 55 -54 -56 -40 -48 -18 -6 -51
right_child=1 4 7 9 24 37 8 -9 10 14 -12 -13 13 26 -16 -17 18 20 25 21 -22 23 -24 36 -26 38 -28 -29 29 43 -32 32 -34 34 -36 -37 -38 -39 57 -41 -42 42 -44 -45 48 46 58 50 49 51 -52 52 53 -55 56 -57 -58 -59 -60 -61 -62 -63
leaf_value=-0.033273110331008118 -0.0070970545747919981 0.00033938174850952447 -0.013669419375858059 0.0031069949286626208 0.01080069646796601 -0.014662748286446479 0.012127357850533965 -0.0081017403185177535 0.0081972526081127497 -0.004111751049132405 0.015464103844037885 0.0023307493171404688 -0.010735895571835527 -0.010656152603315424 -0.0020212967505685996 -0.0092108833742160206 -0.0087250237811223024 -0.011747717625693361 -0.0095380623876548006 0.0021500216233297969 -0.0037081365380166134 -0.01618593428975575 0.040641442834156792 -0.011638549725869305 0.01651708710670393 -0.0025942578044872077 0.0038461372308992996 0.022838982269960603 0.0011727348450475974 0.0067966269851999148 0.0013127227048288957 0.027750304006484813 0.0028284903311769894 0.036189406547400757 -0.001032331318576169 0.0058799349519330062 0.0038764011658982346 -0.023389923680915938 0.025189570698582291 -0.015204774596294721 -0.0056424282451703212 0.0047765827239256023 0.069046443233636776 0.016551479276074338 0.010225163015409981 -0.010728662119539593 0.035138184292382579 0.031493792685403331 0.036393691929967241 -0.0076398500811595115 0.0016352181560112024 0.033195263933538555 -0.0012897189853435323 -0.0020622449364641957 0.0079917961716061102 0.037712708541706989 0.04269541983244201 -0.0014551452955471561 0.0067601123305444559 -0.037963590861434353 0.00049639329116829523 0.019147342658842961
leaf_weight=394.65219361521304 1343.11234081164 1529.6416435688734 1474.2396356556565 2595.0393181145191 1425.7800444662571 235.92505766451359 401.78932499885559 1875.2546359971166 1920.7464316487312 1368.7926958426833 160.25999757647514 3347.7627558112144 76.608007594943047 54.761633008718491 3019.0746461525559 488.72781379148364 752.87674521282315 175.35225092619658 389.06015708297491 61.133660465478897 611.23682618513703 73.940475963056087 23.827684059739113 78.236395083367825 462.13716638088226 58.547924760729074 5943.3822568506002 90.074381902813911 258.60623355209827 386.35051055252552 7818.854021422565 33.85871085524559 130.93735560029745 26.43995164707303 19.5346594825387 165.08437207341194 261.25228773057461 788.49395696073771 19.462976172566414 178.14715057983994 561.77173560112715 17.61622137576342 12.857987143099306 232.67168769240379 342.57837737724185 118.50017885118723 29.332713447511196 24.347664266824722 20.487096782773733 246.032500423491 61.620198421180248 20.19703645631671 139.11808679252863 327.77329801395535 19.893793258816004 16.185012340545654 30.00697310641408 1778.5640780776739 40.272790979593992 16.302373506128788 141.16455945372581 20.358036860823631
leaf_count=24294 19903 6587 45088 16576 7632 10705 1693 41441 8225 8880 690 14127 321 236 20586 6571 10022 2287 5074 630 7772 773 245 817 3094 942 25117 379 1074 1659 49967 214 811 336 249 1047 2685 35763 211 2937 9291 283 204 997 4296 1573 379 305 281 3207 818 255 1829 4256 239 213 385 20512 526 158 736 274
internal_value=-0.000148434 0.00159472 -0.0147588 -0.000895339 0.0051614 -0.0246876 0.0042845 -0.0105523 0.00475328 0.000586639 0.00451571 0.00437319 0.00513604 0.00430113 6.49328e-05 -0.00356346 -0.00321479 -0.00178983 -0.00476984 -0.00517346 0.000931991 1.04235e-05 0.0129451 -0.0026477 0.0113858 -0.00360311 0.0044665 0.00807253 0.00664601 0.00772561 0.00072671 -0.00197066 0.00794888 0.0026222 0.0203739 -0.00303639 0.000300925 -0.02138 -0.00272413 -0.00610223 -0.00361052 0.00921181 0.031894 0.0104632 0.00212214 -0.00258291 0.00328073 -0.00197481 0.00391016 0.00133486 0.0100917 0.000458479 0.00337254 0.00224242 0.00911827 0.00277494 0.0288602 -0.00116673 0.018719 -0.00934472 0.00987239 -0.00559273
internal_weight=44736.6 39968.1 4768.57 23536.3 16431.7 1419.07 14402.7 3349.49 12873 15131.6 12471.2 12311 8963.2 7042.45 12536.6 8404.71 7915.98 4130.77 3785.21 1841.5 2289.27 498.391 84.9613 413.429 2029.08 3016.03 6965.85 1022.46 932.39 877.628 9517.53 1698.67 164.796 1678.03 45.9746 1533.88 339.489 1024.42 2626.97 828.941 650.794 89.0221 30.4742 619.022 1632.06 449.426 274.074 204.468 1182.63 840.052 85.9679 819.565 553.174 532.977 205.204 155.303 49.9008 1798.03 69.6055 769.179 1566.94 266.391
internal_count=438677 281386 157291 208819 72567 70762 61105 86529 54518 98081 52825 52135 38008 29783 81505 110738 104167 54533 49634 25053 29480 5150 875 4275 11462 39454 29462 4345 3966 3730 60919 10952 1025 21708 585 9927 3502 46468 34380 13657 10720 1429 487 2656 21123 5888 3601 2696 15235 10939 1123 10658 7177 6922 2666 2042 624 20723 905 10180 8368 3481
is_linear=0
shrinkage=0.04


Tree=66
num_leaves=63
num_cat=19
split_feature=0 0 0 3 0 0 0 25 25 3 31 5 25 25 43 25 56 25 25 25 56 25 17 7 12 50 25 5 7 25 48 27 25 25 39 56 56 39 25 13 14 51 25 25 16 14 25 29 25 14 56 48 3 38 7 25 0 0 38 55 28 42
split_gain=660.846 181.624 158.334 46.3311 24.9131 24.344 23.8357 18.7693 14.5997 13.0295 11.9054 12.4899 14.511 11.9046 11.602 27.6119 12.4077 12.6408 11.4359 11.3494 11.3256 10.6037 13.1386 10.58 10.384 9.80817 9.68789 14.1218 10.176 12.5284 9.68338 9.42884 11.8694 9.37851 11.1379 8.90805 8.85928 8.83351 14.3809 8.74996 9.48853 12.6054 10.2709 9.87371 9.78477 10.1166 9.42315 10.7369 9.36332 9.9686 9.26051 10.775 9.98891 9.16852 8.69695 9.28605 13.9795 8.89157 8.837 8.56997 8.41628 9.52273
threshold=-2.6971695423126216 -3.864582777023315 -1.1918020248413084 0.63634669780731212 -1.9321197867393491 -4.6479060649871817 -3.3409157991409297 0 1 0.78824773430824291 -1.0000000180025095e-35 3.5000000000000004 2 3 2.5000000000000004 4 -0.0020380509085953231 5 6 7 0.00092532674898393463 8 9.1550002098083514 55.500000000000007 0.14134999364614489 -0.10215000063180922 9 3.5000000000000004 34.500000000000007 10 2.3249999284744267 5.5000000000000009 11 12 -1.4291666150093076 0.0045935551170259723 0.022433121688663963 -3.8326666355133052 13 5.8849999904632577 0.16719999909400943 1.0000000180025095e-35 14 15 0.38815000653266912 0.2853000015020371 16 1.0000000180025095e-35 17 0.13185000419616702 -0.014205107931047676 1.825000047683716 0.35570324957370764 -0.020833333022892472 31.500000000000004 18 -3.5118060111999507 -3.7786835432052608 0.014166666660457851 5.5000000000000009 5.5000000000000009 2.5000000000000004
decision_type=2 2 2 2 2 2 2 1 1 2 2 2 1 1 2 1 10 1 1 1 8 1 10 2 2 10 1 2 2 1 10 10 1 1 8 10 10 8 1 2 2 8 1 1 2 2 1 2 1 2 8 10 2 2 2 1 2 2 2 2 8 2
left_child=1 5 4 10 25 -1 8 20 54 -5 13 12 -12 -4 15 -6 24 36 30 -11 -8 -16 31 -14 -17 26 27 -2 29 -28 -13 -23 -33 34 -30 -21 -18 38 -27 40 48 42 44 53 45 -42 -41 50 -26 -50 -48 52 -52 -43 55 56 57 -3 -58 -9 61 -22
right_child=2 6 3 9 14 -7 7 59 -10 19 11 18 23 -15 21 16 17 -19 -20 35 60 22 -24 -25 39 37 28 -29 33 -31 -32 32 -34 -35 -36 -37 -38 -39 -40 46 41 43 -44 -45 -46 -47 47 -49 49 -51 51 -53 -54 -55 -56 -57 58 -59 -60 -61 -62 -63
leaf_value=-0.033166066587857139 0.025803992116102226 0.031610265694136115 0.0023758822977838255 0.007109174539482903 -0.0028698946739087617 -0.021255494299251915 0.0023245900223390552 -0.0079475506101514808 -0.016212448942617662 0.017430076527468259 -0.001385970345373477 0.0060227488524439423 0.0033941688137177194 0.0058672694847390966 -0.001968581756535854 -0.0092874225018866417 0.0029679239792967573 -0.0049391077143079712 0.0090431034267881311 0.0097310889276010087 -0.012258633865736559 0.002396180826435296 -0.009082845501452998 -0.0069623707690601782 -0.0042470810748104389 -0.0075223463864183731 -0.010491059835667194 -0.014220037960766325 0.020382120183180134 0.0034830765915898794 -0.0093055865713242408 0.0021136499811884933 -0.014035673107291965 -0.011551074602378255 -0.0051743054288899571 -0.0083021565016253678 0.02332661887186788 -0.0016950773951751018 0.026593905758209028 -0.0013867715055400063 0.024221693323324228 -0.01342177901706419 -0.00090706963959631725 0.01732671747081798 0.03050798330932579 -0.00092312667451776025 0.018196103060599662 0.027281481383284442 0.012273589899760301 -0.011561031157441696 0.013879970385600984 0.014361394324977156 -0.0042635122873226558 0.010217171404553678 -0.010734944240132381 -0.0081761150796397595 0.014138916523469014 -0.011563916101552971 0.056751432956585961 -0.014198241447143526 -0.0069250400541258821 0.0045662089713717595
leaf_weight=384.82377506699413 38.40692738071084 9.3463735654950124 2523.9040255397558 4060.4583808928728 1120.5668641775846 958.29532046802342 403.0787535905838 1848.8416083455086 824.59577163495123 401.27861596643925 1878.1751383543015 148.5055675804615 3539.941606476903 4309.3432622104883 3154.1952397376299 70.387605562806129 139.21557717770338 377.71021407097578 695.59680718183517 291.57572765648365 70.234938446432352 3150.2702596634626 188.39805103093386 165.1898785084486 159.66598205268383 32.995756581425667 141.66800519451499 22.291312251240015 30.045586053282022 308.70125142857432 118.60618767142296 163.03239135444164 121.63187431544065 557.22045642882586 296.95703452080488 51.581839367747307 45.336740747094154 7263.4179702624679 34.825622964650393 394.32752188295126 38.126641690731049 35.154121361672878 219.10912437736988 420.0198874399066 38.947226449847221 77.927855484187603 75.151481367647648 38.311762727797031 183.68123502284288 33.141987264156342 60.219383075833321 99.758846543729305 250.5623609572649 103.66834785044193 546.09968528151512 110.74841520190239 21.527061190456152 41.614006638526917 12.199316855520008 433.1735733486712 1089.735257294029 230.36132543906569
leaf_count=24465 409 346 10637 19344 7013 44671 7425 35765 25849 2614 8004 667 15022 18147 19781 429 874 2380 3069 1877 1334 19677 1206 702 970 352 1544 247 325 3347 524 1055 791 6203 3338 328 285 79131 370 2452 243 216 1367 2496 245 488 452 251 1136 201 341 604 1587 623 16727 3409 582 1323 328 8801 20620 4321
internal_value=-0.000147959 -0.0114485 0.00194741 0.00463188 -0.000557836 -0.0246681 -0.00830128 -0.00668952 -0.0124955 0.00800106 0.00342191 0.0022028 0.00147728 0.00458977 0.000730317 0.00244424 0.00452027 -0.000790037 0.00641056 0.0128657 -0.00355913 -0.000276408 0.00119879 0.00292454 0.00583915 -0.00214594 -0.00521984 0.00953445 -0.00591797 -0.00106823 -0.000755249 0.00176621 -0.00520547 -0.00845506 -0.00274227 0.00682163 0.00755958 -0.00156091 0.012808 0.00631708 0.00841643 0.0105795 0.00489678 0.0143837 0.012362 0.00733754 0.00332364 0.0067657 0.00305636 0.00824992 0.0052867 0.00292357 -0.000747896 0.00394676 -0.00803514 -0.000902266 0.00856422 -0.00364557 0.0295525 -0.00909421 -0.00529051 0.00063505
internal_weight=44653.9 6984.68 37669.2 18184.2 19485 1343.12 5641.56 4075.43 1566.13 4804.89 13379.3 6546.02 5583.31 6833.25 10758.5 3980.99 2860.42 562.263 962.709 744.436 1793.41 6777.53 3623.33 3705.13 2298.16 8726.53 1395.29 60.6982 1334.59 450.369 267.112 3434.93 284.664 884.223 327.003 343.158 184.552 7331.24 67.8214 2227.77 1309.44 932.953 374.111 558.842 155.002 116.054 918.331 524.004 376.489 216.823 485.692 410.541 310.782 138.822 741.535 195.435 84.6868 50.9604 33.7264 2282.02 1390.33 300.596
internal_count=439330 195966 243364 80935 162429 69136 126830 78266 48564 24163 56772 27988 23728 28784 67163 24653 17640 3539 4260 4819 33700 42510 22729 15724 14101 95266 15413 656 14757 4891 1191 21523 1846 9866 3663 2205 1159 79853 722 13672 7985 5678 2343 3335 976 731 5687 3235 2307 1337 2984 2532 1928 839 22715 5988 2579 1669 910 44566 26275 5655
cat_boundaries=0 1 2 3 4 5 6 7 8 9 10 11 12 13 14 15 16 17 18 19
cat_threshold=8082496 11405078 1336488 6984210 1673504 21241880 332120 32331904 23145116 8388608 19436066 1610080 21534400 2453790 2389508 10511360 20975772 5206 132626
is_linear=0
shrinkage=0.04


Tree=67
num_leaves=63
num_cat=13
split_feature=1 1 1 4 4 4 11 4 25 56 25 4 48 56 25 50 25 25 4 25 7 48 25 7 8 38 56 13 49 25 49 43 41 12 14 39 34 56 53 36 53 4 54 25 48 25 38 54 35 18 25 35 26 56 25 26 17 50 38 25 14 36
split_gain=465.19 134.458 126.475 52.8414 44.6205 36.4398 28.2939 24.0982 16.8224 15.9795 18.6092 14.6379 14.634 13.8348 13.5951 13.1003 12.8197 12.3274 11.1336 10.9956 10.764 10.5786 12.5939 10.4249 10.6512 14.3785 12.5356 10.3044 9.97084 9.58986 17.3055 9.57257 10.486 9.53055 17.618 18.304 17.4079 9.98905 9.95822 9.49887 10.363 9.3838 9.26764 21.4846 12.4315 15.6305 13.4506 12.3524 10.1356 9.17098 10.1595 9.15623 9.11489 9.10137 9.7896 9.05783 8.99575 8.89392 8.86607 9.16783 8.82182 8.80072
threshold=3.5000000000000004 5.5000000000000009 1.5000000000000002 1.0703216195106509 1.21570760011673 0.93120554089546215 2.1049998998641972 1.2719775438308718 0 -0.011051413603127001 1 1.3580033779144289 -2.0549999475479122 0.017215881496667865 2 1.0000000180025095e-35 3 4 1.6711840629577639 5 45.500000000000007 -1.7150000333786009 6 38.500000000000007 55.500000000000007 -0.01916666608303785 0.025252571329474453 7.3650000095367441 -2.1650000810623165 7 -5.1649999618530265 1.5000000000000002 4.5000000000000009 0.43925000727176672 0.40420000255107885 0.49366666376590734 0.34749999642372137 0.028679368086159233 7.0150001049041757 -0.059824999421834939 6.805000066757203 0.84159728884696972 0.025833333842456344 8 1.8550000190734866 9 -0.035833332687616341 0.057500001043081291 -3.5191667079925533 38.500000000000007 10 -4.192499876022338 11.500000000000002 0.014819202478975059 11 4.5000000000000009 10.155000209808351 0.050750000402331359 -0.0025000000605359669 12 0.27124999463558203 0.084474999457597746
decision_type=2 2 2 2 2 2 2 2 1 8 1 2 8 10 1 8 1 1 2 1 2 8 1 2 2 2 10 2 8 1 8 2 2 2 2 8 2 10 2 2 2 2 2 1 8 1 2 2 2 10 1 2 2 10 1 2 10 10 2 1 2 2
left_child=2 4 3 13 9 19 -3 29 12 10 -2 14 -6 41 55 -16 28 18 20 -4 52 22 -7 -10 26 -26 -25 -13 -11 30 -8 32 -14 37 35 36 -35 38 -18 40 -12 -1 44 47 49 46 -46 48 -44 -23 -51 -43 -9 -45 -55 -5 -48 -28 -53 -60 -57 -61
right_child=1 6 5 11 8 21 7 17 23 16 39 27 31 -15 15 -17 33 -19 -20 -21 -22 42 -24 24 25 -27 57 -29 -30 -31 -32 -33 -34 34 -36 -37 -38 -39 -40 -41 -42 51 43 53 45 -47 56 -49 -50 50 -52 58 -54 54 -56 60 -58 -59 59 61 -62 -63
leaf_value=0.012718996258624984 0.0082332052890025827 -0.032671530337673983 -0.0015788073772380084 -0.00095210287961314363 -0.019734475871789538 -0.014051719637725415 0.044142633611894369 -0.0017300255945736235 -6.7677707967075558e-05 -0.024392116425704376 0.045599913791427318 0.0012716330305103183 0.0073063636549730564 0.00036292040437928611 -0.0025382765366169504 0.0065051195418117996 -0.0099324908926359361 -0.015024428375740004 0.041014223447771551 -0.0090887291576576094 -0.01786513470834477 -0.00018604524159454125 0.0010244762747335804 -0.0020875898477248447 0.012868127455981784 -0.013531762167176132 -0.026523158183678626 0.0090938758866787109 -0.013122836680317098 -0.025607944455242473 -0.01575360860633299 -0.0073351544336249207 -0.0099230619455541458 0.067425695294364499 -0.0085160526030003524 -0.00044238110874316659 0.0020617726307704744 -0.028442929342307108 0.0096727130310766598 -0.014960749025261084 -0.0071572845777775696 0.02502944904281704 0.017911845917548838 0.0017278827494600889 -0.0081111384199430044 0.00019679428534665256 0.0065175668519047558 -0.015408679878837263 -0.005279209204712699 -0.0052409831790944921 0.013862541078717736 0.0093355081194756301 0.047231220415304032 0.0042444462012736764 -0.010398276363241475 0.0089269801136243384 -0.01287991536955399 0.0053056275638511344 -0.0021565390102628078 0.0051755640451977281 0.0024369271800329822 0.019491593455589793
leaf_weight=931.33670380711555 151.6890030875802 193.05928668193519 496.26973346620798 925.71344743669033 134.38754989951849 170.66971568204463 7.9933608509600163 163.74224355537444 1834.2615951281041 145.1770678088069 9.1206952836364525 5175.9237597584724 160.39648316055536 302.97224137187004 274.32223954796791 3899.6632247418165 925.98112244531512 539.88675010949373 8.4968501552939397 911.80371102876961 77.900125795044005 9373.8551242239773 179.10088684037328 1493.6197754647583 37.007245346903801 305.51266173273325 57.430816365405917 284.24838809669018 932.52043216302991 448.01821382343769 224.05785506218672 1319.1026859115809 87.268318934366107 16.41727142222226 148.11160225234926 42.995143694803119 10.812756236642597 44.468504004180431 43.395990677177906 147.04647167958319 17.17530407756567 49.877343282103539 31.477092422544956 1772.9159461706877 113.26379407942295 2026.2963776998222 1769.5055601447821 203.94338077306747 716.72592028602958 61.035885600373149 139.1040082834661 1767.3719034940004 6.3184403190389267 106.18635392934084 208.53699878975749 427.81736782193184 39.098313942551613 18.594608809798956 247.32867580652237 512.50757843255997 1546.3432082086802 79.34218692779541
leaf_count=5862 3667 11456 7521 3820 2837 1907 392 5472 26076 4142 215 22365 2071 1537 1132 16216 23781 19347 116 13791 2685 71403 1991 21366 494 4637 851 1234 24061 22522 11038 19424 1333 379 3253 932 239 1168 1134 3476 424 241 254 14012 667 11972 10410 1771 5887 507 1184 8499 216 872 1682 1764 229 261 1174 2454 6406 381
internal_value=-0.000216742 -0.0079366 0.00195004 0.0044988 -0.00580196 -0.00033508 -0.0182711 -0.0163881 -0.00373499 -0.0100754 -0.00177131 0.00323474 -0.00702563 0.00857098 0.0044357 0.00589664 -0.0112439 -0.0116655 -0.00385823 -0.00651765 -0.00555147 0.000179682 -0.00670437 -0.00221612 -0.00428863 -0.0106794 -0.00289407 0.00167885 -0.0145063 -0.021918 -0.0131248 -0.00598039 0.00123532 -0.00820609 -0.000692082 0.0158094 0.0414704 -0.00990521 -0.00905483 -0.010401 0.0111414 0.00926412 0.000325066 -0.00167061 0.000773695 0.00266233 0.00523358 -0.00661275 -0.00430356 -5.14922e-06 0.00846739 0.00805284 8.90822e-05 0.000612178 -0.00565341 0.00230459 0.00609823 -0.0187383 0.00772799 0.00434244 0.00384338 0.00697686
internal_weight=44496.5 9751.97 34744.6 16424.8 8082.49 18319.8 1669.47 1476.41 5447.58 2634.91 325.031 12534 1701.16 3890.74 7073.86 4173.99 2309.88 796.344 256.458 1408.07 247.961 16911.7 349.771 3746.43 1912.17 342.52 1569.65 5460.17 1077.7 680.069 232.051 1566.77 247.665 1232.18 218.337 70.2252 27.23 1013.85 969.377 173.342 26.296 3587.76 16561.9 3039.79 13522.2 3948.16 1921.87 952.146 748.203 9574 200.14 2656.43 170.061 2087.64 314.723 2899.87 1808.6 76.0254 2606.55 839.178 1974.16 591.85
internal_count=438610 219465 219145 73085 146221 146060 73244 61788 79350 66871 7782 52937 25665 20148 29338 17348 59089 27836 8489 21312 8373 124748 3898 53685 27609 5131 22478 23599 28203 33952 11430 22828 3404 30886 4803 1550 618 26083 24915 4115 639 18611 120850 24478 96372 23278 11306 7912 6141 73094 1691 12749 5688 16566 2554 11990 10639 1112 12508 4009 8170 2835
cat_boundaries=0 1 2 3 4 5 6 7 8 9 10 11 12 13
cat_threshold=2271624 26152128 28526096 17703850 2769426 10495578 22619496 2110790 15999872 33087754 18956568 100370 11075690
is_linear=0
shrinkage=0.04


Tree=68
num_leaves=63
num_cat=14
split_feature=2 2 2 3 54 3 2 25 3 13 25 25 34 3 25 6 25 2 56 56 51 48 6 36 13 25 48 15 54 53 25 36 1 6 18 14 16 36 34 45 28 26 25 2 56 16 25 25 49 54 53 18 43 25 39 51 25 25 34 6 56 25
split_gain=555.41 149.143 135.273 53.3242 23.4737 21.2778 19.5018 15.615 14.1194 14.0381 13.8136 12.7881 13.3639 11.3418 11.0272 10.9581 10.4722 10.1292 10.5194 10.0038 12.7417 19.2648 11.1096 11.5835 10.9036 10.8436 11.0032 12.6712 9.99616 9.98859 9.76281 9.63017 9.64897 9.50299 11.9372 9.40377 10.4773 9.06604 10.7885 12.7522 9.04232 8.97304 8.92554 8.88656 9.0353 15.3406 15.3038 8.83807 12.3014 9.49739 8.90626 10.5271 8.77531 10.2204 11.9499 8.69307 11.666 11.396 12.9071 10.1411 9.77018 12.4916
threshold=-2.2880759239196773 -0.30066718161106104 -3.4078608751296993 0.59182780981063854 -0.0091666667722165567 0.46444967389106756 -3.9550833702087398 0 0.80920755863189708 7.2349998950958261 1 2 -0.82249999046325672 0.49588525295257574 3 3.5000000000000004 4 -2.9636646509170528 0.025700286962091926 -0.016519363969564434 -0.03499999921768903 0.62500000000000011 2.5000000000000004 -0.11069166660308837 7.1949999332427987 5 1.4049999713897707 0.37045000493526464 -0.015833333600312468 6.9949998855590829 6 -0.10765833035111426 4.5000000000000009 3.5000000000000004 10.500000000000002 0.38905000686645513 0.34045000374317175 -0.031908333301544183 -0.25249999761581415 3.5000000000000004 5.5000000000000009 11.500000000000002 7 -0.9897826313972472 0.011174266692250969 0.31464999914169317 8 9 2.495000004768372 -0.022499999962747094 6.8450000286102304 11.500000000000002 2.5000000000000004 10 1.279166638851166 0.014999999664723875 11 12 0.38916665315628057 2.5000000000000004 -0.012066903524100779 13
decision_type=2 2 2 2 2 2 2 1 2 2 1 1 2 2 1 2 1 2 10 10 10 10 2 2 2 1 10 2 2 2 1 2 2 2 8 2 2 2 2 2 8 2 1 2 10 2 1 1 10 2 2 8 2 1 10 8 1 1 2 2 8 1
left_child=2 4 6 55 11 16 -1 9 14 31 -10 12 -2 40 -5 -15 -4 18 30 20 21 -14 23 -21 25 26 28 -28 -22 -16 -7 32 -6 -33 -35 -25 -37 38 39 -27 -11 43 -19 -13 -45 -46 -47 49 -49 50 51 -43 -24 54 -54 56 -3 58 -57 -60 61 -59
right_child=1 3 5 8 7 17 -8 -9 10 13 -12 41 19 15 29 -17 -18 42 -20 22 24 -23 52 35 -26 37 27 -29 -30 -31 -32 33 -34 34 -36 36 -38 -39 -40 -41 -42 47 -44 44 45 46 -48 48 -50 -51 -52 -53 53 -55 -56 57 -58 60 59 -61 -62 -63
leaf_value=-0.029770471015971786 -0.0052603960885407412 -0.004617946863564453 -0.0062295280395061629 0.0095041262168791499 -0.0058509629675733048 -0.0057072146235654722 -0.019425877234034782 -0.0038712112967443282 0.019668816303302743 0.034785434776262572 0.004728828031724714 -0.0027565606907281204 -0.008360593833447923 0.024720003321105636 0.0059963571922767699 -0.0025089753833927616 -0.018588595945170254 -0.0098881058285085581 -0.029073870999526248 0.031068740151218601 0.011564809437398547 0.020173739971711582 -0.0089765388975369693 0.00081331190782598988 -0.002886958832411109 0.033728173627303647 0.034968471865220487 0.0039653530150826951 -0.010174097155478843 -0.0018612746631446254 -0.014253707540282452 0.00022049075671168108 -0.029301062660292972 -0.01039197857075176 -0.0013609687441279955 0.032345187063110681 -0.0021613141919752141 0.0063299228586322955 -0.0027393207360505924 -0.0019652166682955275 0.01033165548357658 -0.0055377178454222341 -0.0048226265427347113 -9.0022800656751781e-05 -0.0047887012395410296 0.033732943422286665 0.0022358103071982004 -0.0032076575404832303 0.026843634105357658 -0.005271625650629063 0.041406298880467984 0.028807881243741344 0.013842702211555796 -0.0045707100649277363 -0.0074083343404503892 -0.00081909619163759355 0.0021261281106672914 0.0010661619107732278 0.0098362461043722364 0.002312156736291249 0.0034552573641942405 0.011385600918644146
leaf_weight=496.25319980178028 355.81442546099424 570.20532973110676 189.52253827266395 1542.6798184067011 242.15739089995623 489.78882415033877 707.01074826158583 4867.0965206362307 261.82864028215408 30.151673313230276 191.16161459684372 2704.9003550373018 238.42863250896335 27.043244257569313 3983.8142828047276 188.34953220933676 454.42845603264868 806.205017644912 48.827054731547832 25.470937550067902 246.25396444275975 45.002663839608431 265.76538359001279 352.75155478343368 243.61032175645232 30.456751309335232 61.706945084035397 32.046587035059929 39.236062441021204 276.83259473741055 454.87531191296875 3364.2783196046948 31.756119824945927 332.14790706336498 793.95603686198592 34.276087731122971 23.892626479268074 1333.8439273796976 387.84126818552613 33.775194883346558 122.44548705220222 25.995571084320545 2082.3766234908253 1959.1025157049298 72.898584142327309 44.906388893723488 60.413354836404324 179.82318021357059 24.800335045903921 26.670820690691471 26.322876535356045 31.678677182644606 136.27488857507706 300.54761100560427 61.418409071862698 2112.8639954477549 1392.2840329408646 294.79276813566685 354.96095684170723 1488.5063264667988 6223.8961006402969 566.91377903521061
leaf_count=31754 3591 2683 6232 7300 2245 15105 32881 47663 1811 238 1305 27976 1930 262 18703 1730 15229 16906 1573 234 2077 370 2082 3100 1828 297 451 240 369 1293 14435 33602 508 2846 7143 288 210 10792 3219 356 982 233 41772 11557 436 269 359 1663 194 267 241 292 1140 2420 465 9033 6513 1265 1502 6415 26737 2407
internal_value=-0.000148886 0.00157331 -0.0117717 0.00406687 -0.000901671 -0.00860262 -0.0236922 -0.00225096 0.00710127 -0.000705508 0.0139027 0.000532749 0.00215484 0.00682043 0.00657037 0.000909709 -0.0153366 -0.0074856 -0.0109696 0.00283819 0.00419223 -0.00382997 -0.000198599 0.00489303 0.00513617 0.00603888 0.0121609 0.0243711 0.00857714 0.00547297 -0.0100338 -0.00128829 -0.00856965 -0.000844122 -0.00402469 0.00327052 0.0181717 0.00464475 -0.000224624 0.0149595 0.0151635 -0.000806035 -0.00628733 -0.00123334 0.000694389 0.0093172 0.0190808 0.00573087 0.000414307 0.0142372 0.0221266 0.0133273 -0.00310687 2.40476e-05 0.00689192 0.00260705 0.000153926 0.00304305 0.00131167 0.00376093 0.00400229 0.00799979
internal_weight=44395.3 38666 5729.29 19260.7 19405.3 4526.02 1203.26 9999.38 6256.32 5132.29 452.99 9405.93 4248.41 367.99 5803.33 215.393 643.951 3882.07 993.491 3892.6 2692.2 283.431 1200.4 436.391 2408.77 2165.16 379.244 93.7535 285.49 4260.65 944.664 4764.3 273.914 4490.38 1126.1 410.92 58.1687 1785.92 452.073 64.2319 152.597 5157.51 2888.58 4842.22 2137.32 178.218 105.32 315.291 204.624 110.668 83.9971 57.6742 764.006 498.241 197.693 13004.4 1962.49 11041.9 3956.33 1843.47 7085.6 861.707
internal_count=439019 263132 175887 86967 176165 111252 64635 97219 30412 49556 3116 78946 35459 3212 27296 1992 21461 89791 31113 31868 21929 2300 9939 3832 19629 17801 3137 691 2446 19996 29540 46344 2753 43591 9989 3598 498 14664 3872 653 1220 43487 58678 40597 12621 1064 628 2890 1857 1033 766 525 6107 4025 1605 56555 9196 47359 16950 7917 30409 3672
cat_boundaries=0 1 2 3 4 5 6 7 8 9 10 11 12 13 14
cat_threshold=13226610 32468992 20638722 41386 6424336 2228224 15963398 17867144 472 4456752 52224 8953898 2348608 8594
is_linear=0
shrinkage=0.04


Tree=69
num_leaves=63
num_cat=15
split_feature=2 2 2 3 2 2 54 3 7 25 54 3 56 12 25 3 7 54 25 16 3 18 25 15 53 25 1 25 48 56 25 25 34 34 25 25 42 48 56 56 12 54 25 15 25 16 39 25 56 46 3 12 56 56 25 39 3 27 18 53 25 7
split_gain=556.668 150.38 125.014 38.9594 28.9143 21.1566 20.8647 15.9927 15.59 14.8015 12.0399 11.9396 11.6896 11.5835 11.5556 10.9944 10.8572 15.6683 13.4992 15.0527 10.5585 10.5555 10.3493 11.9344 15.5063 10.3438 11.2304 10.3392 10.1244 9.91956 12.8238 12.1016 10.5625 9.3752 14.9514 10.3488 16.2641 10.9072 12.1026 11.9938 9.3558 15.4318 10.672 9.25437 9.1375 10.8845 8.91552 11.4317 8.90035 12.5579 9.88125 12.8716 15.9322 10.0198 8.80688 8.78679 8.75319 8.74065 8.68469 8.66483 8.59824 11.4469
threshold=-2.2619138956069942 -0.24280757457017896 -3.1551585197448726 0.72926622629165661 -3.9550833702087398 -1.2473551034927366 0.047499999403953559 0.41867353022098547 45.500000000000007 0 0.037499999627470977 0.3274443000555039 -0.046774258837103837 0.22995000332593921 1 0.66076642274856578 30.500000000000004 -0.080833330750465379 2 0.35584999620914465 0.44632381200790411 12.500000000000002 3 0.26725000143051153 6.8550000190734872 4 5.5000000000000009 5 0.74500000476837169 0.025252571329474453 6 7 1.3325000405311587 1.7924999594688418 8 9 4.5000000000000009 1.1649999618530276 0.041679177433252342 0.0066880863159894952 0.41419999301433569 -0.042500000447034829 10 0.26354999840259558 11 0.4683500081300736 0.83366665244102489 12 0.0056329520884901294 4.5000000000000009 0.46648937463760382 0.30620001256465917 -0.0037241447716951366 -0.015299926977604626 13 -2.9158333539962764 0.7766174077987672 3.5000000000000004 32.500000000000007 7.055000066757203 14 56.500000000000007
decision_type=2 2 2 2 2 2 2 2 2 1 2 2 8 2 1 2 2 2 1 2 2 10 1 2 2 1 2 1 10 10 1 1 2 2 1 1 2 8 8 10 2 2 1 2 1 2 10 1 8 8 2 2 8 10 1 8 2 8 8 2 1 2
left_child=2 5 4 7 -1 10 8 21 9 48 11 -2 -6 27 55 -11 17 -9 19 46 -14 29 23 24 54 28 -27 -13 -12 31 -31 -3 -33 35 -35 36 -23 38 -37 -39 41 -25 -43 -34 -8 -46 -19 -48 49 -4 -51 52 53 -52 -5 -10 57 -24 -53 -29 -18 -62
right_child=1 3 6 22 12 -7 44 16 14 15 25 13 20 -15 -16 -17 60 18 -20 -21 -22 33 56 40 -26 26 -28 59 -30 30 -32 32 43 34 -36 37 -38 39 -40 -41 -42 42 -44 -45 45 -47 47 -49 -50 50 51 58 -54 -55 -56 -57 -58 -59 -60 -61 61 -63
leaf_value=-0.028955782149007098 -0.012506084947906306 -0.0017210520533046153 -0.0035655090513124379 -0.016065562778236918 0.029272678695508585 0.00045876133139794497 -0.021417213507791636 0.01745556415248883 0.023694260678463898 -0.0097243250490329433 0.0013274628990812166 -0.010585604916629479 -0.028021101177214916 -0.00063125355034265905 -0.014743182959883923 -0.0036327657947013937 0.0021964692470968642 0.0019063648007547514 0.0024169559531594035 0.016693797182677411 -0.016409533802325064 0.003282664103488638 -0.005577306385535964 0.019949151723170962 0.016363038067171605 -0.0079533685562020347 -0.034658103578829022 -0.003071473908891063 -0.0089254793130271355 0.0062239528948867398 -0.019962647031701329 0.001245699113486956 -0.0030512344539529381 -0.0039633901514359443 0.026650971862545142 0.019773886946609129 0.015461198107210326 0.0019414717823270262 -0.0020343008021783226 -0.0083157089606856072 0.01596713375770242 -0.017716095752637898 0.0060542173891943423 0.010619925415522485 -0.01183714023566375 0.018497035405761555 0.025633504433587324 0.0024613819769794317 -0.0024137617777068598 -0.015100647353929944 0.046048610697690874 -0.023380590597685463 0.078666034688046171 -0.003376444731178309 0.0038512222672131965 -0.0066854277234105024 0.010338680559903246 0.0062343533736019261 0.018980894601451775 0.024443231525260792 0.0051204156655221466 -0.0045245214449808994
leaf_weight=479.56937212496996 155.8627847880125 1531.4761473238468 76.24774906039238 52.750756412744522 8.5248694065958244 10451.252188883722 214.0846028868109 212.98445285856724 15.854294657707213 955.61921669542789 479.67262062802911 348.60459933802485 141.33556178025901 6414.0377029292285 542.11390029080212 940.74207277223468 3169.3518020957708 343.55087994039059 880.5245536416769 309.5624971985817 1104.1740466803312 585.07187114655972 155.68471096456051 74.584248766303062 91.408985480666161 716.06313464790583 26.115261625498533 908.1117197945714 227.03224897384644 45.339544728398323 71.178465887904167 1372.908789396286 98.107336550951004 43.221389815211296 59.039167776703835 95.1807876303792 250.60512505471706 723.76408989727497 71.152433723211288 243.85365311801434 764.01563055813313 39.736538276076317 69.652648851275444 411.60108962655067 402.01067179255188 19.861253997310996 58.655342116951942 87.124518841505051 458.41211538203061 12.131095536053179 14.024596892297266 10.526331398636101 11.909185333177446 12.334663588553669 78.185945853590965 388.68144715204835 378.17722727358341 281.46810780465603 29.289233798161149 18.689501628279686 5889.5575489401817 203.69216997921467
leaf_count=31583 2526 7090 1549 304 343 67270 5405 909 394 24067 6387 4546 7916 70698 12683 18350 13348 1446 3695 1309 44888 2670 794 430 525 9424 527 11446 2749 211 334 6334 461 200 273 461 1127 3283 347 1119 4495 217 387 1903 10080 493 250 370 10058 374 284 210 251 257 456 8811 2412 1441 568 242 24914 854
internal_value=-8.56842e-05 0.00166003 -0.0115959 0.00422629 -0.0206022 -0.000775966 -0.0077913 0.00359853 -0.00656992 -0.00492653 -0.00216441 -0.00154571 -0.0174077 -0.00132355 -0.0109468 -0.00666728 0.00447427 0.00723513 0.00593896 0.00966956 -0.0177272 0.00185488 0.0095241 0.0119588 0.00372045 -0.00551448 -0.00877481 -0.0048051 -0.00193891 0.000524835 -0.010952 0.000916523 0.00305506 0.00412135 0.0159301 0.00350825 0.00685279 0.00097443 0.010445 -0.000643486 0.0140172 0.00591928 -0.00364664 0.00798854 -0.0144515 -0.010168 0.00542347 0.013712 0.000455666 0.00838499 0.0184853 0.0237032 0.0402685 0.0229204 -0.00510554 -0.00536225 0.0058114 0.00202783 0.00778148 -0.00248976 0.00391021 0.00479013
internal_weight=44326.1 38488.6 5837.45 18743.2 1733.6 19745.4 4103.84 16757.5 3467.89 2521.24 9294.19 7845.31 1254.03 7689.44 946.65 1896.36 11155 1892.4 1679.42 798.893 1245.51 5602.5 1985.66 1170.33 222.346 1448.88 742.178 1275.41 706.705 3530.61 116.518 3414.09 1882.62 2071.89 102.261 1969.63 835.677 1133.95 166.333 967.618 947.989 183.973 109.389 509.708 635.957 421.872 489.331 145.78 624.875 166.463 90.2151 78.084 38.2684 26.3593 130.937 404.536 815.33 437.153 39.8156 926.801 9262.6 6093.25
internal_count=438748 260184 178564 84369 84730 175815 93834 72908 77856 55968 108545 89458 53147 86932 21888 42417 47095 7979 7070 3375 52804 25813 11461 6814 1285 19087 9951 16234 9136 16333 545 15788 8698 9480 473 9007 3797 5210 808 4402 5529 1034 604 2364 15978 10573 2066 620 13551 3493 1944 1570 792 541 760 9205 4647 2235 778 11688 39116 25768
cat_boundaries=0 1 2 3 4 5 6 7 8 9 10 11 12 13 14 15
cat_threshold=217168 15271268 7115240 29258112 647056 2892052 26452130 27762800 21865424 14975352 27267072 30580994 2654216 2490624 15254530
is_linear=0
shrinkage=0.04


Tree=70
num_leaves=63
num_cat=13
split_feature=0 0 0 0 3 0 54 48 0 54 25 25 15 7 56 18 56 2 25 25 36 12 7 25 25 10 18 25 49 50 7 14 7 25 38 7 25 25 16 54 25 10 13 56 56 25 7 55 14 15 36 50 49 15 17 36 4 56 16 16 25 12
split_gain=541.129 171.311 84.4529 56.5874 40.4543 15.5069 13.7848 16.3827 12.7997 11.7253 10.9157 10.7214 11.8284 11.6556 10.0022 12.2152 9.61782 10.8267 9.41594 9.12908 9.43134 9.01953 13.0624 8.90477 8.54743 10.8688 7.96978 17.1143 12.114 8.86613 8.82669 10.1177 8.14427 7.85739 11.5117 10.9008 13.0945 10.1514 9.88787 10.7049 10.0615 9.78498 9.55493 16.8014 8.47712 7.79672 8.56746 8.20405 9.47301 9.38356 20.9053 8.45574 9.16898 9.77987 9.10587 21.1224 7.78648 9.57498 9.06893 7.77096 8.93561 7.75374
threshold=-3.1251311302185054 -0.79293486475944508 -4.0868606567382804 -2.1556856632232662 0.72926622629165661 -4.6479060649871817 0.015833333600312475 -2.2649999856948848 -3.6413699388504024 -0.0041666666511446229 0 1 0.091749999672174468 50.500000000000007 -0.033954767510294907 43.500000000000007 -0.0075452758464962235 -0.9897826313972472 2 3 -0.2306583374738693 0.63440001010894786 44.500000000000007 4 5 0.17500000447034839 1.5000000000000002 6 7.0150001049041757 -0.057649999856948846 31.500000000000004 0.42119999229907995 36.500000000000007 7 4.1633363423443376e-17 46.500000000000007 8 9 0.32975000143051153 0.0008333333535128774 10 0.12499999627470972 5.0050001144409189 0.024380436167120937 0.0041737719438970098 11 41.500000000000007 2.5000000000000004 0.31264999508857733 0.26725000143051153 -0.067425001412630067 -0.034849999472498887 -0.064999999478459344 0.43285000324249273 4.3099999427795419 0.0050416665617376575 0.78989818692207348 -0.0047870371490716926 0.25059999525547033 0.29604999721050268 12 0.12690000236034396
decision_type=2 2 2 2 2 2 2 8 2 2 1 1 2 2 8 8 8 2 1 1 2 2 2 1 1 2 10 1 10 8 2 2 2 1 2 2 1 1 2 2 1 2 2 8 10 1 2 2 2 2 2 10 8 2 10 2 2 8 2 2 1 2
left_child=2 3 5 6 33 -1 7 9 -4 -2 -11 12 -6 56 15 23 26 -18 -8 -9 -21 -19 -23 -10 25 -7 27 30 61 -29 31 -5 -32 34 38 -35 -37 -36 39 41 -41 -3 43 -38 -43 -16 47 -47 49 -49 -51 -52 53 54 -53 -56 -13 -58 -59 -34 -61 -28
right_child=1 4 8 16 11 24 18 19 14 10 -12 13 -14 -15 45 -17 17 21 -20 20 -22 22 -24 -25 -26 -27 28 29 -30 -31 32 -33 59 35 37 36 42 -39 -40 40 -42 44 -44 -45 -46 46 -48 48 -50 50 51 52 -54 -55 55 -57 57 58 -60 60 -62 -63
leaf_value=-0.032046758301227198 -0.017277953526076095 0.022824511566611055 -0.015326728494070825 -0.0054286122360822833 -0.0057946936583652096 0.0012956280998836615 -0.0026321859101423083 -0.0037696009274019696 0.016085754802691869 0.022624346718329972 -0.010119824813349769 0.013864347049596333 0.014906098620882498 -0.0094971417085923712 -0.012818681935183419 0.043496656144712417 -0.0012239490910724469 0.00097273293105637135 -0.0071690039310396171 0.025139889426425387 -0.00041647802421144824 0.00047197090214260047 0.027750859407960193 -0.01781371159192454 -0.023846812800009505 -0.023159806787354045 -0.011912444171785941 -0.0067119172057050281 0.022181192858431741 0.0076075670337928981 -0.020868060717467607 0.01929014230752045 -0.01619921431305103 0.0043629667995910273 -0.0022439130488871397 0.0050672176206054678 0.020539410957604504 0.004890068310645217 0.0095205605350092478 0.0069472632314065905 -0.0056898094728224059 0.0077428285843838627 -0.005884253495008436 -0.0050980294958356343 -0.003055435028545936 -0.012493811046732741 -0.011653529985751514 -0.0109430124759395 -0.0095638272696696256 0.060889975829864121 -0.009154760973457389 0.0010900092165090722 0.00067081455515631994 0.060349673506451658 0.084748807271521523 0.0046550538233509362 0.015733346403527484 0.015867992889658514 0.0011481059700629551 0.0098299194288954395 -0.0078684093808668309 0.0039123690944814007
leaf_weight=342.18640896957368 174.57861832156777 59.274520561099052 853.77168847620487 73.383735962212086 46.380230575799942 65.607283857651055 1366.7018431127071 1734.2092659808695 13.114377861842511 18.482755463570356 29.884324885904789 310.37028421461582 924.39477822184563 60.009627103805542 872.55820103175938 12.196565665304659 4428.2066464573145 12493.764031618834 1675.0741083398461 23.250914726406336 3666.9475664831698 65.037829168140888 49.433208078145981 17.477100344374779 418.22401293646544 52.221907197497785 50.614590473473072 84.393797367811203 57.342696137726307 383.84759449213743 75.989091910421848 41.464264705777168 80.564317345619202 3853.8810568004847 434.54505899548531 485.39406697452068 66.983063414692879 1165.5188123583794 1444.8394786417484 157.09096638858318 244.50446240603924 732.76006487011909 563.94477809965611 105.02936987578869 138.27139689028263 155.92626360058784 458.88966752588749 68.987404061481357 170.6219111084938 10.527176558971403 63.948335204273462 35.514835080131888 108.57272891700268 8.2275828663259727 8.2250018212944287 14.654984202235935 130.58254890143871 80.003053084015846 411.01740312576294 64.454476028680801 108.46814116090536 2332.9249330237508
leaf_count=24301 2742 258 34562 444 268 3584 19935 24073 325 297 493 2097 5419 331 23756 306 36309 65640 25378 321 49611 336 246 447 22862 2839 312 531 329 2268 440 240 486 16287 1831 2029 278 4929 6193 658 1034 3164 2363 431 592 3985 12314 1822 4482 274 1681 922 2827 210 215 373 694 423 2157 379 643 13843
internal_value=-5.27983e-06 0.00134115 -0.0145388 -0.00028891 0.00549369 -0.0253942 -0.00299193 -0.00182266 -0.0112207 -0.0124496 0.00497821 0.0107193 0.0137752 0.00751414 -0.00948479 0.00964879 0.000862979 0.000477547 -0.00516279 -0.00138589 -0.000254764 0.00107514 0.0122521 -0.00384607 -0.0211476 -0.00879648 0.00282108 -0.000368101 0.00401341 0.00492158 -0.00592004 0.00349575 -0.00938186 0.00440857 0.00565864 0.00331284 2.6385e-05 0.00296916 0.0072288 0.0047427 -0.000715289 0.00709881 -0.00332197 0.0048854 0.00602866 -0.00989897 -0.00740834 -0.00450386 -0.00195758 0.0021151 0.00572323 0.00329477 0.007839 0.0195208 0.0137682 0.0334475 0.00869012 0.0061066 0.00354645 -0.00593858 -0.00115817 0.00357633
internal_weight=44245.3 40493.8 3751.45 29079 11414.8 878.24 8689.13 5647.35 2873.21 222.946 48.3671 1962.76 970.775 991.983 2019.44 42.788 20389.9 17036.4 3041.78 5424.41 3690.2 12608.2 114.471 30.5915 536.053 117.829 3353.45 912.565 2440.88 468.241 444.324 114.848 329.476 9452.04 4376.8 5075.23 1221.35 1600.06 2776.74 1331.9 401.595 930.306 735.957 172.012 871.031 1976.65 1104.1 645.206 489.28 318.658 249.671 239.143 175.195 66.6224 58.3948 22.88 931.973 621.603 491.02 253.487 172.923 2383.54
internal_count=438819 296732 142087 245296 51436 53586 122850 77537 88501 3532 790 11389 5687 5702 53939 1078 122446 102531 45313 74005 49932 66222 582 772 29285 6423 19915 5431 14484 2799 2632 684 1948 40047 18659 21388 5101 6760 11899 5706 1692 4014 3072 709 3756 52861 29105 16791 12806 8324 6502 6228 4547 1720 1510 588 5371 3274 2580 1508 1022 14155
cat_boundaries=0 1 2 3 4 5 6 7 8 9 10 11 12 13
cat_threshold=9995428 25620896 9522234 9183532 501396 3248128 13180376 21442984 1052224 73760 65928 18132172 8390912
is_linear=0
shrinkage=0.04


Tree=71
num_leaves=63
num_cat=0
split_feature=0 0 0 0 31 0 51 54 0 56 56 48 51 7 36 7 15 12 54 17 53 7 17 12 39 7 56 11 56 11 48 15 49 54 36 34 38 12 16 49 31 48 13 16 54 0 26 39 49 41 10 51 34 34 39 10 3 17 54 18 16 15
split_gain=470.683 145.57 106.768 66.6797 19.3228 18.9472 17.5369 16.0372 15.5026 15.1976 14.5533 14.5378 14.0708 13.5036 13.4588 11.9836 11.1119 10.6387 10.6321 9.92165 9.53953 9.50072 9.31597 11.0028 9.1817 9.14361 13.886 9.13991 8.90815 8.86818 10.1631 10.09 8.80154 11.1502 9.8693 9.91963 9.44008 10.499 8.72673 8.65382 12.4406 17.408 10.389 8.72157 9.1656 8.63008 8.84124 8.57876 9.62566 8.50774 9.22172 8.49553 8.36961 8.3681 8.36577 10.8121 12.6649 8.28816 8.5028 18.5515 10.7111 8.84256
threshold=-2.9676959514617915 -0.6140230894088744 -4.0076992511749259 -2.2544609308242793 -1.4999999999999998 -4.6479060649871817 0.014999999664723875 -0.039166666567325585 -1.7151132225990293 -0.033954767510294907 -0.0073249738197773686 -0.64499998092651356 -0.014999999664723871 34.500000000000007 -0.033341666683554642 39.500000000000007 0.40039999783039099 0.34699998795986181 -0.049166666343808167 7.4149999618530282 7.0350000858306894 40.500000000000007 4.1849999427795419 0.1082499995827675 0.69366666674613964 55.500000000000007 0.011618778109550478 5.1549999713897714 0.015319679398089649 4.0050001144409189 -0.80500000715255726 0.35535000264644628 -0.42499999701976771 0.070833332836627974 0.0019249999895691874 0.46916666626930242 0.017500000074505809 0.41849999129772192 0.30440001189708715 -1.4950000047683714 -1.4999999999999998 -0.03499999921768903 2.7849999666213994 0.38605000078678137 -0.0041666666511446229 -3.3409157991409297 9.5000000000000018 0.99916666746139537 2.0149999856948857 4.5000000000000009 0.15500000119209292 0.044999999925494201 1.2108333706855776 -0.020833333022892472 -2.99916660785675 0.18500000238418582 0.64440611004829418 9.1550002098083514 -0.0091666667722165567 37.500000000000007 0.18540000170469287 0.31194999814033514
decision_type=2 2 2 2 2 2 8 2 2 8 8 10 10 2 2 2 2 2 2 10 2 2 8 2 10 2 8 2 10 2 10 2 10 2 2 2 2 2 2 10 2 10 2 2 2 2 2 10 10 2 2 10 2 2 8 2 2 10 2 10 2 2
left_child=2 3 5 6 17 -1 12 13 10 11 51 -4 15 -3 19 20 -15 29 -14 -11 22 -13 -2 -24 -17 -10 52 -19 -8 30 -5 -32 33 34 35 -25 37 -37 -34 40 41 42 -36 44 -44 46 54 -40 -49 -47 -51 -6 -27 -50 55 56 -16 58 59 -20 -60 -61
right_child=1 7 9 4 8 -7 28 -9 25 14 -12 21 18 16 45 24 -18 27 57 -21 -22 -23 23 32 -26 26 -28 -29 -30 -31 31 -33 38 -35 39 36 -38 -39 47 -41 -42 -43 43 -45 -46 49 -48 48 53 50 -52 -53 -54 -55 -56 -57 -58 -59 60 61 -62 -63
leaf_value=-0.031703325606462676 -0.011014971225129891 0.01284395271835562 -0.008051497982142497 0.004819643910525597 0.0020519366863424328 -0.019956394872124555 -0.0059449698911835372 0.0047887469611064323 0.0013391637174461426 -0.012033398589679545 -0.0023210547550518686 0.043664686864892513 -0.0079003292094424055 0.0050919036700985167 0.0061751608037226395 -0.0061118646370603106 0.012179170893622349 0.019571870927321842 0.0027650390285432203 -0.027314200645458808 0.017734016318152794 0.0030250403387175264 -0.022335349509076684 -0.0072233961285017466 -0.016080004908361738 0.00031658421970989266 -0.0077803630508815093 0.0055339649889736406 -0.015202874503777185 0.0014552428294068965 0.0050933410324636675 0.037328989140622076 -0.018245757191639584 0.033475837249669065 0.035499920405375536 0.042610159198054262 -0.011286290871029477 0.0027299619077642318 -0.010728049830838374 0.025048361977203726 -0.0041252365482730329 0.05404011118780952 -0.0032511819960611144 -0.021420594845396032 0.029331946087397202 -0.0083968322829505136 -0.015927661359821634 0.024393312048701071 -0.027916097523397302 -0.01139902856618924 0.00095697745147663312 0.016059974300311732 0.018883363494716251 0.011298681132351128 -0.0091466767833455961 -0.017509585846906636 0.061256223054428224 -0.01480190926573711 -0.012630913727195563 0.0077711293647789231 5.3865831184047378e-05 0.045045116174880349
leaf_weight=334.14195724204183 172.34852753579617 824.16697150468826 41.516862463206053 654.77964285761118 836.25800822675228 641.40688253100961 1603.990473780781 5205.0633798390627 13083.731445938349 1090.8934601657093 4583.8314924314618 21.519616190344095 271.10326045006514 1513.9561602026224 26.11129224486649 806.21401472389698 461.96410703659058 79.96299684792757 729.90863044932485 72.503200273960829 38.529817279428244 16.082540564239025 36.328842803835869 231.740175049752 181.04954832419753 164.59617949277163 422.39914320409298 1031.3014539480209 185.53125115483999 3984.090050123632 30.089010529220104 32.121307320892811 71.084921460598707 18.2331303358078 17.723118867725134 19.951268166303635 21.02119979262352 22.443892121315002 71.901216566562653 37.30134117603302 128.65809772536159 15.122855074703692 35.694949995726347 19.719271682202816 22.533070798963308 704.01299247145653 318.83007020689547 33.510382819920778 15.220222827047108 124.24760519340634 435.01107298582792 75.52804884314537 50.846991777420044 20.344338718801737 746.61824165843427 18.525174798443913 8.9747698325663787 55.739199925214052 114.56467678025365 17.069333363324404 1514.9097811467946 25.242364268749952
leaf_count=24480 2426 4033 1101 3934 6982 34589 22239 24033 64910 31028 39497 551 3597 7422 872 11603 2293 458 9800 2009 542 429 542 3281 2568 811 2090 5981 2652 22611 231 240 981 269 250 272 286 307 1000 515 1762 198 492 264 321 15885 11014 453 206 2795 9778 618 252 269 25349 645 315 782 1665 227 21487 343
internal_value=-0.000123256 0.00128399 -0.0122336 6.28794e-05 0.00100341 -0.0239799 -0.00352857 0.00610189 0.000392186 -0.00907228 -0.00140301 0.00826634 -0.00226067 0.00854288 -0.00945918 -0.00477651 0.00674889 0.00302428 -0.000382764 -0.0129857 -0.00180048 0.026283 -0.00254504 -0.000804161 -0.00793987 0.00111118 -0.00356538 0.00654409 -0.0069048 0.00219225 0.00628756 0.0217377 0.000170908 0.0026825 0.00170077 -0.00338737 0.0106305 0.0214977 -0.00681857 0.00712727 0.00433555 0.0141606 0.00785675 0.00157144 0.00935783 -0.00773702 -0.0102949 -0.0010566 0.00901056 -0.0054711 -0.00178809 0.0032123 0.00469855 -0.00548369 -0.00805074 0.00721181 0.0202645 0.000446571 0.000800462 0.00425775 -0.000837972 0.0300081
internal_weight=44189.8 39589.4 4600.4 31584.3 25029.5 975.549 6554.73 8005.15 19217.2 3624.85 5495.62 79.119 4765.21 2800.09 3545.73 2036.67 1975.92 5812.34 2728.54 1163.4 1049.41 37.6022 1010.88 838.532 987.264 13721.6 637.842 1111.26 1789.52 4701.08 716.99 62.2103 802.203 590.142 571.909 295.157 63.4164 42.3952 212.061 276.753 239.451 110.793 95.6704 77.9473 58.228 2382.33 1119.06 140.976 69.0749 1263.27 559.259 911.786 215.443 35.5646 800.229 53.6112 35.0861 2457.43 2401.69 772.22 1629.47 42.3117
internal_count=438835 277995 160840 240214 148615 59069 91599 37781 115160 101771 47097 2081 66708 13748 99690 28807 9715 33455 37901 33037 14636 980 14094 11668 14171 68063 3153 6439 24891 27016 4405 471 11126 8217 7948 4146 865 579 2909 3802 3287 1525 1327 1077 813 66653 38195 1928 928 28458 12573 7600 1063 475 27181 1832 1187 34304 33522 10370 23152 570
is_linear=0
shrinkage=0.04


Tree=72
num_leaves=63
num_cat=0
split_feature=2 0 0 0 0 4 54 56 7 54 48 56 15 31 11 11 0 38 11 50 36 0 36 10 53 43 10 4 34 0 53 36 54 31 7 54 7 54 38 11 0 34 49 49 7 8 53 0 7 20 50 48 36 53 49 56 31 36 11 7 50 14
split_gain=447.614 136.004 117.401 33.5927 32.0871 17.9071 13.0391 12.3235 12.291 11.7367 11.1631 10.8101 10.7674 10.6901 16.7154 13.6951 14.587 12.1867 11.8174 10.3731 10.2534 10.1991 15.4298 12.5994 9.76983 9.7312 10.4939 10.3064 9.50821 9.52554 9.16752 9.15438 8.99564 9.15452 8.83189 8.78006 9.37171 8.72058 10.4069 8.51229 13.2622 8.46649 13.2437 10.7858 8.9654 9.52049 9.91488 10.9813 8.45316 9.5506 9.27243 9.89142 9.29458 8.38503 8.27907 8.19114 8.13113 8.11098 8.06157 10.5738 13.1287 11.5698
threshold=-2.1626302003860469 -3.737532258033752 -0.65804103016853321 -1.6970797777175901 -4.6479060649871817 0.93600317835807811 0.030833332799375061 -0.0066622847225517026 48.500000000000007 0.019166666083037857 -1.9750000238418577 -0.024364139884710308 0.40205000340938574 -1.4999999999999998 4.7650001049041757 4.8650000095367441 -3.1848936080932613 0.0041666666511446246 5.2349998950958261 0.10485000163316728 0.019275000318884853 -2.8849856853485103 -0.0036749999271705742 0.16499999910593036 6.5750000476837167 2.5000000000000004 0.15500000119209292 1.1605533957481386 -1.0141666531562803 -3.6413699388504024 6.7550001144409189 0.088175002485513701 -0.10583333298563956 -1.4999999999999998 60.500000000000007 -0.01916666608303785 36.500000000000007 -0.042500000447034829 -0.0025000000605359669 4.6449999809265146 -2.0402834415435787 -0.59916669130325306 -3.8199999332427974 0.50499999523162853 26.500000000000004 50.500000000000007 6.7850000858306894 -3.0369603633880611 34.500000000000007 1.0000000180025095e-35 0.20005000382661822 -1.7150000333786009 0.16835000365972522 6.6349999904632577 -1.424999952316284 0.038922058418393142 -1.4999999999999998 -0.0049583332147449246 5.8150000572204599 22.500000000000004 0.03045000042766333 0.15020000189542773
decision_type=2 2 2 2 2 2 2 10 2 2 10 8 2 2 2 2 2 2 2 10 2 2 2 2 2 2 2 2 2 2 2 2 2 2 2 2 2 2 2 2 2 2 10 8 2 2 2 2 2 8 10 8 2 2 8 10 2 2 2 2 8 2
left_child=1 4 3 6 -1 7 24 35 9 10 -3 30 -8 14 41 16 -16 -17 -19 28 -18 23 -23 -20 -2 27 -27 -14 -15 -30 -10 -9 53 37 55 -4 -37 -34 -39 40 -29 -12 44 -44 -43 -46 47 -47 50 -50 51 -26 56 -7 -25 -5 58 -45 59 60 61 -53
right_child=2 8 5 34 -6 32 12 31 11 -11 13 -13 25 19 15 17 20 18 21 -21 -22 22 -24 54 48 26 -28 39 29 -31 -32 -33 33 -35 -36 36 -38 38 -40 -41 -42 42 43 57 45 46 -48 -49 49 -51 -52 52 -54 -55 -56 -57 -58 -59 -60 -61 -62 -63
leaf_value=-0.031863994079937105 -0.013740532378391509 -0.011403904033989195 0.01319254063311179 0.0016392824119540854 -0.017545858481356941 0.0009052410280871191 -0.0052002405617802136 0.0018647362234115237 0.032016027540244248 -0.0087073529034209715 -0.0095188417010232517 -0.011530876047586494 0.015472871924010579 0.0172491281758505 -0.0018455280058817802 -0.0037290197613652071 0.059860727034245782 0.001015742024453363 0.048697374664659225 -0.014027052157653297 0.012530460605815266 0.0098509296623122532 0.065162742669056598 0.036505634104621806 -0.0060134840018758748 0.042357482185028029 0.0036969426464429963 -0.0021478216737510483 -0.026613147880692339 -0.0039062966877180076 -0.0038652358751708926 0.019960755355781505 0.016756534335491336 0.0039747287997871032 -0.0079608518601028775 0.01465926986404309 0.0021954657656263177 0.01334744952961088 -0.0017819063744034266 -0.0076881841115613182 0.034617596125608406 0.038469070079692837 -0.022190793557460956 0.035461870279012653 -0.027762758635012458 0.053753061522598275 -0.0033215207526600915 0.0039307682560995464 0.0020728307343317086 -0.0020783153802304442 -0.0081005455489139826 0.016579474914059124 0.027750540859471005 0.018299175923580907 -0.0085759275010589657 -0.0063274644133960375 0.00053333787351579826 -0.0090346730461302368 -0.0066351367551188483 0.0044952323683339172 0.003339241671735646 0.052535452043058983
leaf_weight=322.57047782000154 90.671318639069796 294.65439700894058 932.64011824131012 16429.555529102683 1119.6777620604262 64.534117385745049 1954.968902464956 450.11149910092354 16.154315957799554 1366.8492956925184 263.17650634609163 1007.1713471934199 55.75810294225812 33.0618981923908 19.122387858107686 183.10173096135259 19.902902673929933 90.541261896491051 11.033357830718158 187.5840467736125 11.586721830070017 15.093911211937664 17.339310172945261 8.1584303043782693 250.81420289725065 18.770632922649384 27.977213785052299 58.513420157134533 30.366802904754877 1111.7378179468215 38.653952278196812 49.663489818572998 177.54486048221588 6282.6952497363091 158.06377276778221 144.21085447072983 291.90464264154434 140.43146319687366 150.92549267411232 203.36913264542818 21.454297214746475 17.326296320185065 45.924235198646784 11.325669186189772 11.038077041506765 14.662208195775749 29.883132787421346 13.68446050211787 1062.5743463635445 5359.9821418449283 166.04903443530202 37.467070069164038 22.726731300354004 141.73124538362026 32.412239478901029 209.11980649083853 1869.4884410724044 15.558976875618098 85.707243289798498 754.05377180874348 55.045394975692034 23.175773873925209
leaf_count=24374 885 7152 5617 80947 55136 287 22442 2614 344 32122 6165 23751 606 775 536 3770 353 1948 265 3833 203 226 253 194 3141 204 323 779 1166 22282 863 297 759 27262 794 830 1675 585 625 2186 166 365 1000 246 236 385 671 225 10697 53782 1615 402 213 626 792 1050 18155 311 784 7645 530 227
internal_value=-0.000129917 -0.00994721 0.00152427 0.000291694 -0.0207482 0.00556217 -0.00131342 0.00903889 -0.00677914 -0.00572951 -0.00409373 -0.0105894 -0.00399502 -0.0031118 0.000464307 0.00623622 0.0257113 0.00348049 0.011042 -0.00529216 0.0424454 0.0218442 0.0394215 0.0107968 -0.000671439 0.00211155 0.0192203 -0.000247074 -0.00389787 -0.00451004 0.00671049 0.00366297 0.0046285 0.00437711 0.00144976 0.0110018 0.00631689 0.00976858 0.00551031 -0.00334062 0.00771586 -0.00511246 0.00216253 -0.0104113 0.0127347 0.00629764 0.0127541 0.0297012 -0.000549112 -0.00139153 0.00110825 0.00160175 0.00227248 0.0128571 0.000489606 0.00153915 0.00206751 0.00971034 0.00506936 0.00622275 0.0174827 0.0303207
internal_weight=44101.1 6359.35 37741.7 28915.3 1442.25 8826.39 12118.6 1868.53 4917.11 3855.13 2488.28 1061.98 2340.81 2193.62 830.872 408.292 50.612 357.68 174.579 1362.75 31.4896 84.0372 32.4332 51.604 9777.76 385.843 46.7478 339.095 1175.17 1142.1 54.8083 499.775 6957.86 6751.6 16796.7 1368.76 436.115 468.902 291.357 283.337 79.9677 422.58 159.403 72.8089 86.5942 69.2679 58.2298 28.3467 9687.08 6422.56 3264.53 3098.48 2847.66 206.265 40.5707 16638.7 2824.94 26.8846 955.449 869.742 115.688 60.6428
internal_count=438692 189942 248750 207573 79510 41177 124782 11033 110432 85474 53352 24958 26706 46200 18144 8540 1092 7448 3678 28056 556 1730 479 1251 98076 4264 527 3737 24223 23448 1207 2911 30144 29231 82791 8122 2505 1969 1210 3131 945 9604 3439 1557 1882 1517 1281 610 97191 64479 32712 31097 27956 913 986 81997 27743 557 9588 8804 1159 629
is_linear=0
shrinkage=0.04


Tree=73
num_leaves=63
num_cat=0
split_feature=0 0 0 3 0 0 49 31 16 18 0 42 13 51 36 42 56 50 2 48 54 8 50 49 56 8 0 12 13 12 48 56 12 46 36 41 13 3 7 48 7 50 48 54 17 12 17 41 7 49 54 56 38 2 36 7 49 55 36 56 6 16
split_gain=431.536 126.137 99.0821 34.736 25.9662 15.1683 14.4615 13.7191 14.682 14.2977 13.6582 12.2369 10.8556 10.4179 11.8734 10.374 10.3403 9.7771 9.63902 9.50816 10.5932 11.1978 14.2839 9.65644 9.21168 9.0412 8.95275 8.54806 9.64666 9.04202 8.47799 8.43589 10.1016 12.777 15.0408 8.29869 8.3602 9.80024 9.24347 8.659 8.70803 12.8739 8.29313 8.26693 11.8498 9.63739 9.59253 9.29946 9.42853 8.18582 8.4839 8.16638 8.06936 8.01016 7.94123 10.9076 7.93884 7.90644 8.2424 7.85222 16.4795 7.83695
threshold=-3.0082942247390743 -1.1918020248413084 -4.0868606567382804 0.70719751715660106 -2.4708646535873409 -3.3409157991409297 -7.9800000190734854 -1.4999999999999998 0.28955000638961798 42.500000000000007 -4.6479060649871817 2.5000000000000004 6.4249999523162851 0.014999999664723875 -0.043108332902193063 2.5000000000000004 0.02395727671682835 0.02224999945610762 -1.40559846162796 2.0749999284744267 0.0224999999627471 51.500000000000007 -0.0092500001192092878 1.5049999952316286 0.00018594301945995542 45.500000000000007 -2.6567491292953487 0.33044999837875372 4.4749999046325692 0.33855000138282781 -3.6850000619888301 -0.033184694126248353 0.17314999550580981 3.5000000000000004 0.029508333653211597 3.5000000000000004 5.1749999523162851 0.40404908359050756 33.500000000000007 -1.3049999475479124 22.500000000000004 0.0023500000825151805 -1.8550000190734861 -0.055833334103226655 4.7300000190734872 0.25294999778270727 1.4649999737739565 2.5000000000000004 28.500000000000004 2.3449999094009404 0.010833333246409895 0.0019320855499245229 -0.012500000186264513 -1.6044294238090513 -0.04157499969005584 45.500000000000007 3.0149999856948857 1.5000000000000002 0.055741667747497566 -0.023151319473981854 2.5000000000000004 0.35725000500679022
decision_type=2 2 2 2 2 2 8 2 2 10 2 2 2 8 2 2 10 8 2 10 2 2 10 10 8 2 2 2 2 2 10 8 2 10 2 2 2 2 2 8 2 8 10 2 8 2 8 2 2 8 2 10 2 2 2 2 10 2 2 8 2 2
left_child=2 4 10 17 13 31 -6 9 15 35 -1 -7 -5 18 -15 25 42 -3 19 23 21 -21 -23 -2 27 -9 -25 28 -19 -29 -13 32 -4 -34 -35 56 38 -38 39 57 41 -41 -16 44 45 -26 -45 48 52 50 -48 -49 -46 -42 -31 -56 -8 -37 -59 60 -44 -57
right_child=1 3 5 12 6 11 7 8 -10 -11 -12 30 -14 14 16 -17 -18 24 -20 20 -22 22 -24 26 43 -27 -28 29 -30 54 -32 -33 33 34 -36 36 37 -39 -40 40 53 -43 59 46 47 -47 49 51 -50 -51 -52 -53 -54 -55 55 61 -58 58 -60 -61 -62 -63
leaf_value=-0.03096007115704066 -0.0015937715744858533 0.00083378793094630854 -0.029138726589660088 0.0054723423183175111 0.027817266615476358 -0.01301123290690966 0.0060441523015305944 -0.017314686666831291 0.00027551726721716319 -0.019837901772000337 -0.020335781919870392 -0.038459996935392864 0.010717021791939741 -0.013573384865430646 -0.023885292769474733 -0.0051555957268722566 -0.022969272929764941 0.0072451779130870289 -0.022318470775455016 0.0447694099952268 -0.0089666974004708865 0.03561496349628273 -0.011626842555506783 -0.01494587545101482 0.00048848217503241623 -0.00039429575991477571 -0.00091976255369065568 0.022328737051634125 -0.00066621182198917117 0.012003107707759799 -0.0041008278649581585 -0.011885679211919228 -0.0054825158113490846 0.010934301478252029 0.094219884941881965 0.005547502775747345 -0.00071344431589525454 0.0099402506694076104 -0.0021055321522798816 0.036047400546433218 -0.0095305048339345919 0.0067687866217769326 0.039538727130002012 -0.0084600938111075892 0.0063299046415981062 0.01989462824513253 -0.010961734504429159 0.0028733977277921631 0.005503051670004048 0.002950411601599034 0.0089911455705503091 -0.0093057928141580242 0.026735312184286299 0.0047225287722449704 0.0073735463090929187 0.0037366269768214218 -0.0046202714116745465 -0.022866110369783969 0.0032572033018675164 -0.0033228021686213418 -0.0086237504794221109 -0.0085459163789658107
leaf_weight=313.57124950457364 2831.1231488697231 2277.3051353693008 9.8734494503587467 1171.3553977310658 30.140819072723389 331.21211457625031 1162.8848367705941 51.853426650166512 9627.4963587969542 46.931630127131939 506.04639944527298 11.59283911436796 1369.9407371431589 293.28646111488342 29.512048780918121 1573.4178979694843 44.303836047649384 426.94715511798859 37.591621614992619 20.023882284760475 29.483911864459515 17.781811468303204 24.145352780818939 175.88285243883729 56.18321880698204 1975.5596373006701 124.24775986000896 61.364338994026184 583.78670385479927 365.75539328157902 1297.7406977526844 1755.6533470172435 17.827675700187683 8.4191261269152147 5.9011289235204449 58.259938813745975 238.56280238926411 328.2287692129612 1317.6788490563631 33.107824943959713 71.605163663625717 87.62163732200861 21.27020775526762 123.46643151342869 56.684295207262039 150.96370244026184 130.53645589947701 600.62158894538879 650.65608465671539 8337.8439250141382 46.150611087679863 103.22635859251022 68.452955991029739 530.38850951194763 1124.3949249237776 235.89187297224998 123.5532668530941 54.525556169450283 29.934088632464409 690.66686718165874 24.414192758500576 128.33694808185101
leaf_count=24437 44716 10093 340 6441 240 7824 8934 390 74022 339 29230 269 7886 4777 484 12668 735 1796 500 306 483 272 371 3032 238 14838 1728 261 2455 1564 30025 62751 579 284 196 522 1637 2770 9650 275 771 639 317 524 246 637 586 2555 2824 35416 211 437 300 3649 4859 1016 914 539 280 10945 383 552
internal_value=0.000200024 0.00149561 -0.0119029 0.00396438 -0.000559651 -0.0089237 0.000134353 8.61554e-05 -0.000539459 0.00211292 -0.0244004 -0.00614256 0.0082996 -0.00331767 -0.00667714 -0.00271845 -0.00418065 0.00325491 -0.00218064 -0.00194574 0.0107688 0.0201614 0.00840897 -0.00231702 0.003671 -0.000827054 -0.00913936 0.00565193 0.00267566 0.00722218 -0.00440504 -0.0114618 0.00624969 0.0171184 0.0452548 0.00236814 0.00112762 0.00545611 3.83893e-06 0.00321546 0.00499345 0.0147979 -0.00309376 0.00310952 0.00567086 0.0146312 0.00260935 0.00441643 0.00743692 0.00276987 -0.00575005 0.0010872 0.0174921 0.00302718 0.00672228 0.00542478 0.00501991 -0.0057882 -0.0136075 -0.00226046 0.0138002 -0.000591158
internal_weight=44033.2 39775.3 4257.84 18069.9 21705.5 3438.22 17341.8 17311.6 13228.3 4083.28 819.618 1640.55 2541.3 4363.73 1103.45 3600.83 810.167 15528.6 3260.28 3222.69 91.435 61.951 41.9272 3131.25 13251.3 2027.41 300.131 2926.48 1010.73 1915.74 1309.33 1797.67 42.0214 32.1479 14.3203 4036.35 2749.91 566.792 2183.12 865.443 722.723 120.729 765.863 10324.8 1686.79 207.147 8638 1479.64 775.793 8514.53 176.687 703.848 125.137 601.994 1854.38 1488.62 1286.44 142.72 84.4596 736.351 45.6844 364.229
internal_count=438958 283023 155935 80897 202126 102268 133077 132837 101918 30919 53667 38118 14327 69049 17641 27896 12864 66570 51408 50908 1432 949 643 49476 56477 15228 4760 12503 4251 8252 30294 64150 1399 1059 480 30580 20732 4407 16325 6675 5334 914 12129 43974 7237 875 36737 6362 3370 36213 797 2992 546 4420 7991 6427 9848 1341 819 11645 700 1568
is_linear=0
shrinkage=0.04


Tree=74
num_leaves=63
num_cat=10
split_feature=0 0 0 0 0 15 0 54 25 49 25 48 25 45 25 4 25 43 12 25 12 56 31 25 25 13 4 12 50 4 7 54 3 0 53 48 16 7 18 11 53 16 25 36 11 48 25 48 14 14 6 50 49 50 5 50 15 0 54 50 35 35
split_gain=372.681 137.378 64.9498 49.3348 28.3621 15.1284 14.7677 14.5268 14.3052 15.0251 13.0871 13.0699 15.8814 15.6529 12.4409 12.3126 13.5637 12.3017 13.1493 11.6946 11.2074 11.6067 10.6144 12.4427 12.1836 15.8175 14.0225 10.4483 15.2315 11.8263 10.6246 10.4179 13.6708 10.2713 10.0335 9.8494 10.8584 9.80011 11.8543 9.69349 9.53987 9.4677 10.1771 17.8123 13.4793 10.3808 9.31884 9.25003 12.8777 9.24822 9.2328 9.17837 15.3007 10.9577 10.0696 9.68358 9.2841 10.383 9.151 8.90657 10.0527 18.3869
threshold=-3.308025479316711 -0.96119156479835499 -4.0605709552764884 -2.2544609308242793 -0.26403853297233576 0.11215000227093698 -4.6479060649871817 0.019166666083037857 0 4.4949998855590829 1 -1.5950000286102293 2 3.5000000000000004 3 1.1695683002471926 4 2.5000000000000004 0.44480000436306005 5 0.46330000460147863 0.011174266692250969 -1.0000000180025095e-35 6 7 7.1549999713897714 1.5014446377754214 0.54824998974800121 -0.044649999588727944 1.5182743668556216 32.500000000000007 -0.0025000000605359669 0.48643298447132116 -3.6413699388504024 6.7750000953674325 2.7250000238418584 0.3027500063180924 46.500000000000007 9.5000000000000018 7.7550001144409189 6.7049999237060556 0.42024999856948858 8 0.063908334821462645 4.5850000381469735 -1.4450000524520872 9 2.3249999284744267 0.28955000638961798 0.65365001559257518 2.5000000000000004 0.052050000056624419 -1.3250000476837156 -0.011950000189244745 3.5000000000000004 -0.18644999712705609 0.37835000455379492 -2.577154159545898 -0.12749999761581418 0.10294999927282335 0.68083333969116222 0.40583333373069769
decision_type=2 2 2 2 2 2 2 2 1 10 1 8 1 2 1 2 1 2 2 1 2 10 2 1 1 2 2 2 8 2 2 2 2 2 2 10 2 2 8 2 2 2 1 2 2 10 1 10 2 2 2 10 8 8 2 10 2 2 2 10 2 2
left_child=2 3 6 7 15 -6 -1 11 51 35 -4 12 13 -2 37 16 17 50 -19 27 21 -7 24 -24 47 -26 49 28 -17 30 -30 58 -33 -12 -29 41 -37 38 -13 59 -16 -10 43 44 -43 -44 -34 -5 -49 -27 -3 53 54 55 -53 -9 -55 -58 -25 60 61 -21
right_child=1 4 10 22 5 20 -8 8 9 -11 33 14 -14 -15 40 19 -18 18 -20 39 -22 -23 23 31 25 26 -28 34 29 -31 -32 32 46 -35 -36 36 -38 -39 -40 -41 -42 42 45 -45 -46 -47 -48 48 -50 -51 -52 52 -54 56 -56 -57 57 -59 -60 -61 -62 -63
leaf_value=-0.030660051395086159 -0.012313048130495836 0.022434630322882298 -0.0044081385016794461 -0.0012967774412060292 -0.010704158440696936 0.0082571245671709589 -0.019624357791443999 -0.015781227123049673 -0.0087519444482841765 -0.027596879393861518 -0.016466798075899017 -0.0089850839891114174 -0.011491708374019478 0.0075246543694382009 -0.0070369262826522018 0.018548360031066882 0.0067330061161545753 -0.0053239822471581842 0.0037202554475368427 0.0011768669905708605 0.014707352465101655 -0.01580246628688153 -0.0036015715193837283 -0.014464171896547152 0.0019621375085870437 0.033699106511749656 -0.0075075469816315819 -0.014638964045931577 0.0097912046589521372 -0.011736396926323937 0.0036912542902668962 0.00056557703080008378 0.0038128163166441728 -0.0094482352848638158 0.0038382661672435019 0.041304597706017028 -0.0032083156720664635 -0.0042335964694540998 0.006973947830421004 0.017974745171039579 -0.0015381700206997535 -0.02464695176519394 0.026506329579134961 0.054024871936669272 0.013732418133222971 -0.012852359326895197 -0.0062818165388350503 0.031080736390689853 0.0021150674880240717 0.0091408834891624907 0.0051611613704629737 0.041626718133450938 0.00020129020897448468 -0.013859787315065318 0.0034133618834292375 0.0020074482086094875 -0.0090392383884287247 0.027281117429251447 0.0016344712472558917 0.0087665092203657417 -0.00079123175298364786 0.010220584750440114
leaf_weight=304.53384488914162 97.530245922505856 54.140299409627914 502.16782352514565 2879.2312279567122 51.54453532397747 324.31466382741928 534.59611900895834 56.045089516788721 1476.3211865909398 59.841091472655535 567.60256493091583 84.490295771509409 463.95042714104056 183.1478431597352 599.5112105384469 131.3120800703764 3164.7912909835577 476.26857213675976 559.19049805402756 1999.9008603394032 636.99159587919712 35.603275284171104 1781.0182950869203 57.278621919453144 6595.7829612717032 57.641177892684937 31.065257586538792 85.205159559845924 584.70724591612816 69.091365739703178 2089.3576759696007 1776.3478997126222 165.93922507017851 809.29110160470009 104.92842972278595 13.767031021416186 24.148747015744448 242.13096575438976 627.95621925592422 56.624516353011131 3195.9915802367032 19.856753636151552 12.138322200626133 13.191765528172253 55.748944140970707 91.879657633602619 1055.9939097613096 33.359393119812012 93.078761532902718 42.717565067112446 578.92322267591953 26.426724344491959 224.24134496971965 227.67144652828574 18.941339086741209 387.48099552094936 33.442709144204855 20.200138755142689 4129.3687788099051 245.91732355952263 2542.7370642870665 438.57455015182495
leaf_count=24461 1599 244 17174 19105 331 2082 31119 957 25440 1006 24222 1203 8032 3119 8951 545 14697 2142 2594 8190 4180 220 11654 315 42750 384 184 351 2396 287 8552 11025 1321 24539 433 231 408 3652 9173 233 48838 353 226 220 941 1583 8507 231 617 287 2663 428 3594 3764 317 6461 627 247 26214 1013 10445 1795
internal_value=-3.14529e-05 0.000915331 -0.0143768 -0.000763222 0.00409487 0.0104268 -0.0236294 -0.00333859 -0.00570544 -0.00785147 -0.0102448 -0.00214913 -0.00707637 0.000609711 -0.00137673 0.00359123 0.00519791 0.00223245 -0.000439722 0.00266105 0.0115193 0.00587714 0.000373874 -0.000619068 0.00128857 0.00223261 0.0159766 0.00462418 0.00523995 0.00460289 0.00502506 0.000125082 -0.00167459 -0.0122525 -0.00444199 -0.00720529 0.0129541 0.0026904 0.00508134 0.00151081 -0.00240039 -0.00766322 0.000672741 0.0100088 0.00365263 -0.00753502 -0.00493117 -0.00082901 0.00975736 0.0232459 0.00663841 -0.00179547 0.00448741 -0.0041572 0.0256725 -0.000240374 -0.0103325 0.00463782 0.00141422 0.00133535 0.000968481 0.00280343
internal_weight=43903.2 41185 2718.19 26954.9 14230.1 1048.45 839.13 8256.05 2761.34 1766.89 1879.06 5494.71 744.629 280.678 4750.08 13181.7 4833.31 1668.52 1035.46 8348.36 996.91 359.918 18698.8 8965.95 9732.88 6727.21 131.424 3064.6 2874.47 2743.16 2674.06 7184.93 2998.28 1376.89 190.134 1707.05 37.9158 954.577 712.447 5283.75 3795.5 1669.14 192.815 88.7975 75.6057 104.018 1221.93 3005.67 126.438 100.359 633.064 994.45 269.609 724.84 45.3681 443.526 281.314 53.6428 4186.65 5227.13 4981.21 2438.48
internal_count=438872 317357 121515 253964 63393 6813 55580 131370 46803 30408 65935 84567 12750 4718 71817 56580 22340 7643 4736 34240 6482 2302 122594 59036 63558 43605 855 12564 11780 11235 10948 47382 20853 48761 784 29402 639 14028 10376 21676 57789 28763 3323 1514 1294 1809 9828 19953 848 671 2907 16395 4339 12056 745 7418 4638 874 26529 21443 20430 9985
cat_boundaries=0 1 2 3 4 5 6 7 8 9 10
cat_threshold=85680 10618128 30819330 49360 2117568 21891464 8652880 3883392 9175118 16928
is_linear=0
shrinkage=0.04


Tree=75
num_leaves=63
num_cat=13
split_feature=0 0 0 0 0 25 25 56 56 25 12 43 55 25 26 39 25 7 49 49 4 25 48 56 25 48 25 34 38 35 20 26 25 25 17 25 0 11 34 12 14 7 35 0 16 25 50 53 50 39 49 20 34 17 11 16 50 13 25 0 35 50
split_gain=387.777 117.615 64.8921 42.2441 18.4494 13.2507 11.3922 15.1137 12.2999 11.2071 10.9697 14.7191 11.6862 10.7376 11.5933 10.4778 11.3978 9.86663 9.89514 10.9442 12.8289 17.6486 9.77177 14.458 15.4619 14.3098 12.7485 12.3435 12.2478 12.1636 11.5443 10.0333 12.4815 10.0242 9.95242 12.8306 10.9862 10.0441 13.1831 16.5312 10.6049 9.83255 9.75548 11.4431 9.73373 9.64075 9.37632 9.1312 9.08816 8.96219 10.31 11.0826 18.4086 12.33 13.7789 9.51968 10.8333 9.35699 13.2203 11.8625 13.0791 17.4198
threshold=-3.2600187063217159 -1.7496883273124693 -4.38437795639038 -0.47056417167186732 -2.2816562652587886 0 1 0.021343562752008442 0.020344140939414505 2 0.28444999456405645 5.5000000000000009 5.5000000000000009 3 11.500000000000002 -2.5863332748413081 4 29.500000000000004 -0.57499998807907093 -1.0449999570846555 1.0001809000968935 5 1.8550000190734866 -0.0068925202358514062 6 1.3650000095367434 7 -1.0541666150093076 -0.030833332799375054 3.2058333158493046 2.5000000000000004 9.5000000000000018 8 9 8.3550000190734881 10 -1.5686837434768675 5.6250000000000009 1.0391666293144228 0.52059999108314525 0.30030000209808355 60.500000000000007 0.91916668415069591 -3.8876314163208003 0.3376500010490418 11 0.069949999451637282 6.5850000381469735 -0.38210000097751612 -1.1108333468437193 1.7549999952316286 3.5000000000000004 1.0058333277702334 8.3550000190734881 6.5250000953674325 0.47134999930858618 -0.14995000511407849 4.6749999523162851 12 -2.7637491226196285 -0.7708333134651183 -0.014750000089406965
decision_type=2 2 2 2 2 1 1 10 10 1 2 2 2 1 2 8 1 2 10 10 2 1 8 8 1 10 1 2 2 2 8 2 1 1 10 1 2 2 2 2 2 2 2 2 2 1 10 2 8 8 8 8 2 8 2 2 8 2 1 2 2 10
left_child=2 4 -1 22 6 -4 -2 8 10 -6 -8 15 17 14 -5 16 -12 -13 19 20 21 -19 25 24 28 27 -25 -3 -24 41 -31 34 46 -27 35 36 -29 -38 40 -40 -39 -28 43 -7 -23 -36 -33 -11 -45 -17 57 52 55 -54 -55 56 -52 59 -59 -51 61 -61
right_child=1 3 5 13 9 42 7 -9 -10 47 11 12 -14 -15 -16 49 -18 18 -20 -21 -22 44 23 26 -26 33 29 31 -30 30 -32 32 -34 -35 45 -37 37 38 39 -41 -42 -43 -44 48 -46 -47 -48 -49 -50 50 51 -53 53 54 -56 -57 -58 58 -60 60 -62 -63
leaf_value=-0.027797231361593323 -0.0013026257511159318 -0.02075353235940813 -0.0082054824546350762 0.0025340939211064314 -0.0024308650729176272 -0.020010916767459707 -0.0066482985599701184 -0.013203232091098785 0.024038247884179357 -0.02078639609993051 -0.0065287117912701366 0.0086179680220841107 -0.022464387721425404 0.0075648187868229688 0.010122552085899383 -0.010804223480307807 0.023373186709516748 -0.012790527740695962 -0.019351972945814339 0.028821104834433939 -0.012327282094026257 0.015680054030520103 0.02376659274135454 0.00030212181236512805 0.0024234605929905418 -0.0058335120544615298 0.0034660660210325813 -0.00070692359630446049 0.007948568196371724 0.0058743114843631539 -0.011622534462327519 -0.0059300647850610289 0.0092962328462930285 0.000249875675965206 -0.0092425209635144754 8.5921395862511831e-05 0.012300446472318774 -0.017485625316835198 0.0055583540398556532 0.029290562757408635 0.0015778241970022192 -0.011585258731207611 -0.023118190196076159 0.035483995691900659 0.064746479362096626 0.0012108803113491367 0.0090192623970745608 0.0010204476611085408 -0.011052924722024366 -0.0033098360978306802 0.024211477446383634 -0.0061706591806529269 -0.0099625524331647935 0.010802467574447283 0.049189966916142434 0.023630593874226044 -0.0041541701301470238 0.0077341611640272924 -0.0045052485356606494 -0.02362553690861522 0.039894791268531113 0.024725482655977422
leaf_weight=471.07772864587605 2962.045070361346 39.324623242020607 1155.2241697730497 1921.6945108622313 2700.9538882002234 284.50065012741834 1644.989554900676 298.34938194230199 25.065780892968178 30.948325902223587 31.157635591924191 61.712543681263924 84.518619909882545 2718.0423329025507 386.9904308617115 160.88398541137576 45.114125389605761 25.662888374179602 99.090814754366875 15.023845747113226 154.02926197275519 13.676569435745479 86.551525130867958 4955.3397672921419 1227.8642784208059 797.52432112395763 6540.8819724321365 416.23767233639956 823.49655313044786 93.250249788165092 170.93186097592115 200.07378121465445 541.59147111326456 942.04172594100237 269.91686604171991 2765.187154084444 366.91896489262581 57.161803245544434 286.22982088476419 56.179830685257912 254.85730774700642 70.189502418041229 183.30625815875828 6.7724388875067234 12.274756785482166 286.53751190006733 101.02461236715317 4217.7945652380586 782.13560953550041 50.212536748498678 22.586247272789478 775.03023064136505 17.993714421987534 33.907066591084003 26.774387162178755 22.743429273366928 466.1873603798449 232.99558174610138 327.36969032511115 17.91868058219552 35.348578095436096 35.624890249222517
leaf_count=36570 45892 227 42496 9655 23645 14606 27515 4990 416 260 484 955 1470 14046 1997 2594 708 457 1560 243 2398 236 394 22459 5495 4183 29450 2671 3676 432 806 1175 3174 4909 1437 15447 1908 297 1439 285 1318 323 6718 230 214 1525 561 36690 25982 988 365 12237 272 494 395 357 7342 3581 5221 235 454 463
internal_value=-3.8094e-05 0.000958431 -0.0142182 0.00255452 -0.00191558 -0.0115661 -0.00326438 -0.00447905 -0.00390264 -0.00042149 -0.00406135 -0.00252386 -0.00900693 0.00585356 0.00378968 -0.00121142 0.0133665 -0.0060253 -0.00885141 -0.00413613 -0.00654391 0.0107151 0.00177775 0.00239981 0.00542706 0.000600479 0.00185276 0.00157852 0.00935022 0.00296563 -0.00544655 0.00173529 0.00575827 -0.00257122 0.00102296 0.00168855 0.00473764 0.00700289 0.0040327 0.00945214 -0.00191459 0.00330627 -0.0144748 -0.0131336 0.0280712 -0.00400404 -0.000884874 0.000859581 -0.0106534 -0.00171102 -0.00100246 -0.00302569 0.00110424 0.0191172 0.0277401 -0.00166629 -0.00284339 0.00294647 0.000641426 0.012232 0.0210112 0.00854452
internal_weight=43907 41024 2883.02 26376 14648 2411.94 7698.29 4736.24 4437.89 6949.7 4412.83 2767.84 465.989 5026.73 2308.68 2301.85 76.2718 381.471 319.758 220.667 205.643 51.6142 21349.3 13968.5 2137.91 7380.81 11830.6 5641.24 910.048 6875.25 264.182 5601.92 842.69 1739.57 4759.23 4202.77 1437.59 1021.35 654.429 342.41 312.019 6611.07 1256.71 1073.41 25.9513 556.454 301.098 4248.74 788.908 2225.58 2064.69 1365.22 590.192 78.6752 60.6815 511.517 488.774 699.47 560.365 139.105 88.8921 53.5436
internal_count=439022 312420 126602 129289 183131 90032 122536 76644 71654 60595 71238 43723 7533 25698 11652 36190 1192 6063 5108 3548 3305 907 103591 63035 9565 40556 53470 31464 4070 31011 1238 31237 4910 9092 26327 23365 7918 5247 3339 1724 1615 29773 47536 40818 450 2962 1736 36950 26212 34998 32404 21462 9225 1161 889 8064 7707 10942 8802 2140 1152 698
cat_boundaries=0 1 2 3 4 5 6 7 8 9 10 11 12 13
cat_threshold=11781890 9524432 9716124 10067026 4196652 2400548 3697708 16938548 23217232 26878434 16920816 30437548 4852234
is_linear=0
shrinkage=0.04


Tree=76
num_leaves=63
num_cat=12
split_feature=0 0 0 0 4 25 18 56 0 41 50 3 25 54 4 16 48 48 7 39 54 14 4 25 12 54 15 34 25 27 15 13 6 25 11 4 16 25 12 25 34 14 55 25 13 25 13 25 50 54 4 15 51 34 7 25 51 25 48 0 50 15
split_gain=342.667 124.246 57.5327 51.2158 19.2275 14.5255 12.7731 11.8783 10.7114 9.76957 11.0999 10.7866 9.71759 9.29046 9.05698 9.45628 17.3914 13.7805 9.46318 11.9841 10.7248 9.79017 10.8405 8.96761 12.0542 18.7613 10.6546 8.96629 8.96299 8.94767 12.7573 9.03094 8.93881 20.1381 8.92373 8.76871 10.3949 10.3557 8.65397 11.5932 9.76405 8.41925 12.3517 29.7643 12.4448 11.8188 11.6564 18.7905 9.85422 9.73399 10.6349 8.99218 8.82407 8.78557 8.61349 9.13596 8.75104 9.34922 8.51951 10.5773 9.35635 8.8726
threshold=-3.3409157991409297 -0.81701362133026112 -4.2001647949218741 -2.2957198619842525 0.94502133131027233 0 4.5000000000000009 -0.033954767510294907 -2.8443514108657832 4.5000000000000009 0.069949999451637282 0.56751841306686412 1 -0.084166668355464921 1.571758031845093 0.46555000543594366 -0.22500000149011609 0.58499997854232799 43.500000000000007 -0.72450000047683705 0.017500000074505809 0.26934999227523809 1.4191603660583498 2 0.45845000445842748 -0.040833333507180207 0.36165000498294836 -1.8808333277702329 3 2.5000000000000004 0.40854999423027044 5.5450000762939462 2.5000000000000004 4 1.6449999809265139 1.1817625164985659 0.35924999415874487 5 0.33444999158382421 6 0.61750000715255748 0.44865000247955328 1.5000000000000002 7 6.0450000762939462 8 5.8849999904632577 9 -0.11195000261068343 -0.090833336114883409 1.095598638057709 0.36225000023841863 0.024999999441206459 1.3325000405311587 33.500000000000007 10 -0.03499999921768903 11 1.7649999856948855 -1.5282807350158689 -0.0010500000207684932 0.37295000255107885
decision_type=2 2 2 2 2 1 8 8 2 2 10 2 1 2 2 2 10 10 2 10 2 2 2 1 2 2 2 2 1 8 2 2 2 1 2 2 2 1 2 1 2 2 2 1 2 1 2 1 8 2 2 2 10 2 2 1 10 1 10 2 8 2
left_child=2 3 34 5 23 8 28 9 13 11 -11 -4 14 -2 15 18 -17 -18 19 20 -9 -22 -23 24 25 26 -3 -8 -7 -27 31 -31 33 -6 -1 36 37 -35 39 -34 -41 46 43 48 -45 52 -5 -48 -43 51 -51 -50 -44 -46 55 -47 57 -56 59 -52 -61 -62
right_child=1 4 7 41 32 6 27 12 -10 10 -12 -13 -14 -15 -16 16 17 -19 -20 -21 21 22 -24 -25 -26 29 -28 -29 -30 30 -32 -33 38 35 -36 -37 -38 -39 -40 40 -42 42 45 44 53 54 47 -49 49 50 58 -53 -54 -55 56 -57 -58 -59 -60 60 61 -63
leaf_value=-0.036719141598811483 0.021662963800291084 0.0069903071814585169 0.076666508477434392 0.00066798057580554505 0.012957637430905571 0.0010754172473128479 -0.016694913532819149 0.0037973784518905581 -0.0036555021228532616 -0.022941803894577808 0.034041092667044234 0.0094685585687007013 -0.01374953253125041 -0.0093765121428160021 0.027468549800143918 -0.0082231519495930949 0.095618106230371147 0.0081349287623311024 -0.014985307486039717 -0.017655270980515371 -0.0022233991742724719 -0.027812339169922838 0.026844125811263476 0.0048098773430156148 0.013992200547723096 -0.015031165237342818 0.026868614638557692 -0.0011665375602591594 -0.015800291010776239 -0.010844163050408416 -0.018914771744417323 0.0121499516461073 -0.011480662156386989 0.0045676856125567182 -0.022755645481701215 0.0027110534572200901 -0.00011584353877934614 0.023834517992877155 0.0035538086008876485 -0.0012493522433828263 0.012364565315105632 -0.0021761050675011134 0.0053630836448391858 0.017159163678656327 -0.0056582117404432542 -0.0035061501178195731 0.0012467069184482779 -0.0054093550127486904 0.012814514044237795 -1.0345010376884339e-05 0.022889977265286056 -0.010342467913238673 -0.00043129403794299812 0.0040814641893294661 -0.0040709403207260407 0.0075039023756035342 -0.0024020063317107968 0.011962606603093577 0.025403212892616076 -0.0054579888963792889 0.023017684373913903 0.0045847436954489975
leaf_weight=84.537519693374634 15.686687402427195 100.20015998184681 6.1003229748457697 12673.982410542667 508.00158077478409 78.219250958412886 60.249881453812122 207.09895168244839 1867.0785532742739 17.451614670455459 7.9662738032639018 10.233746794983743 1041.8921899925917 938.0358771327883 11.641413785517214 21.834297703579068 5.8466569297015649 5.6795692220330238 270.25672280974686 103.53987289220095 102.67655260488391 56.809122491627932 6.4670769125223151 824.32048039138317 672.24176579713821 59.166910961270332 75.761380106210709 4748.8657419793308 159.31454673036933 34.531218692660332 36.015604689717293 131.02322052419186 129.98180577158928 105.06868059933186 547.38170935586095 1526.3838440477848 105.47583079338074 99.795424148440361 6793.5606156885624 419.08052538335323 105.5140390843153 83.000248849391937 1251.728840328753 57.017847567796707 432.49935757368803 174.82974595576525 1302.0403990522027 1405.1773779690266 54.58242528885603 69.642700023949146 123.0984291061759 52.768385387957096 633.24152760952711 225.416738294065 93.328196994960308 358.50732991844416 2233.0106667205691 136.49994390457869 131.26810536533594 58.475522726774216 77.8005111515522 90.246344551444054
leaf_count=6980 339 603 202 80465 2109 1197 1129 7669 26289 620 282 346 40349 21156 412 808 216 216 10089 3770 3866 2113 239 4848 4115 334 460 77130 2526 192 208 754 545 471 39563 6199 472 443 29181 1744 448 500 8193 341 2704 1147 8518 9037 300 529 911 289 3897 1203 524 2303 14925 732 691 292 368 432
internal_value=0.000172471 0.00104392 -0.0141853 -0.000337107 0.00452831 -0.00310224 -0.00180474 -0.0106683 -0.00539805 0.0104282 -0.00508267 0.0345651 -0.0111486 -0.00886598 -0.0074586 -0.00807534 0.0127607 0.0525106 -0.00900605 -0.00561545 -0.00227381 -0.00985029 -0.0222262 0.00817378 0.0105359 0.00545668 0.015549 -0.00136108 -0.0108631 -0.00135428 0.0026603 0.00735386 0.00380864 0.00596253 -0.0246237 0.00393584 0.0100867 0.0153395 0.00313058 -0.00126193 0.00146103 0.000664569 0.00189156 0.00512518 -0.000756985 0.000927116 0.000159058 -0.00222349 0.0106676 0.0124501 0.0145986 0.00143168 0.00339848 -0.00232118 -0.000636897 0.00396973 -0.00163707 0.00579511 0.0167143 0.013452 0.00832317 0.0131186
internal_weight=43819.2 41311.7 2507.41 29585.6 11726.1 7867.45 5046.65 1875.49 2820.8 41.752 25.4179 16.3341 1833.74 953.723 791.85 780.209 33.3605 11.5262 746.848 476.592 373.052 165.953 63.2762 1933.26 1108.94 436.698 175.962 4809.12 237.534 260.737 201.57 165.554 9792.86 2344.73 631.919 1836.72 310.34 204.864 7448.14 654.576 524.595 21718.2 6336.96 1455.82 714.934 4881.15 15381.2 2707.22 740.883 657.882 550.532 107.351 1884.97 657.916 2996.18 533.337 2462.84 229.828 480.889 349.621 226.522 168.047
internal_count=438933 321193 117740 268067 53126 129766 81982 71197 47784 1450 902 548 69747 21495 29398 28986 1240 432 27746 17657 13887 6218 2352 11514 6666 2551 1063 78259 3723 1488 1154 946 41612 9694 46543 7585 1386 914 31918 2737 2192 138301 40281 8560 4248 31721 98020 17555 4312 3812 3223 589 12090 3907 19631 3450 16181 1256 2694 2003 1092 800
cat_boundaries=0 1 2 3 4 5 6 7 8 9 10 11 12
cat_threshold=17082638 11142934 32452736 3163152 264600 21025378 10764292 15622236 1263174 11242402 2400384 9218304
is_linear=0
shrinkage=0.04


Tree=77
num_leaves=63
num_cat=13
split_feature=0 0 0 3 0 0 6 12 34 25 54 25 11 11 25 16 25 53 39 51 25 25 56 13 54 19 13 56 25 8 0 25 48 49 54 39 34 14 53 3 25 12 35 25 34 43 26 12 54 8 39 53 25 14 35 25 38 36 38 36 35 25
split_gain=318.205 105.914 76.1503 30.8521 17.9744 15.4818 13.8377 16.1633 15.4129 12.0006 11.2654 12.5482 11.7221 11.5952 17.0509 13.3844 13.8956 10.9721 10.9213 10.2728 22.4144 12.6935 11.7549 10.1079 10.3398 11.1842 9.77554 9.73009 9.65559 9.32555 9.24353 10.2172 9.22514 10.9451 9.12483 9.06131 9.02158 10.8175 11.2684 9.56295 8.94704 9.09112 8.73039 8.34938 8.8615 12.1505 10.9871 15.994 9.47206 8.5868 10.086 8.57911 8.47769 10.4019 8.14365 8.09862 10.0649 9.2557 8.08258 8.00549 15.2074 9.52745
threshold=-3.0809003114700313 -1.3043900132179258 -4.0076992511749259 0.63000038266181957 -2.1410354375839229 -4.7364280223846427 2.5000000000000004 0.24724999815225604 0.27583333849906927 0 0.027500000782310966 1 4.8450000286102304 6.3250000476837167 2 0.41865000128746038 3 7.0050001144409189 -3.3875000476837154 0.014999999664723875 4 5 -0.03242326341569423 6.9849998950958261 0.045833334326744087 5.5000000000000009 6.6949999332427987 0.030521332286298278 6 43.500000000000007 -2.6433942317962642 7 -0.35500000417232508 0.66500002145767223 0.052500000223517425 2.75083339214325 0.52416664361953746 0.14350000023841861 6.8250000476837167 0.34405283629894262 8 0.20319999754428866 1.5391666293144228 9 0.88583332300186168 5.5000000000000009 6.5000000000000009 0.46330000460147863 -0.039166666567325585 53.500000000000007 2.3336666822433476 6.805000066757203 10 0.44374999403953558 1.8791666626930239 11 -0.034166667610406869 -0.15589166432619092 -0.057500001043081277 -0.11389166489243506 0.59416666626930248 12
decision_type=2 2 2 2 2 2 2 2 2 1 2 1 2 2 1 2 1 2 8 8 1 1 8 2 2 8 2 10 1 2 2 1 8 10 2 10 2 2 2 2 1 2 2 1 2 2 2 2 2 2 8 2 1 2 2 1 2 2 2 2 2 1
left_child=2 4 5 29 6 -1 7 8 17 34 11 12 -8 15 -15 30 -17 55 -14 21 -21 22 -9 24 26 -26 -16 -11 -7 -3 -12 -32 33 -31 -4 -20 39 -38 -39 -24 41 -19 -13 44 45 -5 47 48 -46 -48 -51 -47 -50 -54 -41 -2 -57 -58 -6 60 -60 -62
right_child=1 3 9 43 58 28 10 19 -10 27 13 42 18 14 23 16 -18 40 35 20 -22 -23 36 -25 25 -27 -28 -29 -30 32 31 -33 -34 -35 -36 -37 37 38 -40 54 -42 -43 -44 -45 46 51 49 -49 52 50 -52 -53 53 -55 -56 56 57 -59 59 -61 61 -63
leaf_value=-0.030524702578551763 -0.0064779065667609848 0.01712323231392196 -0.010076292947457996 0.0066236177409933128 0.018587528732628974 -0.012222945772334782 -0.024378448824530233 0.043117346834149965 -0.016564753472353998 -0.0053945343831379626 -0.019864938699044855 -0.0062181547940893976 0.0351019764873748 -0.011190138772519875 0.014682824271500748 0.020972795938215601 -0.010671885684512135 0.0088393568249633507 0.0017645060374395633 -0.012392521040214219 0.002611692476831815 0.00068631509383299178 0.028691297863824631 -0.0065673445819335319 -0.0057027390247617136 0.033877424510094338 0.051248791644130487 -0.022081976065860882 -0.02399084046087524 0.00088072200618648266 -0.00044139699522255041 -0.014651983220444881 0.0021123045380412701 -0.023546288776137684 -0.020407184645372244 -0.016559578745727378 0.04558061239053366 -0.0038965309355534447 0.030122569624582669 0.0042370736948548343 0.014441283805369732 -0.029967386952133631 0.00038671394616750124 0.004120629716479399 0.0094784838599410344 0.0044990353548776769 0.016448332824700693 0.013177743907598388 -0.016336771186133036 0.016060147036281537 -0.0027135094365611763 -0.014881198530324644 -0.0091178936576628913 0.013883793969736989 -0.025568243549376552 -0.033006362684796772 0.029270116918632773 -0.00094786959477690367 -0.0120167018544898 6.6993831970500021e-05 0.0078418601867844082 -0.0049292762620588007
leaf_weight=237.34351072553545 804.78191590681672 65.713939800858498 990.05586576648057 971.39734609425068 36.837970487773418 318.97565726470202 29.001205161213875 15.14324005320668 138.84822234138846 1618.5843944046646 212.79722141101956 1558.0462036244571 15.170390106737612 182.93882527574897 50.881654292345047 32.191052611917257 38.736718744039536 20.789533842355013 909.29801286756992 247.41812706366181 413.886540081352 1374.308623123914 24.670158185064793 75.987740203738213 62.754676908254623 13.964592229574917 15.190129980444906 57.905910775065422 299.52193127013743 73.102992698550224 141.869533598423 205.04084100201726 14720.602722927928 49.036732077598572 158.72556797973812 45.330946177244186 19.180040448904037 34.933380953967571 28.11868580058217 330.48303496837616 90.793893173336983 18.040304906666279 403.03234059736133 2530.2301690131426 98.703880488872528 69.247790977358818 457.38990303874016 251.12004047632217 64.461458891630173 87.247572839260101 96.352426469326019 77.389657571911812 72.702916413545609 55.447340235114098 15.348537564277647 15.394110552966593 16.527526836842299 866.09364130347967 258.2100881934166 11172.273824729025 156.48882403969765 203.38083107769489
leaf_count=20775 11830 282 31577 4872 247 19562 403 194 1935 49465 4042 21574 199 2767 733 481 577 331 12198 3366 5608 18969 301 1118 949 201 215 1859 18646 347 1793 2617 63743 234 5364 591 242 454 375 4580 1341 277 5313 12868 555 341 2491 1444 322 466 544 380 373 302 208 230 250 12815 1833 78013 1112 1458
internal_value=-0.000132634 0.000902197 -0.011387 0.00298828 -0.00112693 -0.02184 -0.00253388 -0.00100649 -0.00371568 -0.0082206 -0.00424588 -0.002991 0.000673381 -0.00784377 -0.00253232 -0.0112272 0.00514258 -0.00274207 0.00142948 0.00112675 -0.00314983 0.00266195 0.00827352 0.00499056 0.0114907 0.00150172 0.0230895 -0.00593551 -0.0185073 0.00208804 -0.0133016 -0.00927562 0.00202147 -0.00892625 -0.0114044 0.000894379 0.0072908 0.0192762 0.0112746 0.00463065 0.00847637 -0.00730813 -0.00483609 0.00576603 0.00752439 0.00500348 0.0099696 0.00577989 -0.000597203 0.0135151 0.00620782 -0.00572911 -0.00576049 0.000773954 0.00291427 -0.00359606 -0.000930915 -0.000382023 -0.000119713 -0.000178162 -0.00460954 0.000705169
internal_weight=43715.4 40034.3 3681.11 19740.1 20294.2 855.841 8466.99 4474.76 1971.27 2825.27 3992.23 2959.88 998.801 1032.35 401.718 630.635 70.9278 1832.42 969.799 2503.49 661.305 1842.19 467.877 218.779 142.791 76.7193 66.0718 1676.49 618.498 14908.5 559.708 346.91 14842.7 122.14 1148.78 954.629 452.734 82.2321 63.0521 370.502 129.624 38.8298 1961.08 4831.69 2301.46 1118.03 1183.43 542.436 291.316 640.99 183.6 146.637 192.612 128.15 345.832 1702.8 898.015 882.621 11827.2 11790.4 618.08 359.87
internal_count=438552 291304 147248 89564 201740 58983 119077 63306 29009 88265 55771 40278 13391 15493 5983 9510 1058 27074 12988 34297 8974 25323 6354 3216 2098 1150 948 51324 38208 64606 8452 4410 64324 581 36941 12789 6160 1071 829 5089 1949 608 26887 24958 12090 5593 6497 2996 1552 3501 1010 721 997 675 4788 25125 13295 13065 82663 82416 4403 2570
cat_boundaries=0 1 2 3 4 5 6 7 8 9 10 11 12 13
cat_threshold=22325640 16253010 4100932 9330312 27394268 18941072 11793922 29696278 798722 23372712 20971808 2192092 9151812
is_linear=0
shrinkage=0.04


Tree=78
num_leaves=63
num_cat=14
split_feature=0 0 0 0 0 0 25 7 35 54 25 16 25 48 8 19 7 25 18 25 35 50 4 55 15 45 16 7 25 25 9 8 25 18 15 25 14 25 48 53 50 48 10 4 35 15 7 25 48 54 14 1 48 4 42 25 25 13 45 18 25 54
split_gain=294.15 108.827 54.0616 33.2095 22.478 16.8352 16.396 14.9521 14.41 13.382 13.3058 12.017 15.4568 10.8943 11.2024 10.45 10.6065 11.9278 10.4474 10.349 14.2206 18.8092 10.5465 9.71191 9.1669 13.0386 11.2845 10.5649 11.3102 8.78471 8.64612 10.908 10.5106 15.4316 8.87439 8.69264 14.2042 8.50617 9.59342 8.4883 8.44947 10.6246 8.83087 8.54497 8.52499 8.43556 8.4197 8.25368 8.20689 9.48461 14.3854 9.09256 9.45724 8.15394 12.2479 14.8225 13.5419 10.695 10.3435 9.81853 9.76115 10.8203
threshold=-3.3409157991409297 -1.7496883273124693 -4.6479060649871817 -0.57046681642532338 -2.563292264938354 -3.9345965385437007 0 60.500000000000007 2.3258333206176762 0.0091666667722165602 1 0.20710000395774844 2 0.66500002145767223 59.500000000000007 1.0000000180025095e-35 43.500000000000007 3 4.5000000000000009 4 -1.7941666245460508 0.14615000039339068 1.4732596278190615 3.5000000000000004 0.27815000712871557 2.5000000000000004 0.42135000228881841 42.500000000000007 5 6 1.0000000180025095e-35 57.500000000000007 7 8.5000000000000018 0.18980000168085101 8 0.26200000941753393 9 -2.0949999094009395 6.6749999523162851 0.1495499983429909 0.86500000953674328 0.17500000447034839 1.2896341085433962 1.1491666436195376 0.39894999563694006 50.500000000000007 10 1.044999957084656 0.025833333842456344 0.27600000798702246 2.5000000000000004 1.2250000238418581 1.4166362881660464 2.5000000000000004 11 12 7.6150000095367441 1.5000000000000002 14.500000000000002 13 0.062500000000000014
decision_type=2 2 2 2 2 2 1 2 2 2 1 2 1 8 2 10 2 1 8 1 2 10 2 2 2 2 2 2 1 1 2 2 1 8 2 1 2 1 10 2 10 10 2 2 2 2 2 1 10 2 2 2 10 2 2 1 1 2 2 8 1 2
left_child=2 4 -1 7 8 37 9 30 10 23 13 12 -6 14 -2 -13 -17 -18 -12 20 21 22 39 24 25 26 -5 28 -27 -9 31 32 33 34 -3 36 -33 -4 -39 -7 -34 42 -42 -43 47 -11 -19 -45 -35 50 -50 52 -52 54 56 -56 58 60 -32 -58 61 -55
right_child=1 3 5 6 11 19 -8 29 -10 45 18 15 -14 -15 -16 16 17 46 -20 -21 -22 -23 -24 -25 -26 27 -28 -29 -30 -31 53 35 40 48 -36 -37 -38 38 -40 -41 41 43 -44 44 -46 -47 -48 -49 49 -51 51 -53 -54 57 55 -57 59 -59 -60 -61 -62 -63
leaf_value=-0.030465615368885292 0.00035791135805495101 0.014836472018515337 -0.022632466097383536 0.005873953721493767 -0.011268450437823175 0.040647679489397646 0.0059798454833432562 -0.018149905938833737 -0.0161315677432553 -0.0016373549991331806 -0.018991663066531186 -0.00032400807159840492 -0.00064496232776295145 -0.0071574298959657034 -0.02587046987688316 -0.013829077532321252 -0.015255933948202294 0.0024924163227250536 -0.0052856344205593278 -0.01190642128451261 -0.0078791580281974225 0.06438038639960747 0.045057854238835307 0.013795800801714117 0.0040921349812194727 -0.01704360588415765 -0.016529673392931401 -0.027091480558610562 0.0085535763878539974 -0.00034190131735070732 -0.00071643685046391835 0.0135744999919602 -0.0001082637717356878 0.0054039349460215606 -0.0046058482692954341 -0.011640184787602094 -0.010335578836946354 -0.02391051297529791 -0.0089516434274170536 -0.0041869857216845704 -0.0055271970731020767 -0.00040008010825550968 0.015149239900357957 0.015264360802702699 0.020921403007837007 -0.015665966017991355 0.03616859723909277 -0.0078122736077101832 0.015077400068363351 -0.0082562313440602917 -0.017202183933092811 0.014719997685624852 0.000276239702768047 -0.0040234628427451491 0.00013780614006298348 0.0083843290662662211 0.0037272822854546622 0.014264271303129723 0.0075321839896809817 -0.0041939727037025717 0.0021179006045480057 0.014663356659855862
leaf_weight=272.24388825427741 1669.4319162145257 40.458800435066223 273.59043837524951 236.29338283836842 389.61417863145471 7.3224236834794274 4484.8002728670835 88.998073071241379 158.89098867401481 405.44330969452858 92.066257059574127 8744.4396026656032 500.93890167027712 433.42377424240112 26.467844557017088 178.9349076859653 24.937219016253948 26.523799356073141 2656.8353196997195 898.56292541697621 485.40278660878539 8.7081439998000842 8.7999814841896278 133.34373624622822 1508.2446443587542 43.446358889341354 42.431598156690598 50.568157002329826 49.237411543726921 91.667409509420395 359.25067532062531 75.911631211638451 7843.2757861465216 2037.4869458004832 524.84997782111168 189.98420664668083 83.459315255284309 88.016324765048921 310.87997952196747 87.398024996742606 173.51810262352228 87.532379783689976 40.826250463724136 39.821685016155243 127.97736191749573 82.543422728776932 21.513749722391367 41.713179692625999 124.49183568358421 153.20286394655704 55.038521841168404 61.708879560232162 495.01081559807062 852.07891967892647 486.0449283644557 1301.0149302557111 384.88413430005312 93.322539702057838 753.18539572507143 716.36300361901522 1909.0475649535656 52.640883192420006
leaf_count=24419 30898 207 16360 1170 3866 249 22060 450 2947 1832 1776 85418 4987 7963 506 1709 251 256 51305 32760 16948 302 296 616 7361 201 214 230 226 459 1754 371 38449 9709 2655 921 405 5179 18089 3046 954 450 224 199 612 373 211 214 646 852 286 374 2443 4282 2314 6166 1927 474 3731 3508 9604 277
internal_value=-0.000172013 0.000626467 -0.0136642 0.00217361 -0.0021022 -0.011555 0.00452581 0.00131538 -0.00427708 0.00193904 -0.00389096 -0.000994155 -0.00542648 -0.00149086 -5.1434e-05 -0.000555397 -0.0085875 0.00426491 -0.00572385 -0.00919229 -0.00483141 0.00791997 0.00317052 0.00335532 0.00263407 -0.00257739 0.00246335 -0.0123851 -0.00436136 -0.0101379 0.00142369 0.000783273 0.000988696 0.00282784 -0.00321437 -0.00618279 0.000991091 -0.0168119 -0.0119527 -0.000721014 0.000216293 0.00519832 -0.00158895 0.0100959 0.0144811 -0.00401031 0.0145463 0.00437235 0.00400449 0.000798748 0.00268296 0.000160706 -0.00147267 0.0025544 0.00372587 0.00618913 0.00173734 0.000942219 0.004825 -0.00141268 0.000500374 -0.00290408
internal_weight=43686.1 41245.1 2440.92 26321.1 14924 2168.68 7036.35 19284.8 5037.12 2551.55 4878.23 9886.9 890.553 2129.32 1695.9 8996.35 251.91 72.9748 2748.9 1496.19 597.631 112.229 103.52 2063.57 1930.22 421.977 278.725 143.252 92.6838 180.665 19104.1 12196.3 11846.9 3492.25 565.309 349.355 159.371 672.487 398.896 94.7204 8354.66 511.389 214.344 297.045 209.512 487.987 48.0375 81.5349 2926.94 889.453 736.25 611.758 550.049 6907.83 4000.74 1787.06 2213.68 2907.09 1112.44 1101.25 2813.77 904.72
internal_count=438941 321293 117648 129200 192093 93229 34283 94917 95395 12223 92448 96698 8853 39367 31404 87845 2427 718 53081 53601 20841 3893 3591 10018 9402 2041 1384 657 427 909 94008 59971 58274 17172 2862 1697 776 39628 23268 3295 41102 2653 1178 1475 1025 2205 467 413 14310 4601 3749 3103 2729 34037 19400 8480 10920 14637 5485 5435 14163 4559
cat_boundaries=0 1 2 3 4 5 6 7 8 9 10 11 12 13 14
cat_threshold=2772052 3790016 7870356 19988616 10880786 2099264 27919212 10559768 22701220 21236212 21532804 3691522 6190628 15892
is_linear=0
shrinkage=0.04


Tree=79
num_leaves=63
num_cat=13
split_feature=0 0 0 3 0 0 53 56 25 56 35 28 7 25 0 54 25 25 5 25 54 17 7 25 12 25 56 12 54 7 25 0 39 7 18 16 15 25 7 25 25 16 15 18 49 2 0 25 15 8 35 25 35 16 36 53 50 35 53 53 16 56
split_gain=295.576 104.046 60.3638 38.3585 18.749 14.0456 12.0177 11.7295 10.702 12.0544 11.5443 12.5172 10.6595 18.733 10.3788 9.7127 9.97063 9.69972 9.65008 19.0314 14.0527 11.0371 9.69253 9.46615 9.36103 14.2761 16.1236 12.6666 9.31169 9.81898 9.26702 10.5962 9.35124 9.06149 10.2317 9.16171 8.85168 14.0289 9.99556 16.7864 11.5113 11.2918 10.8093 9.68209 10.5544 11.8105 9.67182 10.2571 11.1088 9.60841 8.92085 8.89558 9.77947 9.60901 10.2722 10.7614 8.88747 8.72494 8.67443 8.63799 8.49905 8.45152
threshold=-3.2600187063217159 -1.7496883273124693 -4.3508243560791007 0.74734815955162059 -2.4708646535873409 -0.70223706960678089 6.7449998855590829 0.014576676301658155 0 0.0066880863159894952 1.1991667151451113 5.5000000000000009 41.500000000000007 1 -3.6224418878555293 -0.094166666269302354 2 3 3.5000000000000004 4 -0.052500000223517411 10.585000038146974 60.500000000000007 5 0.55180001258850109 6 0.0017146499012596907 0.54824998974800121 -0.060833333060145371 41.500000000000007 7 -2.9117056131362911 1.8336666822433474 30.500000000000004 18.500000000000004 0.31464999914169317 0.24424999952316287 8 42.500000000000007 9 10 0.52660000324249279 0.49240000545978552 7.5000000000000009 -1.1649999618530271 -0.61070337891578663 -0.96119156479835499 11 0.091749999672174468 54.500000000000007 1.0991666913032534 12 0.85916668176651012 0.43490000069141393 -0.11069166660308837 6.8949999809265146 0.024249999783933166 -2.5941666364669795 6.7550001144409189 6.6150000095367441 0.2653499990701676 -0.02528442349284887
decision_type=2 2 2 2 2 2 2 8 1 10 2 10 2 1 2 2 1 1 2 1 2 10 2 1 2 1 10 2 2 2 1 2 10 2 8 2 2 1 2 1 1 2 2 10 8 2 2 1 2 2 2 1 2 2 2 2 8 2 2 2 2 8
left_child=2 4 -1 5 12 18 7 28 9 10 -5 -12 13 -2 -8 16 -7 33 21 -20 -21 22 24 -9 27 -26 -27 36 -4 -30 -14 32 -32 34 35 -17 37 50 40 59 42 -42 43 49 -45 -46 51 -48 -49 -38 57 53 -53 54 55 -39 -51 -3 -44 -40 -33 -35
right_child=1 3 6 8 -6 15 14 23 -10 -11 11 -13 30 -15 -16 17 -18 -19 19 20 -22 -23 -24 -25 25 26 -28 -29 29 -31 31 60 -34 61 -36 -37 38 46 39 -41 41 -43 58 44 45 -47 47 48 -50 56 -52 52 -54 -55 -56 -57 -58 -59 -60 -61 -62 -63
leaf_value=-0.026073086321693681 -0.0055890251459290909 -0.01470658809121018 -0.026618947224828646 -0.0036085907305638521 -0.00073728587023910415 -0.0028733991938308841 -0.014704583529018052 0.0041623001640392161 0.011055707679750471 -0.011348247397767772 0.00063065301512040309 0.017452921915870185 -0.0089184711514875125 0.00041807170569776428 -0.0086658930491484397 0.0058111941819725911 0.012989552285592685 0.0017336305590540341 0.0066028051063182595 0.0064229378822172681 -0.0013702241260595371 -0.013693294707478494 -0.010202673471765412 -0.012160221205889825 0.0036002723501961371 -0.012936336629297494 0.0079417038900988744 0.021971673680845374 0.016195982212014549 -0.006205855366261716 -0.0072443547738469463 -0.0090827296128255658 -0.033301215146344688 0.013454885254501619 0.0048573390385677909 0.022509198177869255 0.00068938743261673374 0.02875692006309892 0.015679543991457431 -0.0034192633055116352 0.0024706436781418519 0.016910846196530424 -0.02772973341620456 0.013749469523676927 -0.015404735486511886 -0.002335115042640406 -0.00070199352076010565 0.0039140201381197429 0.020602195062409248 -0.0034483332461347571 -0.0076895420927057421 -0.0058512226154242347 0.0064259943502288563 -0.010957280904080746 0.0053238227973437585 0.0042464410252251216 0.016743840797762224 0.0044455112306659448 -0.0040424189500782174 0.0013238795044768789 0.00095510743437797897 0.0032594259889991146
leaf_weight=452.17833286058158 1490.7193878032267 42.654581971466541 13.623671397566794 131.30854931473732 8986.4872990511358 82.633073911070824 870.54921337869018 72.228353557176888 970.43085113167763 72.943312793970108 118.73942589759827 175.18602824211121 916.89022782072425 1864.4331998489797 954.8916134852916 86.304365232586861 284.83071950078011 4211.5285784006119 1482.1513292938471 495.30341292917728 1465.8856953158975 83.240952700376511 124.23009572178125 245.22785007208586 252.19243655353785 299.68722293525934 73.747748523950577 47.076081186532974 86.34247697237879 49.112020703032613 424.12512154504657 167.72872934490442 23.244356196373701 136.38612258434296 329.7555515319109 134.51603163778782 861.91451087594032 77.07667051255703 69.680518925189972 1996.9761021360755 4685.6361781731248 88.276282727718353 41.162403039634228 54.288855969905853 132.21403396129608 677.57810029387474 94.614113464951515 92.961585208773613 203.60188543796539 48.601876273751259 218.33608703315258 230.93915817886591 188.57541125267744 37.688174068927765 231.19999670982361 45.626526519656181 123.49760167300701 353.19091836363077 61.985002845525742 1785.6183017492294 690.83973257243633 2817.5894696712494
leaf_count=38249 26587 213 483 797 84571 370 41700 2681 6142 440 746 1110 16599 31720 29154 383 1272 18299 8173 2606 8195 414 635 9318 1273 1471 374 237 3194 1823 9706 2682 543 607 1438 599 4263 417 333 9838 23006 424 198 305 815 3127 389 380 833 263 1084 1227 1026 203 1240 253 582 1747 307 8822 10904 12316
internal_value=-8.34774e-06 0.000844631 -0.0127165 0.00234571 -0.00186798 0.00197449 -0.0100815 -0.00435208 0.00862731 0.00360263 0.00625198 0.0106571 -0.0036896 -0.00226634 -0.0115457 0.00334408 0.00969768 0.0030415 0.00131421 0.00320186 0.000594926 0.000826388 0.000917668 -0.00869842 0.00102299 -0.00375177 -0.00858339 0.00126214 0.00490328 0.0080737 -0.00583789 -0.00357934 -0.00859821 0.00459515 0.00931954 0.015983 0.0011838 0.00376425 0.00074274 -0.000884121 0.00166775 0.00273194 -0.000880089 -0.000199189 -0.00332434 -0.00446898 0.00624748 0.0114655 0.0148697 0.00241237 -0.00117929 0.00380795 -0.000324766 0.00803838 0.0102884 0.0196428 0.0110415 0.00238176 -0.0134952 0.00185306 -0.00100587 0.00373015
internal_weight=43628.2 40884 2744.15 26319.6 14564.5 24851 2291.98 466.534 1468.61 498.177 425.234 293.925 5577.98 3355.15 1825.44 8083.54 367.464 7716.08 16767.4 3443.34 1961.19 13324.1 13240.8 317.456 13116.6 625.627 373.435 12491 149.078 135.454 2222.83 1305.94 447.369 3504.55 550.576 220.82 12443.9 1816.47 10627.4 3852.27 6775.15 4773.91 2001.24 1898.09 864.081 809.792 1202.28 391.178 296.563 1034.01 614.182 811.106 419.515 391.591 353.903 122.703 172.099 395.846 103.147 1855.3 858.568 2953.98
internal_count=439106 312504 126602 129192 183312 119957 88353 17499 9235 3093 2653 1856 98741 58307 70854 35284 1642 33642 84673 18974 10801 65699 65285 11999 64650 3118 1845 61532 5500 5017 40434 23835 10249 15343 2420 982 61295 9012 52283 18993 33290 23430 9860 9355 4247 3942 5968 1602 1213 5108 3044 4366 2253 2113 1910 670 845 1960 505 9155 13586 12923
cat_boundaries=0 1 2 3 4 5 6 7 8 9 10 11 12 13
cat_threshold=5277274 27691308 25834688 6033900 2843014 19980562 24707658 6120068 12583532 29624926 854038 315392 384016
is_linear=0
shrinkage=0.04


Tree=80
num_leaves=63
num_cat=10
split_feature=0 0 0 0 0 4 25 35 49 56 25 25 55 17 56 25 45 48 49 56 25 11 38 35 39 13 16 0 2 51 51 25 17 8 25 48 31 17 11 25 48 38 49 11 49 25 13 14 25 7 36 50 45 4 17 7 49 35 36 35 13 15
split_gain=283.925 76.2039 63.0398 19.8897 17.0968 16.5717 15.6557 14.8607 12.2312 10.6177 12.466 9.81232 10.87 9.51113 9.21277 15.3615 9.13786 14.2333 13.184 8.93206 11.7245 8.78372 15.0186 14.5415 18.5038 13.9739 11.0325 10.1911 9.88946 8.71718 12.5543 12.124 11.6787 10.9462 23.4724 10.888 12.6559 11.3541 11.2202 11.841 12.6271 12.2274 10.8219 10.2812 13.359 11.8332 10.1854 11.7125 9.06407 9.59968 8.89907 11.6955 9.44016 10.535 8.76162 10.8406 8.66024 8.64535 8.53889 10.2159 11.1773 8.6447
threshold=-3.0082942247390743 -3.8424757719039913 -1.1487106680870054 -4.6479060649871817 -2.2957198619842525 0.93600317835807811 0 -0.2275000065565109 -7.0150001049041739 -0.0060211725067347279 1 2 1.5000000000000002 9.1550002098083514 0.029941536486148838 3 4.5000000000000009 -2.1750000715255733 -5.6649999618530265 -0.023985526524484154 4 4.7249999046325692 -0.00083333335351200289 -1.3208333849906919 -1.1663333177566526 3.6450001001358037 0.1592499986290932 -3.308025479316711 -2.7640032768249507 -0.024999999441206452 0.014999999664723875 5 8.8449997901916522 46.500000000000007 6 -2.2649999856948848 -1.4999999999999998 1.0649999976158144 4.6849999427795419 7 -1.9750000238418577 -0.0058333333581686011 -0.36500000953674311 5.8350000381469735 1.0099999904632571 8 4.2550001144409189 0.28020000457763677 9 56.500000000000007 0.094258334487676634 0.10105000063776971 3.5000000000000004 1.210266709327698 3.2699999809265141 38.500000000000007 -6.4800000190734854 -3.6741666793823238 0.033441666513681419 1.2524999976158144 7.0950000286102304 0.3103999942541123
decision_type=2 2 2 2 2 2 1 2 8 10 1 1 2 10 10 1 2 10 8 8 1 2 2 2 8 2 2 2 2 10 10 1 10 2 1 10 2 8 2 1 10 2 8 2 10 1 2 2 1 2 2 10 2 2 8 2 8 2 2 2 2 2
left_child=1 3 4 -1 13 9 7 16 -6 11 -11 12 -4 29 -7 -16 17 -3 -19 20 -8 22 57 28 -25 -26 -23 -27 -24 33 31 50 -32 34 42 -33 38 -38 39 41 -41 -37 -2 44 48 -45 -43 -48 -35 -50 51 -31 53 -52 -42 -56 -9 -20 59 61 -61 -12
right_child=2 6 5 -5 8 14 19 56 -10 10 58 -13 -14 -15 15 -17 -18 18 21 -21 -22 26 23 24 25 27 -28 -29 -30 30 32 35 -34 43 -36 36 37 -39 -40 40 54 46 -44 45 -46 -47 47 -49 49 -51 52 -53 -54 -55 55 -57 -58 -59 -60 60 -62 -63
leaf_value=-0.029214339396958645 0.008202604123523069 -0.015190893027070967 0.0097420154888407037 -0.016414108304398215 0.025922921140894381 0.0024793640857549235 0.016590121658321317 0.028727165285691782 0.00014577266067669403 0.0095646943246886496 -0.0066343518814814401 0.011169798792017568 -0.0013028440597070885 -0.012324205992261503 0.0040813981642364846 -0.010021365948589458 -0.0042442862878733544 0.06132609009249728 0.04147774832861903 -0.010487518671551729 -0.011522459679970825 0.047444918782475434 0.030170435829534666 -0.0078952100223127694 0.11166213201022811 0.013113562308588152 -0.0019059102881914816 0.075866456963148934 -0.02034272008123892 -0.0031989523225123264 -0.0045637433348607219 -0.015431867114319606 0.027852128715960003 -0.00073965376145349775 -0.0099187859355611661 -0.019491317707051776 0.028677874746722981 -0.00020909673759396529 0.011682680276187725 0.027840249545515162 0.016603295901707067 0.0051559114344313156 0.052728469689202272 -0.0087980790119051942 -0.021811233708682685 0.0092884031141913567 0.054539268233467525 0.012709807166800096 -0.010828878765264885 0.015528745346707822 -0.017171724138970734 0.010984519152897569 -0.023374776653215312 0.021832340116552575 -0.0019962309902711913 -0.024389679497127958 -0.0083464800485360743 -0.0021918215279201078 0.0069849249985938864 0.006414374729738527 -0.017090886052434751 -0.034033818671791151
leaf_weight=256.74975238274783 13.96709970012307 47.061723316088319 277.13258150219917 797.61305299028754 29.506411798298359 14964.289518594742 39.017048629000783 10.2292298451066 16078.611630357802 168.72374363988638 37.419011205434799 755.51373836398125 293.62577006220818 147.27402403205633 236.85560405254364 241.35780094563961 323.45444656163454 7.3773491606116295 8.1821715235710126 1469.4337681811303 36.994847850874066 7.6350617446005336 13.966607417911293 7.1220068875700235 7.3042211495339933 8.0846951045095992 142.89466620236635 8.487953171133988 11.153634881600736 1017.5881908014417 1557.6709642782807 55.178926732391119 17.98809277638793 316.42932892590761 49.667934339493513 16.869140170514584 22.150902945548296 1267.6890555173159 371.8863057307899 16.328297402709723 18.6809644959867 49.557699024677277 23.30883052945137 90.93352684378624 98.822983380407095 126.63049711659551 19.640393689274788 23.556133110076189 489.84702296927571 23.153778273612261 24.579660024493933 102.37773564830422 66.181485451757908 20.173476412892342 73.210319027304649 65.56489796563983 697.40245649963617 63.904073910787702 84.106996841728687 92.815750986337662 49.702285572886467 36.294485628604889
leaf_count=24342 205 1394 1742 46465 216 64333 1059 285 113673 1020 215 4662 1757 2202 1014 1035 9365 203 229 43951 1022 216 440 206 202 271 3958 194 271 15177 23135 887 268 4799 732 256 312 18564 5143 248 272 742 339 1393 1483 1851 298 348 7380 356 375 1519 981 279 1021 972 19764 1806 509 550 300 210
internal_value=-0.000112325 -0.010318 0.000911024 -0.0195311 -0.000493488 0.00272759 -0.0069795 -0.0037615 0.000192991 0.00636497 0.00119244 0.00819433 0.0039901 -0.00228079 0.00230471 -0.00316058 0.000544786 0.00519415 0.00854722 -0.00973291 0.00357447 0.0071503 0.0148445 0.0303609 0.0486903 0.0655687 0.000597227 0.0452535 0.0077421 -0.00203589 -0.00126631 0.000161178 -0.00419368 -0.00503667 0.00864664 0.00207931 0.00258675 0.00028699 0.00711346 0.00111775 -0.00533506 0.0108447 0.0284205 -0.00607495 -0.00790931 0.00175148 0.0175311 0.0317286 -0.00625296 -0.00945495 -0.00294888 -0.00190242 -0.0137795 0.00041023 -0.00911419 -0.0125761 -0.00781056 0.00276491 -0.00370599 -0.00803579 -0.00178294 -0.0201251
internal_weight=43496.9 3964.07 39532.9 1054.36 22295 17237.8 2909.71 1364.26 16108.1 1795.33 469.062 1326.27 570.758 6186.91 15442.5 478.213 656.629 333.174 286.112 1545.45 76.0119 278.735 128.205 56.1191 30.9989 23.8769 150.53 16.5726 25.1202 6039.63 4806.87 3231.21 1575.66 1232.76 86.9439 2000.31 1945.13 1289.84 655.294 283.408 173.784 109.623 37.2759 1145.82 928.253 217.564 92.7542 43.1965 829.43 513.001 1230.9 1119.97 110.935 44.7531 157.456 138.775 707.632 72.0862 300.339 216.232 142.518 73.7135
internal_count=438416 155643 282773 70807 205426 77347 84836 38804 113889 10965 2804 8161 3499 91537 66382 2049 18755 9390 7996 46032 2081 7793 3619 1584 873 667 4174 465 711 89335 70797 47394 23403 18538 1276 29063 28176 18876 9300 4157 2513 1644 544 17262 14018 3244 1388 646 12535 7736 18331 16696 1635 654 2265 1993 20049 2035 1784 1275 850 425
cat_boundaries=0 1 2 3 4 5 6 7 8 9 10
cat_threshold=15816210 25829760 21563210 1981048 958596 12728582 24216740 1835560 18129826 13903128
is_linear=0
shrinkage=0.04


Tree=81
num_leaves=63
num_cat=8
split_feature=0 0 0 3 0 25 35 38 31 34 25 36 48 11 25 35 3 56 27 36 17 18 54 13 14 25 50 36 17 25 2 15 14 54 25 25 14 25 12 48 56 28 11 11 38 48 18 11 50 36 36 35 11 51 2 18 35 15 4 39 51 11
split_gain=257.729 87.2666 46.8874 28.3283 23.6831 17.0555 10.8794 12.4027 10.7025 18.0852 11.0361 13.7098 10.5345 10.4358 10.283 11.17 10.2662 9.97152 9.75628 14.8896 11.9059 10.7486 9.73172 10.2829 11.0427 13.4887 13.9449 12.98 12.2559 10.4382 9.48426 9.36699 9.1894 9.17206 16.8199 11.5813 12.6157 16.659 13.4036 11.5525 10.4904 9.55933 9.15744 13.4498 14.6086 15.0531 9.70627 9.56206 9.03576 8.8779 11.1568 8.73363 8.70071 8.60574 14.5505 13.1861 12.8052 10.0434 9.81336 9.81179 10.9336 8.61897
threshold=-3.3409157991409297 -1.1487106680870054 -4.1701359748840323 0.75973206758499157 -2.563292264938354 0 2.3258333206176762 -0.027500000782310959 -1.4999999999999998 0.42249999940395361 1 0.032658334821462638 -0.25499999523162836 1.6449999809265139 2 -0.010833333246409891 0.47355824708938604 -0.015299926977604626 5.5000000000000009 0.060325000435113914 6.5250000953674325 42.500000000000007 0.052500000223517425 5.1050000190734872 0.35015000402927404 3 0.10485000163316728 -0.054074998944997781 5.0499999523162851 4 -3.4078608751296993 0.28755000233650213 0.52959999442100536 -0.0058333333581686011 5 6 0.58834999799728405 7 0.56014999747276317 -1.6549999713897703 0.032498849555850036 6.5000000000000009 5.7049999237060556 5.7449998855590829 0.017500000074505809 0.064999999478459372 29.500000000000004 5.6549999713897714 0.092349998652935042 -0.039258334785699837 -0.068608332425355897 0.78416669368743908 3.3549998998641972 0.014999999664723875 -0.35856500267982477 41.500000000000007 2.6491667032241826 0.36304999887943273 1.5220158100128176 2.1291667222976689 1.0000000180025095e-35 6.8350000381469735
decision_type=2 2 2 2 2 1 2 2 2 2 1 2 8 2 1 2 2 10 10 2 8 10 2 2 2 1 10 2 8 1 2 2 2 2 1 1 2 1 2 8 10 8 2 2 2 10 8 2 10 2 2 2 2 10 2 8 2 2 2 8 8 2
left_child=2 4 13 12 6 30 7 -2 9 22 11 16 -3 -1 -9 42 -11 51 21 -20 -21 -17 23 -6 25 26 31 29 -27 -26 -4 -25 -29 34 53 41 40 -38 48 -36 -37 -35 47 -44 46 -46 -45 -16 49 50 -39 -18 -41 57 55 56 -55 -10 -56 -59 61 -61
right_child=1 3 5 -5 8 -7 -8 14 33 10 -12 -13 -14 -15 15 18 17 -19 19 20 -22 -23 -24 24 27 28 -28 32 -30 -31 -32 -33 -34 35 39 36 37 38 -40 52 -42 -43 43 44 45 -47 -48 -49 -50 -51 -52 -53 -54 54 58 -57 -58 59 -60 60 -62 -63
leaf_value=-0.036655558560072514 -0.01272325364605901 -0.014403657638500109 -0.01343580099333744 0.0088504139517785914 -0.00026554378623052055 -0.013042262342417885 -0.013759070092801562 -0.0046776694531862045 -0.0016107204421691788 0.011728338811833494 0.0030586938568042277 0.0011200789310078639 0.0024973539957612459 -0.020601608009852352 0.00050295882811535176 -0.0051736220128728375 0.060189381797618957 0.013934761985489293 0.00059223135109798806 0.060374886599541031 0.0042086795461284375 0.029633298169511792 -0.0070478187377384172 0.012085060730436199 0.0049838674482555675 0.00067588829007373839 0.027115919812392 0.0022051160683019527 0.022902336635127574 -0.02026919861811987 -0.0025931976370951598 -0.010715597223927167 0.022095685843370818 -0.0038944687844504567 -0.015318615830447234 -0.0013161996164574839 -0.0045729911160507569 0.022571592305081462 -0.0061203916730755929 0.016642441427837957 -0.011219157029072087 -0.013738294967759808 0.050561043002352236 -0.0066496665712289264 0.011022200877766926 0.068311348873948158 0.010269909301180099 -0.033611247883546046 -0.002402907352945502 0.02417169057997353 -0.010579373899513189 0.026562732152264228 -0.0010204724599769649 -0.0024964090139595013 0.027394960840854712 0.0098841339308081613 0.019721647336058627 -0.00056911412443809797 0.004583063083598217 0.0019469617808881385 0.021364485743839121 0.022020741011180338
leaf_weight=73.973011716268957 200.19836470670998 59.224550202488899 164.75008253660053 1181.9938442930579 2701.9171928688884 997.09892392158508 154.49350424669683 2030.9603385385126 914.66545155271888 90.93299961835146 372.57615096867085 82.075582392513752 16093.368760228157 521.66041508875787 1010.77733457461 1139.7819601353258 23.520952813327312 32.211784884333611 129.86476274952292 13.204047486186026 11.127395559102299 14.374145045876501 257.29503105208278 40.515622764825821 40.765221890062094 53.499950602650642 27.276128564029932 445.27131884917617 153.81859425827861 62.295804869383574 596.16856806538999 99.942108567804098 40.547314666211605 911.45705530419946 90.023749753832817 5006.0597907304764 178.58440525829792 33.041002579033375 59.138329163193703 45.032024659216404 177.21126933395863 190.89983559772372 11.585546407848595 96.851513981819153 20.166186526417736 11.536426100879906 123.32947739213705 13.319454457610844 39.531109970062971 139.61107454821467 31.949469432234764 26.038917444646358 4901.7254497781396 431.31244181841612 77.450943797826767 347.56710448488593 45.923489056527615 281.05214706063271 49.428872659802437 210.66978179290891 91.358496554195881 40.860688019543886
leaf_count=7010 3806 263 8026 7780 20890 40242 2938 40180 7074 635 2885 619 69768 41380 18915 21324 210 285 2440 240 210 256 2191 322 328 412 231 3535 1229 505 21127 772 314 7604 858 41801 1447 255 462 335 1533 1598 210 1789 379 209 2266 245 306 1099 261 227 36285 3236 381 2601 319 2146 257 1594 633 300
internal_value=-2.26234e-05 0.000713499 -0.0128961 0.00287281 -0.000857462 -0.0096099 -0.00331027 -0.00297585 -0.000209078 0.00148043 0.0077864 0.0140292 0.00243539 -0.0225954 -0.00255409 -0.000871303 0.0209765 0.0312607 -0.00347759 0.00597248 0.0346886 -0.00474013 0.000472034 0.00099983 0.00454669 0.00991135 0.000890723 0.00112998 0.0163767 -0.0117636 -0.00487669 -0.00413865 0.00386522 -0.000746913 0.000213833 -0.00181549 -0.00107734 0.00511167 0.0106153 -0.00111589 -0.00165477 -0.00554883 0.00177029 0.008421 0.00648274 0.0318694 0.00282746 5.92677e-05 0.0151042 0.0184868 0.0062745 0.0425218 -0.000859681 0.00289615 0.00589761 0.00395774 -0.000358408 0.00105846 0.0185081 0.00497134 0.00951263 0.00520791
internal_weight=43514.9 41161.2 2353.65 17334.6 23826.6 1758.02 4981.57 4827.08 18845.1 4550.5 627.356 254.78 16152.6 595.633 4626.88 2595.92 172.705 81.7717 1308.35 154.196 24.3314 1154.16 3923.14 3665.85 963.932 375.052 167.734 588.88 207.319 103.061 760.919 140.458 485.819 14294.6 7527.07 6767.48 5665.13 481.855 303.271 5036.78 5183.27 1102.36 1287.57 263.469 251.884 31.7026 220.181 1024.1 244.133 204.602 64.9905 49.5599 4946.76 2490.29 951.683 824.803 477.236 1538.61 126.88 623.941 342.889 251.53
internal_count=438978 321193 117785 77811 243382 69395 95407 92469 147975 35590 4861 1976 70031 48390 88663 48483 1357 722 24470 2890 450 21580 30729 28538 7648 2966 1325 4682 1641 833 29153 1094 3849 112385 56019 56366 47164 3830 2383 37478 43334 9202 24013 4853 4643 588 4055 19160 1921 1615 516 437 36620 18541 6794 6156 3555 11747 638 4673 2527 1894
cat_boundaries=0 1 2 3 4 5 6 7 8
cat_threshold=10880790 8502880 25569678 11145594 27496648 19014532 2105604 5118096
is_linear=0
shrinkage=0.04


Tree=82
num_leaves=63
num_cat=13
split_feature=0 0 0 3 0 56 53 25 0 25 7 25 50 48 3 31 34 25 50 25 25 48 25 25 34 18 56 8 18 36 15 29 0 6 25 36 6 54 0 18 50 25 39 38 53 7 14 25 25 50 18 3 15 56 25 50 28 39 39 46 35 48
split_gain=238.442 71.8159 61.1462 22.1297 18.1763 16.8302 15.9243 13.4686 12.5266 12.5601 11.0701 15.2296 16.8424 11.0676 10.9674 10.7127 18.233 16.8332 13.3385 13.2219 12.9766 11.7166 11.3262 10.0469 12.2847 14.4685 16.1798 9.96998 9.33288 9.22483 11.4114 9.12314 19.8741 9.06516 12.3143 12.4109 9.04403 9.68997 9.03126 13.9029 8.91227 8.99306 9.20558 8.85534 10.9543 9.30447 9.53603 13.9104 12.6072 9.24821 8.75336 8.64055 15.126 8.61567 14.7303 11.1984 10.746 8.76311 11.7333 13.8243 8.56075 8.45436
threshold=-3.0809003114700313 -1.2152394652366636 -4.0605709552764884 0.63000038266181957 -2.2544609308242793 0.0066880863159894952 6.7850000858306894 0 -4.6479060649871817 1 44.500000000000007 2 1.0000000180025095e-35 -2.0949999094009395 0.44985336065292364 -1.0000000180025095e-35 1.1925000548362734 3 -0.10215000063180922 4 5 -1.6850000023841856 6 7 -1.0975000262260435 10.500000000000002 -0.017720650881528851 59.500000000000007 41.500000000000007 -0.2306583374738693 0.20059999823570254 1.0000000180025095e-35 -1.979622423648834 2.5000000000000004 8 0.034308332949876792 2.5000000000000004 0.089166667312383666 -1.283464193344116 14.500000000000002 -0.12894999980926511 9 1.5836666822433474 -0.017500000074505802 7.0650000572204599 27.500000000000004 0.20059999823570254 10 11 -0.044649999588727944 4.5000000000000009 0.75973206758499157 0.091749999672174468 -0.0064401256386190644 12 0.10105000063776971 5.5000000000000009 -0.49916666746139521 0.15366666764020923 2.5000000000000004 2.9208333492279057 1.1050000190734866
decision_type=2 2 2 2 2 8 2 1 2 1 2 1 8 10 2 2 2 1 8 1 1 10 1 1 2 8 8 2 10 2 2 2 2 2 1 2 2 2 2 8 10 1 10 2 2 2 2 1 1 8 10 2 2 8 1 10 10 8 8 10 2 10
left_child=2 4 8 10 23 6 -4 -7 -1 -10 53 12 -12 -9 -8 16 17 31 22 -20 -18 -19 -17 24 -2 26 -26 -27 -21 -24 -31 60 -33 34 50 -36 37 -25 43 -40 41 42 -32 45 -45 -23 48 -48 -47 -46 -5 -35 -53 54 57 56 -56 -3 -59 -60 61 -6
right_child=1 3 5 33 15 7 14 13 9 -11 11 -13 -14 -15 -16 18 20 21 19 28 -22 38 29 36 25 27 -28 -29 -30 30 40 32 -34 51 35 -37 -38 -39 39 -41 -42 -43 -44 44 49 46 47 -49 -50 -51 -52 52 -54 -55 55 -57 -58 58 59 -61 -62 -63
leaf_value=-0.027925405352702232 -0.011225875898319892 0.018795258909573891 0.0058588567940971717 -0.009250445247986093 0.0035705208823331083 -0.0058823967416583786 -0.018785057521552705 -0.023477860532060055 -0.0077230686073788933 -0.022389059234256898 -0.007649885867314932 -0.0022714055483093365 0.0039824973608483952 -0.011079832124891227 -0.0035459281752479922 -0.011440722763701979 -0.0033931364970286593 -0.0041572596190506761 0.0026457992177733279 -0.001752066912835884 0.011098382107089452 -0.013904755842132757 0.019936544792963033 -0.0015057366634600603 0.01280260716605852 0.0021035566729744122 -0.010937675168530385 -0.024260972770688186 0.01575563857733471 -0.013292781916056704 0.0020200558523899449 -0.006102048213332315 0.030555165174545179 0.0035666713060567268 0.012229662703509952 0.037031175770170163 -0.0054400151068644768 -0.01861144008848847 -0.006679208168682566 0.021623713224376024 -0.0077292379904004777 0.0091430155431232868 -0.019457290647273168 0.00053232613810437588 -0.0050398568772694963 -0.01049971851835412 -0.01286902379724191 0.0014471749213736146 0.019759752775864912 0.023846599871188361 0.011907651908816198 -0.013564683257496952 0.0085713652651081274 0.0020499781835915222 0.0073380847528562122 0.016037333709544736 -0.0034492635632424034 -0.0078008596751729803 0.0066270727072807369 0.023420750949732089 0.022265948931505065 -0.0029128696503983717
leaf_weight=243.51512578502297 154.37631779164076 124.97596663236618 255.09764405339956 57.841448932886124 1891.0475740507245 1041.7017191834748 93.616341071203351 132.68642332404852 199.18909703753889 262.40228003356606 225.09271860122681 2091.1457702517509 1728.1418153196573 874.362977379933 391.81460700184107 318.11755764484406 126.47193229198456 1252.5531261488795 1682.6992588415742 4138.0256552696228 440.83701222389936 127.13748097419739 28.528182961046696 2439.997470498085 54.669793784618378 1899.0421754270792 287.40291142463684 23.230282131582499 49.297021627426147 143.20234179496765 117.35280182212591 40.585963517427444 56.75645999610424 3364.1836852431297 89.249078802764416 50.576841115951538 2099.6170084178448 54.162094663828611 44.019388273358345 75.222279369831085 180.42711431533098 179.04779010266066 43.866587117314339 2591.9409565776587 25.340698637068272 28.151074662804604 167.61942405998707 280.4160883128643 54.766608282923698 59.070420600473881 68.142352283000946 51.708995327353477 1101.5243526920676 7920.7306220680475 209.2299949079752 74.320504024624825 502.8650786280632 73.69356843829155 540.29469537734985 91.745481118559837 35.486894883215427 387.80131198465824
leaf_count=24323 2438 522 7918 272 13300 33719 3025 4803 13096 17834 1011 8915 7295 29426 12777 2363 865 7813 11946 29595 2990 927 209 36906 770 27550 4236 360 356 1052 871 386 376 16106 421 242 31882 891 224 376 1311 1301 303 19626 205 212 1257 2032 418 463 326 332 7299 33699 890 320 2139 310 2304 388 240 2673
internal_value=-4.14479e-05 0.000835102 -0.0100611 0.00267356 -0.000729624 -0.00740079 -0.00223267 -0.00926882 -0.0205851 -0.0167126 0.00184957 9.58942e-05 0.00262851 -0.0125884 -0.00648483 7.58909e-05 0.00110231 0.000552273 -0.00107057 -0.000339837 0.00800356 -0.000841363 -0.00531523 -0.00240277 -0.000306935 0.00043613 -0.00714352 0.00178495 -0.00154227 -0.00230255 -0.00329286 0.00326183 0.0152713 0.00501332 0.012192 0.0197857 -0.00349799 -0.0018772 0.000358782 0.0111754 -0.000542666 0.00326802 -0.00360044 -2.80262e-05 0.000994142 -0.00418502 -0.00185762 -0.00416375 0.0106032 0.0151747 0.00203227 0.00459092 0.00757882 0.00259319 0.00525385 0.0012465 -0.000279691 0.00892508 0.00730367 0.0090648 0.0027708 0.00246722
internal_weight=43438.1 39943.8 3494.39 18365.5 21578.3 2789.28 740.529 2048.75 705.107 461.591 13582.2 4044.38 1953.23 1007.05 485.431 14565.8 7685.22 7117.92 6880.56 5870.02 567.309 4706.24 1010.54 7012.5 2418.72 2264.35 342.073 1922.27 4187.32 692.425 663.897 2411.68 97.3424 4783.23 265.81 139.826 4593.78 2494.16 3453.68 119.242 520.694 340.267 161.219 3334.44 2676.35 658.091 530.953 448.036 82.9177 84.4111 125.984 4517.42 1153.23 9537.86 1617.13 786.416 712.095 830.71 705.734 632.04 2314.34 2278.85
internal_count=438435 291514 146921 82791 208723 91668 23720 67948 55253 30930 57793 17221 8306 34229 15802 103690 54383 50528 49307 41897 3855 33553 7410 105033 35354 32916 5006 27910 29951 5047 4838 16975 762 24998 1261 663 69679 37797 25740 600 3786 2475 1174 25140 20294 4846 3919 3289 630 668 598 23737 7631 40572 6873 3349 3029 3524 3002 2692 16213 15973
cat_boundaries=0 1 2 3 4 5 6 7 8 9 10 11 12 13
cat_threshold=15353142 3404802 14101192 9484306 3360256 2207746 5518472 2643152 21594944 18989092 2425128 19416576 20647084
is_linear=0
shrinkage=0.04


Tree=83
num_leaves=63
num_cat=10
split_feature=0 2 0 3 0 25 55 7 25 25 3 25 48 39 53 51 48 7 55 48 14 51 53 3 48 26 54 15 39 31 34 25 15 25 14 25 8 15 14 25 50 16 14 35 43 27 3 17 8 26 25 7 25 50 26 38 10 48 35 20 48 46
split_gain=224.983 90.1702 33.2294 33.106 20.8516 17.2745 14.5685 15.5055 14.5567 13.5588 10.0288 10.1168 9.28818 10.6114 10.1324 14.5352 9.24006 10.3298 10.2241 9.77048 13.4201 9.04189 8.92747 12.4992 8.73881 12.2518 10.3343 12.1434 9.92982 8.68065 14.502 16.7536 13.3534 18.17 12.6242 21.6169 12.0657 10.5839 10.5838 9.61902 16.8239 14.3693 14.5062 12.8674 9.54703 14.78 11.745 8.99935 8.79067 8.7841 14.3874 9.56512 12.6457 13.5816 10.2223 9.34136 8.63363 8.61364 8.60246 10.0016 8.55061 11.9764
threshold=-3.5469450950622554 -0.9897826313972472 -4.6479060649871817 0.64644789695739757 -2.8310116529464717 0 5.5000000000000009 56.500000000000007 1 2 0.82174682617187511 3 1.2649999856948855 0.1918333321809769 6.9049999713897714 0.034999999217689044 -0.70499998331069935 40.500000000000007 4.5000000000000009 0.28499999642372137 0.24454999715089801 1.0000000180025095e-35 6.9549999237060556 0.68164494633674633 0.10500000044703485 3.5000000000000004 0.047499999403953559 0.30144999921321874 -0.62450000643730152 -1.0000000180025095e-35 0.95916664600372326 4 0.39784999191761022 5 0.40749999880790716 6 50.500000000000007 0.41605000197887426 0.1766999959945679 7 -0.051550000905990594 0.22895000129938128 0.18535000085830691 1.0658333897590639 2.5000000000000004 5.5000000000000009 0.46648937463760382 7.0499999523162851 57.500000000000007 1.5000000000000002 8 34.500000000000007 9 -0.020550000481307503 6.5000000000000009 -0.029166666790843006 0.17500000447034839 1.4650000333786013 1.1491666436195376 2.5000000000000004 1.0049999952316286 4.5000000000000009
decision_type=2 2 2 2 2 1 2 2 1 1 2 1 8 8 2 10 10 2 2 10 2 10 2 2 8 2 2 2 10 2 2 1 2 1 2 1 2 2 2 1 8 2 2 2 2 8 2 10 2 2 1 2 1 10 2 2 2 10 2 10 10 8
left_child=2 4 -1 29 6 -4 7 9 21 12 11 -5 14 -14 -2 16 -16 18 19 20 -18 -8 -13 -24 25 -23 -27 -28 -26 30 31 57 34 36 35 -31 -34 -38 -33 41 43 -32 -43 -41 46 -46 47 -42 -40 50 -36 52 53 54 -51 -54 -44 60 59 -59 -3 -62
right_child=1 3 5 10 -6 -7 8 -9 -10 -11 -12 22 13 -15 15 -17 17 -19 -20 -21 -22 24 23 -25 28 26 27 -29 -30 32 39 38 33 -35 49 -37 37 -39 48 40 44 42 56 -45 45 -47 -48 -49 -50 51 -52 -53 55 -55 -56 -57 -58 58 -60 -61 61 -63
leaf_value=-0.028487434190921465 -0.00037413332874428241 0.0035848407776452036 -0.0077440103083210301 0.0072729300996126648 -0.0012653429750351423 -0.017010490657872714 -0.0083119763824114883 -0.019105230109168623 -0.01513630483328139 -0.0054307993449236036 0.012101248214981359 0.0036924546539085258 0.010771428856540491 -0.018092256151618025 -0.0012929331252758964 0.055021118149216557 0.021381655381334946 0.0012381384255037325 0.0028067523133417488 0.010470550697863536 0.084798966682297486 0.053726803186698778 -0.020399732909641137 0.0013036115434315412 -0.016957583308001744 0.038624123065808556 0.029582662229813525 -0.028912041851297237 0.018804798224116334 -0.0058504562514825114 0.021874304247304969 -0.0027992892621319684 -0.020608707521999756 0.0048636063043089274 0.0056223036915124614 0.00046364482047073208 0.0096162038061768686 -0.0055385293506316916 0.0014158555525870845 0.0034882028298113023 -0.009492470320437674 0.018006418992890773 -0.0090851782173972558 0.026190581851539996 0.0052297129265234743 0.020550085354023771 0.0085791393319046717 0.0085708555072425835 -0.0070284061634119767 -0.0038665374077115704 -0.014801533014024038 0.0003311635611056475 -0.0012361941776778632 -0.010778171001659965 0.013954559631746336 0.010097796507393293 0.0094818097595252317 -0.011727530172663149 -0.017282916486654372 0.015172449469144356 0.0022681483287157558 0.0260032183686657
leaf_weight=238.44623288698494 823.33894521743059 3280.1705184876919 737.22578519955277 1376.6258583217859 12012.692008711398 673.10636036284268 181.4368492923677 98.481104837730527 378.75369926542044 1483.0758436843753 298.77886284887791 2384.6107626408339 27.296312188729644 80.421630838885903 98.218633700162172 10.722825637087224 9.4416033271700162 38.882162561640143 16.038894940167665 10.647769335657356 12.287024846300481 12.139502841979263 59.752320811152458 146.68284358084202 35.401938481256366 11.435570836067198 8.9704875629395264 15.47290396876633 19.137980936095119 1480.7194102928042 42.467301592230797 1493.6531608253717 61.815154708921909 1807.7400556579232 87.842881143093109 2078.8721100836992 100.02506034821272 280.5289411842823 4611.094310849905 59.933032408356667 180.79248656332493 46.331531442701817 246.83109840750694 119.77696914970875 457.00748258829117 129.24632580578327 173.85190360248089 58.380452543497086 206.06568723171949 102.86302693933249 128.21771737188101 3553.3703258559108 146.44098273664713 149.63776165992022 103.13316007703543 566.21582114696503 47.83698745816946 42.757924243807793 61.554009974002838 45.806798294186592 69.920812204480171 66.23763520270586
leaf_count=24483 18971 15582 37150 7239 130253 35205 4577 2442 9931 35834 2292 12267 636 1879 2266 252 205 912 358 234 265 303 271 766 888 288 231 384 479 7303 205 7572 306 8711 435 10142 490 1375 22393 330 910 220 1189 651 2169 601 781 301 1017 492 619 17408 698 751 480 2751 223 247 333 258 398 375
internal_value=-0.000184644 0.000387852 -0.0146771 0.00180836 -0.00204551 -0.0123421 -0.00482518 -0.00352462 -0.010141 -0.00293682 0.00503411 0.00450193 0.000389007 -0.010778 0.00157262 0.00974038 0.00712316 0.0165921 0.0289229 0.0418605 0.0572426 -0.0028457 0.00299009 -0.00497839 0.00654727 0.0189911 0.00723841 -0.00744505 -0.00440861 0.00118527 0.0019503 0.00138386 0.000363303 0.00309984 -0.000369969 -0.00217803 -0.00412448 -0.00155525 0.000142254 0.00553111 0.00729009 -6.53566e-05 -0.00279959 0.0186194 0.00532559 0.00860726 0.000667521 -0.00508334 0.00105463 0.000960401 -0.00692274 0.00132893 0.00464774 -0.00156268 0.0050557 0.00766132 -0.00607098 0.00357047 -0.00579725 0.00218548 0.00399255 0.0138147
internal_weight=43386.7 41737.9 1648.78 26353.6 15384.3 1410.33 3371.6 2708.85 662.749 2610.37 4266.45 3967.67 1127.3 107.718 1019.58 196.239 185.516 87.2975 48.4153 32.3764 21.7286 283.995 2591.05 206.435 102.558 48.0185 35.879 24.4434 54.5399 22087.1 11439.7 9877.26 10647.4 2250.11 8397.31 3559.59 442.369 380.554 6310.81 1562.46 1178.99 383.467 341 179.71 999.279 586.254 413.025 239.173 4817.16 4837.72 216.061 4621.66 1068.29 355.634 205.996 712.657 294.668 3566.45 150.119 88.5647 3416.33 136.158
internal_count=438977 342139 96838 130551 211588 72355 81335 64254 17081 61812 22835 20543 25978 2515 23463 4492 4240 1974 1062 704 470 7150 13304 1037 2573 1206 903 615 1367 107716 55755 48175 51961 10882 41079 17445 2171 1865 30982 7580 5743 1837 1632 981 4762 2770 1992 1211 23410 23634 1054 22580 5172 1723 972 3449 1412 17193 838 505 16355 773
cat_boundaries=0 1 2 3 4 5 6 7 8 9 10
cat_threshold=3839826 2447044 14369104 860588 17054152 1343528 26764568 6365250 1890352 17206370
is_linear=0
shrinkage=0.04


Tree=84
num_leaves=63
num_cat=13
split_feature=0 0 0 0 3 11 31 25 34 56 25 12 8 25 35 36 17 50 8 11 0 56 12 34 31 18 25 12 25 11 25 6 9 54 48 34 28 25 50 49 25 35 56 34 18 25 54 25 12 38 25 25 35 15 49 3 36 43 25 56 15 11
split_gain=212.218 78.1005 35.413 23.5772 17.8672 12.06 10.8551 12.1179 10.7196 10.6428 12.065 10.6223 10.5041 15.1055 13.6403 11.5281 10.3017 10.2435 13.2952 21.8629 19.0317 12.4419 10.1763 10.1763 10.0893 13.5994 18.2309 11.781 16.4652 12.5063 12.3422 11.1119 12.7527 10.8048 12.6424 10.0151 9.94374 9.61518 12.3182 10.6126 9.47316 13.141 10.2825 11.7919 12.1004 9.82371 9.42106 11.9818 14.1684 12.027 10.8401 9.84851 9.78821 9.40377 9.18985 9.15384 9.05615 8.87621 14.3097 9.53924 9.75599 9.22097
threshold=-3.5118060111999507 -1.4894618391990659 -4.1121997833251944 -2.7102637290954585 0.63000038266181957 1.6449999809265139 -1.4999999999999998 0 -0.40916666388511652 -0.0045819631777703753 1 0.22650000452995303 53.500000000000007 2 1.779166638851166 -0.099991668015718446 8.8150000572204608 -0.0010500000207684932 51.500000000000007 6.8150000572204599 -2.7778927087783809 -0.0053849634714424601 0.30114999413490301 -0.77749997377395619 -1.0000000180025095e-35 41.500000000000007 3 0.35840000212192541 4 5.2149999141693124 5 2.5000000000000004 1.0000000180025095e-35 -0.080833330750465379 0.20499999821186068 -0.020833333022892472 4.5000000000000009 6 0.077950000762939467 4.6099998950958261 7 -0.95249998569488514 0.0052283231634646663 -0.71916666626930226 24.500000000000004 8 -0.027500000782310959 9 0.49175000190734869 -0.040833333507180207 10 11 -0.74750000238418568 0.34264999628067022 2.5099999904632573 0.62166267633438121 0.0019249999895691874 5.5000000000000009 12 0.0048129847273230561 0.34624999761581426 6.2449998855590829
decision_type=2 2 2 2 2 2 2 1 2 8 1 2 2 1 2 2 8 8 2 2 2 10 2 2 2 10 1 2 1 2 1 2 2 2 8 2 10 1 8 10 1 2 8 2 10 1 2 1 2 2 1 1 2 2 10 2 2 2 1 8 2 2
left_child=2 3 5 12 6 -1 7 8 -3 10 54 -10 13 14 17 -15 -12 18 19 20 -2 -20 -9 -11 27 -26 -27 30 31 -30 53 32 36 34 -32 -33 -29 -18 39 -39 42 -42 43 -14 45 -45 47 48 52 51 -48 -49 -25 -5 -8 -52 -19 59 -59 60 61 -51
right_child=1 4 -4 24 -6 -7 9 22 11 23 16 -13 40 15 -16 -17 37 56 21 -21 -22 -23 -24 46 25 26 -28 28 29 -31 33 35 -34 -35 -36 -37 -38 38 -40 -41 41 -43 -44 44 -46 -47 50 49 -50 57 55 -53 -54 -55 -56 -57 -58 58 -60 -61 -62 -63
leaf_value=-0.036968758107791655 0.007592051348226758 0.0048250476867063782 -0.0093590049089691141 -0.0071341210937309199 0.0044148960592187928 -0.019308020708148636 0.0044122164304011158 0.0033707404305114868 -0.015808717019884747 -0.007739994976114363 0.0034684321881980409 -0.00046848776733997261 -0.011089606405084454 -0.015307090827713756 -0.016543906939476008 -0.0035950768987847597 -0.014599547513615705 -0.0098521325436030302 0.0069306741563996592 0.074642654407778994 0.049734024218431733 -0.013261287566794138 0.0090758933780496348 0.016746404560111963 -0.0019443408072240811 -0.011118570395646232 0.023542543399978293 0.022007008516970041 0.027525809203606953 0.0044377452003106352 -0.013634619134704509 -0.014832426275003386 -0.0041513204404007506 0.00091833419337906583 0.0059373352623692177 -0.001725373639651026 0.0045352002315130887 -0.013665450989025437 0.0060924705583277538 0.0078229944901838065 -0.00056063996579403398 -0.013032675679206478 -0.0062375959033829868 0.013136487968255879 0.026860063154098029 -0.0090871527696223357 0.0015690294594972905 0.025112936853376441 0.013976251187893182 -0.0069935286187796132 -0.0012817573353859585 -0.00090445441380267275 0.0017051282828857801 -0.00063498599712371304 0.012490508820035287 -0.014399082142170252 0.002573918777197798 0.0032863956230666821 -0.01196122892136545 0.002241838727574965 -0.013434137598131004 0.014629757279324423
leaf_weight=69.670516636222601 146.54227350279689 684.88242934644222 1107.5697288047522 723.09663395956159 4799.8596535474062 552.24505614116788 925.1912662088871 1276.3431081622839 78.578437671065331 228.13188651204109 856.02943380177021 892.93421356379986 59.306969756260514 146.60948397405446 60.85265307687223 1623.4777556788176 94.191138699650764 134.9374959114939 183.30811650678515 9.5887446142733079 19.418218523263931 66.552476685494184 822.66003859043121 77.269253179430962 6135.9261959977448 31.902287680655718 63.610520765185356 83.251332640647888 38.377834845334291 1715.9930703602731 173.33871966600418 103.79823966696858 145.74428267031908 3887.457037396729 75.940373942255974 920.0137824639678 139.37012849748135 142.0590828359127 199.71724793314934 49.617113173007965 179.47111255861819 547.56240712292492 554.01053406298161 54.717171858996153 46.864503329619765 53.46721513569355 3274.5175392627716 49.20879727602005 269.72272634506226 75.89989061653614 3610.3206589221954 46.147433176636696 664.80541005730629 702.06921392679214 297.8511411100626 87.175593465566635 308.13109145127237 179.55780521035194 204.21758116781712 2407.073321506381 132.36768439412117 54.005732461810112
leaf_count=7100 3294 3146 48339 7256 25261 44917 4132 5726 364 1026 3856 3946 1319 3372 1311 36332 434 2949 3993 208 306 1491 3580 340 56517 318 603 758 359 15886 1561 1086 1287 37443 584 8474 1250 683 869 228 4172 12601 12334 1166 979 1142 14931 216 1217 337 16349 203 2976 6857 1381 380 6594 805 918 10788 598 245
internal_value=8.1287e-05 0.000651867 -0.0136481 -0.00122638 0.00225058 -0.0212865 0.00166302 0.00357156 0.000986583 0.00114831 0.00347572 -0.00170924 -0.00387617 -0.00238638 0.0017447 -0.00453949 0.000822395 0.00304624 0.00747963 0.0159159 0.0125229 0.00155237 0.00558017 0.000622893 -0.000482368 -0.0017112 0.0132661 0.000396939 0.00235297 0.00491479 -0.00070965 -0.000904161 0.00504703 0.000399702 -0.00767222 -0.00305422 0.0110689 -0.00382533 -0.00083802 -0.00810297 -0.00656547 -0.00981885 -0.00331615 0.00407972 0.00988207 0.00252735 0.000794272 0.00230066 0.00606507 0.00106826 -0.000104604 0.0150606 0.00327132 -0.0039051 0.00632781 -0.00158673 -0.00121046 0.000634748 -0.00505333 0.00145253 -0.00579153 0.00199593
internal_weight=43344.5 41615 1729.49 19134.7 22480.3 621.916 17680.5 3755.4 1656.4 13925.1 2564.66 971.513 4194.82 2699.42 929.331 1770.09 1341.61 868.478 425.41 175.549 165.96 249.861 2099 11360.4 14939.9 6231.44 95.5128 8708.45 3146.55 1754.37 5561.9 1392.18 368.366 4136.74 249.279 1023.81 222.621 485.585 391.393 191.676 1495.4 727.034 768.366 214.356 155.049 108.184 11132.3 4160.28 1011.8 3148.48 6972.01 95.3562 742.075 1425.17 1223.04 3697.5 443.069 3053.12 383.775 2669.35 262.273 129.906
internal_count=439093 338737 100356 233802 104935 52017 79674 16762 7456 62912 11583 4310 93563 59850 20146 39704 6070 18835 9292 3808 3600 5484 9306 51329 140239 57438 921 82801 29100 16245 53701 12855 3295 39588 2145 9560 2008 2214 1780 911 33713 16773 16940 4606 3287 2308 50303 18643 4533 14110 31660 419 3316 14113 5513 16729 9543 13691 1723 11968 1180 582
cat_boundaries=0 1 2 3 4 5 6 7 8 9 10 11 12 13
cat_threshold=6997526 3870308 3230754 20029698 26793228 2302400 152 13358528 8982848 12990464 4233118 1131364 19449608
is_linear=0
shrinkage=0.04


Tree=85
num_leaves=63
num_cat=0
split_feature=0 0 0 0 7 50 49 53 10 2 50 51 11 16 18 18 12 49 6 12 53 13 16 50 39 18 12 35 7 55 36 39 46 53 16 39 4 10 53 48 35 16 49 36 4 53 55 4 13 2 7 51 8 6 12 12 38 41 4 51 6 46
split_gain=195.588 65.104 60.8427 27.4506 12.6203 12.092 11.8637 11.2669 10.0067 9.33437 9.28828 8.93532 8.61085 9.3588 10.5459 8.39329 8.29706 13.8313 11.7105 20.5265 12.0209 10.1934 9.85057 12.0511 9.19022 9.00414 9.0002 8.78998 13.6838 8.10677 9.74156 8.37529 9.39664 9.6972 13.0558 8.68674 8.54663 8.02961 8.30564 13.5297 9.04404 8.0554 7.96928 7.93026 7.89071 7.85293 8.7331 9.80779 8.33468 7.79133 12.0683 7.77975 7.97555 7.77767 17.4996 13.2298 12.8424 9.60665 8.94151 11.7897 11.4476 10.9579
threshold=-3.0809003114700313 -0.57046681642532338 -4.38437795639038 -2.0981568098068233 60.500000000000007 -0.1165499985218048 4.6099998950958261 6.7449998855590829 0.12499999627470972 -3.4078608751296993 0.2079500034451485 0.064999999478459372 4.0050001144409189 0.42135000228881841 41.500000000000007 43.500000000000007 0.23719999939203265 -0.39499999582767481 2.5000000000000004 0.33044999837875372 6.6349999904632577 5.8450000286102304 0.37375000119209295 0.1090499982237816 0.60916668176651012 38.500000000000007 0.25090000033378607 -1.6108333468437193 22.500000000000004 5.5000000000000009 -0.085808333009481416 0.91916668415069591 2.5000000000000004 6.7349998950958261 0.41314999759197241 -0.9426666498184203 1.2896341085433962 0.20499999821186068 6.8350000381469735 -0.4849999994039535 -3.439166665077209 0.2791499942541123 7.9249999523162851 -0.1412750035524368 0.93120554089546215 6.5650000572204599 2.5000000000000004 1.2967305183410647 7.4649999141693124 -1.6585766077041624 31.500000000000004 -0.014999999664723871 56.500000000000007 2.5000000000000004 0.24909999966621402 0.36454999446868902 -0.032500000670552247 2.5000000000000004 1.1287045478820803 -0.044999999925494187 3.5000000000000004 3.5000000000000004
decision_type=2 2 2 2 2 10 10 2 2 2 10 10 2 2 10 10 2 8 2 2 2 2 2 10 8 10 2 2 2 2 2 10 8 2 2 8 2 2 2 10 2 2 10 2 2 2 2 2 2 2 2 8 2 2 2 2 2 2 2 10 2 8
left_child=2 3 -1 5 12 11 8 -4 -7 -9 15 29 13 14 37 53 17 -14 20 26 -18 22 27 24 -24 45 -20 -19 -29 30 31 32 -2 34 43 36 -35 38 40 -40 -5 -39 -8 -34 -3 -21 -47 -48 -49 50 -17 52 -22 54 57 56 -55 -10 59 -57 -61 -62
right_child=1 44 7 4 -6 6 42 9 10 -11 -12 -13 16 -15 -16 49 18 21 19 25 51 -23 23 -25 -26 -27 -28 28 -30 -31 -32 -33 33 35 -36 -37 -38 41 39 -41 -42 -43 -44 -45 -46 46 47 48 -50 -51 -52 -53 -54 55 -56 58 -58 -59 -60 60 61 -63
leaf_value=-0.024391967990386447 0.029919566858407572 0.0067367647119187211 -0.0025215401897842912 0.023647407003917757 -0.0084992563024369645 -0.0092975485318512862 -0.012656904021413394 -0.013980870380838228 -0.018310892950186005 -0.0073676307944824894 -0.0069494403345217656 0.022897380411893896 -0.016896313807006073 -0.0055525887938635684 -0.014112980348543728 0.052357556813229643 0.0099621637977431454 -0.0098470102651961999 0.011017601988391398 -0.010170419447763647 -0.0013411869039306862 -0.015080787222450298 0.0097118315264298014 0.025889732967979556 -0.0017839148525877677 0.0081484507754124511 -0.005570498851934445 0.021823885080844142 -0.0016902223063504081 -0.013456254765248182 -0.0081333413334659915 -0.014323029663270901 -0.012306280166434235 0.033301610929434136 0.046404163934821198 -0.0059834341478537199 -0.0018912785153749976 -0.019308338499205182 0.0094036266581686585 0.03538544000142891 0.0032288013579175922 0.0027096370886862987 0.0064955799662231688 0.0161256451284091 0.0036120619826072722 0.0018744240664015602 -0.002307042205490262 0.00033228722904777853 0.0063235848267852125 -0.010804933195556555 0.0088299144615846589 0.002525109756597795 -0.022295256349182887 0.031157381229316591 0.0032144475514329701 -0.022819796387344118 -0.0076903632555448635 -0.0017526495067134481 -0.0026365631751147272 0.0077746057486956892 -0.0082416320210488853 0.0032247861458251474
leaf_weight=371.79514048621058 18.483743295073509 1718.5616026595235 637.4021927062422 36.788846157491207 229.95315082371235 220.71410498395562 218.21252425387502 412.39222866203636 58.180903967469931 1986.1851438656449 356.32301365956664 17.398533251136541 91.788957744836807 145.68254395574331 43.67338515073061 14.624333724379538 324.15681671351194 204.34311100840569 54.968238309025764 106.36323927342892 503.5554439201951 78.853333294391632 179.14688022434711 38.337914146482944 293.66190931200981 261.62388930469751 1091.7826967686415 41.117909602820873 1071.1055836081505 193.41213404014707 528.32085004448891 57.157171193510294 25.524565987288952 19.327852237969637 15.088137116283177 233.19246797636151 25.750995092093945 36.561153054237366 338.48759116977453 35.423821367323399 613.64389856159687 97.442942135035992 41.347222570329905 40.763580594211817 5222.5563411414623 5936.4489550068974 2366.3874502927065 4315.4108112379909 406.50227496773005 15.214771363884209 33.62245961651206 5039.8389096185565 30.843398615717888 13.902517791837452 2074.5637770183384 29.283162504434586 659.57169980928302 1538.8622716516256 1428.5285087637603 443.37350867688656 203.59123357385397 386.50417207181454
leaf_count=36615 257 10743 22305 218 1294 3064 2975 23384 800 65058 4906 239 663 822 260 220 1704 1118 297 551 3420 422 915 250 1537 1341 5991 236 5696 3015 7314 791 357 300 207 3371 351 214 1851 247 3400 565 563 563 23500 31905 14810 24267 2225 159 489 26496 215 195 27988 449 9298 22767 18752 6548 2881 5695
internal_value=7.89276e-05 0.000865167 -0.00911889 0.000122974 0.000826536 -0.00177306 -0.00119896 -0.00724851 -0.000907107 -0.00850466 -0.000651891 -0.00555495 0.000916702 0.00402211 0.00518255 -0.00032667 0.000730165 -0.0017298 0.000970693 0.000360844 0.00247397 -0.000999628 -0.000392123 0.00432075 0.00257181 0.000800631 -0.00477537 -0.00222186 -0.000820927 -0.00598279 -0.00448275 -5.19305e-05 0.00210524 0.000675755 0.0128217 -0.00287613 0.0131979 0.00591005 0.00711459 0.0118651 0.00438369 -0.00329766 -0.00960596 0.0051778 0.00438571 0.000654234 0.00074263 -0.000205246 0.000848069 0.0141532 0.0220238 0.00203851 -0.00255057 -0.000461086 0.000791519 -0.0019143 -0.00688843 -0.00235587 -0.000569634 0.00220869 0.00291787 -0.00073129
internal_weight=43273.6 39865.9 3407.77 32924.7 24013.9 8910.84 7736.42 3035.98 7476.86 2398.58 7256.15 1174.42 23783.9 1347.7 1202.02 6899.82 22436.2 1998.36 20437.9 14539.5 5898.39 1906.57 1827.71 511.147 472.809 13392.7 1146.75 1316.57 1112.22 1157.02 963.609 435.289 378.131 359.648 81.3763 278.271 45.0788 1158.35 1024.34 373.911 650.433 134.004 259.56 66.2881 6941.12 13131.1 13024.7 7088.3 4721.91 63.4616 48.2468 5574.24 534.399 6836.36 3671.61 3164.75 673.474 1597.04 2491.28 1062.75 1033.47 590.095
internal_count=439049 291687 147362 257444 132930 124514 107749 110747 104211 88442 101147 16765 131636 7577 6755 96241 124059 10837 113222 81387 31835 10174 9752 2702 2452 75099 6288 7050 5932 16526 13511 6197 5406 5149 1127 4022 651 6495 5716 2098 3618 779 3538 920 34243 73758 73207 41302 26492 868 709 30131 3635 95373 51555 43818 9493 23567 34325 15573 15124 8576
is_linear=0
shrinkage=0.04


Tree=86
num_leaves=63
num_cat=0
split_feature=0 0 0 3 3 11 56 31 48 34 7 48 14 12 7 54 56 14 0 17 18 0 18 3 36 26 54 36 14 48 16 7 15 45 14 15 7 12 20 38 50 20 38 50 8 18 55 55 54 7 28 36 36 54 49 56 56 56 18 49 38 16
split_gain=184.821 61.6332 53.4751 16.0247 14.2949 13.1869 11.1682 10.8452 15.5559 12.5112 10.7874 16.8083 13.1146 11.1786 10.77 10.8884 9.92078 10.9863 10.8072 11.5614 9.96338 9.70849 10.2652 13.9076 9.51128 10.8842 9.42667 10.6542 9.42157 9.40186 9.38813 9.34616 11.298 11.3759 10.3452 10.1514 9.07946 9.04252 9.5975 9.01984 11.7349 10.0862 9.59967 10.0584 9.29788 8.97343 10.2885 11.2391 13.7927 11.3278 10.6481 13.9074 10.0364 8.90933 8.61275 10.8457 10.8125 14.0699 18.7082 9.09113 9.36034 8.58981
threshold=-2.9676959514617915 -4.0605709552764884 -0.81701362133026112 0.78824773430824291 0.78234952688217174 1.6449999809265139 -0.043008215725421899 -1.4999999999999998 -1.3550000190734861 0.49083334207534796 22.500000000000004 -0.58499997854232777 0.056450000032782562 0.25294999778270727 41.500000000000007 -0.085833333432674394 -0.01339074084535241 0.40749999880790716 -2.0981568098068233 9.5349998474121112 32.500000000000007 -2.0836101770400997 31.500000000000004 0.45887283980846411 0.053575001657009132 6.5000000000000009 -0.08249999955296515 -0.031241666525602337 0.1179499998688698 2.1149998903274541 0.34874999523162847 32.500000000000007 0.35594999790191656 1.5000000000000002 0.33409999310970312 0.2824500054121018 56.500000000000007 0.45385000109672552 2.5000000000000004 0.0025000000605359678 0.087449997663497939 5.5000000000000009 0.0058333333581686029 0.14005000144243243 53.500000000000007 43.500000000000007 3.5000000000000004 1.5000000000000002 -0.055833334103226655 36.500000000000007 5.5000000000000009 0.0025749999331310396 0.00065833333064802002 0.019166666083037857 -0.20499999821186063 -0.00058066495694220055 -0.033954767510294907 -0.046774258837103837 6.5000000000000009 -1.7450000047683714 0.037499999627470977 0.2653499990701676
decision_type=2 2 2 2 2 2 8 2 8 2 2 8 2 2 2 2 8 2 2 10 10 2 8 2 2 2 2 2 2 8 2 2 2 2 2 2 2 2 8 2 10 10 2 10 2 8 2 2 2 2 10 2 2 2 10 10 8 10 10 10 2 2
left_child=1 5 4 24 7 -1 -7 8 45 10 11 12 -10 28 53 -16 17 29 19 31 -19 22 30 -24 25 26 27 -4 -13 39 -20 32 -18 34 -34 37 -12 -33 -39 40 41 -9 -41 -44 -42 52 47 48 -47 -50 51 -48 -2 54 56 -56 57 -3 -59 -58 -61 -43
right_child=2 14 3 -5 -6 6 -8 16 9 -11 36 13 -14 -15 15 -17 18 20 21 -21 -22 -23 23 -25 -26 -27 -28 -29 -30 -31 -32 35 33 -35 -36 -37 -38 38 -40 42 44 61 43 -45 -46 46 50 -49 49 -51 -52 -53 -54 -55 55 -57 59 58 -60 60 -62 -63
leaf_value=-0.036256759516047239 -0.014570613283564567 -0.017963937769297725 -0.0040515979587157323 0.0089998690520269528 -0.0078200667478950069 0.043394157299771051 -0.018107475332464908 -0.0068250351500789867 0.056344379342191171 0.0067077495687334326 0.001182544688171204 0.0057725400746925287 0.014092989340224873 -0.0060425961847778414 0.042054329226443948 -0.0091023484011882368 0.0041083041652401802 0.0039264695044569191 0.036207048133624929 -0.017056309120397562 0.023221573309471055 -0.00046680254498474873 -0.025258187019096195 0.012247385604688986 0.0048455152095224644 0.0032747640116073712 -0.00013506940133561966 0.013244464299383153 0.032377846254984306 0.0060044203482727708 0.0035129802539570053 -0.009376805634915733 -0.0050383863232419199 -0.007739998689285277 0.029155189781377957 -0.0020608481122391838 -0.0066880950846167587 0.011455450606623343 -0.0058101995254424598 -0.0221671355271413 0.0024943484523285812 0.025981114906509201 -0.0017231807042367351 -0.021743958523467541 0.022288621683638814 -0.0058866297023425305 0.021094685569807228 -0.01155674278227108 0.043592276301419458 0.00018115088528344772 0.02511297141154395 -0.016297938925758867 -0.0026150313280016001 -0.00771886414168529 -0.0036354264828341943 -0.0221534220711967 -0.0028926694173861084 0.091231824009663287 0.0090500276898080861 0.010228517504426096 -0.029664484855685066 0.0012886436985883759
leaf_weight=67.658771753311157 195.94599837064743 8.4253162257373351 83.703646600246429 666.35832416266203 394.36424701660872 4.7627753624692559 583.28680509887636 319.64450381696224 18.886124312877655 748.62438992038369 5105.7427926026285 80.369868945330381 31.126440096646547 93.003048498183489 6.6896804273128501 1364.0606040824205 670.99300626665354 1067.395741827786 34.718302078545094 86.756706047803164 44.608032826334238 12847.002064712346 23.030123636126518 50.521457687020302 2381.7802645713091 4708.6883805543184 3566.7092368155718 178.50347851216793 28.97393936291337 264.42125674337149 23.608732677996159 659.22116049751639 28.772989273071289 303.81770099699497 27.869302295148373 2720.250575426966 245.7989752329886 75.965554464608431 160.0275933034718 58.879654187709093 104.82116647437215 27.142091665416956 278.08760342374444 46.925433401018381 59.532687716186047 59.404488988220692 28.459331922233105 133.29947926849127 22.098779555410147 17.028475999832153 47.650165617465973 36.103900160640478 263.32183758169413 740.10817975923419 182.25351800955832 70.05667551420629 810.88700284995139 7.817133022472265 10.234697256237267 145.84107843227684 10.059737995266913 132.9730987213552
leaf_count=7263 2646 236 367 4824 6402 357 47732 2533 218 5644 39705 630 327 688 190 43921 8820 7691 325 1162 361 76647 202 475 10617 21057 15412 788 207 1476 220 9119 373 3930 355 36177 1895 1012 2139 521 774 217 2571 398 450 663 427 1749 267 220 685 498 3325 24025 5412 2131 24679 208 283 4344 302 1110
internal_value=-0.000139429 -0.00831683 0.000696404 0.0029779 -0.000258983 -0.0195335 -0.0176094 -0.00014965 0.00118776 0.00185096 0.00120215 0.00928384 0.0300483 0.00415164 -0.00612556 -0.00885269 -0.000625382 0.00178555 -0.00095266 -0.0025887 0.00470049 -0.000355961 0.0104417 0.000503818 0.00261041 0.00198687 0.000403063 0.00772309 0.0128224 -0.000722457 0.0229736 -0.0023186 0.00103995 -0.00467176 0.0117856 -0.00327675 0.000821042 -0.00697147 -0.000252434 -0.00245273 0.000439851 -0.00272021 -0.00730603 -0.00461378 0.00966428 -0.00405679 0.00082774 -0.00398471 0.00625919 0.0246994 0.0107702 0.000184648 -0.00771586 -0.00424298 -0.00217765 -0.00877715 -0.000501239 0.0247173 0.0446379 -0.00119189 0.00765436 0.00547441
internal_weight=43265.1 4012.14 39252.9 11585.7 27667.2 655.708 588.05 27272.8 7155.84 6352.53 5603.9 252.359 50.0126 202.347 3356.43 1370.75 20117 2404.43 17712.6 4733.67 1112 12978.9 131.879 73.5516 10919.4 8537.6 3828.92 262.207 109.344 1292.43 58.327 4646.92 1031.45 360.46 56.6423 3615.46 5351.54 895.214 235.993 1028.01 644.114 479.76 383.893 325.013 164.354 803.312 344.045 231.831 98.5317 39.1273 112.213 64.5632 459.268 1985.68 1245.58 252.31 993.265 26.4771 18.0518 966.788 155.901 160.115
internal_count=439402 161083 278319 53065 225254 55352 48089 218852 59794 49314 43670 2070 545 1525 105731 44111 159058 18102 140956 63087 8052 77869 1222 677 48241 37624 16567 1155 837 10050 545 61925 13478 4658 728 48447 41600 12270 3151 8574 5084 3860 3490 2969 1224 10480 4509 2899 1150 487 1610 925 5971 61620 37595 7543 30052 727 491 29325 4646 1327
is_linear=0
shrinkage=0.04


Tree=87
num_leaves=63
num_cat=0
split_feature=0 0 0 3 3 12 54 36 26 53 54 48 53 14 6 38 50 49 16 13 56 54 14 14 38 36 13 13 2 54 2 50 3 4 3 35 7 53 16 0 16 48 35 12 11 38 12 36 35 46 13 38 11 48 27 54 16 16 54 35 35 4
split_gain=181.93 62.4947 43.218 19.6582 11.9263 11.1927 11.435 14.725 11.8795 11.1124 10.4208 16.2957 10.1388 9.90899 9.88233 9.59893 9.48159 9.45203 9.22356 9.13617 9.38564 9.09057 8.70317 9.59779 9.8168 9.04404 10.8266 10.6779 9.79124 8.9919 10.1371 11.1835 8.81322 8.69888 8.67415 8.43108 8.37823 9.67492 9.06575 9.67577 11.7779 9.06296 8.779 9.08897 8.3646 8.34836 9.45044 8.33288 8.3074 12.9693 11.1422 8.22655 14.4185 8.11258 8.58449 8.02398 7.9723 9.96353 9.30948 8.41867 10.3919 9.70039
threshold=-3.2600187063217159 -1.4087177515029905 -4.38437795639038 0.63634669780731212 0.80920755863189708 0.49175000190734869 -0.040833333507180207 -0.0068583332467824212 6.5000000000000009 6.8150000572204599 -0.0091666667722165567 -1.064999997615814 7.0250000953674325 0.42509999871253973 3.5000000000000004 -0.035833332687616341 0.1495499983429909 2.9250000715255742 0.43684999644756323 6.8450000286102304 0.014576676301658155 0.019166666083037857 0.24755000323057177 0.30620001256465917 0.019166666083037857 0.035908333957195289 4.9549999237060556 5.1549999713897714 -1.3916181921958921 -0.067500002682209001 -1.9462064504623411 -0.033749999478459351 0.49773348867893225 0.95447453856468212 0.63413584232330333 0.12083333358168603 35.500000000000007 6.6250000000000009 0.42024999856948858 -3.0510385036468501 0.60400000214576732 2.9250000715255742 -3.5191667079925533 0.51644998788833629 1.9650000333786013 0.0091666667722165602 0.29764999449253088 0.094258334487676634 1.8291667103767397 1.5000000000000002 6.3849999904632577 -0.0058333333581686011 5.9249999523162851 -1.5049999952316282 2.5000000000000004 -0.059166666120290749 0.2921500056982041 0.29524999856948858 -0.022499999962747094 -4.9141666889190665 -0.74750000238418568 1.4215795993804934
decision_type=2 2 2 2 2 2 2 2 2 2 2 10 2 2 2 2 8 10 2 2 8 2 2 2 2 2 2 2 2 2 2 10 2 2 2 2 2 2 2 2 2 10 2 2 2 2 2 2 2 10 2 2 2 10 8 2 2 2 2 2 2 2
left_child=2 4 44 15 10 6 7 18 9 13 11 22 -7 -8 35 -3 47 56 51 20 -15 -4 -2 24 25 27 28 34 -27 32 -31 -32 -25 -16 -24 -9 37 -12 42 -40 -41 -39 -38 -44 -1 46 -33 -17 50 -50 -10 52 -5 54 -23 -46 -18 58 -58 -59 61 -61
right_child=1 3 21 5 -6 12 8 14 48 -11 36 -13 -14 19 33 16 17 -19 -20 -21 -22 53 23 29 -26 26 -28 -29 -30 30 31 45 -34 -35 -36 -37 38 41 39 40 -42 -43 43 -45 55 -47 -48 -49 49 -51 -52 -53 -54 -55 -56 -57 57 59 -60 60 -62 -63
leaf_value=-0.035156550302613873 -0.0060519653321422064 0.0054781015450820801 -0.0061011684227120725 0.022738563741687198 -0.0096891151223296845 0.0076186636057847057 -0.013465166220801938 0.0022684211855062294 0.0053399391488311923 0.0019817743098300136 -0.0229618974981739 0.00085399334698589135 -0.012350972058198 0.02146197602347355 0.010616595616873763 0.00019584837682111954 -3.4997434753558956e-05 0.0105322109111275 -0.018609143089456874 -0.013176500735865754 -0.0023135894233572195 -0.0070131504321216086 0.015786192980226633 -0.029832852405005696 -0.0068540915105823885 -0.0060483616312515635 0.046037579174219578 -0.022849697620257715 0.032943068919773971 -0.010117507896687193 -0.0069217755340397358 -0.011811212127005435 -0.003673766673956992 -0.0024550475403259803 -0.01260820841793764 0.018387755706646868 -0.010082399886044766 0.00036104091663507635 -0.01603208915746647 0.0037232865427681266 -0.017020392084105614 -0.011193161957440396 -0.0033519463032736867 0.0020088689158822715 0.033954693501832708 0.02342298237075421 0.012848982830392458 -0.0064493059109793326 0.014620741794054424 -0.0054774374083684883 -0.004081932444377945 -0.0049638265420259842 0.00031950514446548557 -0.0090160517470370787 -0.022153390040979902 -0.021100417167874978 0.00031648259606313877 -0.013520955304845816 0.021375061745776906 0.0085967719538663483 0.0016216397989735432 0.0014421031005257333
leaf_weight=76.87902469933033 949.29441923648119 873.96487408876419 1205.5430988054723 66.270433582365513 255.7225428596139 1534.0194920524955 208.1242238432169 65.466122321784496 525.87871422618628 398.85482787340879 29.682088412344456 7120.6700058504939 41.78654407709837 40.593978025019169 196.49375434219837 4984.583242431283 3000.3191178441048 197.64592908322811 37.589125268161297 61.01655401289463 76.874214693903923 89.292823013849556 79.41438414901495 37.711317975074053 68.613671537488699 23.298542492091656 21.674011409282684 19.271493345499039 18.475555289536715 130.88076150789857 100.07321134582162 39.275264538824558 45.432785458862782 139.13330692052841 21.977970864623785 250.84942913800478 280.67939597740769 3254.4211253337562 48.227880258113146 711.11082299053669 46.668300073593855 112.37058893218637 5309.2753034681082 559.33671214058995 4.3022564267739645 51.325967069715261 67.765765391290188 321.39703072607517 210.06733828037977 68.001063637435436 324.89945758134127 150.99418123066425 149.31797093153 693.52254887111485 182.15187786333263 273.35564832948148 55.863866999745369 54.0414659678936 84.234091803431511 733.16351956129074 5873.4211746454239 517.01169545948505
leaf_count=8814 11045 3905 49054 344 5097 8560 1038 327 2583 2031 333 67845 227 208 1254 23557 12813 893 201 322 398 3862 832 327 818 328 232 226 128 2268 829 364 480 673 336 1307 3485 38171 1218 7730 507 1141 63452 5960 420 501 602 1494 1114 336 1666 778 831 29245 8029 27276 238 226 360 3099 24912 2323
internal_value=-0.000114028 0.0005332 -0.0105322 0.00203225 -0.00110794 0.00436416 0.00291857 0.0062599 0.00107517 -0.00270235 -0.000993334 1.90547e-05 0.00708912 -0.00753485 0.00997876 0.00139727 0.00117185 0.00186741 0.000261255 -0.000619734 0.00590263 -0.00841717 -0.00353148 -0.000232103 0.00605977 0.0108724 0.0230983 0.00444375 0.0111965 -0.00359768 -0.00104755 0.00354572 -0.0155386 0.00519778 0.00963138 0.0150516 -0.00185349 -0.000225045 -0.0026487 0.00134014 0.00244577 -2.4594e-05 -0.00317154 -0.00284101 -0.0234803 0.0101602 0.00380072 -0.000206666 0.00370361 0.00970577 0.00174187 0.00219621 0.00721097 -0.0113106 -0.0171729 -0.0202473 0.00170143 0.00241338 0.012978 0.00220718 0.00232649 0.00563795
internal_weight=43169.6 40644.5 2525.05 21241.9 19402.6 4546.23 2970.42 1056.11 1914.31 785.464 19146.9 8795.16 1575.81 386.609 651.943 16695.6 15821.7 10515.7 404.172 178.485 117.468 2170.51 1674.49 725.191 252.726 184.112 63.4481 120.664 41.7741 472.465 389.321 258.44 83.1441 335.627 101.392 316.316 10351.8 3396.47 6955.3 806.007 757.779 3366.79 6149.29 5868.61 354.537 158.367 107.041 5305.98 1128.85 278.068 850.778 366.583 215.588 964.967 271.445 277.658 10318.1 7317.74 140.098 7177.64 7123.6 1250.18
internal_count=438973 312273 126700 98018 214255 24198 15411 5715 9696 3997 209158 87161 8787 1966 3561 73820 69915 44864 2154 928 606 90190 19316 8271 2900 2082 688 1394 456 5371 4564 2296 807 1927 1168 1634 121997 39645 82352 9455 8237 39312 72897 69412 36510 1467 966 25051 5699 1450 4249 1953 1175 41136 11891 27696 43971 31158 598 30560 30334 5422
is_linear=0
shrinkage=0.04


Tree=88
num_leaves=63
num_cat=11
split_feature=0 0 0 3 34 2 56 25 25 31 48 25 54 56 25 12 12 16 25 36 50 17 34 25 39 14 25 2 11 53 49 11 25 50 9 16 25 18 3 4 56 12 53 17 3 38 53 16 3 26 8 0 4 55 36 25 54 53 25 26 4 11
split_gain=156.083 59.7788 23.6938 22.1282 17.166 13.6392 17.9902 12.0674 11.9753 11.1875 12.7776 10.7261 10.7753 10.4949 15.4333 13.2105 10.3733 13.4649 10.3239 9.88843 9.74668 9.56041 10.8298 9.52812 9.5006 9.55758 11.2313 21.1638 9.92269 9.37186 9.97739 9.11318 11.3679 9.78471 9.15092 18.0773 9.12964 11.4595 11.1151 11.4689 10.1874 8.96585 8.91882 10.36 8.91482 8.89483 8.88193 8.78715 8.76215 8.4953 9.42634 8.39982 8.33305 8.11061 10.8363 11.4027 8.08578 9.26694 8.08368 13.5846 8.9847 10.0918
threshold=-3.6413699388504024 -1.9000387787818906 -4.38437795639038 0.71378755569458019 2.4391666650772099 -2.5151880979537959 -0.023151319473981854 0 1 -1.0000000180025095e-35 -1.5950000286102293 2 0.034166667610406883 -0.004380530444905161 3 0.48164999485015875 0.22650000452995303 0.28599999845027929 4 0.063908334821462645 0.0093499999493360537 6.7650001049041757 1.8341667056083681 5 0.49366666376590734 0.51859998703002941 6 -2.6048259735107417 6.7950000762939462 7.0850000381469735 -0.33500000834465021 4.2850000858306894 7 -0.04574999958276748 1.0000000180025095e-35 0.3871500045061112 8 41.500000000000007 0.54976874589920055 1.3237908482551577 -0.0086785960011184198 0.50150001049041759 6.9149999618530282 6.4349999427795419 0.45373493432998663 -0.014166666660457848 6.7950000762939462 0.50170001387596141 0.43063625693321234 9.5000000000000018 55.500000000000007 -0.65804103016853321 1.0085467696189883 3.5000000000000004 -0.064025003463029848 9 0.015833333600312475 6.6150000095367441 10 10.500000000000002 0.87457990646362316 6.5750000476837167
decision_type=2 2 2 2 2 2 8 1 1 2 10 1 2 10 1 2 2 2 1 2 8 10 2 1 8 2 1 2 2 2 10 2 1 10 2 2 1 10 2 2 8 2 2 8 2 2 2 2 2 2 2 2 2 2 2 1 2 2 1 2 2 2
left_child=2 4 -1 13 5 6 7 -2 47 10 23 12 41 51 -15 -16 -9 -18 56 20 46 53 -23 -7 44 42 -27 28 -28 -20 -31 32 33 -11 -34 -36 37 38 39 -33 -38 49 43 -26 -10 -44 -19 -8 -24 -4 -51 -3 58 54 -17 -56 57 -12 59 -5 -60 -62
right_child=1 3 11 52 -6 9 8 16 24 31 18 -13 -14 14 15 21 17 19 29 -21 -22 22 48 -25 25 26 27 -29 -30 30 -32 36 34 -35 35 -37 40 -39 -40 -41 -42 -43 45 -45 -46 -47 -48 -49 -50 50 -52 -53 -54 -55 55 -57 -58 -59 60 -61 61 -63
leaf_value=-0.022671308156702066 -0.0066777839964314968 0.0010262142868883903 0.0019242342742487907 0.0040374689018707445 0.037940334983620469 -0.00039048368788151315 -0.011269497728872984 -0.0029502504483575344 -0.021226603785643495 -0.0051583762963346245 -0.015254414094006246 -0.014178493693477956 -0.014846783545792499 0.0018272384225210582 -0.0034864069855457492 0.026706619308411478 0.063800074635269668 0.033492078015069808 0.0014429938829852319 -0.019459729328778576 0.054244255737395525 -0.0069313214162938811 0.020509082807790794 -0.0079154556386254547 -0.025926874572077856 -0.0081201687292737964 -0.010213667536099605 0.081716809961831741 0.039765306505561523 0.0066079417582642335 0.043962230185805008 -0.023777781936857506 -0.0097565996980628535 0.021659245184165128 -0.0019101181412530877 0.044308356332980407 0.0046005111496636563 0.020008509125895961 -0.0037849311647186103 -0.008495283893832065 -0.0031462322907373471 0.036559870647090598 0.028706247603075257 -0.0079129193131694739 0.0011090683300598711 -0.002070112940628381 -0.017273855122219847 0.019733893720371275 -0.0012841013778837936 -0.01897238291280819 0.026089431272143384 0.0029674372235395175 0.022540718029161178 -0.00054328140600746588 -0.0058228571350986795 0.012031613760895284 -0.004751150216415906 0.00040566947911454854 0.005748710059830857 0.013047333782944776 0.0035371852798930814 -0.0075238713653748282
leaf_weight=347.55672898702323 46.319863112643361 14859.366480581462 202.03338541463017 789.95566207915545 17.312432738021016 513.54660042747855 595.99385181441903 22.613513458520174 30.006589224562049 29.894085546955466 62.50733282789588 540.66643485147506 130.95166142843664 2858.1713774874806 2725.8087935298681 51.353458106517792 13.612855862826107 12.698303328827029 3467.5126668326557 8.8645000103861076 13.718064855784172 273.16814254969358 48.870506651699543 573.98560194857419 55.589348662644625 36.910987434908748 16.547600455582145 8.4028163757175189 10.319576989859341 36.253018451854587 16.716073878109455 95.363752311095595 115.7547739520669 80.085588099434972 65.169039342552423 17.091132894158363 317.19868862442672 26.10240638628602 810.44859214872122 446.13882678374648 1889.8031285498291 9.8228416712954623 17.618334103375673 629.90675112232566 606.19802306778729 102.08928785100579 9.7466665096580964 14.994806027039884 74.542209632694721 65.918470364995301 8.3707465659826976 4692.8211934864521 42.998143926262856 192.4669641777873 79.935013882815838 167.53894225507975 874.92550508864224 1845.9010587390512 565.25951663404703 405.03548859059811 290.217295370996 242.04743884503841
leaf_count=36599 1187 77652 10365 4862 182 7646 16923 562 1049 410 746 29707 6931 14398 13735 255 320 281 43779 205 321 1419 243 8905 1457 968 458 188 288 494 203 1206 1491 1041 846 208 3669 325 9910 5322 23180 520 481 17067 16241 2840 238 424 357 3467 444 20482 211 1003 393 833 12737 22689 3790 2490 1521 1277
internal_value=-0.000103829 0.000320385 -0.0137252 0.00136472 -0.00186473 -0.00191564 -0.00475775 0.00983156 -0.00563379 -0.00134841 -0.00043436 -0.0104788 -0.00521795 0.00102999 -0.000366198 -0.0021003 0.017866 0.0289401 0.000256423 0.0184011 0.0276818 0.00213146 -0.00248839 -0.00443844 -0.00364192 -0.00636456 0.00757922 0.0204992 0.00898306 0.00169326 0.0183963 -0.00308383 0.00351894 0.0131721 -0.0023872 0.00769266 -0.00365108 -0.00619777 -0.00674958 -0.0111867 -0.00202367 -0.000993764 -0.00761452 -0.00937374 5.56064e-05 0.00245949 0.0114471 -0.0103394 0.00734584 -0.00232874 -0.0138949 0.00149214 0.00509447 0.00586067 0.00998529 0.00651544 -0.00156143 -0.000107255 0.00476725 0.00703246 0.00221659 -0.00149283
internal_weight=43218.7 41913.4 1305.32 28359.6 13553.9 13536.5 2252.15 127.574 2124.58 11284.4 7391.35 957.764 417.097 26024 6471.86 3613.68 81.2539 58.6404 6303.82 45.0275 36.163 887.875 396.581 1087.53 1513.59 877.385 72.181 35.27 26.8672 3520.48 52.9691 3893.05 307.995 109.98 198.015 82.2602 3585.06 1378.05 1351.95 541.503 2207 286.145 805.204 685.496 636.205 119.708 22.445 610.989 123.413 276.323 74.2892 19552.2 2335.51 491.294 298.827 247.474 2783.33 1908.41 2292.52 1194.99 1097.52 532.265
internal_count=439441 351408 88033 144921 206487 206305 61498 3114 58384 144807 97199 51434 21727 130770 32636 18238 1927 1365 80648 1045 840 4503 2019 16551 41037 23747 1902 934 746 44476 697 47608 3996 1451 2545 1054 43612 16763 16438 6528 26849 14796 21845 18524 17290 3321 519 17347 600 14276 3911 98134 14151 2484 1481 1226 36172 23435 13940 7352 6588 2798
cat_boundaries=0 1 2 3 4 5 6 7 8 9 10 11
cat_threshold=4249914 18227210 11699538 21344650 15086860 14208518 2725140 8932306 4561474 2099220 26702216
is_linear=0
shrinkage=0.04


Tree=89
num_leaves=63
num_cat=14
split_feature=0 0 0 0 25 56 25 18 54 48 12 25 39 27 56 53 3 25 56 26 17 54 3 25 51 56 14 56 25 2 31 14 56 25 54 38 54 3 14 50 25 50 38 54 16 35 25 25 25 16 14 38 25 14 26 25 50 25 2 14 51 3
split_gain=147.057 64.85 42.3594 17.5212 13.4237 13.2541 13.5514 12.1648 11.9792 12.2181 14.127 11.4313 11.8197 11.3086 14.1763 14.0954 12.9621 10.0838 11.0165 10.4202 12.5483 11.6434 10.0123 11.149 9.97845 9.88766 10.8581 9.4182 11.6015 12.5684 10.5129 10.4655 11.3429 12.8021 11.8182 12.665 11.877 11.3358 9.99998 10.2522 12.6477 11.1153 10.5493 13.7058 13.2446 11.3437 9.41459 9.2289 9.02794 9.40667 9.02441 8.79522 8.78049 9.5869 8.69603 12.7806 8.69089 10.1147 12.7638 12.3628 8.68691 12.7256
threshold=-2.7102637290954585 -3.864582777023315 -0.96119156479835499 -4.7829072475433341 0 -0.0062194804195314637 1 46.500000000000007 0.0224999999627471 0.60500001907348644 0.21660000085830691 2 -1.5326666235923765 5.5000000000000009 0.01205108128488064 6.9049999713897714 0.57165187597274791 3 -0.027779128402471539 4.5000000000000009 4.4649999141693124 0.012500000186264517 0.82174682617187511 4 -0.11499999836087225 -0.044822912663221352 0.22040000557899478 0.01205108128488064 5 -1.7378582358360288 -1.4999999999999998 0.40749999880790716 -0.009379515424370764 6 -0.039166666567325585 -0.027500000782310959 -0.12083333358168601 0.65683224797248851 0.71494999527931224 -0.13434999436140058 7 -0.10824999958276747 1.0000000180025095e-35 -0.060833333060145371 0.307549998164177 0.87416666746139537 8 9 10 0.42315000295639044 0.37809999287128454 -0.020833333022892472 11 0.545749992132187 3.5000000000000004 12 -0.01955000031739473 13 -2.4237599372863765 0.22040000557899478 -0.03499999921768903 0.7202071249485017
decision_type=2 2 2 2 1 8 1 10 2 8 2 1 8 10 10 2 2 1 8 2 10 2 2 1 10 10 2 10 1 2 2 2 8 1 2 2 2 2 2 8 1 10 2 2 2 2 1 1 1 2 2 2 1 2 2 1 10 1 2 2 10 2
left_child=1 3 7 -1 24 6 -4 27 9 10 56 12 -11 -10 54 16 -16 19 25 20 21 -12 48 -24 -3 -19 -27 30 29 -29 52 47 38 -34 35 -35 -37 46 39 -33 -41 -42 43 -43 -44 -46 -38 -32 49 -7 -28 -45 -2 -54 55 -15 -6 58 59 60 -58 -62
right_child=2 4 5 -5 8 22 -8 -9 13 11 17 -13 -14 14 15 -17 -18 18 -20 -21 -22 -23 23 -25 -26 26 50 28 -30 -31 31 32 33 34 -36 36 37 -39 -40 40 41 42 44 51 45 -47 -48 -49 -50 -51 -52 -53 53 -55 -56 -57 57 -59 -60 -61 61 -63
leaf_value=-0.027802101950861951 -7.4450878942732907e-05 0.03809620962867219 0.0016274956389100983 -0.013153312544794234 -0.01093577974669886 0.0052595510793761371 0.0077652589787204733 0.023648770245672968 -0.007181972709562146 0.020014624233161495 0.020377235664402176 -0.0010569907637186151 -0.017059410618680708 -0.013875282437149715 0.044503931358982063 0.059579818309978938 -0.016349934934092033 -0.017119565856376712 -0.00087409482489757663 0.0041105118213003626 -0.0028958807643162587 0.062572183659484054 -0.00044976085923276675 0.017589625115821614 -0.0081711623384070828 -0.0025088598177231357 0.063665148003043973 -0.0095662261286981309 -0.004061640258975859 0.0038991254797854902 -0.003073215157950351 -0.0073087397632717183 0.0027748289618874582 0.015192121284710831 -0.0023494012337724945 -0.020885139947135513 -0.0018364330950016495 -0.011018678601903469 -0.013797309000324363 0.0004143001106664499 0.03174236805029463 0.021312994920953617 0.00066502300725447344 0.010192644344654295 0.043934988868484827 0.016507069286330996 0.007935311510291955 -0.00026456643187415258 0.0014844258817565453 -0.0029737154600276245 0.014291373860842511 -0.0020762471721472047 0.0029443327145563213 0.020274688406590576 -0.0089515632384106741 0.031630915066466966 -0.0003455895634189282 -0.0077300288378516603 -0.008596330779809808 -0.0064896787839168754 0.017109496020695527 0.055870843555945071
leaf_weight=159.50121370796114 2265.5492240078747 7.5074793174862853 953.68219957500696 722.01557018794119 232.75720639899373 1987.981491073966 1518.9605358168483 34.746004939079285 1181.3767470009625 14.827493976801632 61.378360556438565 259.69230530411005 190.92182557471097 12.086840782314537 9.2559337150305527 13.029269482940434 14.180453289300202 9.5417276043444854 882.03845887258649 318.4629627969116 30.565898388624191 12.613916052505372 98.902960531413555 128.99533542245626 1135.9930196087807 12.061529301106928 14.729695310816171 132.55339809879661 1811.6223506070673 679.21512591838837 2869.6605297662318 98.153850328177214 1941.9287094138563 116.24403228983283 3093.3353504836559 37.636452559381723 264.20866949111223 91.545084916055202 46.7368462421 400.02238660305738 34.399038072675467 72.743380770087242 54.58979731798172 148.02406918630004 34.122965048998594 82.353282131254673 380.21096733957529 5370.8728912137449 9176.2960056364536 249.9454004317522 9.9067155532538873 253.74948989227414 2890.5597747936845 51.99066374078393 82.740568228065968 14.196135522797706 21.359399687498808 172.06048123165965 64.955092620104551 35.227275270968676 43.600500360131264 19.66384394839406
leaf_count=19070 17729 202 4357 50162 6106 8822 7019 277 31730 360 1406 6159 4672 308 238 369 392 203 21108 7456 703 305 765 1034 30393 257 326 1794 14522 4777 22702 730 14935 703 24156 225 1697 937 323 2920 234 444 443 1003 315 602 2411 42593 40584 1106 214 1909 22735 389 2213 367 647 4453 1237 989 1281 544
internal_value=0.000130785 -0.00581952 0.00104762 -0.0158039 -0.00401476 0.00277625 0.00543595 -1.50809e-06 -0.00282711 -0.00115215 0.000243605 -0.00697254 -0.0137208 -0.00588607 0.00463667 0.0262263 0.00768361 0.00249781 0.000122301 0.00752973 0.0186641 0.0275705 0.00221136 0.010513 -0.0077992 0.0191554 0.0285871 -3.68949e-05 -0.00229416 0.00167968 0.000250584 -0.000275088 0.000844707 0.00012032 -0.00117785 0.00288154 0.00103171 0.00215251 0.00434874 0.00506858 0.00619347 0.00944822 0.00840666 0.00533656 0.0169227 0.0245424 0.00402359 -0.00124669 0.00204561 0.0043207 0.0438111 0.00244394 0.00180401 0.00323953 -0.00258451 0.0174594 -0.00492257 -0.00100061 0.00539124 0.0134219 0.0217107 0.0291573
internal_weight=43129.8 5758.25 37371.5 881.517 4876.73 14114.8 2472.64 23256.8 3733.23 2406.36 1940.92 465.442 205.749 1326.87 145.489 36.4657 23.4364 1351.3 928.278 423.021 104.558 73.9923 11642.1 227.898 1143.5 46.2397 36.6979 23222 2623.39 811.769 20598.6 15390.5 7150 5925.11 3983.18 889.845 773.601 735.965 1224.9 1178.16 1080 679.982 645.583 474.517 171.066 116.476 644.42 8240.53 11414.2 2237.93 24.6364 401.774 5208.1 2942.55 109.024 26.283 589.624 356.867 184.806 119.851 84.6237 63.2643
internal_count=439062 193870 245192 69232 124638 63687 11376 181505 94043 58426 47235 11191 5032 35617 3887 999 630 31978 22108 9870 2414 1711 52311 1799 30595 1000 797 181228 21093 6571 160135 119282 53987 45064 30129 5973 5270 5045 8923 8600 7870 4950 4716 3356 1360 917 4108 65295 50512 9928 540 2912 40853 23124 2888 675 15257 9151 4698 3461 2472 1825
cat_boundaries=0 1 2 3 4 5 6 7 8 9 10 11 12 13 14
cat_threshold=16791592 12640976 4523908 115012 1060834 30673154 13308930 12672010 313872 4587882 17039512 11689664 8618514 8274946
is_linear=0
shrinkage=0.04


Tree=90
num_leaves=63
num_cat=0
split_feature=0 0 0 2 56 3 56 35 7 35 14 56 34 10 18 56 34 48 35 3 13 12 4 16 16 48 11 12 50 3 48 39 50 39 14 7 50 12 55 56 43 34 11 7 6 55 38 7 48 56 16 3 39 11 38 16 34 48 0 16 14 41
split_gain=150.115 43.1848 37.1851 17.0004 10.6088 10.4856 10.2747 11.4001 11.7495 9.5161 9.49381 12.2772 10.4037 8.89648 9.14926 8.50085 14.0788 10.384 9.47537 12.331 11.0034 13.611 11.7803 11.4202 14.5628 9.15353 15.4755 11.0776 12.4218 13.0555 9.9942 13.5687 9.83197 9.29954 10.0041 8.81524 8.40047 9.20517 10.4245 8.78975 8.27547 8.26483 10.2475 10.7437 9.71001 11.5949 12.3395 18.8367 12.426 11.8254 11.1564 9.40729 9.35481 9.16586 8.33486 13.8543 8.97735 8.22047 9.16425 8.21839 8.01594 7.99786
threshold=-3.356669425964355 -0.84029200673103321 -4.6479060649871817 -1.6990813016891477 0.01280735479667783 0.82174682617187511 -0.0075452758464962235 2.6491667032241826 49.500000000000007 3.3308333158493046 0.46440000832080847 0.017794474959373478 1.5591666102409365 0.12499999627470972 43.500000000000007 -0.0045819631777703753 1.7541666626930239 2.1149998903274541 1.9925000071525576 0.49402511119842535 6.3550000190734872 0.39665000140666967 0.86145758628845226 0.35279999673366552 0.38214999437332159 -0.60500001907348622 6.055000066757203 0.56014999747276317 -0.096650000661611543 0.6964051127433778 -0.1649999991059303 -0.38449999690055842 0.079549998044967665 0.49366666376590734 0.47845000028610235 41.500000000000007 -0.10215000063180922 0.55180001258850109 4.5000000000000009 -0.01054712478071451 3.5000000000000004 -0.7341666817665099 5.0350000858306894 48.500000000000007 2.5000000000000004 2.5000000000000004 0.0075000002980232247 38.500000000000007 1.3849999904632571 -0.016831349581480023 0.11830000206828119 0.31389704346656805 1.6173333525657656 4.4449999332427987 0.027500000782310966 0.35694999992847448 0.50249999761581432 -0.33500000834465021 -1.3886722922325132 0.27064999938011175 0.47845000028610235 1.5000000000000002
decision_type=2 2 2 2 10 2 10 2 2 2 2 10 2 2 10 10 2 10 2 2 2 2 2 2 2 10 2 2 10 2 10 8 10 10 2 2 8 2 2 10 2 2 2 2 2 2 2 2 8 10 2 2 10 2 2 2 2 8 2 2 2 2
left_child=2 3 -1 13 -4 -3 36 -8 9 10 40 12 -12 -2 15 16 18 -18 20 -20 -15 22 -22 -24 -25 26 -23 28 59 30 60 -32 33 34 -31 -36 37 38 -5 41 -9 42 43 53 45 46 48 51 49 50 -43 -48 -49 -38 -46 56 -56 -55 -59 -27 -30 -29
right_child=1 5 4 6 -6 -7 7 8 -10 -11 11 -13 -14 14 -16 -17 17 -19 19 -21 21 25 23 24 -26 27 -28 61 29 32 31 -33 -34 -35 35 -37 39 -39 -40 -41 -42 44 -44 -45 54 -47 47 52 -50 -51 -52 -53 -54 57 55 -57 -58 58 -60 -61 -62 -63
leaf_value=-0.026675666404850303 -0.0096264511026771474 0.0024624513878281763 -0.0074783713771746189 0.00085377351214046561 -0.016496757669903755 0.010274723845386767 -0.0016023092660335922 -0.017272499371102357 0.020397337836816538 -0.0067019148174719328 0.0079393283249206709 -0.0045120605821156942 0.03120544101108964 -0.0014680632934999864 0.013400399717813379 -0.0040808628932006421 -0.0029898295841398153 0.037265059280986293 -0.025278489473360023 -0.0042986888494519265 -0.017951817417675195 0.021722913060256695 0.0096100963858811346 0.064442632038610448 0.01774556440204398 0.018938600203857476 -0.019557085424136738 -0.023239692912719906 0.024181718384840033 -0.020878788651861879 0.048148723967108537 0.015172335705510005 -0.01695459128697013 0.02624642155280035 0.020248325704886577 -0.0085051616815712966 -0.0009815076375820186 -0.012038473115311449 -0.0068016947245183416 0.0067066537362313137 0.0078093415583450941 0.028192656320750863 -0.019245692227531662 -0.0074917996512370508 0.0002367411586030675 0.0047292776556534973 0.01960861606126402 -0.011164791066617514 -0.0016482940744301244 -0.013236882808835105 0.0063970174177172866 0.00057022486870653935 0.011027722620007171 -0.0050988256515520462 0.015307400352598937 0.019625955202255067 -0.0056476450634549971 0.026799316189008802 0.0056171184578906195 -0.015541740296916387 -0.010812497411202739 0.0030878533420318878
leaf_weight=202.03987392690033 228.52042639814317 11694.715784288943 1648.4079884579405 1232.9353114105761 238.95638161897659 281.50801227241755 5316.4162570536137 40.754970774054527 67.565173055976629 126.02164345979691 65.616079702973366 50.838833726942539 57.873084738850594 4186.0927761290222 64.390183288604021 1849.2618273776025 16.663058623671532 26.652601761743426 53.129988284781575 286.74571878090501 14.508185833692549 18.50097668915987 64.443622069433331 17.464118223637342 27.52793295122683 13.51816696487367 67.709382437169552 39.643395218998194 14.820011887699364 26.85700717009604 23.18907386995852 143.55752122029662 40.705288728699088 27.449198996648192 39.60383016243577 29.969391200691462 825.76438146829605 128.54100117087364 370.00786090642214 451.14027604833245 43.524779047816992 39.692624296993017 52.363879401236773 328.74149547889829 7319.6942746378481 2409.9831790365279 45.820031978189945 368.67004401609302 514.82433146983385 46.480356127023697 704.45716260373592 443.15189894288778 33.121085926890373 49.825389474630356 45.90975384414196 95.665845215320587 113.77734653651714 53.523744583129883 83.914004504680634 60.828860558569431 35.708081375807524 34.552881417796016
leaf_count=24509 3709 52585 79862 8648 11824 2242 35665 250 432 764 422 316 331 72107 1089 32006 228 367 1001 4354 271 307 1063 286 440 221 1105 608 237 439 372 2237 625 396 623 496 5634 796 3045 2884 279 281 338 2149 46642 16346 280 2269 2496 322 4819 2766 213 451 315 625 732 382 376 1000 565 557
internal_value=9.20689e-05 0.000625616 -0.0103661 -0.000209399 -0.00862018 0.00264608 0.000360634 -0.00108371 0.00501341 0.00231103 0.0067031 0.012032 0.018843 -0.00185605 -0.00161023 -0.00174524 -0.000931805 0.0217794 -0.0011186 -0.00757829 -0.000672963 0.00382144 0.0159168 0.0204069 0.0358715 0.00139018 -0.0106983 0.00335501 0.00568627 0.00859867 0.0150358 0.0197583 0.000100718 0.00570489 -0.000142331 0.00786246 0.000889372 -0.00173924 -0.000913341 0.00121386 -0.00431943 0.00103132 -0.00188607 -0.0012086 0.00136521 0.00281347 0.000711186 -0.00291852 0.00318788 0.00633698 0.00755959 0.00235425 -0.00933538 0.000830392 0.000484564 0.00758839 0.000376893 0.00882023 0.0138663 -0.00927234 -0.000548609 -0.0109791
internal_weight=43044.3 40954.9 2089.4 28978.6 1887.36 11976.2 21526.6 5768.61 452.195 384.629 258.608 174.328 123.489 7452.01 7223.49 7159.1 5309.84 43.3157 5266.53 339.876 4926.65 740.557 123.944 109.436 44.9921 616.613 86.2104 530.403 456.206 381.859 217.275 166.747 164.585 123.879 96.4302 69.5732 15758 1731.48 1602.94 14026.5 84.2797 13575.4 1394.13 1341.77 12181.2 4606.2 2196.22 890.763 1305.45 790.63 744.15 488.972 401.791 1013.03 7575.05 255.353 159.687 187.263 137.438 74.347 50.5281 74.1963
internal_count=438999 322804 116195 267977 91686 54827 141268 38459 2794 2362 1598 1069 753 126709 123000 121911 89905 595 89310 5355 83955 11848 2060 1789 726 9788 1412 8376 7211 5990 3411 2609 2579 1954 1558 1119 102809 12489 11693 90320 529 87436 9330 8992 78106 29792 13446 5528 7918 5422 5100 3046 2482 6843 48314 1672 1047 1209 758 1221 802 1165
is_linear=0
shrinkage=0.04


Tree=91
num_leaves=63
num_cat=7
split_feature=2 0 0 0 25 54 25 39 10 50 46 28 12 13 16 0 15 54 12 50 55 13 14 13 3 0 4 9 13 48 49 39 3 7 17 26 53 3 15 25 10 7 53 35 25 15 12 53 7 39 25 53 16 50 25 49 39 15 49 54 25 7
split_gain=130.602 61.0886 30.4776 15.1874 17.7546 13.0709 16.9382 14.5294 11.2682 10.7573 15.9293 15.484 14.5404 31.9164 13.6407 10.8797 10.7006 11.8445 10.2636 9.89845 9.30908 17.0089 14.0903 16.7874 14.4594 13.209 18.6054 9.0905 12.8965 9.70263 9.04973 10.6234 13.5526 9.97608 9.29027 9.2726 10.6038 8.69485 10.1515 9.04028 8.57474 8.32886 9.90615 8.31128 12.9699 8.6733 9.47218 12.4821 8.6894 8.43196 16.3057 9.65064 8.01481 7.86955 15.9609 11.7799 16.8345 9.72318 9.54368 8.85037 11.1937 10.7524
threshold=-2.0498527288436885 -4.0076992511749259 -0.65804103016853321 -4.6479060649871817 0 0.017500000074505809 1 1.8336666822433474 0.17500000447034839 -0.027649999596178528 4.5000000000000009 5.5000000000000009 0.25820000469684606 4.8450000286102304 0.34555000066757208 -4.3508243560791007 0.22255000472068789 0.014166666660457851 0.12135000154376031 0.12674999982118609 4.5000000000000009 3.3349999189376835 0.52959999442100536 5.805000066757203 0.68164494633674633 -3.6037347316741939 1.0992073416709902 1.5000000000000002 5.6749999523162851 -0.46500000357627863 -0.75499999523162831 -1.268166661262512 0.70944383740425121 51.500000000000007 1.5350000262260439 4.5000000000000009 6.7950000762939462 0.71156358718872081 0.40039999783039099 2 0.18500000238418582 39.500000000000007 6.8450000286102304 1.2175000309944155 3 0.30955000221729284 0.42294999957084661 6.7750000953674325 37.500000000000007 1.0836666822433474 4 6.9249999523162851 0.30615000426769262 -0.0930499993264675 5 1.1649999618530276 0.60916668176651012 0.22650000452995303 -3.3349999189376827 -0.1091666668653488 6 33.500000000000007
decision_type=2 2 2 2 1 2 1 10 2 10 8 10 2 2 2 2 2 2 2 10 2 2 2 2 2 2 2 2 2 10 10 10 2 2 8 2 2 2 2 1 2 2 2 2 1 2 2 2 2 8 1 2 2 8 1 8 8 2 8 2 1 2
left_child=1 3 53 -1 8 6 7 20 9 16 -11 41 15 -14 -15 -13 17 -5 -8 37 27 -22 23 25 -25 26 -23 -3 29 -29 33 32 52 34 35 -20 -37 39 43 -4 -27 42 -12 44 45 48 -47 -48 -39 50 -45 -51 -32 54 55 -2 57 -57 -56 60 61 -55
right_child=2 5 19 4 -6 -7 18 -9 -10 10 11 12 13 14 -16 -17 -18 -19 30 -21 21 22 -24 24 -26 40 -28 28 -30 -31 31 -33 -34 -35 -36 36 -38 38 -40 -41 -42 -43 -44 49 -46 46 47 -49 -50 51 -52 -53 -54 59 58 56 -58 -59 -60 -61 -62 -63
leaf_value=-0.026036042814031709 -0.0041791889942209941 -0.00034339814643842955 0.0040283888003203533 0.089853375982788752 -0.018322645500340608 -0.0063247918100484317 -0.017979372200070731 -0.014638014893357565 -0.013356120848844584 -0.019464315261715909 0.07025514523913666 0.069498128301493822 0.15642582003220598 -0.0028894125086515732 0.086930619678747476 -0.020937493186209126 -0.018932381506812802 -0.011333787724846613 -0.011437313635649891 0.018046202110040651 -0.01909854071993989 -0.0073798345800316946 -0.024595429481540823 0.019183846127490346 0.076499151127444612 -0.0019465363912693006 0.097051225389587756 0.017976338378775183 0.045294878210962286 -0.022866646919713091 -0.026508818503559701 -0.001499445835795776 0.065613367772768466 -0.016832556606819753 -0.0058185559177514334 0.060590528105858667 0.00047175918183503881 0.01335355119778716 0.010176465404631995 0.00090629652805035486 0.036792579416511983 -0.030086493618247789 -0.014237316436191813 -0.0082746988855180829 0.0046565396971474434 0.0054361212991052852 -0.0064561917756186873 -0.031187690564407049 -0.0083433658729576022 0.0028718356530079807 0.020967932468795518 0.01518330339391662 0.023839010255793155 0.025830100429457718 0.013545702045397085 0.042815540493915727 0.0020939352289855839 0.011413187394838589 -0.0049451272669053083 0.00066349169846917193 -0.0075891985820332412 -0.0034612439792047335
leaf_weight=195.92097904160619 474.80943066254258 1581.2498127259314 2449.6941075623035 3.37262363359332 303.08882888127118 2199.8304977538064 96.466727433726192 99.584335340186954 74.904569889418781 13.247898769564925 4.3304894668981451 3.2737532248720527 5.0754168648272779 6.3648203052580339 4.7050994755700231 6.0838440367952007 31.386535516008735 4.1022464893758297 11.734661635011436 69.718903288245201 24.534475157037377 4.7726745288819057 11.352732360363005 13.714106073603036 14.476715078577397 50.65926780924201 6.3764402214437723 26.612381095066667 16.824717042967677 14.310616753995417 7.7469675391912522 447.35730393230915 8.5415694843977672 131.97950752452016 968.93203883431852 10.528517493978145 8.4710677172988635 56.505850352346897 482.57192757725716 3790.6846620738506 11.155059473589061 7.6059614727273575 4.5559713738039136 38.25368295609951 435.20504131913185 38.416257478296757 75.798167452216148 57.361746534705162 61.87095008045435 806.56504418700933 115.87325863540173 116.59939105063677 14.579245043918489 35.042663030326366 45.987072620540857 24.224012445658445 1164.9086934030056 45.238594941794872 1548.1523292474449 24232.388077709824 390.78195975720882 46.871770493686199
leaf_count=24397 4311 35957 10709 236 22606 60077 2995 2195 5405 937 315 289 359 454 339 384 2231 296 294 299 676 225 270 343 333 1125 285 641 325 311 198 10301 222 3429 23056 275 226 318 2946 16469 262 534 336 222 2539 212 430 329 344 4998 664 720 372 197 474 191 8954 384 12379 165262 2193 272
internal_value=2.71832e-05 -0.00522113 0.000951975 -0.0166737 -0.0127884 -0.00389792 -0.00240748 0.000228411 -0.00168003 0.00743528 0.0187782 0.0308422 0.0503743 0.0733681 0.0352872 0.0107014 -0.00868919 0.0343213 -0.0052753 0.00303554 0.00106327 0.0110783 0.0176589 0.0224012 0.0486167 0.0122724 0.0523467 0.00022589 0.0158141 0.0036937 -0.00454681 6.65898e-05 0.0227627 -0.0064964 -0.00513179 0.0165194 0.0337863 0.00291279 0.00502381 0.0021398 0.00504435 0.000638939 0.026937 0.00364429 0.000333644 -0.00610486 -0.0120618 -0.0171099 0.00201342 0.00587279 0.0145336 0.00442682 0.00636883 0.000312578 -0.00152104 0.00116823 0.00323462 0.0223643 -0.00438421 0.000557751 -0.00486294 0.00808274
internal_weight=43053.3 6449.81 36603.5 668.019 472.098 5781.79 3581.96 1875.62 169.009 94.1047 55.2433 41.9954 25.5029 16.1453 11.0699 9.3576 38.8614 7.47487 1706.34 8595.12 1776.04 137.041 112.507 101.154 28.1908 72.9634 11.1491 1639 57.7477 40.923 1609.87 478.225 30.8678 1131.65 999.666 30.7342 18.9996 8525.4 2285.02 6240.38 61.8143 16.4924 8.88646 1802.45 725.158 289.953 171.576 133.16 118.377 1077.29 154.127 923.164 22.3262 28008.4 3303.32 1709.18 1234.37 69.4626 1594.14 24705.1 472.696 81.9144
internal_count=439327 203511 235816 59118 34721 144393 84316 42948 12115 6710 3947 3010 1825 1152 793 673 2763 532 41368 41199 40753 3519 2843 2573 676 1897 510 37234 1277 952 38373 11093 792 27280 23851 795 501 40900 13722 27178 1387 1185 651 10776 4172 1633 971 759 662 6604 886 5718 570 194617 26693 13840 9529 575 12853 167924 2662 469
cat_boundaries=0 1 2 3 4 5 6 7
cat_threshold=3257856 8049746 5538170 7374458 1055302 12290452 29888834
is_linear=0
shrinkage=0.04


Tree=92
num_leaves=63
num_cat=9
split_feature=0 2 0 3 25 46 16 31 4 38 19 51 25 25 25 56 53 50 20 18 46 56 48 25 17 3 25 0 25 38 4 0 48 17 19 53 9 14 43 13 3 56 16 17 49 36 18 25 31 42 48 53 50 17 36 11 46 18 16 25 2 2
split_gain=109.676 38.9966 28.6976 18.5525 17.1467 11.024 11.4347 10.4676 12.0709 11.7328 11.4214 17.8346 13.3199 11.1777 10.8768 11.3525 10.5301 10.4125 10.2679 11.3946 10.628 10.0499 11.115 13.3505 17.7199 11.8991 11.445 10.1681 10.6878 10.0677 10.4172 9.9806 9.82809 9.18447 9.17959 8.67476 8.46813 8.31027 10.3967 10.079 9.23789 8.99969 8.81001 8.23447 10.3071 10.0138 10.0026 7.79255 9.66982 7.66353 7.8913 9.55345 7.65445 7.62484 11.8967 9.68407 8.95306 7.54033 8.17791 9.12715 10.3282 9.05129
threshold=-3.5118060111999507 -0.9897826313972472 -4.6479060649871817 0.6545778512954713 0 4.5000000000000009 0.21455000340938571 -1.0000000180025095e-35 1.4364231228828432 -0.034166667610406869 7.5000000000000009 0.024999999441206459 1 2 3 0.041679177433252342 6.6150000095367441 -0.015749999321997162 1.5000000000000002 16.500000000000004 1.5000000000000002 -0.0062194804195314637 0.024999999441206459 4 2.2100000381469731 0.42887839674949652 5 -2.9676959514617915 6 0.015833333600312475 1.102514445781708 -1.7329203486442564 0.9650000035762788 7.4149999618530282 8.5000000000000018 7.0250000953674325 1.0000000180025095e-35 0.40749999880790716 5.5000000000000009 5.4349999427795419 0.5516892969608308 -0.019711205735802647 0.33824999630451208 7.5850000381469735 5.305000066757203 0.15204166620969775 2.5000000000000004 7 -1.0000000180025095e-35 1.5000000000000002 1.7050000429153445 6.8650000095367441 -0.012950000353157519 5.870000123977662 -0.069858331233263002 5.6849999427795419 2.5000000000000004 2.5000000000000004 0.37974999845027929 8 -1.7127860784530637 -1.3759829401969907
decision_type=2 2 2 2 1 8 2 2 2 2 8 10 1 1 1 10 2 8 10 10 8 8 10 1 8 2 1 2 1 2 2 2 10 10 10 2 2 2 2 2 2 10 2 8 8 2 8 1 2 2 10 2 10 10 2 2 10 8 2 1 2 2
left_child=2 21 -1 7 5 -4 -7 8 10 13 12 17 -3 -10 16 18 52 -12 19 -16 31 22 26 24 -24 -25 -2 28 -23 -26 -31 -20 37 49 47 -22 43 38 39 40 -27 -39 -43 45 -45 -14 -46 48 -5 -34 -51 -52 -9 55 -55 -38 -56 58 59 60 -29 -62
right_child=1 3 4 34 -6 6 -8 14 9 -11 11 -13 36 -15 15 -17 -18 -19 20 -21 35 27 23 25 29 32 -28 57 -30 30 -32 -33 33 -35 -36 -37 53 41 -40 -41 -42 42 -44 44 46 -47 -48 -49 -50 50 51 -53 -54 54 56 -57 -58 -59 -60 -61 61 -63
leaf_value=-0.024862208941198671 -0.0066103992655103874 -0.00032488981815136098 -0.012472890998861013 0.013444830461211461 -0.012961117355172637 -0.018179526479439274 0.00083007649523644746 0.0031641792623031857 -0.0017667541701271183 -0.00014780534847656004 0.023336329860760709 0.025901287515875664 0.0053994543650497055 0.020578984456154577 -0.0023693576001740371 -0.017005877858756235 0.0011181303118377849 0.0043150374281323454 -0.020176687001843656 -0.014269898819073996 0.0025018776673628902 -0.0077518449627664654 0.046430731108543802 -0.015026999820878921 0.0045503295998737701 -0.0052655639293430131 0.0010659026710436628 -0.013672952703606316 -0.0016695690923902509 0.040966378347238493 0.010599932598758665 -0.0017975957489364963 0.0038528564133639975 0.0063975148437453635 0.019685724434365309 -0.0074306593432621306 0.0070718044131830183 0.0022704892991054189 -0.022783600204079196 -0.011010103332372453 0.020247135850068241 0.010714846511843496 0.03975871950865572 -0.015867550985565696 0.018381681265366868 -0.013697100778459091 -0.00037456710572650391 0.0019883345161249336 0.0044980491651099531 -0.023928497688695951 0.01241541722071394 -0.024218761368874242 0.022591055576298865 -0.007806763978078635 0.0097545159443111935 -0.0024705810061082015 0.024648909212989283 -0.0010519390747042372 -0.018776249814516813 -0.0099907322970862224 0.033263006391278278 0.0027478113748005857
leaf_weight=191.50035665091127 454.94355034455657 2247.8570200055838 183.05273643136024 222.53549142181873 663.67713633645326 56.456860912032425 490.44303365424275 66.307779036462307 66.280256509780884 4738.309085957706 48.162376448512077 70.535674273967743 1022.7653645798564 76.177086271345615 2099.6423123329878 71.160268411040306 4498.2597949057817 1047.9983710199594 48.92401409894228 137.13935221731663 2313.7072948515415 840.56997553445399 18.383682424202561 79.575461257249117 546.99641938135028 33.891998136416078 933.91520255990326 28.283599212765694 1053.9821546897292 24.913591112941504 65.850456397980452 1402.3080535829067 46.489732597023249 84.162540752440691 57.7071677967906 149.79651766270399 572.26499358564615 53.098187353461981 25.352919902652502 44.232874298468232 68.814919907599688 35.699401440098882 31.415714558213949 65.105090782046318 47.982402876019478 45.906997449696064 876.73476136475801 2159.7006660625339 1470.6617325991392 69.408619966357946 27.601593328639865 19.391188720241189 63.554496914148331 46.185595601797104 231.74243676662445 242.17216801643372 89.514351412653923 10239.54052401334 76.492640566080809 130.67609349638224 26.480433590710163 37.686165131628513
leaf_count=24465 6440 10141 9451 1134 36963 3031 26560 306 357 25400 274 373 4580 395 10204 352 21935 4624 386 660 11321 23119 241 976 6195 388 13262 423 28099 375 771 6705 492 890 315 749 2573 576 327 529 894 426 369 358 214 209 3920 11767 8314 846 324 252 304 207 1070 1088 405 118954 833 1417 269 305
internal_value=-1.73391e-05 0.000378064 -0.0103431 0.00130832 -0.00834803 -0.00392248 -0.0011323 0.000864267 0.00170315 0.000192249 0.00281125 0.00640531 0.00204722 0.0115029 -2.75629e-05 -0.00111899 0.00143921 0.00515078 -0.000937029 -0.00309899 0.000298262 -0.00124224 0.000987253 0.00368352 0.00759777 -0.000578086 -0.00148852 -0.00171995 -0.00441787 0.00659753 0.0189351 -0.00241719 0.00154216 -0.00433201 0.00385034 0.00189792 0.0036824 0.00650355 0.000871803 0.00495329 0.0118283 0.0145751 0.0243099 0.00214435 -0.000484387 0.00457912 0.000598671 0.00361316 0.0056406 -0.00987574 -0.0153588 -0.00270138 0.0126717 0.0063924 0.0111756 0.00423438 0.0139047 -0.00123496 -0.00748968 -0.00362039 0.0058336 0.0153409
internal_weight=42980.1 41394.9 1585.13 26297.1 1393.63 729.953 546.9 22386.5 11535.7 4880.77 6654.93 1166.7 5488.23 142.457 10850.8 6222.68 4628.12 1096.16 6151.52 2236.78 3914.74 15097.8 2664.14 1275.28 656.144 619.135 1388.86 12433.7 1894.55 637.76 90.764 1451.23 539.56 247.054 3910.61 2463.5 3240.37 292.506 172.293 146.94 102.707 120.213 67.1151 2058.49 989.822 1068.67 924.717 3852.9 1693.2 162.891 116.401 46.9928 129.862 1181.88 367.442 814.437 321.257 10539.2 299.619 223.126 92.4502 64.1666
internal_count=439102 338632 100470 130640 76005 39042 29591 109110 56188 26152 30036 5271 24765 752 52922 30377 22545 4898 30025 10864 19161 207992 34573 14871 7582 7289 19702 173419 51218 7341 1146 7091 6313 2804 21530 12070 14624 3509 2138 1811 1282 1371 795 9281 4492 4789 4134 21215 9448 1914 1422 576 610 5343 1682 3661 1475 122201 3247 2414 997 574
cat_boundaries=0 1 2 3 4 5 6 7 8 9
cat_threshold=8041746 6410790 29446936 2855494 11690854 2156600 18124122 15000324 17621270
is_linear=0
shrinkage=0.04


Tree=93
num_leaves=63
num_cat=10
split_feature=0 0 0 48 25 31 12 25 4 56 25 0 0 25 7 25 25 50 25 53 50 2 14 53 34 49 31 11 12 39 51 10 5 43 49 25 48 25 3 50 43 49 7 53 50 50 53 3 43 48 12 27 7 7 49 56 31 4 2 25 11 56
split_gain=110.5 43.8269 16.1835 14.5389 16.293 15.3032 15.7123 16.4741 16.6988 14.1787 13.4304 11.8591 10.9232 10.5215 10.2734 12.016 9.83358 9.51085 13.1098 10.7016 10.8521 14.9473 9.80147 9.09352 9.02274 8.55536 8.3858 8.2874 10.1964 9.59672 9.00289 9.54009 9.58898 10.9402 9.80076 8.23909 9.82493 8.10894 13.5492 14.6479 16.5556 8.06995 7.86598 14.921 11.5558 14.1844 9.18697 9.11555 7.86464 7.74167 7.73858 8.76926 7.71946 15.2715 7.58504 7.5386 7.49684 13.2885 18.0933 12.1365 13.1453 11.9506
threshold=-3.864582777023315 -1.8667646646499632 -4.6479060649871817 -2.2649999856948848 0 -1.4999999999999998 0.24724999815225604 1 1.4595106840133669 0.033195631578564651 2 -3.1696701049804683 -0.3769832700490951 3 60.500000000000007 4 5 0.063249997794628157 6 6.8350000381469735 -0.083250001072883592 -2.7098853588104244 0.24454999715089801 7.1150000095367441 1.7541666626930239 -7.9800000190734854 -1.4999999999999998 7.3750000000000009 0.48164999485015875 2.9058333635330205 0.064999999478459372 0.12499999627470972 4.5000000000000009 1.5000000000000002 -3.3900001049041744 7 1.6449999809265139 8 0.34160307049751287 -0.072350002825260148 2.5000000000000004 0.14500000327825549 26.500000000000004 6.9049999713897714 0.085749998688697829 0.13714999705553058 6.7449998855590829 0.48833157122135168 4.5000000000000009 0.78499999642372142 0.22344999760389331 4.5000000000000009 24.500000000000004 41.500000000000007 1.1749999523162844 0.0081844353117048758 -1.0000000180025095e-35 1.3384859561920168 -0.9897826313972472 9 6.4649999141693124 0.0036244632210582499
decision_type=2 2 2 10 1 2 2 1 2 10 1 2 2 1 2 1 1 10 1 2 8 2 2 2 2 8 2 2 2 10 10 2 2 2 8 1 10 1 2 10 2 10 2 2 10 8 2 2 2 10 2 8 2 2 8 10 2 2 2 1 2 10
left_child=2 3 -1 4 -2 6 7 42 -9 13 24 55 14 -8 56 -16 -4 19 -19 20 21 -6 52 -15 -7 -13 -21 28 29 -27 31 -30 34 -34 -33 36 -35 38 -10 -40 -41 -26 43 44 -5 -46 49 -45 50 -44 51 -39 -20 -54 -31 -12 57 59 -59 -3 61 -61
right_child=1 12 16 5 17 10 9 8 37 -11 11 25 -14 23 15 -17 -18 18 22 26 -22 -23 -24 -25 41 27 -28 -29 30 54 -32 32 33 35 -36 -37 -38 48 39 40 -42 -43 46 47 45 -47 -48 -49 -50 -51 -52 -53 53 -55 -56 -57 -58 58 -60 60 -62 -63
leaf_value=-0.024685284126750674 -0.01367247933760969 0.0056630035600777583 -0.0056743035228134751 -0.011462508613954319 0.06996256496002988 -0.00029097878834160202 0.0069150878165081609 -0.0016110757917623991 0.0010640101696423674 -0.017025017599598093 -0.0065917309661510269 0.024594856227229737 0.0035871048847614072 0.0017722117148059535 -0.019954261886054855 -0.00064936007144682901 -0.016118276333901727 -0.0080229690472500351 0.0098845511138161823 -0.016988777826494116 -0.0023881253505609991 0.0055890633891980705 -0.0013371920151108549 -0.021475927347249856 0.0024928828527028776 -0.0028528155470296085 0.0073628932630439483 -0.011247432352793388 -0.013947192253615171 0.010417529230099769 0.027181607670579609 0.034412139299733434 0.013392324664613344 -0.0087856122576821013 0.0041879358250846129 -0.011617158345883574 0.015780763968570911 0.006551438499026202 0.066299315282161209 0.046011539109593526 0.00035403464474849838 0.027876038105453773 -0.0038007112437264813 0.0051293956927063247 0.045992879107373395 -0.0081545829782576889 -0.012534602454262769 0.052431662912454352 -0.015246236412639086 0.02939459684780248 -0.013571119790466102 0.044026740816688309 0.071236024336356271 0.0063879977251369499 -0.01615949440793894 -0.018930315716146645 0.00041868672271567808 -0.0105639866906605 0.0011063782311659654 0.0020804492489249348 0.011920025284299361 -0.0054639192913355783
leaf_weight=186.86725760716945 311.01853915117681 2175.6308035627007 318.4688504152 94.627981251105666 8.272229893133046 3108.3731903284788 793.82612580060959 663.13479637354612 36.872710855677724 57.338302722200751 477.15761985629797 18.464074347168207 2990.4870043247938 1875.627354728058 69.615955285727978 160.56025012582541 329.95823058951646 40.410095145925879 12.941276909783481 125.07837103679776 146.73762134835124 19.088926989585161 17.246388522908092 27.312045112252235 47.842206628993154 4147.0766179785132 27.622740754857659 174.8090547695756 65.521068081259727 19.603486932814121 21.115909539163113 17.755720444023609 51.791459046304226 55.63237988576293 516.87231334298849 172.9631669037044 48.980809219181538 32.186135360971093 14.856332624331115 23.370606739073992 27.848602639511228 34.485180288553238 166.96607069671154 13.056813990697266 14.265822209417818 16.923015739768747 384.75714184716344 13.016723807901142 29.254934431985021 12.052327658981083 16.662382064387202 14.487606033682821 16.137496290728453 9.0795719139277917 139.07752520777285 95.002720547839999 12476.785922959447 219.02023420482874 7199.534249484539 1929.2961069047451 182.27006680518389 406.76944244652987
leaf_count=24458 6704 10317 21372 1873 298 45844 12292 14085 536 1031 16520 231 17207 30888 368 805 23368 900 303 2696 2638 387 349 508 517 53938 561 2180 823 235 243 226 650 770 6258 2305 584 457 225 313 412 365 3091 231 254 299 8244 287 459 208 216 208 351 245 1674 3401 63115 1569 35668 9173 906 1904
internal_value=9.25464e-05 0.000378484 -0.0143138 -0.00142324 -0.00690763 -0.0011261 0.000835678 -0.00235185 0.00140164 0.00265778 -0.00204783 -0.00315688 0.00130329 0.00307627 0.00102811 -0.00738318 -0.0113249 -0.00156848 0.00947651 -0.00485477 0.00192424 0.0250514 0.0200663 0.00143102 5.50206e-05 -0.00258695 -0.0125837 -0.00267936 -0.00239442 -0.00322221 0.00135495 0.000768239 0.00188418 -0.0034846 0.00519172 -0.00663357 0.00247956 0.0116904 0.0186756 0.0313299 0.0211869 0.0131253 -0.00678023 0.00120425 -0.00450296 0.0166125 -0.00905164 0.0287442 0.00172094 -0.00156585 0.00982978 0.0181838 0.0349986 0.0478871 -0.0128762 -0.00864046 0.00110685 0.00181571 0.000761831 0.00348131 0.00156779 0.00076678
internal_weight=42919.9 42084.6 835.294 14274.6 733.633 13541 4328.44 1574.34 858.674 2754.1 9212.52 6021.82 27810 2696.77 24819.5 230.176 648.427 422.615 95.8148 326.8 174.099 27.3612 55.4047 1902.94 3190.7 5449.66 152.701 5431.2 5256.39 4305.76 950.633 929.517 863.996 329.368 534.628 277.576 104.613 195.539 102.948 66.0755 51.2192 82.3274 715.666 151.89 125.817 31.1888 563.776 26.0735 92.5911 179.018 63.3361 46.6737 38.1583 25.2171 158.681 572.16 24589.3 12112.5 7418.55 4693.97 2518.34 2336.07
internal_count=438543 369345 69198 228313 15432 212881 76117 31398 16911 44719 136764 90038 141032 43688 123825 1173 44740 8728 2148 6580 3323 685 1248 31396 46726 70117 3257 69886 67706 55847 11859 11616 10793 4309 6484 3659 1354 2826 1486 950 725 882 14487 2944 2426 553 11543 518 1340 3299 881 665 899 596 1909 19921 122652 59537 37237 22300 11983 11077
cat_boundaries=0 1 2 3 4 5 6 7 8 9 10
cat_threshold=18957288 25309654 12111888 116870 9964076 12301314 564240 196714 6096904 17047028
is_linear=0
shrinkage=0.04


Tree=94
num_leaves=63
num_cat=0
split_feature=0 0 0 0 6 56 12 16 7 7 6 0 14 4 12 55 56 38 11 6 34 15 12 56 15 56 36 53 3 17 51 51 12 51 56 46 3 17 11 15 45 10 26 16 56 46 56 34 53 35 38 3 48 56 7 17 17 8 3 34 48 35
split_gain=106.848 29.1237 25.4886 16.3972 13.564 14.7584 13.8124 13.3761 12.7938 12.317 10.5316 10.2486 9.4775 11.1148 11.1103 9.30995 15.1557 14.402 13.5606 13.1721 13.1654 11.7899 11.5977 9.92537 9.73366 8.93224 11.5989 12.6143 10.4607 8.82242 8.76142 8.72241 8.65212 11.2383 8.4647 14.8961 10.9512 12.2817 23.1691 12.9365 10.4612 9.22617 8.92518 8.46337 8.67668 8.34001 10.0798 8.26947 9.84309 8.24391 11.1339 9.70831 9.49333 8.0962 8.08837 10.7659 8.77741 8.01743 17.6604 10.808 16.7091 11.9146
threshold=-3.5118060111999507 -4.3508243560791007 -2.7102637290954585 -0.52933800220489491 2.5000000000000004 -0.01339074084535241 0.37089999020099645 0.2006499990820885 60.500000000000007 42.500000000000007 2.5000000000000004 -0.5498596429824828 0.26690000295639044 1.1634743213653567 0.22995000332593921 1.5000000000000002 -0.0016278693219646809 -0.037499999627470963 6.8150000572204599 3.5000000000000004 -0.15749999880790708 0.38844999670982366 0.48659999668598181 0.019673243165016178 0.30535000562667852 0.0064819101244211206 0.05464166775345803 6.7850000858306894 0.78234952688217174 3.0650000572204594 -0.014999999664723871 -0.074999999254941926 0.43770000338554388 1.0000000180025095e-35 0.011618778109550478 5.5000000000000009 0.39265155792236334 1.4649999737739565 3.1650000810623173 0.41965000331401831 4.5000000000000009 0.19500000029802325 5.5000000000000009 0.41574999690055853 -0.0022469249088317152 5.5000000000000009 0.017794474959373478 0.83083331584930431 6.6749999523162851 0.99916666746139537 0.027500000782310966 0.74272608757019054 -1.6549999713897703 -0.0077659774105995885 30.500000000000004 8.1550002098083514 3.2699999809265141 51.500000000000007 0.61543747782707225 0.18250000476837161 0.48499999940395361 0.71083331108093273
decision_type=2 2 2 2 2 8 2 2 2 2 2 2 2 2 2 2 8 2 2 2 2 2 2 10 2 10 2 2 2 8 8 10 2 8 8 10 2 10 2 2 2 2 2 2 10 10 10 2 2 2 2 2 8 8 2 10 8 2 2 2 8 2
left_child=1 -1 9 4 12 11 -7 -3 15 10 32 -6 13 14 31 16 24 18 -18 22 23 29 -17 -21 -8 28 -27 -28 -5 -22 47 -4 -2 -34 35 -9 -37 38 -38 43 -40 -36 -43 44 53 49 -47 48 -19 50 -14 52 -51 -39 55 56 -12 58 59 60 61 -11
right_child=2 7 3 25 5 6 8 34 -10 57 54 -13 45 -15 -16 19 17 30 -20 20 21 -23 -24 -25 -26 26 27 -29 -30 -31 -32 -33 33 -35 41 36 37 39 40 -41 -42 42 -44 -45 -46 46 -48 -49 -50 51 -52 -53 -54 -55 -56 -57 -58 -59 -60 -61 -62 -63
leaf_value=-0.020800186626167224 0.00071436950650588765 -0.020556809453018767 0.0083629425832940345 0.0026836643430218176 0.0031131645822026995 -0.0030812858358605995 0.0040584567381536426 -0.0047884399314183472 -0.01390663484114985 0.0034806459233058451 0.030457096519383473 -0.019767325495458055 0.0035128737066154941 0.00094660568345525723 -0.00092296940288809793 0.00028102446571596248 0.027958293294064511 -0.026020417358976033 0.00039708755403373541 0.007871960771200873 0.0087558859401170065 0.0010850115673679429 0.0061396624923980994 -0.015645285588424273 -0.010647983628693245 -0.0028533124846377555 -0.0051626538699942057 0.016570989954564068 0.0082113086542297334 -0.0033830108618965967 0.0033266428235139622 -0.015657930169902919 0.055420880451418651 -0.003277364299458789 -0.0065973148134801773 -0.029678388629847223 -0.021061509272160547 -0.0014405771865939033 0.051447321790321257 0.067684159619553791 0.14005472087444523 -0.0068803734973551115 -0.029851465430949974 0.054485560999897376 -0.028572723964997181 -0.00098329016188599327 -0.022805589191093038 0.0032422974700738916 -0.0040874870156125988 -0.017434669277448103 0.011342501981098915 0.019522602273303026 0.0010936078438664721 0.058507815505776981 -0.0063459655831150661 0.037931043665018649 -0.0021433489842581123 -0.0068749100778250152 -0.01029530241714645 -0.0062362894311817872 0.057318515955519116 0.037470995936895041
leaf_weight=329.15783317806199 1629.2215903252363 112.2382200025022 28.067682381719351 4418.5140809863806 2190.0774213969707 3123.8044360131025 105.19672299548984 271.37108628172427 106.92712185159326 82.54576488956809 14.286599118262531 31.776665985584259 2814.8340721651912 6432.2508799731731 416.31217588856816 3376.4810769557953 69.90543644502759 44.379122141748667 48.296433813869953 323.04215794056654 97.878101266920567 1384.5981089472771 643.69279993698001 31.515264522284269 228.2404947578907 804.8273199275136 68.782145269215107 112.80398562550545 625.29121045023203 4504.3161214143038 2094.4940374307334 174.92747714743018 10.638512160629032 10.244212316349151 668.78000293858349 7.1505590016022316 4.0552794663235536 14.19906878005713 4.3299350496381503 5.8934055855497709 4.199585328809917 50.630754046142101 58.138946835882962 4.6150748794898382 13.04722049739212 233.95491168275476 39.598689917474985 142.33517778292298 124.81272063031793 45.237236529588699 324.04627275839448 44.733965400606394 2018.0499325953424 4.8308463441207996 705.43364865519106 12.997394431382416 176.03298511728644 1209.3892903011292 136.69264381751418 51.332632938399911 13.682236846536396 20.622396524995565
leaf_count=38158 36543 5723 217 21255 14370 21423 624 13400 697 1909 298 134 19675 43788 4472 23850 362 342 238 2600 669 9205 4405 234 1341 3969 347 569 4622 31050 11915 2226 223 212 34053 365 229 722 207 293 207 2634 2993 240 689 1620 275 862 1035 475 2252 579 13184 251 15993 290 3892 28938 3352 1173 312 478
internal_value=6.33274e-05 -0.0102382 0.000450164 0.000778464 0.000409888 -0.000273994 -0.000687291 -0.00739669 -0.00012611 -0.00255418 -0.00086208 0.00278593 0.00142558 0.000453841 -0.00466411 -1.46418e-05 0.00200669 0.00306542 0.016697 -0.000572116 -0.00170767 -0.00215121 0.00121908 0.0057816 -0.00600822 0.00268813 -0.000793023 0.00833861 0.00336894 -0.00312484 0.00239574 -0.0123366 0.00104229 0.0266259 -0.00606748 -0.0007384 0.0168971 0.0229337 0.0576509 0.0126742 0.095074 -0.00835451 -0.0191587 0.00383863 -0.00344816 0.00266683 -0.00414221 -0.00386304 -0.00984051 0.00302183 0.00432118 0.00108708 0.000687378 0.0137776 -0.00432002 0.00270923 0.000303848 -0.00541356 0.000383378 0.00906259 0.0157834 0.010275
internal_weight=42899.8 1552.64 41347.1 37274 31243.8 18671.8 16449.9 1223.48 13326.1 4073.12 2558.85 2221.85 12572 7051.56 619.307 13219.2 2857.66 2524.22 118.202 10361.5 6341.35 5986.79 4020.17 354.557 333.437 6030.22 986.413 181.586 5043.81 4602.19 2406.02 202.995 1650.1 20.8827 1111.24 333.692 62.321 55.1704 12.5848 42.5856 8.52952 777.55 108.77 36.6922 32.0771 5520.46 273.554 311.527 169.192 5246.9 3138.88 2108.02 2063.29 19.0299 908.751 203.317 190.32 1514.26 304.876 168.183 116.85 103.168
internal_count=438658 100164 338494 244881 214119 125356 110852 62006 89429 93613 57451 14504 88763 50703 6915 88732 16719 14754 600 72013 43758 40924 28255 2834 1965 30762 4885 916 25877 31719 14154 2443 36978 435 56283 16603 3203 2838 643 2195 414 39680 5627 1902 1662 38060 1895 2239 1377 36165 21927 14238 13659 973 20473 4480 4190 36162 7224 3872 2699 2387
is_linear=0
shrinkage=0.04


Tree=95
num_leaves=63
num_cat=0
split_feature=0 0 11 2 53 43 48 50 8 20 0 15 5 0 55 38 56 36 48 34 35 49 7 11 7 26 56 49 53 56 7 2 48 8 4 0 17 4 39 36 34 17 13 35 0 54 26 54 8 11 15 15 39 53 7 28 38 7 20 15 49 36
split_gain=118.869 39.1082 20.4028 19.953 10.2292 9.64032 9.55511 12.6195 16.9134 14.8953 9.2822 8.95827 12.4044 10.4221 9.60285 9.83805 8.92824 12.0907 11.7071 11.4166 11.3145 10.3686 12.6107 10.1446 9.08977 8.52083 8.49417 8.69802 8.41093 7.94676 8.58064 9.00426 9.18727 12.0416 7.93085 7.67093 8.87968 9.14193 9.50573 8.56424 7.79932 9.99942 7.60707 7.51539 8.27158 7.32189 7.18941 9.3344 7.09563 7.07415 9.27011 11.5249 10.7258 9.64802 14.6553 13.3038 11.9445 9.28804 8.88293 14.0959 11.3759 10.4072
threshold=-3.6413699388504024 -0.79293486475944508 1.8049999475479128 -1.8301369547843931 7.0250000953674325 5.5000000000000009 -1.1850000023841856 -0.26450000703334803 53.500000000000007 1.5000000000000002 -4.6479060649871817 0.26479999721050268 3.5000000000000004 -3.3409157991409297 2.5000000000000004 0.029166666790843013 -0.0068925202358514062 -0.1412750035524368 0.66500002145767223 1.8774999976158144 3.4991666078567509 2.0149999856948857 36.500000000000007 6.4849998950958261 29.500000000000004 5.5000000000000009 -0.012851576786488293 1.6749999523162844 6.9449999332427987 0.01280735479667783 22.500000000000004 -3.0250326395034786 -1.8550000190734861 51.500000000000007 1.566025495529175 -0.26403853297233576 4.3099999427795419 1.3580033779144289 -0.22733333706855771 0.068991664797067656 0.46916666626930242 6.6150000095367441 6.7249999046325692 1.7308333516120913 -0.72488087415695179 -0.064166665077209459 7.5000000000000009 -0.034166667610406869 51.500000000000007 4.4649999141693124 0.17684999853372577 0.37364999949932104 -1.3326666951179502 6.8650000095367441 45.500000000000007 5.5000000000000009 0.029166666790843013 54.500000000000007 2.5000000000000004 0.18980000168085101 -1.0449999570846555 -0.068608332425355897
decision_type=2 2 2 2 2 2 8 10 2 10 2 2 2 2 2 2 10 2 10 2 2 8 2 2 2 2 8 10 2 8 2 2 10 2 2 2 8 2 8 2 2 8 2 2 2 2 2 2 2 2 2 2 8 2 2 10 2 2 8 2 10 2
left_child=2 3 -1 6 35 48 7 8 9 -2 -4 -9 13 -13 -15 -16 -5 18 28 24 21 22 -21 -23 -19 -20 -8 49 -18 30 31 32 -12 -34 -14 36 39 -38 -39 46 -40 -42 43 44 -43 -29 -3 -48 -6 50 -28 52 -52 54 -54 -55 -56 -53 -51 -60 -61 -62
right_child=1 4 10 16 5 -7 26 11 -10 -11 29 12 34 14 15 -17 17 19 25 20 -22 23 -24 -25 -26 -27 27 45 -30 -31 -32 -33 33 -35 -36 -37 37 38 40 -41 41 42 -44 -45 -46 -47 47 -49 -50 58 51 57 53 55 56 -57 -58 -59 59 60 61 -63
leaf_value=-0.032170802018057165 0.077445072943362975 0.0018963917593569563 -0.020870630527219287 0.00067597320856890104 0.010010743135253682 -0.018028772407258219 0.0029696222390873891 -0.012126298424703029 -0.016054493779355635 0.010878525614540549 -0.018985625156050887 -0.012354074751984547 -0.0096113662776845608 -0.0052526564176563328 0.0023391858817536533 0.020459040317868916 0.0057597338469385709 0.0013979950961930071 0.0059477291061003617 0.033584075396585533 -0.013313975983508662 -0.016064358499509452 0.0063677918548359011 0.0062665256320714093 -0.0026891777459403928 0.029923690378761872 -0.022450058507275352 0.016084574276727732 -0.018640479184327267 -0.012038246089286804 -0.0061083593850596576 0.076639215020866999 -0.010176597783206369 0.088210763874683892 0.023846502776451239 0.0061187203585691546 0.0024332673974524423 -0.01369610562372113 -0.0034108408402345222 0.016364178879963692 0.017535497199387347 -0.007138379686941876 0.010328851405800133 -0.014824634324229674 0.011074893414273923 -0.0076580014336615279 0.023107001815583089 0.0051765925819054152 -0.0040523469325734777 0.002388236749354595 -0.013386572401302546 -0.015682120824790452 -0.0089487770087549913 0.025701778364107447 0.0061269274174576118 -0.0005064814907483026 0.052781520857852787 0.015882946804286622 0.0082917172371615097 -0.0048122089705403062 -0.011778990129351727 0.0028313551904591582
leaf_weight=77.688130603171885 9.7074429020285624 476.14056266844273 133.78286078711972 17384.388946786523 72.437463633716106 63.936608709394932 623.34820663928986 269.27768075838685 13.78957383148372 12.060698783025144 9.2276088027283585 108.05390143208206 507.93703682161868 242.54775105044246 354.95264550112188 55.4289929009974 98.075061962008476 1078.4181998893619 44.679160866886377 45.984187569469213 47.813654821366072 38.367681052535772 66.824264504015446 214.6354619115591 4518.1919455565512 50.548448897898197 46.463373368605971 21.632205897942185 29.373290039598942 687.69818113185465 286.43665236420929 3.7432129187509409 3.9294653339311489 4.0332032004371285 11.594307277351616 939.16369036585093 7890.6342284679413 93.930577024817467 552.64743377268314 116.7281509488821 71.141456738114357 84.166323989629745 96.604849085211754 62.895142421126366 75.850898995995522 528.76941683888435 66.886638566851616 152.07112190127373 276.61870247125626 1059.6164440419525 81.779412914067507 155.16889998503029 155.24123508296907 57.649657599627972 52.880316523835063 67.012604335322976 10.528118949383495 16.501419503241777 197.13029042258859 1556.3662699442357 88.177473939955235 676.32906294614077
leaf_count=9139 236 1986 17825 116699 323 281 11049 6380 324 278 625 3783 12324 4255 6974 1149 670 7549 304 268 263 221 386 1202 31393 350 1047 373 200 42501 17141 177 246 250 313 6647 35272 378 2224 496 287 340 390 254 305 10366 290 637 1251 20265 1847 3208 3243 1288 1170 1501 242 371 3920 29923 1757 12643
internal_value=3.43988e-05 0.000392617 -0.012343 -0.000345021 0.00242742 -0.00374946 -0.00222396 -0.004954 0.0186067 0.0405637 -0.0109784 -0.00549456 -0.00409998 -0.000847064 0.00105724 0.00478658 0.000210287 -0.00108857 0.00806414 -0.00142767 0.00498503 0.00737682 0.017462 0.00288007 -0.00190162 0.0186746 -0.00142166 -0.00199537 0.000136165 -0.00964845 -0.00430162 0.0204203 0.00817854 0.039658 -0.00886469 0.0026663 0.0023334 0.00196919 -0.00156119 0.00633863 -0.000352847 0.00397316 0.000953467 -0.0031096 0.00149502 -0.00672486 0.00465504 0.0106539 -0.00113392 -0.00137864 -0.00524065 -0.00390074 -0.000368211 0.00273286 -0.00233037 0.0116134 0.0138733 -0.012648 -0.000684285 -0.00197725 -0.00284948 0.00114621
internal_weight=42895.6 41689.1 1206.54 30597.2 11091.9 412.993 6979.94 1585.35 35.5577 21.7681 1128.85 1549.79 1280.51 760.983 652.929 410.382 23617.3 6232.91 222.676 6010.24 413.625 365.812 112.808 253.003 5596.61 95.2276 5394.59 4771.25 127.448 995.068 307.37 20.9335 17.1903 7.96267 519.531 10678.9 9739.7 8927.87 1037.24 811.826 943.306 390.659 319.517 222.912 160.017 550.402 695.098 218.958 349.056 4220.84 643.225 596.762 425.091 343.312 218.65 124.662 63.4084 171.67 3577.62 2518 2320.87 764.507
internal_count=438999 351095 87904 299734 51361 1855 140229 36016 838 514 78765 35178 28798 16161 12378 8123 159505 42806 1524 41282 2340 2077 654 1423 38942 654 104213 93164 870 60940 18439 1298 1121 496 12637 49506 42859 39450 4178 3409 3800 1576 1289 899 645 10739 2913 927 1574 82425 13917 12870 9291 7444 4655 2789 1412 3579 68508 48243 44323 14400
is_linear=0
shrinkage=0.04


Tree=96
num_leaves=63
num_cat=13
split_feature=0 0 0 3 25 53 2 11 25 15 25 56 56 49 50 25 12 0 16 12 48 25 53 50 31 34 25 25 17 4 0 56 42 25 4 16 25 36 12 48 25 56 25 25 16 0 56 26 14 3 0 36 50 51 25 2 4 14 20 3 34 39
split_gain=98.1081 31.0596 25.4538 11.9837 11.9508 12.8596 12.2385 11.1589 10.7412 12.4252 11.5109 10.3917 14.8869 30.7101 17.9906 10.0137 9.48839 15.4208 9.43113 9.40609 12.7535 14.0947 9.2332 9.38805 8.60465 12.28 15.8762 13.8687 11.4043 11.3292 8.90726 8.58762 11.2908 10.0918 10.2933 10.2427 8.71857 8.50099 8.42111 8.24411 18.1346 10.9311 16.2357 10.3122 9.50063 9.43939 11.7676 14.7263 10.5116 10.2107 10.0985 12.4555 10.9907 9.54462 11.1569 9.143 9.08357 11.5598 8.78252 10.9728 8.75505 8.88987
threshold=-3.3409157991409297 -1.800451874732971 -4.1701359748840323 0.72926622629165661 0 6.7950000762939462 -2.3636592626571651 1.6449999809265139 1 0.22925000637769702 2 0.0079857632517814654 0.001522923354059458 3.3349999189376835 0.11545000225305559 3 0.40225000679492956 -4.259422540664672 0.37655000388622289 0.63440001010894786 2.4150000810623173 4 6.5850000381469735 0.077950000762939467 -1.0000000180025095e-35 1.0058333277702334 5 6 5.7300000190734872 1.3094340562820437 -0.49036684632301325 0.0041737719438970098 5.5000000000000009 7 1.5780431032180788 0.38899999856948858 8 0.19288333505392077 0.45845000445842748 -1.5950000286102293 9 -0.0073249738197773686 10 11 0.27205000817775732 -3.065566778182983 -0.016229408793151375 10.500000000000002 0.1795499995350838 0.63413584232330333 -2.22656238079071 0.14575833082199099 -0.14995000511407849 -0.024999999441206452 12 -2.0616499185562129 1.5507621169090273 0.32314999401569372 5.5000000000000009 0.56546586751937877 -0.044166667386889451 2.2958333492279057
decision_type=2 2 2 2 1 2 2 2 1 2 1 8 10 8 10 1 2 2 2 2 8 1 2 10 2 2 1 1 10 2 2 10 2 1 2 2 1 2 2 10 1 8 1 1 2 2 10 2 2 2 2 2 10 10 1 2 2 2 10 2 2 10
left_child=2 22 7 19 5 6 11 -1 9 10 -5 12 14 -14 -4 16 -9 18 -18 24 -21 -22 23 -2 25 27 29 -3 30 -27 -28 -29 33 35 -35 -33 -34 -7 -11 40 44 42 56 55 -24 46 -44 48 -48 -50 53 52 -52 54 58 -43 -41 -58 59 -47 61 -46
right_child=1 3 4 8 -6 37 -8 15 -10 38 -12 -13 13 -15 -16 -17 17 -19 -20 20 21 -23 39 -25 -26 26 28 31 -30 -31 -32 32 36 34 -36 -37 -38 -39 -40 41 -42 43 45 -45 60 50 47 -49 49 -51 51 -53 -54 -55 -56 -57 57 -59 -60 -61 -62 -63
leaf_value=-0.034717368331357475 -0.019030160270630567 0.0030293633482166927 -0.00063716704700548274 0.011488158799241624 -0.0094791763576396876 -0.0077585477540751489 0.058058907986698015 -0.0072212675114184952 0.0014567912871169195 0.0043984202608110838 -0.014147085383294618 -0.0020361145851855284 0.010645228906817001 0.12916648904478067 0.062599339761367723 -0.017897973256104951 -0.014614070451852406 0.11857239138419599 0.069971197899702617 -0.0044043714390307282 -0.004840187663658002 0.021764439435316214 -0.0086068110809004936 0.0083363157987420364 0.00017833878406964694 0.0047469475735505209 0.0028973603015226826 0.00068987810015139813 0.013087659321305177 -0.0069255160565424015 0.017705520209922946 -0.0022451579885604811 -0.0051787455713542731 -0.0058877309604414441 -0.023771185456808879 0.015385583664023022 0.015859085222417611 0.040721871494917003 0.013128464623305011 -0.0039639165069270867 -0.0074610705392578192 -0.0057956363225317997 0.0051978292775314182 -0.00026908644878764618 0.0053480271317202979 0.01544772194181016 0.05666955316220311 0.078039122955855883 -0.025309893883711167 0.033805625389739524 -0.012269917741321126 -0.017249359969661589 0.010880290980689772 0.0026708616014112885 -0.019192361786801657 -0.0015666950486151045 0.029625907880243871 -0.0062730230536312687 0.031067632103135373 -0.031928071777469577 -0.011187700752412407 0.036965716430070274
leaf_weight=50.131553017068654 85.301456594839692 3931.8000736311078 65.172320877201855 36.22046235948801 826.87388993054628 417.22971053607762 6.4337671361863604 79.473415220621973 997.90021000057459 299.16460943222046 66.049463927745819 236.76633287593722 10.824792518280445 5.1678451094776383 8.0920622870326024 313.35934120230377 7.748071348294614 2.513076993636786 2.8979236851446331 77.344972506165504 44.322149366140366 114.4475534632802 110.82793420553207 26.222136449068785 12919.840106606483 282.14622587710619 583.42489223182201 5264.5021559894085 404.11927971988916 251.75596487522125 73.139909729361534 258.0537968724966 48.252853766083717 624.87621392309666 56.120389342308044 66.259780630469322 73.040780752897263 5.8684396101161829 432.18822715431452 694.23840536177158 871.4018426053226 1193.6796026267111 52.670983040705323 6542.6720407642424 369.72154352255166 17.584925606846813 8.5304181911051291 9.3505882285535318 9.7274048887193221 9.0003784373402578 35.23578354716301 29.953019492328167 477.08088605850935 521.59136432036757 65.657204013317823 2598.9535464346409 30.21279894374311 27.337983541190624 15.565303806215523 14.089352775365112 50.258384637534618 14.797857228666542
leaf_count=7031 1032 18808 2581 225 37272 18170 197 7989 6219 1883 414 9937 445 204 309 32247 789 175 282 409 203 532 1783 302 64098 1335 2866 25345 2006 1271 342 1227 238 2970 308 319 358 246 2880 8688 13858 24390 1251 85661 5929 240 210 238 245 228 307 252 3996 7375 962 27570 312 279 227 212 759 207
internal_value=-2.38053e-05 0.000404216 -0.00858749 0.00119709 -0.00618781 -0.00242816 0.0034267 -0.0169127 0.00432057 0.00763959 -0.00532796 0.00234858 0.0139796 0.0489441 0.00634731 -0.0147142 -0.00181596 0.029449 0.00841071 0.000968929 0.00891493 0.0154035 -0.0011325 -0.0125956 0.000893391 0.00166858 0.00493554 0.00116394 0.00772809 -0.000743161 0.00454696 1.15701e-05 -0.00315799 -0.00454892 -0.00725496 0.00131635 0.00837038 -0.00708612 0.00955738 -0.00103967 -0.00392945 -0.000708183 0.00198474 -0.00123394 0.00181449 0.00472805 0.0173048 0.0347236 0.0198648 0.00310041 0.00381404 0.00782225 0.00928808 0.000388402 -0.0101567 -0.00289008 -0.00266257 0.0125731 0.00533509 -0.00562598 0.00451269 0.0065648
internal_weight=42825.2 40786.6 2038.55 26905 1582.43 755.555 332.457 456.123 1831.52 833.623 102.27 326.023 89.257 15.9926 73.2644 405.992 92.6325 13.1591 10.646 25073.4 236.115 158.77 13881.7 111.524 24837.3 11917.5 1594.59 10322.9 1060.68 533.902 656.565 6391.11 1126.6 1005.31 680.997 324.314 121.294 423.098 731.353 13770.1 1417.01 12353.1 2017.83 10335.3 545.606 1266.04 89.2798 36.6088 27.2582 18.7278 1176.76 542.27 512.317 634.488 112.897 3792.63 751.789 57.5508 47.2396 31.6743 434.778 384.519
internal_count=438643 320769 117874 134256 69361 32089 13673 48513 11621 5402 639 13476 3539 649 2890 41482 9235 1246 1071 122635 1144 735 186513 1334 121491 57393 7820 49573 5214 2606 3208 30765 5420 4824 3278 1546 596 18416 4763 185179 22536 162643 25022 137621 8678 15743 2172 921 683 473 13571 4555 4303 9016 1641 51960 9279 591 679 452 6895 6136
cat_boundaries=0 1 2 3 4 5 6 7 8 9 10 11 12 13
cat_threshold=3049238 19313024 45056 3215616 14827524 6369570 276906 18907204 2736132 14586882 12608810 26118528 2656448
is_linear=0
shrinkage=0.04


Tree=97
num_leaves=63
num_cat=10
split_feature=0 0 11 51 25 8 12 25 54 41 15 25 38 45 25 50 49 12 54 34 25 30 17 7 34 51 39 38 45 39 25 12 56 54 7 38 48 11 39 12 49 46 56 36 25 6 13 0 46 54 39 54 25 50 36 25 50 15 25 42 38 26
split_gain=87.3385 37.09 20.0428 16.9843 15.41 11.8703 12.2995 13.0876 11.8011 14.7739 11.7128 16.9818 15.7846 12.4745 11.606 11.5096 17.6085 14.6915 15.6943 14.3927 11.1462 11.0608 10.8826 10.8724 10.796 10.9634 10.3127 10.2199 11.9928 10.1433 13.9718 11.3187 10.4926 18.1574 10.085 10.579 11.306 10.0477 12.6885 9.59204 11.4258 10.3751 11.9521 9.51954 9.35513 10.446 10.406 9.53557 15.2122 9.33168 9.17806 9.53378 11.0253 9.03518 11.094 8.99403 10.441 8.99037 8.96733 11.902 9.84896 10.2465
threshold=-2.6971695423126216 -3.7575439214706416 1.6449999809265139 0.044999999925494201 0 43.500000000000007 0.48164999485015875 1 0.024166666902601722 1.5000000000000002 0.38844999670982366 2 0.0058333333581686029 4.5000000000000009 3 0.038149999454617507 2.3449999094009404 0.38485001027584081 -0.020833333022892472 1.8774999976158144 4 3.5000000000000004 5.0499999523162851 37.500000000000007 1.5875000357627871 -0.03499999921768903 -0.14916666597127912 -0.015833333600312468 1.5000000000000002 -0.426333338022232 5 0.56435000896453869 0.038922058418393142 0.0091666667722165602 37.500000000000007 0.032500000670552261 1.735000014305115 6.9949998855590829 -2.5863332748413081 0.24724999815225604 -2.410000085830688 4.5000000000000009 0.021007413975894455 0.014358333311975004 6 3.5000000000000004 5.3350000381469735 -2.4973915815353389 1.5000000000000002 0.064166665077209487 -0.70449998974800099 -0.015833333600312468 7 0.20005000382661822 0.016358332708477977 8 0.13714999705553058 0.40039999783039099 9 4.5000000000000009 0.00083333335351201698 11.500000000000002
decision_type=2 2 2 8 1 2 2 1 2 2 2 1 2 2 1 10 8 2 2 2 1 2 8 2 2 10 8 2 2 8 1 2 10 2 2 2 10 2 10 2 8 10 10 2 1 2 2 2 8 2 10 2 1 10 2 1 10 2 1 2 2 2
left_child=1 2 -1 10 -3 -5 7 34 9 -6 29 13 22 15 37 16 17 18 -12 24 26 23 -13 -16 25 -17 -14 -23 -29 30 31 50 44 -34 49 36 -36 -10 -39 40 -11 -41 58 -27 -31 46 47 48 -46 57 51 -2 -53 54 -15 56 -4 -7 59 -43 -60 -62
right_child=3 4 55 5 8 6 -8 -9 14 39 11 12 20 53 21 19 -18 -19 -20 -21 -22 27 -24 -25 -26 43 -28 28 -30 32 -32 -33 33 -35 35 -37 -38 38 -40 41 -42 42 -44 -45 45 -47 -48 -49 -50 -51 -52 52 -54 -55 -56 -57 -58 -59 60 -61 61 -63
leaf_value=-0.034742836283591878 0.0095427427486593098 -0.0073104909852498481 -0.0050807185847536167 0.017998544822682469 -0.013715253467263299 0.0039398860293535171 0.0036171020392381211 0.00014891023009608578 -0.0013585960437552988 -0.013304329745236683 0.030174075850239755 -0.011366374735985393 -0.0060517574879134532 -0.024678837405757301 0.013275929411049232 -0.017399134960688126 0.0048497312874317099 0.031055936046960834 -0.010506063398311503 0.016613098189994333 -0.0012671989239771201 -0.025540890068096227 -0.0018012492123629423 -0.0074950483657229205 -0.0097440553181158424 0.027182234339366125 0.01201755215202592 0.038021751691825187 -0.0098886313448958464 0.00022721178517728913 -0.0010896154127298173 0.035347382918508717 0.0021809635287398928 -0.025296116824157094 0.0022830116220537437 -0.0090769056985612589 -0.011336715909927268 -0.00033782635280388946 0.066082762364723505 0.0008178789463540423 -0.00083623824186758531 0.035516576275136644 -0.01860521199780911 0.0035882072753763701 0.043154369839393303 -0.0038800580513242444 0.0014414305739419437 -0.0037020454561888659 0.0020574850580387109 -0.012754716389728221 0.015098433572094748 0.010795602700765745 -0.0060073445086883297 -0.011814474933661561 0.0022883443350416909 -0.012328674845268115 0.028440400818730241 0.010729574301881045 -0.0062463883597043759 0.0062062126720414139 0.019876456167525737 -0.018120827957305047
leaf_weight=57.068171316292137 225.6705109551549 1085.1164479311556 180.01261626929045 70.356450006365776 123.93058068118989 1635.3124538585544 3620.6949554011226 9494.2104448862374 460.18800941295922 141.4118248205632 25.829097673296928 218.81919023394585 60.549236059188843 25.717935208231211 65.968141755089164 39.165078140795231 281.98445161059499 98.50572506710887 36.782517146319151 126.28375996276736 333.56312895566225 68.610691349953413 1460.9066578000784 103.71117006056011 106.11757266893983 27.915967039763927 305.62537142634392 8.5079671908169967 479.15406977757812 5864.8763572648168 829.05378229171038 21.416103914380074 77.581688322126865 76.347076825797558 2378.5225964039564 154.08932543545961 101.68888075649738 10.587671626359226 8.1394812222570163 1177.4716475624591 698.377027137205 54.633586242794991 22.18901925906539 1376.2882568649948 15.292600549757479 2708.7338849715889 1936.6010336652398 1782.0026183240116 249.97778942808509 47.21064717695117 134.58074673637748 76.837949305772781 214.42523257061839 108.35507680475712 479.30404058098793 714.73699710331857 16.205521780997515 385.60821918770671 67.882626524195075 37.300232790410519 74.123079108074307 13.409253701567648
leaf_count=7578 1981 28713 13293 336 2817 8106 19193 46541 12099 3681 212 1860 572 245 1682 343 2042 747 339 635 2873 1766 10624 2733 581 226 2510 213 13035 46294 8047 175 578 721 11429 757 669 267 196 27149 17331 1283 539 10297 228 19312 15504 14611 3663 275 1284 810 2141 926 4153 55962 1131 1895 1527 897 1698 332
internal_value=8.02406e-06 -0.00461718 -0.0117471 0.000712595 -0.00314891 0.00160082 0.00153607 0.00100532 -0.00187452 -0.000264133 -0.000109562 0.00153252 -0.000940613 0.00367631 -0.00511219 0.00514396 0.0108771 0.0214261 0.00627567 0.00362802 0.00410308 -0.00824592 -0.00304731 0.000580319 0.00256974 0.00347505 0.00878964 -0.0110864 -0.00905277 -0.000700121 0.00240848 0.00663573 -0.00106743 -0.0114474 0.0027283 0.00109278 0.0017246 -0.000185936 0.0285309 0.000464836 -0.00293574 0.0024384 0.00951761 0.00405726 -0.000940197 -0.00196063 -0.00066049 -0.00264879 0.00442668 0.00482474 0.0057938 0.00337139 -0.00141017 -0.00133366 0.000915057 -0.0103065 -0.00220011 0.00523541 0.0120404 0.0213069 0.00487438 0.0140556
internal_weight=42881.5 5668.74 968.023 37212.8 4700.71 17887.7 17817.3 14196.6 3615.6 2410.73 19325.1 5111.71 2379.46 2732.25 1204.87 2118.87 443.102 161.117 62.6116 1675.77 699.738 725.952 1679.73 169.679 1549.49 1443.37 366.175 556.273 487.662 14213.4 1501.98 672.931 12711.4 153.929 4702.43 2634.3 2480.21 478.915 18.7272 2286.8 839.789 1447.01 269.538 1404.2 12557.5 6692.61 3983.87 2047.27 265.27 2068.13 651.514 516.934 291.263 613.377 505.022 910.955 196.218 2020.92 247.349 91.9338 155.415 87.5323
internal_count=439657 195922 77964 243735 117958 89201 88865 69672 89245 57254 154534 39185 18439 20746 31991 15422 3340 1298 551 12082 5955 19429 12484 4415 11447 10866 3082 15014 13248 115349 14438 6391 100911 1299 23131 12855 12098 12562 463 54437 21012 33425 6276 10523 99612 53318 34006 18502 3891 10276 6216 4932 2951 5324 4398 70386 14424 10001 5737 2180 3557 2030
cat_boundaries=0 1 2 3 4 5 6 7 8 9 10
cat_threshold=16791592 4993292 19081942 2442880 12862472 21255780 3884820 17039392 2102278 721284
is_linear=0
shrinkage=0.04


Tree=98
num_leaves=63
num_cat=13
split_feature=0 0 0 3 25 56 34 49 15 11 15 7 56 7 50 25 25 50 54 12 38 25 25 0 17 39 36 56 18 54 31 10 25 56 25 14 56 54 49 50 26 56 36 39 25 34 2 0 25 35 25 0 16 36 25 50 49 39 25 49 36 25
split_gain=85.369 29.6586 24.0499 14.963 10.9097 10.5271 11.4933 11.2005 10.8324 14.1415 10.4661 10.3945 10.4098 9.67343 10.3699 12.7851 12.4702 11.9404 10.7625 10.1549 10.9197 13.0826 9.86966 9.86114 9.75947 11.3663 9.49472 10.5605 9.58322 14.2274 13.0675 9.43622 10.8278 10.5867 10.2197 10.0504 10.2514 10.6535 9.37172 9.3337 9.78125 9.26785 14.7434 9.14647 9.0918 9.0181 8.90476 8.80208 9.21626 9.95804 9.40952 15.0637 8.79436 8.74751 11.8951 14.1133 12.5873 9.46508 14.9317 11.6966 9.2225 12.0572
threshold=-3.2600187063217159 -4.7364280223846427 -1.4294337034225462 0.82174682617187511 0 -0.0062194804195314637 -1.9758333563804624 -3.7450000047683711 0.36379998922348028 4.6649999618530282 0.3103999942541123 26.500000000000004 -0.037794012576341622 35.500000000000007 0.10294999927282335 1 2 0.084249999374151244 -0.032500000670552247 0.45090000331401831 -0.022499999962747094 3 4 -0.84029200673103321 3.8149999380111699 1.482083320617676 -0.032658334821462624 -0.00081143941497430195 36.500000000000007 0.029166666790843013 -1.4999999999999998 0.13499999791383746 5 0.026652040891349319 6 0.61134999990463268 0.0034217417705804114 -0.014166666660457848 0.75499999523162853 -0.061550000682473176 6.5000000000000009 -0.033184694126248353 -0.04392499849200248 3.1673333644866948 7 -0.5375000238418578 -0.43758332729339594 -2.6567491292953487 8 -1.4558333754539488 9 -2.8705054521560665 0.23825000226497653 0.012341666966676714 10 0.14615000039339068 2.4100000858306889 2.4170833826065068 11 3.3549998998641972 0.079474996775388732 12
decision_type=2 2 2 2 1 8 2 8 2 2 2 2 8 2 8 1 1 10 2 2 2 1 1 2 8 10 2 10 8 2 2 2 1 10 1 2 10 2 10 8 2 8 2 10 1 2 2 2 1 2 1 2 2 2 1 10 8 10 1 10 2 1
left_child=1 -1 5 13 11 6 -2 8 9 -8 -11 12 -3 14 15 17 -16 18 -4 22 -21 -22 24 -17 -18 -26 27 38 -29 30 -30 33 46 34 52 36 -36 -38 -13 40 -40 42 -6 -28 -10 -44 -33 48 49 50 51 -7 -15 57 55 -55 -56 -34 -59 -60 -58 -62
right_child=2 4 3 -5 41 47 7 -9 44 10 -12 26 -14 31 16 23 19 -19 -20 20 21 -23 -24 -25 25 -27 43 28 29 -31 -32 32 53 -35 35 -37 37 -39 39 -41 -42 -43 45 -45 -46 -47 -48 -49 -50 -51 -52 -53 -54 54 56 -57 60 58 59 -61 61 -63
leaf_value=-0.025105979571837231 -0.02377300242702814 0.06931074866044018 -0.0078774073958669047 0.010695752000729104 0.067998943829957803 0.00085959574253880724 -0.0033272454075986813 0.0012432058641469799 -0.015356227023353351 0.018395600403409318 0.055101253603503493 -0.018357278891602824 0.003917532354438787 0.017693036740676075 0.0012523577941063587 0.0043601482618951795 0.018641268791272817 -0.023757000464223701 0.001782676454554911 0.0006389877432979239 -2.761752204937532e-05 0.01479603498079086 0.0014141662761196585 -0.0051306766646280859 0.0032683484045172508 0.017111086890079001 -0.0026407399806301964 -0.0087171991763484377 0.083021558198438386 -0.014029693818538485 0.0083583732550652542 0.0062977675783004719 0.00038154540478972052 -0.010791817587086262 0.0051536078557216057 -0.0078850426825615542 0.006311137121701723 -0.016030459173466828 0.07166969596664198 -0.019407364615109113 -0.0036824090987339266 -0.0096214051019241544 -0.024620010049074419 0.04757475731466803 0.01330466427717298 0.027784031415463113 -0.0027779872941096294 -0.00051935500240670514 -0.00088335237158639437 -0.0068491806479637823 -0.0019175237760293449 0.049271979116687889 0.0055123185180063917 0.0035867974223915819 -0.0094578711570102812 0.015678539783216781 0.0030554281616143992 -0.01337862845878228 -0.0064909229600053613 0.0082437038203237133 0.0017576874747350162 -0.0086658617572400627
leaf_weight=142.3642041538842 28.590634576976299 3.979406903963536 344.98908048868179 273.71380938589573 6.2280141217634108 24.296962566673756 21.803043480962515 3210.7045590095222 23.932081539183855 27.032157994806767 23.007777899503708 190.39062058366835 183.46408320963383 107.31488865613937 2287.6324241831899 981.54339997470379 104.96141876280308 45.791767910122871 396.75025264918804 183.51026131957769 129.2274903357029 462.37788013368845 1193.0180083289742 213.21011474728584 576.0797780752182 113.62597993016243 562.21968602575362 45.825506394263357 7.734805011190474 10.41144006513059 7.2812843993306178 187.09979589283466 5021.3366608843207 81.790814235806465 602.76215912401676 170.4931638687849 58.066983357071877 82.907962545752525 5.6770436414517444 9.2410307927057165 5.3573485924862325 1102.4833237882704 12.134302776306871 5.8641422707587472 27.062419436872005 9.2666928819380665 2290.7854505181313 12586.879432722926 1668.0982810147107 1159.4536480531096 187.03328890912235 17.829581197351217 815.64427193254232 1610.2045077085495 190.46675889194012 170.82883447408676 1493.3745609968901 204.83905158936977 192.71203496307135 155.95860493183136 440.65244878828526 285.90759110450745
leaf_count=20857 417 170 1592 2248 271 566 351 33853 304 331 266 8804 9411 514 10374 4730 455 216 1917 912 605 2248 5283 874 2525 517 25638 2159 339 533 325 992 22871 384 2820 818 277 386 259 424 259 55765 572 254 346 364 10349 114281 33347 24472 3918 305 3898 7418 921 788 6806 974 937 734 2014 1319
internal_value=5.89664e-05 -0.00742031 0.000485808 0.00140319 -0.00625872 -0.000550505 0.00148013 0.00169672 0.0135506 0.0235581 0.0352724 -0.00318959 0.00530582 0.00128319 0.00249586 4.41639e-05 0.00345815 -0.00388476 -0.00271031 0.005261 0.00916345 0.0118077 0.00376567 0.00264433 0.0071877 0.00554888 -0.00510053 -0.0111017 0.00221009 0.0219033 0.0468175 0.000681042 0.000272299 0.00328905 0.00391592 0.000865012 0.00288249 -0.00682805 -0.0156041 0.0102489 0.0350852 -0.00896861 0.0138339 -0.00212238 -0.000548406 -0.00192891 -0.00208428 -0.000986931 -0.00291231 -0.00530507 0.002276 0.0172539 0.00685434 0.00087145 0.00225296 0.00472008 0.000408734 -0.00016567 -0.00512991 9.70182e-05 0.00125711 -0.00243915
internal_weight=42785.2 2309.92 40475.3 21469.6 2167.56 19005.7 3362.13 3333.54 122.837 71.843 50.0399 1037.45 187.443 21195.9 7032.72 1982.28 5050.43 787.531 741.739 2762.8 775.116 591.605 1987.69 1194.75 794.667 689.706 850.003 281.919 71.253 25.4275 15.0161 14163.1 12244.2 1918.98 1837.19 914.23 743.737 140.975 210.666 20.2754 11.0344 1130.11 27.629 568.084 50.9945 21.401 2477.89 15643.6 3056.71 1388.61 229.16 42.1265 922.959 9766.28 4191.43 1781.03 2410.4 5574.85 553.51 348.671 2219.93 726.56
internal_count=438877 126404 312473 99716 105547 212757 35868 35451 1598 948 597 48575 9581 97468 32248 9329 22919 3725 3509 12545 3765 2853 8780 5604 3497 3042 38994 13102 3356 1197 664 65220 56123 9097 8713 4301 3483 663 9746 942 518 56972 1207 25892 650 936 11341 176889 62608 29261 4789 871 4412 44782 19266 8206 11060 25516 2645 1671 10139 3333
cat_boundaries=0 1 2 3 4 5 6 7 8 9 10 11 12 13
cat_threshold=3331858 27001050 7493268 8264 41256 2180098 24469906 8967468 20065188 16777728 21238356 5251688 8431752
is_linear=0
shrinkage=0.04


Tree=99
num_leaves=63
num_cat=11
split_feature=2 2 56 11 25 25 51 25 3 25 49 56 43 3 12 42 25 50 25 50 16 25 1 2 36 49 11 54 35 53 25 42 10 18 2 3 6 2 9 16 54 42 2 38 17 43 12 6 11 49 25 53 5 25 13 26 25 50 36 53 53 16
split_gain=61.7248 22.8988 14.8732 14.8278 14.714 13.9028 11.6117 12.4494 11.4565 13.0934 13.6917 10.9479 13.9934 10.2617 10.2674 10.2153 10.1989 11.3482 12.2004 11.694 9.87654 11.6908 19.7412 12.6051 11.2752 9.52856 9.4789 9.12795 12.4252 16.5944 10.3978 18.442 26.056 20.3113 14.1527 12.65 12.305 11.7342 9.07055 14.4325 11.9543 9.56876 12.501 14.9529 20.4115 10.746 8.59044 15.3241 9.38937 10.0031 10.9527 9.12835 9.02878 11.8912 12.0866 11.3577 11.1363 10.1576 10.0648 9.76023 9.71663 10.3657
threshold=-2.5151880979537959 -3.4682518243789668 -0.005816068733111023 1.6449999809265139 0 1 0.044999999925494201 2 0.46444967389106756 3 -5.4849998950958243 -0.0056160970125347367 4.5000000000000009 0.72926622629165661 0.63440001010894786 1.5000000000000002 4 -0.11034999787807463 5 -0.13735000044107434 0.41314999759197241 6 5.5000000000000009 -3.241889119148254 0.0019249999895691874 0.14500000327825549 3.3549998998641972 0.0058333333581686029 -0.46416667103767389 6.6649999618530282 7 5.5000000000000009 0.17500000447034839 20.500000000000004 -3.7093471288681026 0.61949941515922557 1.5000000000000002 -3.7349337339401241 1.0000000180025095e-35 0.35725000500679022 -1.0000000180025095e-35 5.5000000000000009 -2.8767080307006831 0.0025000000605359678 6.055000066757203 3.5000000000000004 0.24724999815225604 2.5000000000000004 6.1549999713897714 0.40500000119209295 8 6.9849998950958261 3.5000000000000004 9 6.5250000953674325 2.5000000000000004 10 0.010350000113248827 -0.055874999612569802 6.6250000000000009 6.8650000095367441 0.10099999979138376
decision_type=2 2 8 2 1 1 8 1 2 1 8 8 2 2 2 2 1 10 1 10 2 1 2 2 2 8 2 2 2 2 1 2 2 10 2 2 2 2 2 2 2 2 2 2 8 2 2 2 2 8 1 2 2 1 2 2 1 10 2 2 2 2
left_child=1 3 4 -1 -3 -5 16 11 9 10 -4 12 -8 14 26 -15 -2 18 19 -18 -10 22 23 -22 -25 -26 -13 28 30 -30 36 32 33 37 35 -34 -7 -32 -6 41 -41 42 43 -40 -45 -44 -19 -48 49 -49 -51 52 56 55 -55 57 58 -54 -50 -60 61 -57
right_child=6 2 8 5 38 27 7 -9 20 -11 -12 13 -14 15 -16 -17 17 46 -20 -21 21 -23 -24 24 25 -27 -28 -29 29 -31 31 -33 34 -35 -36 -37 -38 -39 39 40 -42 -43 45 44 -46 -47 47 48 51 50 -52 -53 53 54 -56 60 -58 -59 59 -61 -62 -63
leaf_value=-0.03407107774481314 -0.0015249518613378815 -0.0054328997118004213 0.073647381274941554 -0.017374561226276414 0.0037585281355002327 0.042950120300161744 0.0030567537515901366 0.00018591502840707846 -0.0049269564020170192 -0.017218743120253413 -0.00094834122882324898 0.01303761920872375 0.011828132515927932 0.009890105848595938 0.019993504701720507 0.00078787245797905942 -0.0040712331936711681 -0.0016988076805029965 -0.00072442072036519483 -0.01831600012682652 0.06046464300449949 -0.0023438188300900112 0.072683361205844385 -0.010670901692906824 0.061262925732051131 0.00811769505915063 0.00084313935730517548 -0.0098257425025000955 0.067443177979040064 -0.016274975220077977 0.18563827770435987 0.0053215245499165179 0.13080199424458797 0.023889822551930579 -0.040702428878664682 0.012196853880692436 -0.026014692651444005 0.080151448737414213 -0.030150969133670422 0.019145327426293986 -0.028291994711012354 0.00096454803475561426 0.03188662976419851 0.088858835916647047 -0.0073165412841270918 0.08386116519028583 0.0036857329942253558 0.0027316423685455104 0.015018804325443858 0.00073591819867994013 -0.0044251218530553457 0.0087553175817962174 -0.018212403015376064 0.0045822091860613394 -0.0038014069668085488 0.035181548545659809 -0.0024201058924238402 0.0057311077144378405 0.018945183506328091 0.00051545426169222978 0.0004911577505184088 0.0091766211110322644
leaf_weight=45.055636807810515 6097.2783615905792 187.65260887192562 4.1905633648857474 247.86219711136073 170.7638653498143 5.2739031054079559 1064.0477380752563 9039.4101055711508 1706.4160723155364 203.54761484917253 65.022971199825406 103.60063546895981 400.55951867252588 455.37184298038483 46.011537056416273 348.06547283753753 298.2192259375006 1858.2527326047421 1537.9516886342317 133.48061039298773 7.0970704080536953 180.13253448531032 9.141117765568195 34.856796097010374 7.7719961181282997 17.670077363029126 6554.118171652779 220.16181563166901 4.072566424496471 54.268806519452482 3.8920647730119526 28.791421450208873 2.1031090286560357 3.7224222836084664 4.7527613285928947 4.5551265287213027 19.244492912199348 2.9783799108117837 7.1600967887789002 19.669164204970002 14.967679446563123 13.16991552710533 12.444043712690478 7.0671472307294598 7.0558343697339287 13.028554357588289 3008.8889591936022 796.05400203727186 100.06190235540271 1098.5325693786144 1633.9101916104555 261.61683360114694 54.142477605491877 519.69008171930909 584.72051523067057 25.505033556371927 1687.526612078771 59.506549207493663 48.834419943392277 785.80858641304076 220.92375744692981 638.16811114177108
leaf_count=6870 56755 6047 215 22751 5034 530 5479 45698 53544 10696 3157 700 2049 3057 227 2339 2911 23475 15175 1299 311 5541 380 970 215 482 31859 19398 311 4167 382 2599 244 304 296 427 1606 179 254 530 446 428 288 256 250 307 30056 7931 694 9106 13613 2140 447 4534 4858 207 11551 449 282 5273 1989 5394
internal_value=4.47403e-05 -0.00518024 -0.00355483 -0.011938 0.00305459 -0.0102806 0.000486406 0.0012352 -0.00489389 -0.0125753 0.00311765 0.00228963 0.00545566 0.00167501 0.00116303 0.00594683 -0.000142369 0.000407479 -0.00242699 -0.00828379 -0.00382659 0.00348898 0.015498 0.0100413 0.00410658 0.0243524 0.0010329 -0.0046874 0.00342597 -0.010431 0.0141602 0.0220507 0.0539617 0.0991389 0.0120235 0.0496602 -0.00794141 0.139909 0.00892573 0.0192007 -0.00135385 0.0310812 0.0395644 0.0169369 0.0408097 0.0584702 0.000824975 0.00123194 0.00036486 -0.00121417 -0.00236371 0.00148219 0.00107948 0.00303216 0.000142289 0.00616617 -0.000486288 -0.0056756 0.00299886 0.00159377 0.00775725 0.010176
internal_weight=42795.8 3335.56 2688.83 646.735 452.979 601.679 39460.3 18011.2 2235.85 272.761 69.2135 8971.77 1464.61 7507.17 6703.73 803.437 21449.1 15351.8 1969.65 431.7 1963.09 256.67 76.5371 67.3959 60.2989 25.4421 6657.72 353.817 133.655 58.3414 75.3137 50.7953 22.0039 10.5929 11.411 6.65824 24.5184 6.87044 265.326 94.5624 34.6368 59.9256 46.7557 21.2831 14.123 25.4726 13382.1 11523.9 8515 3528.5 2732.44 4986.5 4724.89 2102.66 1104.41 998.246 2622.23 113.649 934.705 834.643 884.597 663.673
internal_count=438962 149415 89351 60064 13840 53194 289547 91408 75511 14068 3372 45710 7528 38182 32786 5396 198139 141384 19385 4210 61443 7899 2358 1978 1667 697 32559 30443 11045 4478 6567 4431 1832 865 967 671 2136 561 7793 2759 976 1783 1355 760 506 595 121999 98524 68468 30650 22719 37818 35678 17878 9392 8486 17800 896 6249 5555 7590 5601
cat_boundaries=0 1 2 3 4 5 6 7 8 9 10 11
cat_threshold=21033262 30147252 28063144 14812672 13369640 25602 12595474 245762 16939520 3302406 99920
is_linear=0
shrinkage=0.04


Tree=100
num_leaves=63
num_cat=9
split_feature=2 2 11 25 49 50 54 50 51 48 2 17 25 7 25 18 49 25 26 53 2 25 12 34 7 48 17 11 48 11 49 17 35 51 9 39 54 39 4 4 34 4 50 43 25 39 36 25 25 12 26 48 49 12 36 48 11 25 35 34 17 48
split_gain=71.8673 29.2001 14.525 12.1882 15.6499 15.2321 15.2165 16.0105 13.6491 13.637 11.7922 11.7215 13.7747 11.1939 11.5361 10.4753 10.3563 9.93418 9.5509 9.83243 15.6131 9.40604 11.2417 9.90568 14.3764 9.96312 9.76664 9.73741 12.2096 9.1669 9.10887 9.07473 9.07438 9.41527 9.53467 8.99333 10.4988 10.3465 8.86672 8.62868 11.0503 8.47169 17.6412 8.45036 8.41898 8.33171 8.23151 12.336 11.8865 10.7914 9.8713 8.36788 8.12873 8.04115 7.98039 7.94473 8.56117 8.77047 10.5261 9.21903 9.29343 9.6114
threshold=-3.4283231496810909 -2.2880759239196773 1.6449999809265139 0 -5.4849998950958243 -0.23564999550580976 0.017500000074505809 0.087449997663497939 1.0000000180025095e-35 -1.6850000023841856 -0.35856500267982477 8.3550000190734881 1 56.500000000000007 2 30.500000000000004 6.9749999046325692 3 7.5000000000000009 6.7349998950958261 -3.4682518243789668 4 0.15230000019073489 -0.14083333313465116 27.500000000000004 -1.0449999570846555 1.8450000286102297 4.5450000762939462 -1.1850000023841856 4.6050000190734872 5.180000066757203 0.93000000715255748 -3.0308333635330196 -0.024999999441206452 1.5000000000000002 0.49366666376590734 0.047499999403953559 4.120000123977662 1.3337416648864748 1.1545943617820742 -0.74750000238418568 0.9874674677848817 -0.02554999943822622 4.5000000000000009 5 -3.629166722297668 -0.018041666597127911 6 7 0.61004999279975902 9.5000000000000018 2.3649998903274541 8.0250000953674334 0.15569999814033511 -0.021174999885261055 -0.21499999612569806 4.0750000476837167 8 0.60750001668930065 -1.8808333277702329 4.6900000572204599 -1.0850000381469724
decision_type=2 2 2 1 8 8 2 10 10 10 2 10 1 2 1 8 8 1 2 2 2 1 2 2 2 8 8 2 8 2 10 8 2 8 2 10 2 10 2 2 2 2 10 2 1 8 2 1 1 2 2 10 8 2 2 10 2 1 2 2 8 10
left_child=2 3 -1 5 6 9 7 8 39 -2 11 21 16 45 -15 -11 30 -4 19 20 41 23 -23 24 25 -3 38 44 -29 -30 -13 -21 -26 34 -34 36 -6 -37 -25 -5 -41 42 -19 -33 -28 -12 47 54 50 -49 51 -48 -18 -24 -47 56 57 58 59 -7 61 -61
right_child=1 10 17 4 35 55 -8 -9 -10 15 13 12 -14 14 -16 -17 52 18 -20 31 -22 22 53 26 32 -27 27 28 29 -31 -32 43 33 -35 -36 37 -38 -39 -40 40 -42 -43 -44 -45 -46 46 48 49 -50 -51 -52 -53 -54 -55 -56 -57 -58 -59 -60 60 -62 -63
leaf_value=-0.034911720369333245 0.058059432572253059 0.0018632507867467865 -0.017830568213418125 0.0054274930437734617 0.00034075934947744085 -0.015331516354716317 -0.0059651534107468583 -0.023964350780151945 0.08814104947774519 0.033384463432166854 -0.0069548451743097249 0.0011654698748375517 -0.0067156045529009915 -0.0157053797809916 -0.0014311971250581402 -0.0083849715516014188 0.022573264245084025 0.097428457808919247 -0.013072853824448193 0.070984056637420717 0.11495355439306028 -0.0069456099215562022 0.01910842096534095 0.028584376909287321 -0.0086206364709366379 0.014022073952366439 -0.00045138138740012846 0.012279847659918344 0.019453303223363902 -1.3612819932634119e-05 -0.013847337374283362 0.001506191944322356 -0.0068341062780513627 0.0040177017701224418 0.022839956488416427 -0.009308601143542353 -0.0076611812525690139 0.032717489556247432 0.0019661033722653994 0.019243930213668138 0.089961469993551799 -0.0093696384230434367 -0.0023383182841734866 -0.01696571630447025 -0.013542740695087365 0.0027950837291549698 -0.0013809992261545521 -0.0014155104592473333 0.0029618265680840302 0.012196980219731755 0.0042496828101743558 0.0060628161653255661 3.7412634383000799e-06 -0.00053826021587994525 -0.0067989771939276798 -0.0032861327652750332 -0.011645312312465692 -0.01002088115628017 -0.033421609064967925 0.019048088727863455 0.0053232141898645899 0.069016650106681107
leaf_weight=44.691155273932964 9.6572747221216542 168.36275834962726 236.9931781035848 12.663894968107344 1687.4229038520716 18.605829054489732 27.100188921671361 6.7498433091677716 8.2976291356608254 14.386400463059543 191.48891252279282 395.49560083262622 895.12836145982146 104.29458616673946 471.16799114644527 28.914278190117329 58.189314085990191 4.6350869932211936 209.59922641236335 2.5114661385305226 2.5680028684437266 449.64196802861989 33.455606713891029 36.668856605887413 126.16218471713364 299.89919252879918 175.30234244465828 136.06168017722666 39.004948303103447 5004.6323842834681 77.302758373320103 102.71743704006076 227.12226597033441 1206.0902385115623 18.755618911236525 316.72562531474978 310.63872140273452 9.6587421484291536 44.106996057555079 7.9333213502541158 6.3774416409432897 14.138170233462004 7.305248336400842 64.511964730918407 142.36276319809258 2790.1911215409636 2851.2643109485507 3946.9575936496258 7928.4657837450504 95.432556837797165 792.52691382914782 263.99834921956062 45.495805040001869 9013.5871306527406 145.97760721296072 609.46183321252465 625.92567458935082 105.63130693510175 9.822263125330208 21.19166984688491 49.534785772673786 8.6824675602838415
leaf_count=6966 357 2140 21277 321 45932 817 974 202 223 425 850 3356 7578 471 2138 912 466 349 17681 244 142 5144 358 359 1328 2792 1699 1548 368 43676 604 8790 2878 12236 219 8354 10062 257 388 313 189 1329 524 5746 1409 12736 12970 18186 36607 479 3881 1153 358 84384 676 17517 18693 4146 307 772 1625 282
internal_value=-5.13951e-05 0.000158568 -0.0128592 -0.0031404 -0.00134552 -0.00595247 0.017405 0.0324765 0.0432772 0.0150786 0.000495199 -0.00022628 -0.00365198 0.00118024 -0.00431598 0.00549268 0.00120071 -0.0113311 -0.00694837 -0.000828009 0.0208486 6.8167e-05 -0.000771605 0.00111369 0.00349553 0.00965039 0.000241889 3.90029e-05 0.000455908 0.000136934 -0.00128913 -0.00448628 0.00166926 0.00256336 -0.00457056 -0.00190889 -0.000903303 -0.00806492 0.0140497 0.0294768 0.0507585 0.0115819 0.0363899 -0.0056197 -0.00675885 0.00134665 0.00143114 0.000341524 0.00207357 -0.00109145 0.00026315 -0.000750184 0.01267 -0.000465608 0.00231023 -0.00676227 -0.0092862 -0.00236887 0.00554196 0.010012 0.0159501 0.0335707
internal_weight=42759.6 42070 689.671 3895.38 2393.57 1501.81 69.1223 42.0221 35.2723 52.958 38174.6 18592.8 1471.61 19581.8 575.463 43.3007 576.483 644.98 407.987 198.387 28.6465 17121.2 9496.68 7624.53 2046.39 468.262 5578.14 5497.36 5179.7 5043.64 472.798 169.741 1578.13 1451.97 245.878 2324.45 1998.06 326.384 80.7759 26.9747 14.3108 26.0785 11.9403 167.229 317.665 19006.3 18814.8 6978.56 11836.3 4042.39 3907.79 3115.26 103.685 9047.04 2936.17 1448.86 839.394 213.468 107.837 98.0148 79.4089 29.8741
internal_count=439163 376115 63048 112680 66827 45853 2222 1248 1046 1694 263435 173288 12362 90147 2609 1337 4784 56082 34805 17124 2344 160926 89886 71040 21593 4932 49447 48700 45592 44044 3960 14780 16661 15333 3097 64605 55994 8611 747 823 502 2202 873 14536 3108 87538 86688 32077 54611 18665 18004 14123 824 84742 13412 44159 26642 7949 3803 3496 2679 1054
cat_boundaries=0 1 2 3 4 5 6 7 8 9
cat_threshold=18102444 6736656 1051424 13041904 30979586 26215938 12108968 1692704 18094080
is_linear=0
shrinkage=0.04


Tree=101
num_leaves=63
num_cat=0
split_feature=0 11 0 56 7 7 54 35 5 12 12 36 27 0 53 56 16 7 17 14 12 16 38 39 42 17 12 56 29 4 35 12 36 36 36 35 53 34 3 56 50 53 56 54 36 43 8 27 36 36 16 38 35 53 3 54 9 53 36 34 0 17
split_gain=58.8579 20.5938 19.5604 15.487 13.315 9.9249 13.7923 9.52946 9.58036 9.63789 10.1587 9.39884 10.2664 9.37836 9.16741 8.98774 8.77756 8.69618 10.6792 8.6758 8.31566 10.5503 8.22083 12.8825 12.4609 10.3941 9.73766 8.54561 9.34649 8.15418 8.05739 10.9374 8.77123 7.99896 9.66477 7.89264 10.8734 7.683 11.6348 8.57854 11.876 7.64197 7.545 7.38145 8.34071 10.2283 11.2184 7.22887 7.21491 7.20512 7.16781 7.78043 8.08308 9.02065 7.62521 8.03849 7.6998 7.58992 7.15183 7.07685 7.06738 9.55615
threshold=-3.6593996286392207 1.6449999809265139 -0.79293486475944508 0.01409952435642481 28.500000000000004 34.500000000000007 -0.037499999627470963 -2.8624999523162837 2.5000000000000004 0.43030001223087316 0.44345000386238104 0.052524998784065254 5.5000000000000009 -4.6479060649871817 6.5750000476837167 0.01280735479667783 0.19704999774694446 56.500000000000007 6.5250000953674325 0.33245000243186956 0.55594998598098766 0.29915000498294836 -0.0041666666511446229 2.55733335018158 5.5000000000000009 2.6900000572204594 0.58605000376701366 0.0045935551170259723 1.0000000180025095e-35 1.2744072675704958 -0.024166666902601715 0.44345000386238104 0.0089916666038334387 0.051441665738821037 0.076308336108922972 0.66583335399627697 6.8350000381469735 -0.044166667386889451 0.61139127612113964 0.022063471376895908 -0.020550000481307503 6.6449999809265146 -0.037794012576341622 0.012500000186264517 0.084474999457597746 1.5000000000000002 54.500000000000007 3.5000000000000004 0.058024998754262931 -0.01424166653305292 0.21884999424219134 -0.007500000298023223 2.6491667032241826 6.8250000476837167 0.47530476748943334 -0.032500000670552247 1.0000000180025095e-35 6.7750000953674325 -0.027125000022351738 0.26416665315628057 -2.8310116529464717 4.6900000572204599
decision_type=2 2 2 10 2 2 2 2 2 2 2 2 10 2 2 8 2 2 8 2 2 2 2 10 2 8 2 8 2 2 2 2 2 2 2 2 2 2 2 10 8 2 8 2 2 2 2 8 2 2 2 2 2 2 2 2 2 2 2 2 2 8
left_child=1 -1 3 60 16 6 -4 -8 9 19 -11 12 35 42 -7 41 -5 22 -19 47 -6 -22 27 24 25 -24 30 28 50 -23 31 -27 -33 37 -35 36 -12 38 -18 40 -39 -15 -3 -32 45 -45 58 49 -25 -9 -16 52 54 -54 -52 56 57 -56 -47 -57 61 -2
right_child=2 13 5 4 20 14 7 8 -10 10 11 -13 -14 15 17 -17 33 18 -20 -21 21 29 23 48 -26 26 -28 -29 -30 -31 43 32 -34 34 -36 -37 -38 39 -40 -41 -42 -43 -44 44 -46 46 -48 -49 -50 -51 51 -53 53 -55 55 59 -58 -59 -60 -61 -62 -63
leaf_value=-0.033506530792220796 0.0023192573411057668 0.074529927695488857 0.0070070808122614063 -0.013082428063977953 -0.0047534418826734523 0.014911123226939889 -0.010494820183723823 -0.013826961648117154 -0.013824421040675888 0.018538881408245542 0.019016045835372874 0.014015628433202879 -0.013244211360085117 0.043407422058332971 0.016820541251508662 -0.0091304298506863189 0.00035749249587267376 0.0054515297478960932 -0.011698638694808984 -0.0047620958307243088 -0.010515699645069399 -0.0016183424410976283 -0.013194961606292788 -0.01405670584091287 0.0097179585450930736 -0.0013013598601312501 0.014531481420038898 0.0011676375465395313 -0.0023255247951199554 0.020918977498884286 -0.0005048836430109634 -0.02360513062034017 -0.0032058191661199012 0.031579225478122565 0.0041065726139207252 0.00031606444218869648 -0.0012014903965548924 0.029389658773004094 -0.026978211840033191 -2.191114414781462e-05 0.0027514622389184389 -0.0015685561395518109 -0.019059699236136932 -0.013621725724874413 0.019895076645536906 0.0017635311099136808 -0.0075399617981371072 0.0075276536219959448 0.0034430369850537356 0.0035908449917146372 -0.01221840395084009 0.015778465030894803 0.023895119182930507 -0.00026396114200773939 0.0011506267565340295 0.019439656688636203 0.0083495688136356189 -0.015412450618252044 0.013975120991434616 0.0050190230364180657 0.00026982469917380603 -0.0029818253821263727
leaf_weight=52.691679414827377 706.22310421057045 1.3934418801218269 1193.0847214758396 51.260920593515038 2384.4294843822718 74.886458232998848 100.9819620847702 62.291127592325211 57.884359315037727 89.886755496263504 104.47604663670063 128.86295908689499 62.487509816884995 6.1774134086444965 102.96631066501141 634.05677862092853 138.78332715667784 85.229520097374916 182.45223613083363 377.17394671589136 49.375783266499639 43.001418950036168 98.03881673514843 160.82476460188627 208.82481701672077 361.03486280143261 72.408230356872082 3141.7006913125515 217.94222389906645 63.788828739896417 1889.1440329700708 76.271493047475815 60.456960514187813 35.070637313649058 49.275688961148262 333.59143630415201 71.822889141738415 49.533111300319433 30.36275933124125 140.02519057132304 58.290898183360696 281.0442351391539 126.30111439013854 51.412456065416336 53.365268781781197 132.79499733448029 85.236359968781471 270.82149334251881 49.235492348670959 97.440194427967072 51.367527440190315 106.45878511667252 64.035245448350906 40.285490967333317 101.82111509889364 68.693497732281685 88.656584739685059 78.312816493213177 181.76942983269691 262.58124379068613 24368.129625823349 2370.033301088959
leaf_count=7640 18557 194 5756 539 25123 347 446 259 235 416 474 644 309 368 491 41683 1612 361 802 1674 394 462 408 774 899 1521 362 15025 1173 419 8591 342 279 360 502 1628 326 482 642 1273 465 17723 18419 221 232 563 357 1146 242 411 207 492 321 205 514 293 453 393 776 1252 187539 62827
internal_value=2.05655e-05 -0.00910515 0.000262023 -0.000260658 -0.00294383 0.00170012 0.00368777 0.00143473 0.00216187 0.00274063 0.00587865 0.00425583 0.00205854 -0.00787943 0.000980302 -0.00647133 0.0026833 0.000851083 -0.00623805 -0.0003329 -0.00416779 0.00477431 0.00109419 -0.000352769 0.000263921 -0.000380847 4.30146e-05 0.00225878 0.00515622 0.0118438 -0.000319804 -0.00495024 -0.0145852 0.00429531 0.0155295 0.00393391 0.0107796 0.00202295 -0.00454943 0.00650831 0.0149887 -0.000601236 -0.0180384 0.000643074 0.00494103 0.00317241 0.00533205 0.00354717 -0.00995499 -0.00320165 0.00684564 0.00565442 0.0042283 0.0145656 0.00257288 0.00383906 -0.0013006 -0.00605013 0.00881994 0.0080093 4.17576e-05 -0.00176484
internal_weight=42738.3 1101.66 41636.6 30537.6 3093.2 11099 2950.81 1757.72 1656.74 1598.85 791.128 701.241 572.378 1048.97 8148.21 921.278 552.603 8073.32 267.682 807.727 2540.6 156.166 7805.64 3480.82 3270.76 3061.93 2963.89 4324.82 1183.12 106.79 2891.49 497.763 136.728 501.342 84.3463 509.89 176.299 416.995 169.146 247.849 107.824 287.222 127.695 2393.72 504.579 451.213 399.801 430.553 210.06 159.731 965.179 862.212 755.754 104.321 651.433 600.065 268.791 180.134 314.564 331.275 27444.4 3076.26
internal_count=438843 86027 352816 301196 32273 51620 13724 7968 7522 7287 3797 3381 2737 78387 37896 59774 5875 37549 1163 3490 26398 1275 36386 15567 14551 13652 13244 20819 5794 881 12882 2142 621 5336 862 2428 800 4474 2254 2220 947 18091 18613 10740 2149 1917 1696 1816 1016 670 4621 4130 3638 526 3112 2905 1360 907 1339 1545 268923 81384
is_linear=0
shrinkage=0.04


Tree=102
num_leaves=63
num_cat=11
split_feature=2 2 11 56 25 8 25 50 54 25 51 34 15 14 18 25 17 17 53 54 2 11 15 28 34 6 56 36 14 25 35 12 6 25 34 25 45 43 25 34 36 17 15 34 25 25 51 56 20 15 25 35 39 34 36 48 56 49 7 15 12 11
split_gain=53.6911 23.9046 17.9621 10.3765 16.3706 9.90388 9.85612 9.83031 9.57269 15.1027 10.981 11.599 9.4976 9.23851 8.63843 19.8016 12.5477 16.0824 10.0158 9.64173 8.66969 9.04073 8.61156 8.70113 10.038 10.193 13.4742 11.5939 10.4151 9.01745 8.16441 7.86652 16.0609 13.0045 12.3498 8.9123 8.85174 14.3488 10.9224 12.2329 10.0791 10.6908 9.99436 9.92201 10.7143 9.44063 8.77799 8.52272 15.5913 15.4192 11.4857 13.5696 8.26598 14.3143 12.9751 9.14282 13.0176 8.98783 11.204 8.23065 8.13719 13.3872
threshold=-3.1551585197448726 -1.2154515981674192 1.8049999475479128 0.028679368086159233 0 43.500000000000007 1 -0.47360000014305109 0.034166667610406883 2 0.014999999664723875 1.7541666626930239 0.60085001587867748 0.12545000016689303 40.500000000000007 3 1.5350000262260439 1.2699999809265139 6.8550000190734872 0.027500000782310966 -4.0800063610076895 7.4449999332427987 0.13075000047683719 4.5000000000000009 -0.76249998807907093 2.5000000000000004 0.013344578910619022 -0.029175000265240666 0.37049999833107 4 0.66583335399627697 0.24724999815225604 2.5000000000000004 5 -0.58583331108093251 6 1.5000000000000002 5.5000000000000009 7 0.65416663885116588 -0.17574166506528852 6.9449999332427987 0.2564499974250794 0.88583332300186168 8 9 1.0000000180025095e-35 -0.033184694126248353 5.5000000000000009 0.36304999887943273 10 0.030833332799375061 -0.11633333191275595 -0.22249999642372129 0.0012916666455566885 2.9250000715255742 0.0087747843936085718 -0.26500000059604639 45.500000000000007 0.34694999456405645 0.33444999158382421 5.1949999332427987
decision_type=2 2 2 10 1 2 1 10 2 1 8 2 2 2 10 1 8 8 2 2 2 2 2 10 2 2 8 2 2 1 2 2 2 1 2 1 2 2 1 2 2 10 2 2 1 1 10 8 10 2 1 2 8 2 2 10 8 10 2 2 2 2
left_child=2 8 -1 5 13 6 -3 -4 31 -10 11 22 14 -5 20 16 17 18 -16 -18 -9 -22 -11 24 -24 26 -26 -27 -28 30 -29 33 47 -2 35 46 37 38 -36 -40 41 43 -41 44 -38 52 -34 48 50 -50 -33 -52 53 54 -42 -54 -57 -55 59 -59 -47 -62
right_child=1 3 7 4 -6 -7 -8 12 9 10 -12 -13 -14 -15 15 -17 19 -19 -20 -21 21 -23 23 -25 25 27 28 29 -30 -31 -32 32 34 -35 36 -37 40 -39 39 42 45 -43 -44 -45 -46 60 -48 -49 49 -51 51 -53 55 57 -56 56 -58 58 -60 -61 61 -63
leaf_value=-0.030072646608116649 0.00069080860224319379 -0.0037179566601687787 0.049274784322965504 0.016215035995928381 -0.0080352318038038537 0.0010778412922636317 0.020300725027612886 -0.017816694493130218 -0.0070432944724236968 -0.014592204865675204 -0.0059491048234264592 0.03852797110635519 0.044119958529951597 8.3463306578332501e-05 0.0030100347003148278 -0.01315456474243764 -0.025710921387890554 0.15323804698652643 0.085969725841220215 0.05883208825891055 -0.0075140972203183148 0.040096768778695349 -0.010450457340263597 -0.00019426480375333145 0.062031508837163206 -0.017311097287136725 0.0096286380595046444 0.056609225842451483 0.044861017540644213 -0.0039144246038120114 0.013684694616759148 -0.014653016640158865 -0.0070528866939280031 -0.0051837859275736956 0.011287607979363665 -0.016023389876441772 -0.013425867328851681 -0.0083107554119487143 -0.0046830003377421291 -0.017450879085049286 0.052019286294298014 -0.016579865205425169 0.010217897696212491 0.04867649709389836 0.023379500447607917 -0.010822697341032469 0.030094564317474086 0.0019865007047956719 0.011302834810502878 0.063017292860191143 -0.0043310626953251309 0.042080590054210401 -0.0016016929986667756 -0.0019302713849734534 0.0067211811703970642 0.045035284378031573 0.0016231032613320084 0.039918623970292312 -0.013427679073496011 0.0060573094269033515 0.030966631937630173 -0.0030935148453428447
leaf_weight=58.536634118761867 1094.6968662966974 42.793147601187229 4.8886204538866869 66.620142884552479 497.87994262576103 27585.23806932196 72.515989750623703 142.20049828663468 1014.4684949023649 52.491244764998555 435.43654839508235 13.479256693273781 5.6558028818108133 385.45380491763353 4.5793057722039503 29.55806473409757 5.3446176690049487 2.8874050085432819 4.7372826337814331 3.6203646124340594 861.14618496177718 6.4289744044654062 36.663434937596321 688.44121944438666 11.397578008472918 30.81951195653528 75.258798707276583 13.200285205617549 16.339073548093438 33.379965078085661 15.315838756039737 28.744836801663041 30.923896357417107 1335.6942417081445 261.98734134063125 136.03255534358323 14.99962188862264 160.69811535067856 264.69312913902104 23.011915497481823 19.731467168778181 14.46071247383952 226.30335728265345 15.840861555188892 20.366065571084619 223.00739177968353 15.171074442565439 2816.647171843797 20.706729716621339 16.636261165142059 21.008474597707391 19.374912424013019 1163.9689133642241 164.61763461958617 20.764597708359361 16.430470271036029 33.759335990995169 27.188911631703377 15.676980497315524 19.88573613204062 18.618764093145728 2216.1244984529912
leaf_count=8728 20161 225 345 357 2608 143481 368 18841 20099 1096 7326 165 376 2014 357 2483 392 214 361 291 52091 374 968 13459 207 538 1474 224 288 564 236 367 549 24885 3081 2369 235 2054 3408 258 351 197 2613 194 319 3324 240 42334 265 198 290 247 15479 2421 355 196 431 399 229 275 253 30253
internal_value=0.000107896 0.000341737 -0.00849668 0.000985771 -0.0031249 0.00112674 0.0128251 -0.00731748 -0.00108704 -0.0033453 -0.000653406 0.00167679 -0.00757697 0.00240745 -0.00785267 0.00825431 0.0301289 0.0707561 0.0451932 0.00843042 -0.00866182 -0.00716129 0.00116644 0.00206477 0.00875746 0.0123558 0.0210168 0.00273442 0.0159133 0.0127156 0.0248429 -0.000561867 4.04537e-05 -0.00255624 -0.00130921 -0.0115385 -0.000932241 0.00256837 0.00482128 0.00128091 -0.00175088 0.0137911 0.00766406 0.0223678 0.0105838 -0.00200993 0.00425108 0.00240643 0.0135155 0.0343416 0.00226521 0.0143761 0.000518718 0.00688225 0.0287924 -0.000880919 0.0158348 0.00297989 0.0158608 0.0256146 -0.00352248 -0.00280974
internal_weight=42694.5 41565 1129.58 28650.5 949.954 27700.5 115.309 1071.05 12914.5 2436.69 1422.22 986.786 1066.16 452.074 1060.5 50.727 21.169 12.204 9.31659 8.96498 1009.78 867.575 973.307 920.816 232.374 195.711 102.995 92.7156 91.5979 61.8961 28.5161 10477.8 8047.38 2430.39 5124.26 182.128 4942.14 936.694 775.996 514.008 4005.44 65.6673 249.315 51.2065 35.3657 3939.77 46.095 2923.12 106.471 37.343 69.1282 40.3834 1482.02 267.865 40.4961 1214.16 50.1898 227.369 62.7516 47.0746 2457.75 2234.74
internal_count=438780 353927 84853 149053 4979 144074 593 76125 204874 46644 26545 19219 75780 2371 75404 4098 1615 932 718 683 71306 52465 19054 17958 4499 3531 1969 1562 1762 1024 460 158230 113184 45046 69483 3158 66325 11414 9360 6279 54911 945 2871 748 554 53966 789 43701 1367 463 904 537 20136 4030 706 16106 627 3324 903 674 33830 30506
cat_boundaries=0 1 2 3 4 5 6 7 8 9 10 11
cat_threshold=7221880 4428342 26616262 1605126 6310920 30840066 4206692 26428480 10249440 11034864 27217954
is_linear=0
shrinkage=0.04


Tree=103
num_leaves=63
num_cat=10
split_feature=2 0 11 25 0 56 25 36 25 54 7 25 8 14 25 46 4 20 11 2 7 25 54 20 34 4 25 56 10 25 16 20 4 39 18 36 20 7 13 7 50 53 48 12 12 36 45 54 38 20 4 25 25 15 16 16 53 14 46 16 34 0
split_gain=65.0654 24.6825 16.3604 13.9998 11.2417 9.7457 9.07041 11.1394 8.95229 12.9851 15.5648 13.0771 10.7564 11.4271 10.0707 11.5603 12.8378 9.36956 9.23295 8.81802 8.75853 11.8856 8.68138 11.1684 11.2502 12.5243 8.62957 8.49964 8.43713 9.61132 16.6366 12.3415 8.40701 8.1896 7.79417 7.65647 12.3613 8.05403 7.55104 7.4502 9.27006 12.705 9.87733 11.9049 12.8166 9.02977 12.359 9.30094 8.99368 8.37891 9.89325 11.2046 7.73511 9.77997 10.3006 9.46986 10.8327 10.4004 9.42428 10.7222 9.20951 8.96394
threshold=-3.1551585197448726 -2.1269676685333248 1.6449999809265139 0 -0.6140230894088744 0.017215881496667865 1 -0.2306583374738693 2 -0.022499999962747094 51.500000000000007 3 52.500000000000007 0.69580000638961803 4 1.5000000000000002 0.93600317835807811 5.5000000000000009 5.6949999332427987 -2.0374952554702754 60.500000000000007 5 -0.029166666790843006 3.5000000000000004 0.8725000023841859 1.1353818178176882 6 0.0085803251713514345 0.19500000029802325 7 0.40725000202655798 2.5000000000000004 0.78153684735298168 0.1918333321809769 35.500000000000007 0.092091668397188201 1.5000000000000002 39.500000000000007 8.6849999427795428 35.500000000000007 0.12465000152587892 6.6649999618530282 -1.5049999952316282 0.50150001049041759 0.49625000357627874 0.024325000122189525 3.5000000000000004 -0.025833333842456337 -0.030833332799375054 1.0000000180025095e-35 1.4191603660583498 8 9 0.21450000256299975 0.3103999942541123 0.30695000290870672 6.6849999427795419 0.38905000686645513 5.5000000000000009 0.34765000641345983 -0.1325000002980232 -2.4171072244644161
decision_type=2 2 2 1 2 10 1 2 1 2 2 1 2 2 1 8 2 10 2 2 2 1 2 10 2 2 1 8 2 1 2 10 2 8 10 2 8 2 2 2 8 2 10 2 2 2 2 2 2 8 2 1 1 2 2 2 2 2 8 2 2 2
left_child=2 6 -1 -4 20 8 7 19 18 10 12 -12 14 -14 15 -10 -17 -13 -6 -2 38 -22 23 24 25 -18 -7 -25 39 30 -30 -32 -16 -28 -20 -11 -37 -38 -3 40 42 -42 49 44 48 46 -43 -47 -44 50 51 -8 55 54 -54 -50 58 61 -57 -60 -56 -58
right_child=1 4 3 -5 5 26 28 -9 9 35 11 17 13 -15 32 16 22 -19 34 -21 21 -23 -24 27 -26 -27 33 -29 29 -31 31 -33 -34 -35 -36 36 37 -39 -40 -41 41 45 43 -45 -46 47 -48 -49 52 -51 -52 -53 53 -55 60 56 57 -59 59 -61 -62 -63
leaf_value=-0.03319000570231817 0.044772237413949083 0.00043203505077899212 -0.0028599600789049194 -0.012341331227270007 0.0097949526663859716 0.0045414560703524991 -0.015806771846090674 -0.003289503246294111 0.015500083291019541 -0.001262023219843097 -0.021785048684460708 0.0076038227693514563 0.0063435438131233049 0.028417393384164252 0.013419940104035901 0.015609740951723402 -0.019057885779114478 -0.014149459518242325 0.0037805948771997815 -0.00040607299609144039 0.0025981761779084161 -0.016017601240067684 0.015568558897550393 -0.025126178956080329 0.014423951826993778 0.0073868990579390838 0.0059137178151898459 -0.0029504067554250286 -0.0030465045236391089 -0.0092645470042739871 0.0028004135784569012 0.055050659111463215 -0.0029099337352405798 -0.0080560699892607487 -0.014229270731600111 -0.01222173576338653 0.0025018671143891397 0.019832763688674548 -0.01115420200534974 -0.0012559552742842125 0.023910173668533798 0.0370781003781126 -0.010300553838574597 -0.0059360977241503157 0.041883743850877744 -0.024111874229578469 -0.011063539828300677 -0.0056509935080355537 0.0018999933677906825 -0.0065648211299871853 0.042458386090063333 0.019016421273569156 0.034491097824981838 0.00057513722477877337 0.029219859467292459 -0.020376672392817676 0.013112492063749946 0.0033130926061490634 0.038999774728736843 -0.0071948549809761125 -0.012535760068496228 0.027942880568041405
leaf_weight=45.079887558240443 13.832042058929803 23308.667469277978 441.11126267770305 634.08823330095038 457.57261741906404 186.63795171678066 20.980643732473254 3675.6952749453485 144.12304870039225 2159.1246029883623 56.290193490684032 91.218913041055202 1187.3529707714915 38.747560180723667 54.906744293868542 93.113999247550964 55.985302358865738 48.537334434688091 1474.8105822280049 13.817712128162382 101.44572392106056 111.19532493501902 43.486991196870804 53.410435512661934 74.716053858399391 58.696736082434654 81.496146038174629 57.346807345747948 157.89529306162149 344.55354326497763 13.931444211862983 15.042679052799938 620.38934047520161 381.24411834776402 39.476684428751469 44.23527979105711 82.734735868871212 89.115560531616211 90.348720952868462 3888.5629664175212 21.877166424877942 15.840220458805559 61.36353368498385 176.47150695510209 14.972019613720475 61.27568644285202 18.493801074102521 151.94096634536982 240.6494299499318 272.7263394035399 12.219381633214651 18.339928008615971 29.28017626516521 602.66543878335506 13.279721720144151 29.251447137445211 202.25533243268728 106.09009004943073 13.07780904509127 20.866793608292937 23.244293321855366 96.238689042627811
leaf_count=7338 359 131387 30255 47221 2076 892 478 66976 800 10174 267 423 6162 218 440 604 273 232 7573 184 592 650 196 248 348 255 359 262 2990 6960 260 270 2979 1828 178 208 408 426 517 68011 325 231 955 2681 225 934 294 2581 4049 5823 287 386 485 9723 235 446 3980 1697 200 330 373 1023
internal_value=-6.99248e-05 0.000186047 -0.00958267 -0.00859289 0.000746139 0.00207607 -0.00150756 -0.00309089 0.00250942 0.00160636 0.00351897 -0.00733142 0.00437592 0.00704113 0.00177453 0.00558077 0.00243533 4.56435e-05 0.00479138 0.0221948 0.000313857 -0.00776756 -0.00113444 -0.00355439 0.00234599 -0.00552288 -0.00261229 -0.0136442 -0.000619345 -0.00545457 0.00196117 0.0299275 -0.0015591 -0.00547739 0.00331109 -0.000543572 0.00663518 0.0114891 0.000387298 -0.000199946 0.00164694 -0.0053086 0.00260602 0.00387459 0.00506594 -0.00789079 0.0111469 -0.0109564 0.00468267 -0.00376963 0.0110213 0.00125176 0.00535042 0.00214183 0.0168158 0.0082316 0.0116649 0.0140706 -0.00373677 0.0106025 0.00264611 0.017894
internal_weight=42753.4 41633.2 1120.28 1075.2 31286.4 7674.77 10346.7 3703.35 7025.39 5053.53 2678.32 196.046 2482.28 1226.1 1256.18 580.879 436.756 139.756 1971.86 27.6498 23611.7 212.641 343.642 300.155 189.398 114.682 649.378 110.757 6643.39 531.423 186.869 28.9741 675.296 462.74 1514.29 2375.21 216.086 171.85 23399 6111.96 2223.4 269.428 1953.97 1629.71 1453.23 247.551 34.334 213.217 1438.26 324.266 51.54 39.3206 1376.9 668.47 65.8042 708.43 467.78 404.584 63.196 33.9446 36.524 298.494
internal_count=439540 354726 84814 77476 170975 37829 183751 67519 34750 24923 13707 922 12785 6380 6405 2986 2186 655 9827 543 133146 1242 1582 1386 876 528 3079 510 116232 10480 3520 530 3419 2187 7751 11216 1042 834 131904 105752 37741 4365 33376 26402 23721 4040 525 3515 23496 6974 1151 864 22541 10816 1093 11725 7676 6700 976 530 608 5003
cat_boundaries=0 1 2 3 4 5 6 7 8 9 10
cat_threshold=11715842 17605164 1339402 2164224 16976352 390610 18948152 13647874 14700944 203154
is_linear=0
shrinkage=0.04


Tree=104
num_leaves=63
num_cat=10
split_feature=0 0 48 25 36 7 25 16 36 54 34 0 4 15 14 17 53 54 25 34 48 25 16 15 45 54 8 48 25 49 25 16 7 34 17 18 25 49 50 48 16 54 18 25 5 14 49 25 15 53 14 13 25 54 31 0 9 46 7 7 0 8
split_gain=50.9534 19.5244 16.0796 11.5375 11.5394 11.2166 19.1596 13.6475 14.9641 15.1764 13.2344 14.0219 12.4983 12.0048 12.8498 11.0136 10.8149 11.7777 16.8084 11.9856 11.4069 16.6998 14.518 11.3913 11.129 11.2747 10.7396 10.3499 15.3628 10.2831 13.8157 10.225 10.1586 10.0944 10.0465 10.4208 10.0083 10.6391 9.77359 10.7923 9.64925 10.2683 12.2082 10.564 11.9688 10.6872 9.62418 9.58982 9.56226 9.44138 9.35238 9.32197 9.08046 13.9717 9.04172 9.558 10.1572 9.03662 14.5482 11.0468 14.0057 18.6211
threshold=-3.3236469030380245 -4.6479060649871817 1.825000047683716 0 -0.021174999885261055 40.500000000000007 1 0.33965000510215765 -0.018041666597127911 -0.039166666567325585 1.9274999499320986 -1.3043900132179258 1.2565283179283144 0.31260000169277197 0.30445000529289251 3.8449999094009404 6.5950000286102304 -0.0091666667722165567 2 -0.82249999046325672 -1.8550000190734861 3 0.3437000066041947 0.38764999806880956 5.5000000000000009 0.062500000000000014 53.500000000000007 1.4049999713897707 4 4.0099999904632577 5 0.46555000543594366 27.500000000000004 -0.59916669130325306 1.4649999737739565 37.500000000000007 6 3.8349999189376835 0.17275000363588336 0.86500000953674328 0.47134999930858618 -0.0025000000605359669 7.5000000000000009 7 3.5000000000000004 0.29645000398159033 -0.67500001192092884 8 0.48415000736713415 6.6649999618530282 0.51629999279975902 4.8949999809265146 9 -0.089166667312383638 -1.4999999999999998 -2.4446661472320552 1.0000000180025095e-35 4.5000000000000009 57.500000000000007 25.500000000000004 -3.5290489196777339 52.500000000000007
decision_type=2 2 8 1 2 2 1 2 2 2 2 2 2 2 2 8 2 2 1 2 10 1 2 2 2 2 2 8 1 10 1 2 2 2 8 10 1 8 10 10 2 2 8 1 2 2 8 1 2 2 2 2 1 2 2 2 2 10 2 2 2 2
left_child=1 -1 16 48 -5 6 34 8 13 -10 11 46 31 -8 -15 -11 23 20 24 40 21 22 -18 52 25 -19 49 29 50 -22 32 -9 -31 -21 -4 -36 -14 -38 39 51 41 -20 -43 45 54 -44 -7 -13 -3 -12 -29 -26 53 -2 -45 56 -56 59 -59 60 -6 -62
right_child=2 3 5 4 57 10 7 12 9 15 26 47 36 14 -16 -17 17 18 19 33 27 -23 -24 -25 38 -27 -28 28 -30 30 -32 -33 -34 -35 35 -37 37 -39 -40 -41 -42 42 43 44 -46 -47 -48 -49 -50 -51 -52 -53 -54 -55 55 -57 -58 58 -60 -61 61 -63
leaf_value=-0.020204983850527804 -0.023146776814404517 -0.0081472043806877868 -0.010827522337376385 -0.0075979547324790155 0.0016047185493825416 0.013111123182230629 -0.0028750918184311577 0.0063355203114007583 0.0055632053138473048 0.0096513525799977653 -0.010718409304331621 -0.0026440909192120671 -0.0055671980591672048 -0.00086330124904637762 -0.018943828384369525 -0.0028713498665099042 -0.0072809144938632388 0.0007071356855238546 0.021693091497237353 -0.010635961432322854 0.0015721865788312728 -0.013633127545921759 0.01322766700750647 0.0026176241229806442 0.0045620462442210749 -0.006666130069538828 -0.0022977841277352887 -0.011832649516391756 0.00099950474590970555 0.020224450600290707 -0.011067990426438202 -0.0049579515201005229 -0.0012425988280377245 -0.0028715381082643847 0.0034548332538472284 0.014278618824065812 -0.0094210146628524762 0.0030947389753941817 -0.018254422785829675 -0.007355698236422824 -0.023228546005334905 -0.026044363154135847 -0.014885345779623492 0.01046482698892278 -0.0030107829304381185 0.016315254555039235 -0.004555286094356268 0.0010111546333324208 -0.031373787254604796 0.010086317824279396 0.0018206574073735262 0.018747662179646199 -0.01803526214921624 0.012206281079679381 0.07188257426039743 0.0064659531538251869 0.020489547493110362 0.0069978767451439917 0.082178872732306077 -0.0044267452165429946 0.011132638854845436 0.093557206320868835
leaf_weight=151.61488885432482 27.915442325174809 758.77814253931865 76.642626766115427 420.94463628111407 46.243562719784677 51.003865856677294 989.15100970491767 1187.1991781201214 668.92982134968042 123.25996801257133 37.855928391218185 1453.46273227036 397.20961821451783 98.846539661288261 172.90313434228301 1271.99754428491 122.00510155595839 2981.3454540148377 52.721452368423343 281.55702359974384 7846.0472306497395 210.4837226383388 100.90312131308019 114.09463297203183 144.74188737757504 373.37864876911044 213.88980346359313 346.62507636845112 672.53313026949763 41.724958328530192 237.9748961776495 143.80892564356327 227.9916106518358 5525.454449467361 5022.1955230869353 146.46970032155514 121.74435815215111 1011.956345403567 22.758575232699513 55.74956545419991 19.957293927669525 22.085876680910587 69.317319948226213 101.06802793778479 75.662527551874518 23.527296174317598 1511.1968570314348 5326.1699035018682 29.461391067132354 447.03700736537576 104.46458052843809 151.90845522470772 150.74899477884173 49.783847890794277 13.293828254565598 13.714326649904249 11.454790379852055 164.31525021698326 4.2241290649399152 398.28952066181228 11.433085901662709 7.1142443865537635
leaf_count=24367 197 41073 428 21202 2836 503 5218 6459 3412 670 195 6525 2009 515 904 6781 1919 33299 872 4626 72696 3346 1535 824 2350 5029 1149 2344 4396 294 1723 791 1557 62917 26668 770 738 4916 324 610 364 352 1426 1773 1511 435 12394 24063 1596 2449 633 2204 1257 439 263 136 233 8366 213 19228 368 223
internal_value=-0.000162248 -0.00640778 0.000143751 -0.0052714 -0.00244444 0.000933689 0.00176628 0.000255008 -0.00148748 0.000609765 -0.000119165 -0.000562113 0.00228039 -0.00492083 -0.0123672 -0.00176507 -0.000657138 -0.000535535 -0.00150844 -0.0027807 0.000440213 -0.00590569 0.00191665 -0.00770406 0.000615514 -0.000113504 0.0051686 0.000730406 -0.00287383 0.0012152 -0.00430187 0.00511532 0.00200404 -0.003248 0.00354164 0.00376156 -0.000184355 0.00173541 0.00715091 0.00879163 0.00388719 0.0053007 0.00268281 0.0047425 0.00936453 -0.00630036 -0.0039785 0.00022511 -0.00890239 0.00846208 -0.00848273 0.0118262 -0.012859 -0.000438736 0.0167463 0.0332521 0.0480955 0.000951431 0.00888215 -0.00193498 0.0133827 0.0427484
internal_weight=42658.3 1992.42 40665.9 1840.8 1052.56 20472.9 11432.3 6187.01 3325.09 2064.19 9040.62 8341.83 2861.92 1260.9 271.75 1395.26 20193 19850.5 9939.7 6209.81 9910.75 433.392 222.908 342.543 3729.88 3354.72 698.783 9477.36 1123.62 8353.74 507.691 1331.01 269.717 5807.01 5245.31 5168.67 1530.91 1133.7 375.158 352.4 402.803 382.845 330.124 308.038 215.194 92.8446 1562.2 6779.63 788.24 484.893 451.09 296.65 228.448 77.6993 139.531 38.4629 24.7486 631.62 168.539 463.08 64.7909 18.5473
internal_count=438913 119472 319441 95105 52436 107557 60279 32413 17500 10863 47278 43485 14913 6637 1419 7451 211884 209167 118724 74908 90443 6800 3454 2717 43816 38328 3793 83643 7373 76270 3574 7250 1851 67543 27866 27438 7663 5654 5488 5164 7365 7001 6129 5777 3916 1861 12897 30588 42669 2644 2977 4554 1893 636 2405 632 496 31234 8579 22655 3427 591
cat_boundaries=0 1 2 3 4 5 6 7 8 9 10
cat_threshold=21571820 4014506 12701216 22486038 10191074 25750700 1104 2105732 2637858 166932
is_linear=0
shrinkage=0.04


Tree=105
num_leaves=63
num_cat=11
split_feature=1 12 55 13 6 18 48 25 50 25 25 36 4 25 36 25 54 39 12 11 53 54 48 50 39 38 43 18 25 12 11 17 25 54 4 12 25 12 15 15 7 35 17 15 34 7 51 53 15 25 25 7 34 12 54 25 13 8 34 13 54 36
split_gain=28.3442 24.9056 12.07 12.7765 13.3759 15.9844 14.4274 12.953 11.7684 19.2179 11.6315 11.5381 11.2437 13.4326 13.0578 11.2048 9.79771 9.77595 9.82545 12.3031 10.8204 10.3966 9.72832 9.67791 11.1212 9.22669 9.14196 9.10887 9.42285 10.6848 11.053 9.08898 11.2779 10.137 11.271 9.63305 13.6287 9.54727 10.3793 10.4124 9.31725 9.01193 8.84615 11.2875 10.8636 10.1347 10.4613 11.3732 8.77914 11.1288 9.61625 9.29998 8.51672 14.6254 8.26913 10.3414 10.9469 10.0414 12.8748 9.44915 9.37233 10.7501
threshold=2.5000000000000004 1.0000000180025095e-35 5.5000000000000009 6.5750000476837167 3.5000000000000004 10.500000000000002 3.7150000333786015 0 0.02224999945610762 1 2 -0.017425000667572018 1.348221004009247 3 -0.20688333362340924 4 -0.095833331346511827 4.2341666221618661 0.14535000175237658 3.9750000238418584 6.7449998855590829 0.087499998509883894 0.60500001907348644 0.014250000007450582 2.6673333644866948 -0.034166667610406869 1.5000000000000002 5.5000000000000009 5 0.45995000004768377 6.8650000095367441 8.3550000190734881 6 0.025833333842456344 1.3917005658149721 0.092450000345706954 7 0.051400000229477889 0.36005000770092016 0.30294999480247503 44.500000000000007 -0.16750000417232511 1.2699999809265139 0.38294999301433569 -1.252499997615814 43.500000000000007 -1.0000000180025095e-35 6.8150000572204599 0.33544999361038214 8 9 45.500000000000007 0.79083335399627697 0.38944999873638159 -0.014166666660457848 10 7.5950000286102304 53.500000000000007 -0.11583333462476729 7.0050001144409189 0.055833334103226669 0.037541665136814124
decision_type=2 2 2 2 2 10 10 1 8 1 1 2 2 1 2 1 2 10 2 2 2 2 8 10 10 2 2 8 1 2 2 10 1 2 2 2 1 2 2 2 2 2 8 2 2 2 10 2 2 1 1 2 2 2 2 1 2 2 2 2 2 2
left_child=8 -2 12 7 5 15 27 -4 9 -1 11 -10 13 -3 22 -5 -16 18 -9 20 -20 -21 41 -11 -25 52 -22 -6 29 -29 -31 35 33 34 -33 36 37 38 39 -14 -36 -15 43 44 -18 46 47 -46 50 -50 -27 -52 53 -12 59 56 57 58 -56 -13 61 -57
right_child=1 2 3 4 6 -7 -8 17 10 23 25 54 31 14 16 -17 42 -19 19 21 26 -23 -24 24 -26 48 -28 28 -30 30 -32 32 -34 -35 40 -37 -38 -39 -40 -41 -42 -43 -44 -45 45 -47 -48 -49 49 -51 51 -53 -54 -55 55 60 -58 -59 -60 -61 -62 -63
leaf_value=-0.0032830654326487848 -0.023558344742606496 0.00096604134304692979 -0.0084714014621508817 -0.00036270453614877922 -0.023848911643970756 -0.0063402322390629521 0.044262719560773309 -0.01648159956052056 0.00018889121446971229 0.0015333875805644307 0.0040162139585185217 0.003578071552125315 0.012721242664436869 0.029044878858771144 -0.018067323567172812 0.0398312735869134 -0.019349620202346655 -0.044955361113811272 0.060319976811467203 7.3878328928113113e-05 0.044885100437087919 -0.010263436666349268 0.0439684599373171 -0.010699332511697714 0.013758038883656178 -0.00091746935545746605 0.002964833340715145 -0.010520590792368894 -0.0051149436045635401 0.061559072762636655 0.01216271105556288 0.020964108478747273 -0.011831122808538923 0.027657006198720958 -0.013046613537669406 0.001086814604641183 -0.016744626610900079 -0.0063916569375811593 -0.0082239881562427494 0.073201722135520064 0.011465684259890516 -0.010602515248997071 -0.003267516048299612 -0.016337232324916819 0.085624536171619248 -0.0022511540979662874 0.014935697880602124 0.025887617564908962 0.00081682947421174434 -0.0027917473628825068 0.0045070564206790547 -0.00096811508679223016 0.0021767837940237949 0.029392068268838591 0.017814594182326712 0.0034894205061252355 0.023984067297064454 -0.0016413378949091703 0.0039870235033300089 0.0093288876019920197 -0.012184928222620035 -0.0023280401425165007
leaf_weight=2679.0607783533633 80.408275627996773 1876.4736564457417 936.02242509415373 24.558641255833209 30.409967457875609 30.87590037798509 10.61044625751674 68.208153226878494 3071.9769494459033 3896.4124085363001 99.754884082823992 3355.7052831836045 9.3352631395682746 15.727077688556163 70.310964663978666 32.295028957538307 10.997463796287773 8.4486892474815232 7.7015988593921056 796.90803434234113 9.9886648729443532 193.45501053426415 15.03589197527617 193.35036077909172 35.156680174171925 1692.5245351996273 49.933090252801776 15.492232097778468 158.13117720140144 11.374948984012009 19.97640090668574 29.03979476261884 198.21641483483836 21.641279113478959 94.784727424383163 5857.6995318327099 103.35972018865868 38.574164046905935 10.160793484654276 8.8933600536547583 33.607906906865537 22.011031984351575 4607.5326858088374 21.002198403701186 9.9506019316613692 16.797627858351916 21.296559407375753 10.459685132373123 2676.314898699522 2781.794141381979 1801.2982214428484 685.18222505226731 378.42266793549061 57.164916630834341 137.55614457838237 1018.458831679076 46.191245567053556 327.30576823092997 497.0047261826694 529.24342916160822 96.293345155194402 1014.4922268185765
leaf_count=17641 8386 41391 24933 453 433 629 111 3103 14647 24521 501 17369 352 516 1032 586 753 130 219 18396 282 4686 287 1248 188 8125 1726 308 3191 227 378 311 1941 235 892 68552 2841 751 312 275 349 463 101155 585 240 453 486 272 14114 14360 8649 3235 1964 295 706 5194 247 1700 2602 2960 533 5597
internal_value=4.61961e-06 -0.00135416 -0.00123903 -0.00384414 0.00341899 0.0168286 -0.00136331 -0.00501473 0.000787025 -0.000652366 0.00127026 0.00223133 -0.000760985 -0.00190687 -0.0030208 0.0294111 -0.00324607 -0.00207024 -0.0017669 -0.000818246 0.015689 -0.00194539 0.0167606 0.00106161 -0.00693647 0.000314075 0.00995274 -0.00342 -0.000389172 0.0137256 0.0300848 0.000437188 -0.00558559 0.0018831 -0.00154027 0.00081415 -0.00856322 0.00571245 0.0241711 0.0422284 -0.0066303 0.00592024 -0.00302425 0.00936026 0.0171256 0.023982 0.0345476 0.0550111 3.04532e-05 -0.00102595 0.00141019 0.00298629 0.00542564 0.0132605 0.00312801 0.00160056 0.00491398 0.00404927 0.00698448 0.0043615 8.75309e-06 0.000586366
internal_weight=42658.4 15587.7 15507.3 2404.39 333.725 87.7296 245.995 2070.67 27070.7 6803.98 20266.7 10094.2 13102.9 6697.6 4821.12 56.8537 4768.35 1134.64 1126.19 1057.99 67.6234 990.363 52.774 4124.92 228.507 10172.5 59.9218 235.385 204.975 46.8436 31.3513 6405.31 377.29 179.074 157.432 6028.02 170.323 66.9636 28.3894 18.2286 128.393 37.7381 4698.04 90.5041 69.5019 58.5045 41.7068 20.4103 9637.11 5458.11 4179 2486.48 535.342 156.92 7022.25 3137.3 1008.06 961.867 634.561 3884.95 2129.24 2032.95
internal_count=439017 292621 284235 59791 6316 1668 4648 53475 146396 43598 102798 51555 224444 147633 106242 1039 104976 28542 28412 25309 2227 23082 1266 25957 1436 51243 2008 4537 4104 913 605 76811 3728 1787 1552 73083 4531 1690 939 627 1241 979 103944 2789 2204 1451 998 512 48483 28474 20009 11884 2760 796 36908 16579 5255 5008 3308 20329 11324 10791
cat_boundaries=0 1 2 3 4 5 6 7 8 9 10 11
cat_threshold=22700450 24391818 25572298 7996416 8599216 8454568 19458360 10232086 7407632 6389776 16777738
is_linear=0
shrinkage=0.04


Tree=106
num_leaves=63
num_cat=8
split_feature=0 0 11 25 56 20 11 56 34 48 25 6 50 25 7 13 27 7 25 12 4 56 13 12 25 25 3 56 50 56 25 4 34 18 49 50 16 56 38 39 50 4 4 45 41 39 0 39 28 54 2 34 17 13 3 34 3 1 25 7 34 38
split_gain=52.2303 18.4249 15.9841 9.46693 12.8762 9.27379 9.24059 8.99391 10.184 9.42338 17.4546 13.4528 9.68507 10.9483 11.2833 12.4681 12.0697 9.50698 18.612 17.0051 14.558 13.4049 20.5856 11.7658 13.0416 10.5389 10.1093 9.57904 9.35596 9.06818 8.76529 15.6267 11.6871 8.52457 8.82607 8.44552 12.5991 8.95613 11.6334 10.0342 8.78643 8.43983 22.8987 15.8977 8.32547 9.45711 14.208 15.0984 8.30228 8.14403 8.14259 8.10649 8.51442 8.09431 7.94916 12.3716 13.4218 7.9362 9.26427 14.3808 8.68346 10.5348
threshold=-3.8424757719039913 -1.9000387787818906 1.6449999809265139 0 -0.043008215725421899 1.5000000000000002 7.3350000381469735 0.024380436167120937 2.4391666650772099 -2.2649999856948848 1 2.5000000000000004 -0.011049999855458735 2 24.500000000000004 4.305000066757203 5.5000000000000009 26.500000000000004 3 0.092450000345706954 1.4761473536491396 0.0071479866746813068 4.1150000095367441 0.27530001103878027 4 5 0.75242313742637645 0.014311564620584251 0.22314999997615817 -0.0077659774105995885 6 1.4761473536491396 -1.2225000262260435 36.500000000000007 3.1750000715255742 -0.15374999493360517 0.25685000419616705 -0.023561449721455571 -0.0091666667722165567 0.15366666764020923 0.22314999997615817 1.2565283179283144 1.1095817089080813 3.5000000000000004 2.5000000000000004 1.482083320617676 -2.4446661472320552 2.1673333644866948 5.5000000000000009 0.080833330750465407 -2.7914763689041133 -0.71916666626930226 0.71000000834465038 4.6349999904632577 0.73596042394638073 -0.45583334565162653 0.74272608757019054 4.5000000000000009 7 34.500000000000007 -0.82249999046325672 0.0025000000605359678
decision_type=2 2 2 1 8 8 2 10 2 10 1 2 10 1 2 2 8 2 1 2 2 10 2 2 1 1 2 10 10 10 1 2 2 10 10 10 2 8 2 8 10 2 2 2 2 10 2 8 10 2 2 2 8 2 2 2 2 2 1 2 2 2
left_child=2 7 -1 4 -4 -3 48 8 9 10 -2 17 -12 -14 -15 16 29 18 20 -20 21 22 41 25 -25 27 54 49 44 -16 31 32 -9 34 -34 36 -26 38 -37 -40 -39 42 -11 -44 -21 -46 47 -47 -6 -19 -5 -13 -53 -17 57 56 -56 58 59 -27 61 -59
right_child=1 5 3 50 6 -7 -8 30 -10 11 12 51 13 14 15 53 -18 23 19 28 -22 -23 -24 24 35 26 -28 -29 -30 -31 -32 -33 33 -35 -36 37 -38 40 39 -41 -42 -43 43 -45 45 46 -48 -49 -50 -51 -52 52 -54 -55 55 -57 -58 60 -60 -61 -62 -63
leaf_value=-0.033904083942473344 -0.013320595571061373 -0.00070339787170391817 0.078729681758601164 -0.013886090069209836 -0.013235577542892913 0.0010406631104634772 0.065260413102160117 0.040160467575069213 0.03012478572770131 0.0029209483870943284 -0.0059792787750567403 -0.011350708442854112 -0.0070539600663757588 -0.0056037497629055459 0.036754325751337212 -0.023868890752399757 0.07338845578857095 -0.0035119096501389025 -0.016614094490247054 -0.0069521784879854991 0.036437451866080717 0.039442333373875309 -0.014979724137919401 -0.0015283646870429884 0.020232234022007765 0.043207580112735726 -0.010400992956862351 -0.021095039009495137 -0.017872805444693034 -0.010327093392846307 -0.010670917852579174 -0.01952207929894615 -0.0037685942155614104 0.020162972754406181 0.02485535096136467 0.042991032401246639 -0.014031895271364454 0.0051508184593448024 0.032891555084497918 -0.003524137556919665 -0.01442688780282453 0.0041830546041887531 0.015988847426707063 0.076072947249462411 0.0040161534753290744 0.081706020699070389 0.0034944032934775778 0.013744678228016264 0.00022285291790356338 -0.024327231620643684 0.04571862274718385 0.024017142243926419 -0.0019077152290296682 0.016348998070331841 0.081843665726672607 -0.0018450191494417015 0.010840951801926473 0.028031767887105642 -0.0025816322309840439 0.0026326753514242761 0.00059062115908212968 0.0060185719158929963
leaf_weight=43.950945716816932 263.89857049938291 6267.324752792716 3.014774028211832 401.12896002177149 120.10255899745971 22007.74113714695 3.0228559686802319 12.603225470520554 16.900296092033386 33.915348333306611 205.29173049237579 146.28510705847293 59.573430768214166 33.493741447106004 25.71206388995051 10.785589309409259 10.704877687618135 993.72716466803104 78.215825490653515 102.03407892584801 39.377520825713873 21.673796867951751 52.031045876443386 1009.2549159638584 21.907931707799435 18.629171956330538 135.12463720329106 56.253470157273114 33.386620791628957 8.7807772532105464 295.14288929011673 62.576586496084929 234.66579683776945 32.270113369449973 18.601947838440537 22.261020798236132 79.400901092216372 1145.5383374197409 18.195915909484029 36.177653517574072 37.891488561406732 58.837620323523879 11.989842435345055 17.087376189418137 662.07559638656676 10.291839756071566 27.686105310916901 10.635049983859064 188.34881881112233 31.012687845155597 3.7009231057018033 20.339952936396003 5849.3688790118322 31.078266916796565 8.0563923288136738 20.372268062084913 9.0389838144183141 46.690356625244021 931.70633845217526 55.955808712169528 301.82589156366885 136.40645208023489
leaf_count=7527 6153 31756 210 36570 10233 113158 225 331 168 676 3936 2919 1445 772 588 266 255 18682 1765 1333 513 386 772 15782 375 219 3516 1141 490 221 5365 877 4111 641 281 273 1335 18255 277 498 613 901 185 323 10949 203 267 209 15989 770 208 271 86913 665 203 378 226 1198 12660 699 7270 3659
internal_value=-0.000116959 7.19926e-05 -0.0104865 -0.0090557 -0.00343009 0.000654082 -0.00433545 -0.00113707 -0.000905746 -0.000946273 -0.00564256 -0.000698167 -3.87756e-05 0.00672943 0.0130438 0.0217159 0.0362842 0.00059763 0.00386833 0.00121721 0.0136663 0.00977948 0.00608167 -0.000143563 0.00192064 -0.00192638 8.5723e-05 -0.00497803 0.00287995 0.0247689 -0.00570696 -0.00131317 0.00246464 0.000800802 -0.00166623 0.00445606 -0.00662231 0.00538213 0.0186342 0.00866224 0.00452397 0.0150765 0.0252515 0.0512976 0.00373247 0.00526648 0.022295 0.0471681 -0.00501749 -0.00414186 -0.0130196 -0.00204968 -0.00181788 0.00598747 0.00101324 0.0192104 0.0443018 0.00055602 -0.00146966 0.0112577 0.00475962 0.011632
internal_weight=42651.1 41887.8 763.27 719.319 314.489 28275.1 311.474 13612.7 12956.9 12940 649.319 12290.7 385.42 180.129 120.555 87.0616 45.1977 6274.67 1159.24 924.325 234.913 195.535 173.861 5115.43 2370.63 2744.8 1663.81 1080.99 846.109 34.4928 655.861 360.718 298.141 285.538 253.268 1361.37 101.309 1260.06 76.6346 54.3736 1183.43 121.83 62.9926 29.0772 812.723 710.689 48.613 20.9269 308.451 1024.74 404.83 6015.99 5869.71 41.8639 1528.68 37.4676 17.0954 1491.21 1006.29 74.585 484.923 183.097
internal_count=439055 368093 70962 63435 26657 144914 26447 223179 211573 211405 14301 197104 8148 4212 2767 1995 1064 107001 18972 15216 3756 3243 2857 88029 37408 50621 30028 20593 13451 809 11606 6241 5364 5033 4392 21626 1710 19916 1048 775 18868 2085 1184 508 12961 11628 679 412 26222 19452 36778 90103 87184 931 26512 807 429 25705 13578 918 12127 4857
cat_boundaries=0 1 2 3 4 5 6 7 8
cat_threshold=3879946 18949096 563216 17835024 10646584 19177878 9148054 16384
is_linear=0
shrinkage=0.04


Tree=107
num_leaves=63
num_cat=7
split_feature=0 0 25 54 41 48 25 56 49 27 48 7 35 16 56 25 35 35 31 26 54 12 51 49 17 48 11 38 15 50 16 25 15 20 25 3 51 10 56 15 51 51 34 25 20 34 3 10 49 3 3 53 13 16 6 13 25 34 48 8 35 48
split_gain=52.7684 27.2008 10.5237 10.7549 10.8921 12.7052 12.0234 11.8261 12.3687 10.2497 10.7641 13.6239 9.85568 9.57934 11.3743 12.3465 11.9951 12.5196 11.5724 17.8117 11.0107 15.9691 10.5321 11.9279 9.38528 9.37298 9.22254 9.19998 9.46317 9.04195 27.8978 11.1824 14.4997 12.0223 11.1807 10.7826 9.64166 9.87886 11.557 9.57666 14.1117 9.06543 15.9603 9.0267 12.2999 9.78082 8.88169 8.70652 8.61573 8.43797 8.39873 16.009 13.4613 8.45407 8.35002 8.34933 8.32744 8.21524 11.3028 13.6804 21.1045 14.5244
threshold=-2.6971695423126216 -4.7829072475433341 0 0.017500000074505809 1.5000000000000002 -1.1850000023841856 1 0.029257243499159816 -5.9849998950958243 5.5000000000000009 -1.9350000023841856 33.500000000000007 -0.309166669845581 0.2921500056982041 0.029941536486148838 2 -0.74750000238418568 -1.0725000500679014 -1.4999999999999998 3.5000000000000004 -0.035833332687616341 0.21069999784231189 0.024999999441206459 -0.1649999991059303 7.870000123977662 3.4050000905990605 4.0350000858306894 -0.0041666666511446229 0.39894999563694006 0.035849999636411674 0.48849999904632574 3 0.29674999415874487 2.5000000000000004 4 0.66277036070823681 -0.054999999701976769 0.18500000238418582 0.019673243165016178 0.37444999814033514 1.0000000180025095e-35 0.034999999217689044 -0.10750000178813933 5 3.5000000000000004 -0.25249999761581415 0.3274443000555039 0.17500000447034839 -4.319999933242797 0.86169245839118969 0.59384942054748546 6.9349999427795419 4.8650000095367441 0.40039999783039099 1.5000000000000002 4.4749999046325692 6 -0.59916669130325306 0.70499998331069957 53.500000000000007 0.63749998807907116 0.10500000044703485
decision_type=2 2 1 2 2 10 1 10 8 10 8 2 2 2 10 1 2 2 2 2 2 2 10 10 8 8 2 2 2 10 2 1 2 8 1 2 10 2 10 2 8 10 2 1 8 2 2 2 10 2 2 2 2 2 2 2 1 2 10 2 2 10
left_child=1 -1 25 4 6 -6 -4 8 47 -5 11 -11 -8 14 15 16 17 22 19 55 21 -17 -2 -24 -22 54 -21 28 -12 34 31 32 33 -31 35 36 -10 38 39 -38 -41 57 -43 -26 -45 -46 -28 -7 -13 -15 51 53 -53 -34 -3 -18 -16 -37 59 -59 61 -61
right_child=13 2 3 9 5 7 12 -9 29 10 27 48 -14 49 56 20 18 -19 -20 26 24 -23 23 -25 43 -27 46 -29 -30 30 -32 -33 50 -35 -36 41 37 -39 -40 40 -42 42 -44 44 45 -47 -48 -49 -50 -51 -52 52 -54 -55 -56 -57 -58 58 -60 60 -62 -63
leaf_value=-0.023354937408159127 -0.003739295942765303 -0.022793410247101902 -0.024613982672780581 -0.0059821736543967576 -0.0043433385887457019 0.045344690105387421 0.036699754912580908 -0.02047727265436524 0.039073404977472609 -0.0030019755429018225 0.0063369013148863017 0.027509622773837349 -0.005866431042472673 0.00079051090207154411 0.00056292147930198414 -0.011383128467909884 0.0038184808242679451 -0.016799254801035283 0.001260833106721706 0.023920602068422513 -0.00037908350569874747 0.0022360825476369578 -0.0011745307331447504 0.03388067664259941 -0.0012811483050887166 0.0318495986304786 -0.017210483949829575 -0.0060266706386627178 0.049574462081713219 0.077857886718080679 0.043856459055808872 -0.010576008060803475 0.0058388632251752349 0.012110213479373027 8.2263353277131719e-05 -0.0060473676694627896 0.0045503905275865895 -0.01352395013455948 -0.037671660945647022 0.057752355729868317 -0.00062129399499005734 0.092861571182394034 0.011948269623721424 -0.010217439311072288 0.0082262051349534376 -0.0045768472279026015 0.0031055060020889341 -0.004083533953419205 0.10072901717573068 0.017151704817553331 -0.0074698971707154935 0.084510830913784057 0.0089535591599631294 -0.027756319482442355 -0.0066353943291002273 0.023240715006750796 -0.012800598551401261 0.013196231712375817 -0.0045972390320266135 0.042318722650961656 -0.004768384320208977 0.10629557239594842
leaf_weight=111.33775881165639 371.02698754519224 54.111063263379037 53.439918932504952 1582.1239150101319 825.09218489006162 17.807780588511381 10.155540281906722 37.462461682967842 11.831909167114643 9.4200094165280479 50.814266079571098 5.2198427417315543 60.855709380470216 26502.199376396835 124.11624835059047 149.76485636457801 48.586317587643862 101.01615587249398 2711.9885746836662 30.16179296001792 1920.4668553806841 1717.3278378173709 36.09760333225131 27.257194083184004 1115.7554967775941 9.7739220396615547 38.677868202328682 115.68256507022306 9.6346812085248512 6.6802164716646102 20.041841758415103 228.99130324693397 84.279061095323414 13.327883602585642 567.47189379110932 29.230407045222819 191.52527425531298 51.982269353698939 9.3798794429749233 14.023308674339203 12.561856301967056 6.5351422419771579 9.67516101291403 656.41945889592171 109.48195357993245 745.97054097428918 313.50965354964137 8.3873613490723056 5.0677750394679588 50.530690707266331 149.98646252555773 7.2667207624763233 7.8464085576124489 13.971645929384975 942.08406542474404 130.62342444062233 196.98404582589865 76.170561120379716 30.089466349221766 18.997494180221114 10.76341996155679 8.0978695526719076
leaf_count=19087 2567 2770 1396 56107 27562 453 262 1141 317 470 1648 206 1543 173379 840 1040 325 726 17375 233 13168 10235 297 199 7515 274 229 3977 301 202 564 6502 2264 396 16557 1078 5267 1460 264 378 344 208 288 4449 821 5094 2193 218 200 437 4459 195 221 369 32367 853 1328 2128 920 533 290 240
internal_value=-0.00012503 -0.00378543 -0.00338028 -0.00251159 -0.000874813 -0.000292933 -0.012421 0.00173941 0.00225735 -0.00491365 0.0037186 0.0317537 0.0001938 0.00041658 -0.000603371 -0.000370561 0.0014315 -0.00411522 0.00234306 0.00756953 -0.0014405 0.00114365 -0.00116553 0.0139073 -0.00250452 -0.00706043 0.00269238 0.000581715 0.0132283 0.00180559 -0.0024396 -0.00425058 0.00119236 0.0340618 0.00396149 0.00836376 0.00370589 0.00220855 0.00580347 0.00767313 0.03017 0.0159629 0.0445683 -0.00405794 -0.00605866 -0.0029383 0.000874367 0.0295184 0.0635782 0.000821647 -0.00125962 0.00695691 0.0452831 0.00106149 -0.00751306 0.0179751 -0.00801626 0.013288 0.0172096 0.0229639 0.0426161 0.0614392
internal_weight=42587.2 5489.2 5377.86 4371.89 2593.93 2469.48 124.451 1644.39 1606.92 1777.96 195.839 19.7076 71.0112 37098 10545.2 10224.1 3808.95 535.398 3273.55 561.559 6415.19 1867.09 434.382 63.3548 4548.09 1005.97 382.349 176.132 60.4489 1580.73 532.392 512.35 283.358 20.0081 1048.34 480.864 291.304 279.473 227.49 218.11 26.5852 189.56 16.2103 2627.63 1511.87 855.452 352.188 26.1951 10.2876 26552.7 263.35 113.364 15.1131 98.2507 996.195 179.21 321.1 173.349 144.119 114.029 37.8588 27.0954
internal_count=438729 195426 176339 140928 78019 74818 3201 47256 46115 62909 6802 876 1805 243303 69487 67319 24997 3789 21208 3833 42322 11275 3063 496 31047 35411 2655 5926 1949 45444 15172 14608 8106 598 30272 13715 8030 7713 6253 5989 722 5685 496 17879 10364 5915 2422 671 406 173816 7508 3049 416 2633 35137 1178 2168 5189 4111 3191 1063 773
cat_boundaries=0 1 2 3 4 5 6 7
cat_threshold=16787496 4982534 2222280 7225808 9536838 29360402 12720944
is_linear=0
shrinkage=0.04


Tree=108
num_leaves=63
num_cat=10
split_feature=0 2 0 25 25 12 49 38 56 56 3 25 35 14 12 46 45 8 3 51 43 7 7 39 26 6 3 13 1 35 0 25 25 0 42 26 2 49 3 35 0 14 26 14 13 25 12 25 25 54 38 17 3 8 25 12 50 49 13 25 35 3
split_gain=51.9348 14.97 14.237 14.9776 11.3663 11.1724 9.87133 10.0038 8.95331 12.8429 9.14387 9.14579 16.111 8.77587 11.456 8.66166 12.4476 9.92808 9.90387 12.2663 11.0933 11.092 16.3488 10.3635 9.09549 16.9897 8.58993 11.5713 10.5465 11.2445 8.43201 8.94934 8.38061 10.045 8.28206 10.2816 14.6132 8.23149 13.5207 8.20794 18.7636 11.5133 12.1078 7.92437 9.97445 13.6157 10.9742 16.3422 9.60648 10.8662 10.5805 9.64637 10.7113 9.71618 9.32787 9.25841 8.70316 12.3088 8.68108 14.7061 8.53176 8.32332
threshold=-3.8424757719039913 -1.9594913125038145 -4.6479060649871817 0 1 0.13740000128746035 -7.0150001049041739 0.0075000002980232247 -0.033954767510294907 -0.044822912663221352 0.73829707503318798 2 -0.050833333283662789 0.53870001435279857 0.50814998149871837 4.5000000000000009 4.5000000000000009 46.500000000000007 0.48643298447132116 0.034999999217689044 4.5000000000000009 48.500000000000007 42.500000000000007 -2.5863332748413081 9.5000000000000018 2.5000000000000004 0.35359328985214239 3.804999947547913 4.5000000000000009 0.93583333492279064 -0.65804103016853321 3 4 -2.9256050586700435 1.5000000000000002 3.5000000000000004 -2.2000133991241451 -0.65500000119209278 0.63413584232330333 -1.2025000452995298 -4.1701359748840323 0.26690000295639044 9.5000000000000018 0.42024999856948858 5.9849998950958261 5 0.48830001056194311 6 7 -0.034166667610406869 0.019166666083037857 9.6900000572204608 0.44465696811676031 50.500000000000007 8 0.41695000231266027 -0.054050000384449952 0.66500002145767223 6.0450000762939462 9 0.88916665315628063 0.3060674667358399
decision_type=2 2 2 1 1 2 8 2 8 10 2 1 2 2 2 8 2 2 2 10 2 2 2 10 2 2 2 2 2 2 2 1 1 2 2 2 2 10 2 2 2 2 2 2 2 1 2 1 1 2 2 10 2 2 1 2 10 8 2 1 2 2
left_child=2 4 -1 15 6 32 -2 -8 9 -7 11 12 -11 14 26 -4 17 -17 23 20 21 22 39 -19 -22 -26 27 -9 29 -28 43 -32 33 -6 -31 -36 -37 -18 -39 40 -20 -41 -43 44 61 -46 55 60 -45 58 51 53 -53 54 -51 -47 -56 -58 59 -50 -48 -3
right_child=1 30 3 -5 5 8 7 13 -10 10 -12 -13 -14 -15 -16 16 37 18 19 -21 24 -23 -24 -25 25 -27 28 -29 -30 34 31 -33 -34 -35 35 36 -38 38 -40 41 -42 42 -44 48 45 46 47 -49 49 50 -52 52 -54 -55 56 -57 57 -59 -60 -61 -62 -63
leaf_value=-0.021822455158775626 0.031212974835839211 -0.0035365669649364108 -0.014004576225036647 -0.012908146073842577 -0.0051151203190024754 -0.0071018783974063316 -0.0079383382536891058 0.071935056386879678 -0.0005539356612963731 0.030726048518874966 -0.0015683237556990942 0.0038909525241411663 0.099506623676214878 -0.023169644032320642 0.035286562785085913 0.075526051067892494 -0.0090409145196305978 -0.02965965535838154 -0.00023029281690799275 -0.020923610994210255 -0.014752439571788305 -0.0023945457014744858 0.11543274873315142 0.039978390200063496 0.1186855213031018 -0.0064017353378278694 -0.00093292979755821585 -0.0048329982440699056 -0.0091969015653829405 -0.0097060748491140849 0.0030636198539109754 0.00043112986441034911 -0.012370528445034246 0.028931617238701725 0.051363223419592256 -0.00718719605477516 0.050474926920089598 0.079076389680963713 -0.0099863457926308678 -0.025810250198173477 0.13513155310762476 0.095429182525052919 0.0027436444416290445 -0.0003240728519759059 -0.0082571074166713204 0.001327193521098505 0.0065897147584534615 0.014064674411561867 -0.0017650021193935984 -0.0025413466670474701 0.0090867849785092013 0.0021168258928042864 -0.017254161500890514 0.00011809129442614924 0.0023607102495778014 -0.0082879040393708716 -0.0028622754489595293 0.022035560090240294 0.0039236417738111127 0.020713627836544096 -0.014392885791150074 0.00012760425453433292
leaf_weight=143.32699717115611 12.022793466225265 1061.3325925208628 55.644243479240686 356.28645103797317 51.596213945187628 40.466704269871116 840.97200169507414 6.0034335460513812 4289.7417946793139 11.431487560272219 20.363658906891942 29.275906974449754 10.411801114678381 27.215447464026511 14.418878648430107 4.1321206963621071 96.343022460117936 14.594538470730187 2.9801451531238854 10.175118084996937 13.927037522662433 7.3265372337773433 5.3831504993140689 4.4654680406674734 2.7624975861981502 4.6814352534711361 252.25998893752694 6.5900516156107187 187.24327285122126 13.34038179181516 3568.982956700027 4916.9225539490581 203.06845186464489 18.959915276616812 16.614317173138261 20.663578901439905 10.659760747104885 4.6790399760939163 6.5381801044568419 5.3992938976734921 3.6394708231091508 4.4099846314638835 4.6149707166478038 4459.145486664027 579.63097114861012 328.47757411748171 55.273489810526371 159.44415000453591 77.485826022922993 129.12018248066306 244.8466328009963 83.912263799458742 100.22480157762766 2755.5827186740935 121.51675703004003 312.83177553489804 41.394542187452316 136.63339880481362 1234.1620896682143 121.74189886823297 70.619453724473715 15160.557243902236
leaf_count=24457 327 7141 4007 28264 1600 781 20036 207 97961 214 381 582 202 633 322 289 7105 1031 256 782 1005 519 383 312 202 351 5623 243 6326 253 17610 23570 5890 317 336 502 156 340 494 376 215 305 337 29112 3906 2208 412 1033 470 850 1713 474 673 18658 738 2091 327 926 7132 733 442 104944
internal_value=-5.82744e-05 0.000129062 -0.0104817 -0.00780825 -0.00170516 -0.000748425 -0.0048423 -0.00518751 -0.000262503 0.0109047 0.0210984 0.0301278 0.0435661 -0.00101935 0.000122815 -7.33742e-05 0.00387689 0.0149889 0.0120236 0.0194282 0.0268765 0.0411546 0.0532281 -0.0133445 0.00432556 0.0400191 -0.00086481 0.0317631 -0.00168532 0.00280055 0.000441441 0.00154241 -0.00859261 0.00353319 0.01817 0.0259275 0.012436 -0.00526514 0.0271644 0.0373157 0.0741918 0.0203925 0.0480338 9.83853e-05 -0.000401245 -0.0035149 -0.000454569 0.00606649 0.00103019 0.00222304 0.0010584 0.000474817 -0.0084267 0.00098957 0.00659169 -0.00336307 0.0102705 0.0162464 0.00517434 0.0129221 -0.00479923 -0.000112128
internal_weight=42554.5 41803.2 751.31 607.983 6083.32 4675.32 1408 1395.98 4401.69 111.95 71.4829 51.1192 21.8433 555.009 527.794 251.696 196.052 88.4918 84.3596 65.2996 55.1245 33.7536 26.427 19.06 21.371 7.44393 513.375 12.5935 500.781 313.538 35719.8 8485.91 273.625 70.5561 61.278 47.9377 31.3233 107.56 11.2172 21.0439 6.61962 14.4242 9.02496 27233.9 17728.2 1506.28 926.646 285.337 9505.77 5046.62 3613.23 3368.38 184.137 3184.25 428.665 641.309 299.545 178.028 1433.39 199.228 125.893 16221.9
internal_count=439085 368055 71030 46573 142892 107928 34964 34637 100121 2160 1379 998 416 14601 13968 18309 14302 6363 6074 4731 3949 2391 1872 1343 1558 553 13646 450 13196 6870 225163 41180 7807 1917 1247 994 658 7939 834 1489 471 1018 642 183983 122177 10092 6186 1887 61806 32694 24359 22646 1147 21499 2841 4299 1991 1253 8335 1203 854 112085
cat_boundaries=0 1 2 3 4 5 6 7 8 9 10
cat_threshold=3879938 25436200 4396180 23339496 1130512 19943754 4271120 374942 1573952 10633472
is_linear=0
shrinkage=0.04


Tree=109
num_leaves=63
num_cat=10
split_feature=0 11 54 25 7 54 7 7 2 18 25 53 26 34 12 20 13 34 25 14 25 13 26 25 25 53 50 25 1 11 28 48 0 50 15 56 11 14 48 34 34 56 54 56 25 34 53 18 34 56 34 54 50 56 50 25 46 25 2 53 18 2
split_gain=35.5092 16.3015 13.4804 24.4654 15.1385 15.8076 23.8523 13.1459 13.348 11.1704 11.9217 10.7499 13.7623 15.6042 11.7726 13.5076 14.3436 10.7314 19.861 11.3955 13.6073 10.2764 10.4435 14.0098 13.554 10.6375 10.2436 9.966 10.3604 11.6091 17.419 15.4304 10.9024 10.6942 10.6489 18.2472 11.1284 11.078 10.3502 10.0689 13.1455 17.2656 20.0732 9.7683 15.6274 11.3743 10.8044 17.0701 11.1222 10.0015 9.92821 9.73672 11.0637 9.50675 9.31318 9.27491 9.27779 9.22267 9.00217 8.84683 8.8058 9.96443
threshold=-3.6413699388504024 1.6449999809265139 0.0091666667722165602 0 44.500000000000007 0.0025000000605359678 26.500000000000004 44.500000000000007 -0.82992777228355397 3.5000000000000004 1 6.7249999046325692 7.5000000000000009 -0.14916666597127912 0.22845000028610232 3.5000000000000004 1.685000002384186 1.8774999976158144 2 0.69580000638961803 3 8.6849999427795428 10.500000000000002 4 5 7.1749999523162851 0.048450000584125526 6 5.5000000000000009 5.3350000381469735 4.5000000000000009 -0.70499998331069935 -3.065566778182983 0.24554999917745593 0.41965000331401831 0.027619050815701488 7.055000066757203 0.71494999527931224 -2.0149999856948848 0.11250000074505807 -0.80750000476837147 -0.023561449721455571 0.017500000074505809 -0.0062194804195314637 7 -0.85250002145767201 6.6150000095367441 6.5000000000000009 -0.014166666660457848 -0.011320011690258978 -0.035833332687616341 -0.010833333246409891 0.071149997413158431 0.029257243499159816 -0.022550000809133049 8 1.5000000000000002 9 -0.21402113884687421 6.9549999237060556 37.500000000000007 -3.0250326395034786
decision_type=2 2 2 1 2 2 2 2 2 8 1 2 2 2 2 10 2 2 1 2 1 2 2 1 1 2 8 1 2 2 8 10 2 10 2 10 2 2 8 2 2 10 2 8 1 2 2 10 2 10 2 2 8 10 10 1 10 1 2 2 10 2
left_child=1 -1 3 4 5 11 -7 8 9 10 -2 12 13 14 15 16 -3 19 58 43 -21 22 24 59 25 -10 -14 -11 33 30 -30 32 -32 34 37 36 -36 38 54 40 -33 42 -42 44 45 49 47 48 -45 -9 -49 -20 -53 -26 -29 -35 -57 -56 -19 -24 61 -13
right_child=7 2 -4 -5 -6 6 -8 17 21 27 -12 60 26 -15 -16 -17 -18 18 51 20 -22 -23 23 -25 53 -27 -28 28 29 -31 31 39 -34 55 35 -37 -38 -39 -40 -41 41 -43 -44 46 -46 -47 -48 50 -50 -51 -52 52 -54 -55 57 56 -58 -59 -60 -61 -62 -63
leaf_value=-0.031199034603448347 -0.013319143661944399 0.027248395092149713 -0.010245028258997103 -0.0073977415451619809 -0.0085838658521136327 0.14030642090959952 0.026826966321843483 0.01175631666903028 0.002541585299690475 -0.0019462301281655962 -0.001475570393617876 0.0030658393739545239 -0.022426880383739287 0.13265566609121218 -0.020617832156118565 0.00046696159552946467 0.14428172123108018 0.0055371339797889293 0.0030733663205190281 -0.006648475682441553 0.015022142704269728 -0.012293928406517185 0.0085936808057722053 0.00078537985749948874 0.00032759062292489043 0.02218793589230101 0.053217021551094257 -0.016278311422204574 -0.015098680688141507 -0.0038237534894878817 0.020480976757811839 0.0098070487980365922 -0.018750182135143106 -0.01792422368190167 0.0051020746087227743 0.046037860543665973 -0.012670674096318602 -0.015924022711247449 0.00051950675976821555 0.00019837373977852395 0.12859482218266327 0.023080604455399438 0.040212299298342219 -0.020919796099502862 -0.0023406850333726891 0.0034951905247573483 -0.0022807205626724034 0.040739383474381649 0.0059939802715163054 0.046254086590170218 0.010584291484295093 0.0089268859321978231 0.029143963023634183 -0.0064731546229285994 0.00695019453658799 -0.010360536830204811 0.011196245661379058 -0.011201338967792216 -0.013786861127461164 -0.0073488628929832371 -0.040699275924680527 0.055700825709545758
leaf_weight=43.980325439013541 209.72670766524971 2.9432640108279902 596.84705576160923 298.4603996258229 37.341605483088642 4.199831939302384 10.067950238939373 59.213739063590765 4425.4085286408663 3843.032434893772 382.15261445008218 43.900501528289169 8.7565728840418142 3.4587931493297246 3.9703016644343725 3.885611095931381 3.8901800601743162 58.597316423431039 186.15987136587501 65.299068735912442 129.97578209638596 90.259539388120174 874.53123017400503 1072.7146940901875 10462.321679480374 44.539296463131905 4.2567696436308315 112.3151682112366 22.479872353374958 66.498788569122553 45.270953774452209 9.2714668456464988 15.119106460362671 83.908736264333129 815.15252160094678 16.735484359785914 60.557043913751841 69.160830782726407 6006.4229797720909 7.6296638417989007 9.3885882347822207 9.8323253598064202 7.3149842023849478 35.195659982040524 1038.1558540929109 846.60903451405466 9095.8000948652625 28.931499565020204 81.356506928801537 17.396795894950628 44.092429732903838 125.17754749953747 66.220864845439792 339.55489975214005 90.664093462750316 73.934783462435007 56.246681295335293 70.973319659009576 112.86871612071991 59.479715578258038 6.1577603402547529 6.6228684401139608
leaf_count=7669 2351 219 47633 23141 2469 338 693 710 21552 51854 4261 3162 609 194 254 286 250 391 977 504 931 459 4449 5376 50423 220 279 2456 633 1904 1479 249 280 1033 10090 223 632 777 77223 211 249 256 202 281 8993 7011 82536 225 499 199 298 704 357 1652 1801 901 740 1563 541 282 450 303
internal_value=-0.000183468 -0.00734807 -0.00633434 -0.00100431 0.0123258 0.0211795 0.0602305 3.01978e-06 0.000457582 -0.000563334 -0.00592219 0.0148366 0.0337088 0.0562187 0.0382206 0.0600142 0.0938738 -0.00111348 0.00434931 -0.0013756 0.0082044 0.00116785 0.00123817 0.00395105 0.000881699 0.00273123 0.00231685 -0.000287332 0.000547978 0.00970338 0.0168252 0.0237371 0.0106592 0.000311964 0.000572429 0.00466375 0.00387305 -2.61707e-06 0.000172713 0.0419193 0.050809 0.0651349 0.0898895 -0.00154194 0.00102299 0.00477901 -0.00208374 0.0073675 -0.00213327 0.0195901 0.0225315 0.0093393 0.0159217 0.000113705 -0.00743076 -0.00849872 -0.000971971 -0.00128296 -0.00678719 0.00749815 0.00446136 0.00996551
internal_weight=42522.4 1078.74 1034.76 437.912 139.452 102.11 14.2678 41443.6 29452.6 12083.8 591.879 87.8426 31.1615 18.1481 14.6894 10.7191 6.83344 11991.1 549.024 11442 195.275 17368.8 17278.6 2006.73 15271.8 4469.95 13.0133 11491.9 7648.88 192.806 126.307 103.827 60.3901 7456.07 7241.98 892.445 875.71 6349.54 6280.38 43.437 35.8074 26.5359 16.7036 11246.8 1961.38 923.22 9285.38 189.576 116.552 76.6105 73.0239 377.558 191.398 10801.9 273.953 214.09 130.181 161.637 171.466 934.011 56.6811 50.5234
internal_count=438887 87949 80280 32647 9506 7037 1031 350938 245781 161368 6612 6006 2091 1203 1009 755 469 105157 2970 102187 1435 84413 83954 10107 73847 21772 888 154756 102902 5463 3559 2926 1759 97439 94765 10945 10722 83820 83043 1167 956 707 451 100752 16913 7920 83839 1303 780 909 523 2038 1061 52075 5820 2674 1641 3364 932 4731 3915 3465
cat_boundaries=0 1 2 3 4 5 6 7 8 9 10
cat_threshold=10618130 9639950 5112076 2763018 25908612 2359610 26543176 14300484 4720816 6441478
is_linear=0
shrinkage=0.04


Tree=110
num_leaves=63
num_cat=0
split_feature=0 2 48 31 12 2 11 11 4 7 53 2 7 27 2 48 2 35 53 11 38 39 0 39 4 30 4 56 34 55 54 49 12 53 4 12 17 51 50 54 17 3 7 54 56 4 17 12 39 56 54 48 4 56 15 6 54 4 34 34 13 4
split_gain=40.0467 20.1693 11.4334 11.5965 11.2942 11.0943 11.0526 10.815 10.2951 10.2926 9.53365 11.5223 10.9386 10.5187 18.4895 10.4852 18.2227 10.2677 9.59479 11.3856 8.9311 11.9739 11.0575 8.74631 9.05877 8.4719 14.8747 8.44586 8.33707 8.33159 8.23444 8.23205 8.90093 11.2846 8.43599 9.242 9.50291 8.11049 7.93289 7.91556 8.31034 8.26372 14.1992 7.60139 7.56955 7.50773 8.0774 9.86844 7.95547 20.3123 7.46255 8.12317 7.41552 7.83986 8.8158 7.31169 13.9436 9.42977 9.44717 10.3413 9.07969 9.48621
threshold=-4.1701359748840323 -1.2473551034927366 -2.2649999856948848 -1.4999999999999998 0.24909999966621402 -3.4283231496810909 7.3350000381469735 1.6449999809265139 1.1186060309410097 59.500000000000007 6.7850000858306894 -3.448908686637878 26.500000000000004 2.5000000000000004 -1.8564422726631162 -1.6850000023841856 -2.68189525604248 -0.7708333134651183 6.7650001049041757 4.0350000858306894 0.032500000670552261 0.77916663885116588 -2.169570684432983 -0.87083333730697621 1.3458522558212282 2.5000000000000004 1.2744072675704958 0.033195631578564651 -0.070833332836627946 5.5000000000000009 -0.060833333060145371 1.6649999618530276 0.49175000190734869 7.0250000953674325 1.040547847747803 0.52059999108314525 7.6849999427795419 -0.085000000894069658 0.0113500002771616 0.0041666666511446246 9.9400000572204608 0.78527465462684642 48.500000000000007 -0.094166666269302354 -0.043008215725421899 1.4118472337722781 1.2699999809265139 0.196650005877018 0.15366666764020923 0.01280735479667783 0.074166666716337218 1.0049999952316286 0.97396308183670055 -0.017720650881528851 0.32764999568462377 3.5000000000000004 -0.052500000223517411 1.2484427094459536 1.7541666626930239 0.080833330750465407 7.2349998950958261 1.4980818629264834
decision_type=2 2 10 2 2 2 2 2 2 2 2 2 2 10 2 10 2 2 2 2 2 10 2 10 2 2 2 10 2 2 2 8 2 2 2 2 10 10 10 2 10 2 2 2 8 2 8 2 10 8 2 10 2 10 2 2 2 2 2 2 2 2
left_child=7 2 25 4 9 6 -5 -1 30 10 11 18 13 29 15 16 -15 -17 19 -4 44 23 28 -22 -25 26 -2 37 -23 -12 -3 -32 38 34 52 -36 -37 -6 -33 41 -41 -9 -43 -13 -7 46 47 -14 -47 -50 51 -48 -34 -54 -55 57 -57 58 59 -10 -59 -62
right_child=1 8 3 5 27 20 -8 39 55 -11 12 43 45 14 -16 17 -18 -19 -20 -21 21 22 -24 24 -26 -27 -28 -29 -30 -31 31 32 33 -35 35 36 -38 -39 -40 40 -42 42 -44 -45 -46 48 50 -49 49 -51 -52 -53 53 54 -56 56 -58 60 -60 -61 61 -63
leaf_value=-0.034345915797237253 0.063226189278211234 0.0055985554379908856 0.050519783148710473 -0.016431344924534401 0.029478474999619586 0.0096903715820301547 0.058809541295776556 -0.0067442317023673837 0.0073975839394562464 -0.028455943014664746 0.0056767436215587209 -0.030501458176416089 -0.011866554269898209 0.083406711746952106 0.045861227978362326 -0.015574528681052007 0.0011612702061178754 0.023947411825971612 0.080058247196312757 -0.018636938492425276 -0.0069267965186715968 0.022693390297619128 0.030783938035408801 -0.03031066807318044 -0.00055063155155085045 -0.0072713365802262514 -0.0042234453911202657 -0.014039471808780931 -0.014839230714453146 -0.02539232529697209 -0.011789696746396809 -6.6161095205555413e-05 0.0052549352554165695 -0.0163420808073024 0.018305268899676937 0.010204864352118124 -0.0081581556984974095 0.0026318766513844637 0.011717702402455359 -0.015867691781741113 0.070228675268899185 0.0073262870386254101 0.10720528966232262 -0.0057088101555906965 -0.0014743354169740675 0.0022490532888554578 -0.0019339512967347747 0.052478880908627831 -0.0072694579704317341 0.061128252873524608 -0.022653117938927325 -0.025151737619849956 -0.0077677042633058184 0.018305294732623087 -0.0047611481161553898 0.0028473629898696758 -0.0015161095274289584 0.00026699644996613101 0.014817329601497165 0.0011219573435667127 0.013599306467693657 -0.0067891639483902344
leaf_weight=34.108836812432855 7.590421803295615 983.07041002064943 6.5750281875953105 108.94811494648457 18.141015991568565 98.353563165292144 3.2159693436697117 108.13975854311138 543.69425214827061 23.025584527291358 79.206466999836266 20.560705179348588 6.6911705909296861 7.0691670868545797 28.683861326426268 31.809305999428034 11.044537847861646 15.712983043864368 3.974939849227666 9.0540305851027352 205.11391336470842 13.397781558334826 21.810089893639088 60.816350194625556 22.390319478698075 629.99454089906067 16.831478732638061 48.417268889956176 32.293685603886843 16.726208178326488 73.062713541090488 2472.8386799842119 691.42911582440138 40.893348686397076 138.60140858590603 165.51179368793964 61.974843129515648 2397.9578199209645 94.914741158485413 226.86461076326668 1.8080756859853853 14.255702385213228 2.7103652236983171 525.42164042592049 8018.6524856658652 141.84183800406754 453.35708790272474 8.8676075842231494 14.438164171762763 13.389320621266963 33.661966145969927 25.464619670063257 171.67578222602606 49.891752369701862 56.569710165262222 1442.9587846919894 6233.8036388605833 13608.824699405581 104.81402669101954 1848.5713316649199 154.95588494837284 47.768494784832001
leaf_count=7012 227 5617 390 6969 369 1267 197 12029 2516 636 1834 306 226 321 325 915 240 408 245 534 3725 249 190 1052 369 17359 505 1089 516 477 453 12965 4400 231 679 803 302 44554 552 27031 208 1708 320 11113 124624 2922 11949 258 257 235 1183 671 864 247 280 6979 32352 72577 493 8519 787 280
internal_value=-4.14211e-05 7.62695e-05 -0.00122106 -0.000951781 0.000844515 -0.0017764 -0.014274 -0.0128353 0.000666194 -0.0019219 -0.00150158 -0.00556061 0.00108381 0.00958572 0.0190712 0.00736352 0.0332589 -0.00250682 0.0245693 0.0104568 -0.00161096 -0.00781364 0.00735136 -0.0113641 -0.0223025 -0.00637526 0.0167402 0.00250197 -0.00383381 0.000259739 0.00231721 0.00151425 0.00176069 0.00435591 0.00498961 0.010163 0.00520217 0.00283345 0.000369419 -0.0107614 -0.0151869 -0.00267224 0.0232822 -0.00664246 -0.00133905 -0.00123449 -0.00358653 0.0248066 0.00608547 0.0256404 -0.00444853 -0.00316872 0.00303624 -0.00247928 0.00604863 0.000321992 -0.000695932 0.000801146 0.00306322 0.00254823 0.000392171 0.00879512
internal_weight=42554.2 42166.3 13180.5 12526.1 3941.09 8584.99 112.164 387.887 28985.8 1476.58 1453.55 565.586 887.964 190.253 94.3199 65.636 18.1137 47.5223 19.604 15.6291 8472.83 355.822 67.5016 288.321 83.2067 654.416 24.4219 2464.52 45.6915 95.9327 5000.43 4017.36 3944.3 1376.55 1335.65 366.088 227.487 2416.1 2567.75 353.779 228.673 125.106 16.9661 545.982 8117.01 697.712 528.042 15.5588 169.669 27.8275 512.484 478.822 969.566 278.137 106.461 23985.4 7676.76 16308.6 2497.08 2392.27 13811.5 202.724
internal_count=438910 390602 238706 220615 81457 139158 7166 48308 151896 35445 34809 12588 22221 4520 2209 1884 561 1323 1169 924 131992 6101 955 5146 1421 18091 732 46012 765 2311 27393 21776 21323 7806 7575 1784 1105 44923 13517 41296 27239 14057 2028 11419 125891 17701 14287 484 3414 492 13803 12620 5791 1391 527 124503 39331 85172 11528 11035 73644 1067
is_linear=0
shrinkage=0.04


Tree=111
num_leaves=63
num_cat=8
split_feature=0 56 0 25 16 53 11 48 26 4 54 7 4 25 13 34 18 17 50 50 13 15 50 13 5 25 25 56 34 7 49 54 48 41 16 56 50 50 25 54 0 56 38 13 25 17 13 13 56 35 10 15 54 39 51 8 25 36 25 15 11 38
split_gain=47.7968 14.2335 13.8129 14.9001 9.81483 10.9368 10.3821 14.1454 10.824 14.9388 10.3453 9.80294 9.7039 9.63865 11.3716 9.61848 10.1727 9.56414 10.9339 10.0117 12.4013 10.483 13.5782 16.7449 9.39217 21.3731 16.406 11.3255 10.0846 12.2206 12.2989 11.814 12.7033 14.6849 9.85941 12.0585 11.6539 12.8498 11.005 10.9157 9.83827 9.68499 9.93173 9.52627 10.4393 9.61083 15.2997 13.4006 11.9662 9.40641 9.13088 8.87757 9.82014 8.83704 8.63749 14.5514 14.1029 12.7846 23.4428 14.2267 12.1943 11.7929
threshold=-3.7575439214706416 -0.0064401256386190644 -4.6479060649871817 0 0.3027500063180924 6.8150000572204599 3.7350000143051152 -0.94499999284744252 4.5000000000000009 1.1515030264854433 -0.062499999999999993 60.500000000000007 1.5780431032180788 1 5.7550001144409189 -0.82249999046325672 40.500000000000007 2.185000061988831 0.0113500002771616 0.02224999945610762 6.3550000190734872 0.3847500085830689 0.050750000402331359 4.7850000858306894 2.5000000000000004 2 3 -0.005816068733111023 0.58249998092651378 37.500000000000007 -1.1649999618530271 0.052500000223517425 2.4550000429153447 1.5000000000000002 0.36695000529289251 -0.0013822026667185126 -0.073849998414516435 0.079549998044967665 4 0.045833334326744087 -1.44966584444046 0.0083787678740918654 -0.029166666790843006 6.7750000953674325 5 3.2250000238418584 1.8949999809265139 5.2650001049041757 0.0098766968585550802 2.5475000143051152 0.16499999910593036 0.26725000143051153 -0.0025000000605359669 -3.24916660785675 -0.014999999664723871 49.500000000000007 6 0.0089916666038334387 7 0.35594999790191656 8.2150001525878924 0.067500002682209029
decision_type=2 10 2 1 2 2 2 10 2 2 2 2 2 1 2 2 10 8 10 8 2 2 10 2 2 1 1 10 2 2 8 2 8 2 2 10 10 10 1 2 2 10 2 2 1 8 2 2 10 2 2 2 2 10 8 2 1 2 1 2 2 2
left_child=2 11 -1 4 10 6 7 8 9 -6 -4 54 -5 14 50 -7 -17 -8 -19 -20 21 22 -21 -24 26 28 34 -28 40 30 -30 49 33 -33 36 53 38 -38 39 -3 -26 -32 -43 45 -45 46 -29 -48 -49 -31 -13 -44 -53 -36 56 -56 -2 58 59 -57 -59 -58
right_child=1 24 3 12 5 15 17 -9 -10 -11 -12 13 -14 -15 -16 16 -18 18 19 20 -22 -23 23 -25 25 -27 27 43 29 31 41 32 -34 -35 35 -37 37 -39 -40 -41 -42 42 51 44 -46 -47 47 48 -50 -51 -52 52 -54 -55 55 57 61 60 -60 -61 -62 -63
leaf_value=-0.021079200518041265 0.0014467426205365651 0.010885955140950808 0.061284153585359408 -0.013714320875007156 -0.0055501524324174422 -0.016397904864029804 0.062375155213661111 0.11862398921421663 -0.002085444992628614 0.10285955800511604 -0.012289820662864078 0.015308036707553195 0.048705421473444935 -0.013356939915318167 0.020265302708485092 0.0020731115003313895 0.07101388624732255 -0.010298595845024697 0.085037270628239722 -0.024188111978419843 0.082478110116040781 -0.026053800351493916 0.11620795957409463 -0.0046537067563810642 -0.0016917091778610855 -0.0051918289493584199 -0.017473182171753605 0.022536486346146845 0.02456504597881061 -0.0052810241866059196 0.011093129753061452 0.022801912639475907 0.042711244403642538 -0.01586186131612909 -0.022851477223855107 0.0088473374091453429 -0.0088791049637077669 0.0071808807668024104 0.00029647326541040373 -0.011116291535660334 -0.020329815331876642 -0.016666026647427758 -0.011582126020840145 0.01159076890232057 1.990884548411739e-06 -0.0030209460179477484 -0.0047356144688192768 -0.0034988070517718108 0.023010723632649697 0.0072692968236320885 -0.015104883732208614 0.017555469716735831 -0.0015809503028979615 0.0017596596205582302 -0.0017023288447716551 0.0035223871118321604 -0.0033904074014703928 0.0024029834168933562 -0.00081151566297016126 -0.0047951160720317524 -0.021028402122322661 0.03124562723545048
leaf_weight=135.75210911454633 2012.4067843398079 344.52085611224174 3.1387808625586322 363.32407953776419 3.4201057176105731 56.174834033939987 4.6572110652923584 3.0125790555030099 10.379370249342172 5.0172784789465368 118.59075083583593 21.960044773295522 4.0291377771645775 147.88539792597294 37.333945056423545 78.695449093356729 3.5803465796634546 40.83798055909574 3.500601758249104 4.8551421808078974 3.5727865528315297 10.935392030514775 4.0794632164761424 3.3322795256972313 1154.5628198394552 2285.6210027234629 70.960393324494362 57.93261350505054 57.916591320186853 483.19741242006421 231.03669681958854 33.973906958475709 18.359367916360497 29.248884197324514 32.962679540738463 587.89437424764037 316.92332301661372 106.49929732829332 874.03338093310595 40.297617239877582 47.165427014231682 47.533789472654462 48.691365368664265 161.40455269813538 463.25142442062497 2902.4910922236741 250.83974723145366 46.874717934057117 65.054161921143532 119.10294939763844 56.260583573952317 83.891526805236936 87.821773160248995 79.991254307329655 2951.39437358547 3941.6221896894276 2269.2818298814818 10328.487405410968 8332.2255219575018 358.9989963453263 35.659583009779453 15.838188007473944
leaf_count=24281 27403 1835 212 28072 250 4103 301 204 766 365 8449 213 284 1370 282 5521 224 2736 237 324 233 711 268 221 19336 28584 434 484 546 4318 1802 327 182 370 225 3653 3012 934 4533 232 244 322 434 905 2655 18039 1935 283 404 787 596 619 860 494 22244 31014 31975 77239 66770 2823 231 291
internal_value=-3.97824e-05 0.000153096 -0.00936895 -0.00717668 -0.00113532 0.00359055 0.0138453 0.038151 0.0252672 0.0589155 -0.0103927 0.000599776 -0.0126844 -0.00708293 0.00193493 -0.00363849 0.00507317 0.0068429 0.00320611 0.0214222 0.0131051 0.00242275 0.0278084 0.0618692 -0.00107133 -0.00242342 -7.27467e-05 -0.00163072 0.000187668 0.0027179 0.00711702 -0.000864334 0.0134206 0.00491481 0.0025507 0.00654751 0.000900765 -0.0048397 0.0028316 0.00836455 -0.00242322 0.00509181 -8.29878e-05 -0.00135009 0.003182 -0.00220198 0.00344818 0.000399862 0.0119088 -0.00279924 -0.00656661 0.00349341 0.00776826 -0.00542246 0.000666691 0.000941781 -0.000994296 0.00128112 0.000426874 0.00282151 0.00232236 -0.00313662
internal_weight=42500.3 41639.4 860.886 725.134 357.78 236.051 97.6002 21.8293 18.8168 8.43738 121.73 30509.4 367.353 263.44 115.555 138.451 82.2758 75.7709 71.1136 30.2757 26.7751 23.2023 12.2669 7.41174 11130.1 4728.12 6401.93 4018.81 2442.5 1240.77 556.892 683.883 81.5822 63.2228 2383.12 700.848 1682.27 423.423 1258.85 384.818 1201.73 498.975 267.938 3947.85 624.656 3323.19 420.701 362.769 111.929 602.3 78.2206 220.405 171.713 112.954 30245.9 25948.4 4297.53 22997 12632.8 4300.62 10364.1 2285.12
internal_count=439001 361239 77762 53481 25125 16464 6616 1585 1381 615 8661 262451 28356 2461 1091 9848 5745 5031 4730 1994 1757 1524 813 489 98788 58731 40057 25139 30147 10567 4583 5984 879 697 14918 4372 10546 3946 6600 2067 19580 4037 2235 24705 3560 21145 3106 2622 687 5105 809 1913 1479 719 259990 200321 59669 178077 100607 33837 77470 32266
cat_boundaries=0 1 2 3 4 5 6 7 8
cat_threshold=3929090 202098 6912594 25461608 17039368 1196160 10626684 14189700
is_linear=0
shrinkage=0.04


Tree=112
num_leaves=63
num_cat=9
split_feature=0 0 11 25 36 7 25 38 54 25 6 12 25 25 12 34 4 11 0 36 35 25 54 34 56 17 54 25 7 38 36 25 7 16 12 54 48 48 7 16 11 12 31 56 3 56 11 13 25 16 35 12 11 54 54 50 13 7 5 54 0 4
split_gain=36.1061 19.8309 12.9118 12.533 15.0058 12.1976 16.3846 12.5111 11.4411 9.99019 9.82305 12.5372 10.305 10.2212 11.7246 9.57891 9.54714 11.2007 9.43727 10.4663 9.22192 11.3023 9.15058 9.12505 9.4257 9.43201 9.10756 21.6365 11.8929 9.97478 9.10936 11.4083 9.94416 11.7244 9.00418 8.85284 8.72931 11.4508 10.0917 9.27755 11.5432 9.86069 10.0983 9.20892 9.20378 8.67539 10.3002 10.5108 8.43606 9.74711 9.11229 8.75233 10.0701 11.7537 17.9123 9.99984 8.3259 8.32478 8.3121 11.4037 13.0438 10.5502
threshold=-3.9830694198608394 -2.1556856632232662 1.6449999809265139 0 0.19288333505392077 39.500000000000007 1 -0.007500000298023223 0.020833333022892479 2 2.5000000000000004 0.37385000288486486 3 4 0.32445000112056738 1.1758332848548891 1.4703419804573061 5.7850000858306894 -0.49036684632301325 -0.019291667267680165 0.27083334326744085 5 0.062500000000000014 1.3325000405311587 0.0066880863159894952 8.3099999427795428 -0.050833333283662789 6 55.500000000000007 -0.032500000670552247 0.17895000427961352 7 39.500000000000007 0.28034999966621404 0.40550000965595251 0.047499999403953559 -1.3849999904632566 -1.0249999761581419 27.500000000000004 0.26115000247955328 4.6449999809265146 0.26860000193119055 -1.4999999999999998 -0.040122922509908669 0.45723125338554388 0.0017146499012596907 5.9749999046325692 6.2950000762939462 8 0.30134999752044683 -3.439166665077209 0.41134999692440039 4.5650000572204599 -0.015833333600312468 -0.0091666667722165567 -0.028649999760091301 3.185000061988831 40.500000000000007 3.5000000000000004 -0.10416666418313979 -1.4294337034225462 1.3705464601516726
decision_type=2 2 2 1 2 2 1 2 2 1 2 2 1 1 2 2 2 2 2 2 2 1 2 2 10 10 2 1 2 2 2 1 2 2 2 2 8 8 2 2 2 2 2 8 2 8 2 2 1 2 2 2 2 2 2 10 2 2 2 2 2 2
left_child=2 5 -1 4 -4 6 -2 -8 48 -7 13 12 18 14 15 36 35 -18 45 -20 21 -14 -22 24 25 -15 27 29 58 -13 -28 -32 -33 -34 -26 -16 57 44 39 40 -39 -41 -43 -40 -38 -12 47 -47 -9 50 -50 52 53 -51 -55 -56 -45 -3 -29 -60 61 -61
right_child=1 10 3 -5 -6 9 7 8 -10 -11 11 26 20 23 16 -17 17 -19 19 -21 22 -23 -24 -25 34 -27 30 28 -30 -31 31 32 33 -35 -36 -37 37 38 43 41 -42 42 -44 56 -46 46 -48 -49 49 51 -52 -53 -54 54 55 -57 -58 -59 59 60 -62 -63
leaf_value=-0.033484597439956069 -0.0025247501006271499 -0.016236484983895044 -0.0031790104748180294 -0.014557385098889318 0.077732826681366662 -0.00086680469374318453 -0.0019120668118210568 0.0082346304394278255 -0.0011716172736127494 -0.0045487184491475536 0.0030888226612712515 0.021146532634401499 0.0015840553091634128 0.0011694868917415935 0.0077321601127448075 -0.012993047638022875 0.0039075874659103248 -0.0168312041854068 -0.030443655883529756 -0.0071790902257977043 0.00033143013453115099 -0.0082672516788333036 0.0157600874284404 0.0085439572500772762 -0.0026941628341919832 -0.0097983794293146562 -8.7163458673613094e-05 -0.00029642330370522826 -0.018367795768274926 0.0065171667275411302 -0.0040991639257547847 0.019918332165059061 -0.01283586870930139 0.014159324103811278 -0.020480479430599399 0.027225230698334837 0.0041246718693527754 -0.012255717905495043 -0.015868173948905578 0.013242909076716174 0.014447322978203826 -0.0078345116476418071 0.012765797215318895 -0.004752536014070767 0.033163487587193771 -0.0049846992160361182 0.014738078650525319 -0.018638568340829515 -0.031931041106346314 -0.0089320977164570204 -0.002280826552643213 -0.004551004467862778 0.014577361029948648 0.05248365718604027 -0.01923115308529659 0.016562003252404787 0.0022868573672644638 0.0098287357227801776 -0.0063139531234186076 0.0092774524259561543 0.013722741512743919 -0.006365079560285378
leaf_weight=35.611520643346012 2539.6868094941601 74.756231978535652 255.27945014741272 260.67477429844439 3.7208203105255953 2147.4767234688625 971.31396244931966 795.13293803762645 578.84587436169386 2651.425242590718 218.67058304697275 82.503015793859959 311.58369486778975 4650.9763647168875 826.23652416467667 68.225698873400688 225.38421125710011 51.117990493774414 46.926305793225765 90.823543131351471 1814.9092748314142 455.18548043817282 63.662727639079094 217.0579941123724 795.10275100916624 128.93043197691441 13556.015203766525 2063.017717435956 51.951110824942589 775.6787514090538 108.80385245382786 118.66033141314983 43.671970762312412 62.698005825281143 48.306712500751019 39.038399741053581 35.176372818648815 77.335774011909962 50.565811797976494 324.99329236894846 38.945313967764378 88.836732238531113 66.628623016178608 308.53600871562958 34.680711098015308 587.50546085089445 36.433979608118534 106.57171485573053 17.997517200186849 85.771488152444363 211.17143870238215 106.10148839373142 195.7302439538762 14.673520191572605 20.593562099151313 31.731591545976698 2089.048349507153 26.57437788695097 119.49415290355682 134.81543051451445 262.81474712491035 141.2850132137537
leaf_count=7310 49779 587 25339 27722 336 43326 16944 14626 12675 53920 1207 448 1670 25547 4395 358 1246 286 222 442 9934 2477 385 1153 4472 749 75930 10720 270 4309 586 666 248 342 261 234 248 427 260 1792 206 467 370 1693 276 3236 204 588 353 1672 3849 1778 3283 300 487 705 10969 214 634 973 1205 956
internal_value=-5.11866e-05 8.31398e-05 -0.010184 -0.00858733 -0.00194166 -0.0014344 -0.000160757 0.00182362 0.00359583 -0.00291237 0.000582293 9.15178e-05 -0.00201343 0.0015983 0.00304545 0.00183847 0.00654397 7.35299e-05 -0.00527209 -0.0151045 -0.000652102 -0.00435124 0.00085429 0.000495524 0.000185738 0.000873646 0.000539897 0.00232342 0.000588407 0.00783232 7.35878e-05 0.00660122 0.0114484 0.003076 -0.00371288 0.00861162 0.00215311 0.00252898 0.00216163 0.00682589 -0.00331223 0.00927953 0.000994273 0.00102471 0.0185411 -0.00390071 -0.00599295 -0.00708118 0.00546182 0.00208648 -0.00460937 0.00550782 0.00857024 0.000873871 0.0134274 0.00247492 0.00138098 -0.00940077 0.000952436 0.00486553 0.00734437 0.00127292
internal_weight=42443.1 41887.8 555.287 519.675 259 10367.7 5568.75 3029.06 2057.75 4798.9 31520.1 21253.7 3732.27 10266.5 4426.08 3284.3 1141.78 276.502 1086.93 137.75 2645.34 766.769 1878.57 5840.37 5623.32 4779.91 17521.4 3631.56 2773.38 858.182 13889.8 333.834 225.03 106.37 843.409 865.275 3216.08 3114.75 3044.89 596.74 116.281 480.459 155.465 2448.15 69.8571 949.182 730.511 694.077 1478.9 683.771 229.169 454.602 348.5 152.77 66.9987 52.3252 2397.58 101.331 2721.43 658.409 538.915 276.1
internal_count=438266 377559 60707 53397 25675 203697 106451 56672 39728 97246 173862 117652 20365 56210 24028 17867 6161 1532 5899 664 14466 4147 10319 32182 31029 26296 97287 19515 14758 4757 77772 1842 1256 590 4733 4629 17509 16708 16184 3262 633 2629 837 12922 524 5235 4028 3824 27053 12427 4202 8225 6447 3164 1492 1192 12662 801 14488 3768 3134 1929
cat_boundaries=0 1 2 3 4 5 6 7 8 9
cat_threshold=3928832 11287820 11390088 2125064 17080810 9798148 6689056 8422732 17875522
is_linear=0
shrinkage=0.04


Tree=113
num_leaves=63
num_cat=7
split_feature=0 0 25 25 50 7 48 38 48 34 18 31 13 13 35 39 25 17 48 48 35 25 45 11 48 34 48 35 38 28 15 56 12 12 50 35 16 26 25 39 0 16 14 35 13 39 0 11 48 25 49 50 48 17 16 13 49 26 3 3 3 25
split_gain=38.2271 14.8926 9.70934 8.68065 12.4857 10.1178 11.6468 10.3404 10.0714 12.9889 9.87975 12.5468 11.0037 10.559 8.96822 8.92991 13.9008 10.1847 8.58143 8.56957 8.64437 14.3842 19 12.1803 9.83452 8.55 13.3781 20.2965 15.2576 13.4708 11.0785 13.1103 12.2086 24.0726 18.0469 13.1295 9.09549 12.8465 9.14941 8.67439 8.47673 8.49814 17.4341 9.38949 11.7277 8.80113 13.3274 11.3422 10.6929 9.60277 10.2587 11.4911 10.9471 9.48392 10.3721 9.408 8.8505 8.41878 9.16781 9.07517 8.39496 9.36967
threshold=-4.1701359748840323 -1.6256265044212339 0 1 0.23335000127553943 27.500000000000004 -3.6850000619888301 -0.035833332687616341 -2.2649999856948848 -0.020833333022892472 37.500000000000007 -1.0000000180025095e-35 2.2949999570846562 3.2350000143051152 -0.010833333246409891 -3.629166722297668 2 1.6899999976158144 -2.5449999570846553 -0.7849999964237212 -0.5375000238418578 3 5.5000000000000009 4.0350000858306894 -1.5049999952316282 -0.14083333313465116 -1.064999997615814 -4.1008331775665274 0.024166666902601722 4.5000000000000009 0.32565000653266912 -0.021499373018741604 0.19455000013113025 0.26690000295639044 0.0053499999921768912 -0.95249998569488514 0.22895000129938128 7.5000000000000009 4 -0.70449998974800099 -3.1395276784896846 0.42830000817775732 0.6207999885082246 0.36083334684371954 4.6349999904632577 1.0318332910537722 -2.2125347852706905 3.9750000238418584 -1.5049999952316282 5 -0.074999999254941926 0.064549997448921217 0.82499998807907116 4.6150000095367441 0.28135000169277197 5.0350000858306894 1.610000014305115 10.500000000000002 0.66277036070823681 0.53194329142570507 0.70719751715660106 6
decision_type=2 2 1 1 8 2 10 2 8 2 10 2 2 2 2 8 1 10 10 10 2 1 2 2 10 2 10 2 2 8 2 8 2 2 10 2 2 2 1 10 2 2 2 2 2 10 2 2 10 1 10 10 10 10 2 2 10 2 2 2 2 1
left_child=2 3 -1 8 5 6 -5 -7 9 -2 25 12 -12 -14 -15 16 17 -10 -4 20 23 -22 24 -6 -23 26 28 -28 39 -30 -29 -32 -33 34 -34 -36 37 38 -27 -8 -9 43 -43 44 57 47 55 -46 -49 50 53 52 56 -50 -55 -47 -52 -42 59 -59 -3 -62
right_child=1 60 18 4 19 7 10 40 15 -11 11 -13 13 14 -16 -17 -18 -19 -20 -21 21 22 -24 -25 -26 36 27 30 29 -31 31 32 33 -35 35 -37 -38 -39 -40 -41 41 42 -44 -45 45 46 -48 48 49 -51 51 -53 -54 54 -56 -57 -58 58 -60 -61 61 -63
leaf_value=0.0012843705896477037 -0.0092152172631861217 0.00040631727561905206 -0.02941154700468851 -0.029107911081927989 0.00061468763195005657 0.0069821633081595573 -0.00071907689443386413 -0.0054438734455538361 0.015631805123297048 0.038968372622878271 -0.011570007771034301 0.041213970993905759 0.04729980877904174 -0.013292487951997225 0.02991082222803005 0.00024594686501816661 -0.0038369141918987411 0.051229773575172478 -0.012774787437539887 -0.013152809985189322 -0.012381230536824044 0.014484213399151145 -0.021093772139473145 -0.019019504330498795 0.047771033200529209 0.013210462829419234 0.060164345948318605 -0.00020699959436583815 -0.029808080697009933 0.021628914864512693 0.047992073830977679 -0.0059899516444398698 0.079481487756811658 0.0038300884695440717 -0.0047668047362956229 0.05168653886083318 -0.0035010302239998617 0.031253005152183384 -0.014604998282415642 -0.01684285985792237 -0.0019395966268564702 0.0012360612345380063 0.032219301845501674 -0.0033607573879732323 0.037472482923615748 0.0053758180440373971 0.0039065320299860639 -0.011309001514875294 0.0093432620579505486 0.0010335505266284553 0.014892597177247257 0.046062509295389534 0.039384526161292899 0.019391273453740438 -0.016062612166915187 -0.024229314042137001 -0.021911379410686292 -0.0032835132717777085 -0.0008348129279773667 -0.035347989908832596 0.0053077536165395461 0.00024496162840735748
leaf_weight=71.677472613286227 254.92952389642596 21959.650932438672 62.488779906649143 19.243667257018387 106.66750226356089 207.45539263170213 167.4546552458778 1033.1406603101641 43.070632326416671 9.2772014448419196 30.993666070513427 21.806650539860129 14.648113555274902 17.122522956691682 13.951546523720028 7238.3418272733688 58.548467328771949 18.332910360768437 240.63800730276853 237.78493446763605 49.509818616323173 60.220744964666665 20.263958440162241 96.09733407292515 18.583760709501803 27.711282027885318 12.655380968935786 132.3224337445572 9.3499697875231487 63.280640328302979 17.540136995725334 45.024220460094512 14.175278233364223 65.189037294127047 13.157017180696128 13.209376433864238 604.25289679598063 30.50506192445755 28.054877744987607 78.37090383656323 1161.0388624183834 699.20411230251193 30.317974124103785 3607.7323241662234 15.792132146656511 23.053486429154873 113.48295166343451 74.440447270870209 271.27909392118454 603.55651725456119 31.554479565471411 22.336903493851423 17.970861423760653 17.633365143090487 52.543769914656878 67.346539685502648 15.634159300476311 22.0470916852355 50.695021441206336 39.2940808609128 1231.8990581035614 1119.3551443219185
leaf_count=8647 7265 102649 10172 776 1161 2513 4030 42608 689 193 919 315 368 362 225 104428 934 307 29479 3098 561 583 229 1024 279 330 233 2427 251 1584 232 824 224 1009 225 198 7469 420 339 1416 15068 8291 336 41364 254 367 944 1184 3568 7764 409 265 214 248 737 1063 196 275 805 520 7694 6718
internal_value=-0.000107541 5.57605e-06 -0.0128256 -0.000872499 -0.00163438 -0.00128972 0.00180198 -0.00183415 0.000149621 -0.00752333 0.00222064 0.0144403 0.00682984 0.0193025 0.00610481 0.000425329 0.0112499 0.0225824 -0.0156869 -0.00728862 -0.0033198 0.00400979 0.0122178 -0.00869064 0.0223339 0.00131014 0.004673 0.0105419 -0.00110036 0.0150073 0.00845289 0.0152617 0.0114536 0.0188818 0.0430841 0.0235159 -0.0017664 0.0103831 -0.00103303 -0.00585945 -0.00206364 -0.00156021 0.00252368 -0.00204016 -0.000207509 0.00242432 -0.00522115 0.00381269 0.00333249 0.00438809 0.00887705 0.0213041 0.0128168 0.00595267 -0.00715414 -0.0166795 0.002699 -0.00295004 -0.0134214 -0.0238235 0.000649541 0.00292114
internal_weight=42514.9 42140.1 374.804 17829.2 10206.7 9617.57 1440.02 8177.55 7622.5 264.207 1420.78 98.5225 76.7158 45.7222 31.0741 7358.29 119.952 61.4035 303.127 589.128 351.343 148.578 99.0685 202.765 78.8045 1322.25 631.729 313.273 318.456 72.6306 300.618 168.295 150.755 105.731 40.5417 26.3664 690.524 86.2712 55.7662 245.826 7970.09 6936.95 729.522 6207.43 2599.7 1326.62 203.883 1122.74 1106.95 1032.51 428.953 87.4964 65.1595 341.456 70.1771 90.4 47.1886 1273.08 112.036 61.3412 24310.9 2351.25
internal_count=439279 390981 48298 273920 160104 153169 24176 128993 113816 7458 23400 2189 1874 955 587 106358 1930 996 39651 6935 3837 1652 1091 2185 862 21211 12653 5372 7281 1835 5139 2712 2480 1656 647 423 8558 1089 669 5446 126480 83872 8627 75245 33881 17213 2374 14839 14585 13401 5637 1084 819 4553 985 1430 605 16668 1600 795 117061 14412
cat_boundaries=0 1 2 3 4 5 6 7
cat_threshold=2167040 11093592 8979520 5245312 22032544 17868928 27242624
is_linear=0
shrinkage=0.04


Tree=114
num_leaves=63
num_cat=9
split_feature=0 56 2 11 25 33 36 36 25 13 25 13 11 50 38 53 25 48 2 18 25 48 34 11 36 34 53 50 50 14 50 25 0 10 54 26 56 14 45 3 17 28 14 0 34 34 14 25 28 53 38 25 38 36 16 12 2 17 54 39 25 56
split_gain=37.2417 15.3964 16.7471 11.9562 10.9396 12.3873 10.7803 10.0179 17.0905 13.1341 10.7178 9.73396 10.1503 9.7183 11.2404 12.2252 12.1043 12.8606 12.0792 9.37019 9.8817 9.36168 9.53016 9.28991 8.80044 8.78275 8.71449 8.55048 8.35438 11.0273 8.95665 8.34274 10.3137 9.50325 8.1518 9.35944 8.97285 11.1323 9.63183 8.12313 8.11282 7.97066 8.30063 10.0436 8.48836 8.01511 9.61516 8.64256 8.48139 8.17381 7.91605 10.2793 8.66461 11.053 8.0857 7.94124 7.89033 7.79674 7.73446 9.69486 12.5094 8.97258
threshold=-3.7575439214706416 -0.0064401256386190644 -2.1504156589508052 1.6449999809265139 0 1.0000000180025095e-35 -0.0018249999848194418 -0.018041666597127911 1 8.1149997711181658 2 7.805000066757203 6.555000066757203 -0.060249999165534966 -0.0058333333581686011 6.7850000858306894 3 0.32500000298023229 -1.4780043959617613 2.5000000000000004 4 -1.4750000238418577 -0.88583332300186146 7.3150000572204599 -0.047974999994039529 -2.7424999475479122 6.6549999713897714 -0.10215000063180922 0.14615000039339068 0.45720000565052038 -0.11425000056624411 5 -0.52933800220489491 0.18500000238418582 1.0000000180025095e-35 6.5000000000000009 -0.012851576786488293 0.56270000338554393 4.5000000000000009 0.82174682617187511 10.155000209808351 6.5000000000000009 0.43144999444484716 -2.0402834415435787 0.62916666269302379 0.22249999642372134 0.5452999770641328 6 5.5000000000000009 6.805000066757203 -0.0041666666511446229 7 0.024166666902601722 -0.044708333909511559 0.31755000352859503 0.29915000498294836 -0.89134511351585377 1.0649999976158144 0.0058333333581686029 -0.64266666769981373 8 0.0040005182381719359
decision_type=2 8 2 2 1 2 2 2 1 2 1 2 2 10 2 2 1 10 2 8 1 8 2 2 2 2 2 10 10 2 8 1 2 2 2 2 10 2 2 2 10 10 2 2 2 2 2 1 10 2 2 1 2 2 2 2 2 8 2 10 1 8
left_child=3 4 25 -1 57 21 31 8 11 13 -9 -4 -13 26 -15 -16 24 -18 -19 20 40 -6 -23 -14 -17 -3 27 -10 30 -30 56 33 -33 -7 35 -8 37 38 -37 -21 -12 42 43 -28 45 46 -44 48 -47 -48 51 55 -52 54 -54 -45 -24 -2 59 60 -5 -60
right_child=1 2 7 58 5 6 34 10 9 -11 19 12 23 14 15 16 17 18 -20 39 -22 22 28 -25 -26 -27 41 -29 29 -31 -32 32 -34 -35 -36 36 -38 -39 -40 -41 -42 -43 44 50 -46 47 49 -49 -50 -51 52 -53 53 -55 -56 -57 -58 -59 61 -61 -62 -63
leaf_value=-0.030578420797333975 -0.012893293387682553 0.035971363566867455 0.00060386209855454911 0.012596346219822039 -0.01170459767929446 0.0075566758870851429 0.0080867690153515574 0.0015435686636466198 0.0025319424224724179 -0.016180432888519627 0.0038444010591630285 -0.0092748489746309823 0.026324777260048896 -0.0075165742124730893 -0.0065126913310279769 -0.01402845326136461 -0.00051501926526911085 0.039509574875339674 0.011175011125097193 -0.00015631073925649554 -0.011752976521769567 0.010409317640546546 -0.01633205226248741 0.0048301622039770495 0.0028728496729528131 -0.0029268409198127845 -0.0081155483187379477 0.020677852230380926 -0.015505704878132744 0.0052342675789911275 0.00026622371606224525 -0.0066777744911650028 0.011437915273809312 -0.012699512444832797 0.011868973410025588 0.010275402737331074 -0.013158760428581806 -0.02017776475441551 -0.0074177390878784732 0.015228373796815063 -0.011937079457581743 0.0074789343791308383 0.005035643729669006 0.0041166421733180971 -0.001598483619334957 0.013423481039533544 0.0012058582188228734 0.015156019714790343 -0.010569443180358377 -0.023476075645712028 -0.0057027596541715997 0.0024154054174420885 -0.013586538755215405 0.012692573036445316 0.0033237755426096583 -0.011733719614076151 0.00010599141202391075 0.0040691697380439498 0.00016378466630010153 -0.016518376743633097 -0.0053800666234647765 -0.01324618244843479
leaf_weight=37.227502801921219 44.086104898713529 9.3107646107673627 4556.5461769141257 85.598697632551193 126.47312930691987 259.03235927969217 378.30800653994083 9400.8056665230542 283.44163978844881 105.630161896348 196.39744643867016 32.776933778077364 64.833003759384155 937.41577064245939 366.01294576749206 83.338113540783525 111.08353425562382 31.623405639082193 100.8194884583354 9196.39271524176 221.11206745170057 120.83660922758281 102.23200060613453 63.860631927847862 120.66217280551791 3691.7383301733062 514.30668125487864 48.684744337573647 132.93646946363151 59.321650160476565 2225.7291322406381 363.398751815781 58.358231425285339 43.244129227474332 269.60080664418638 173.96504542417824 75.920254303142428 31.025150479748845 68.657549988478422 55.241716936230659 70.94649463519454 152.55859480798244 187.40444698929787 72.149991534650326 971.86400035209954 40.964999474585056 42.961976390331984 156.77227722108364 55.525468166917562 42.908952698111534 1071.2526800408959 908.9280681759119 77.262347429990768 102.01800389587879 109.16042186319828 169.12281886488199 86.044858954846859 2620.1442983839661 100.18936883378774 63.109206235967577 166.37574222171679 392.91625910066068
leaf_count=7574 461 328 30746 6893 2357 2059 2635 62325 1593 677 1199 215 396 7030 3230 781 1290 413 662 60954 1361 1236 1374 398 1118 95644 6745 373 1203 419 16632 3273 313 436 2599 1257 613 205 646 471 409 956 1201 371 5793 257 257 959 360 264 5411 4664 405 514 572 883 451 21835 8729 4825 14330 35668
internal_value=-0.000103054 6.56e-05 -0.000287025 -0.00841451 0.00174238 0.000549653 0.00323057 1.91945e-05 -0.000909363 -0.00218143 0.000581052 0.000943883 0.0105974 -0.00196585 -0.00453094 -0.00109068 0.00334375 0.00914649 0.0179405 -0.000349163 -0.00574897 -0.00106577 -0.00057238 0.0156587 -0.00384327 -0.00282898 -0.00106889 0.00519186 -0.00108153 -0.00910634 -0.000442417 -0.000484721 -0.00407451 0.00450961 0.00592737 0.00372664 -0.00099196 0.00238357 0.00526858 -6.44484e-05 -0.000331226 -0.00151366 -0.001817 -0.00302323 0.000617517 0.00470773 -4.32741e-05 0.00983415 -0.000347265 -0.0111275 -0.00197975 0.000462667 -0.00404586 0.00210777 -0.00368465 -0.00671551 -0.00881966 0.00377432 -0.00739358 -0.00249832 0.00101312 -0.0105215
internal_weight=42508.6 41663.2 34423.8 845.417 7239.31 4575.08 1721.51 30722.8 11581.9 6863.87 19140.9 4718.02 161.471 6758.24 1750.96 813.54 447.527 243.526 132.443 9740.09 488.456 2853.57 2727.1 128.694 204 3701.05 5007.29 332.126 2606.26 192.258 2414.01 724.033 421.757 302.276 997.477 727.876 349.568 273.648 242.623 9251.63 267.344 4675.16 4522.6 3024.2 1498.4 526.538 273.275 253.263 96.4905 85.8709 2509.89 1150.2 1359.69 288.441 186.423 241.273 188.277 2664.23 808.189 315.084 251.974 493.106
internal_count=439248 361229 301225 78019 60004 37708 14036 205253 78534 46779 126719 31755 1009 46102 14524 7494 4264 2365 1075 64394 2969 23672 21315 794 1899 95972 31578 1966 20079 1622 18457 6081 3586 2495 7955 5356 2721 2108 1903 61425 1608 29612 28656 19565 9091 3298 1722 1576 617 521 12820 5918 6902 1491 977 1254 1825 22296 70445 26048 21223 44397
cat_boundaries=0 1 2 3 4 5 6 7 8 9
cat_threshold=20583684 10081664 21445146 21243968 1589636 12585184 2105904 16908296 2631488
is_linear=0
shrinkage=0.04


Tree=115
num_leaves=63
num_cat=10
split_feature=0 0 25 4 35 35 35 16 56 25 35 48 56 25 15 11 26 12 26 39 48 25 29 16 14 25 35 54 20 25 53 55 25 54 28 17 25 25 4 11 12 16 56 39 54 38 25 3 15 56 15 4 13 11 50 4 15 50 7 7 4 3
split_gain=34.0641 17.9918 9.88402 10.355 14.0969 10.8116 14.7314 10.6951 9.82783 21.9783 14.8021 10.5699 9.06148 12.6517 11.5262 9.62246 9.70655 11.1383 9.91404 9.87202 9.46141 11.7662 10.2179 9.67617 8.3642 12.6114 8.34902 7.81749 10.9744 11.4757 12.6373 13.8231 13.579 13.5129 11.0318 10.5674 11.6543 10.4378 10.1645 9.50162 14.7771 10.9399 12.5939 10.4847 9.94331 8.97141 8.84449 9.85104 11.3302 18.1204 11.6878 13.7661 15.6898 17.7473 9.43132 12.7978 8.83935 10.7994 12.5984 16.0665 8.86376 8.80533
threshold=-4.0868606567382804 -1.8831887841224668 0 0.75132322311401378 0.74083334207534801 -0.51916664838790882 -0.87083333730697621 0.35514999926090246 0.029941536486148838 1 0.5508333444595338 2.2350000143051152 0.022433121688663963 2 0.42430000007152563 3.7649999856948857 5.5000000000000009 0.48495000600814825 1.5000000000000002 -1.499166667461395 -1.5950000286102293 3 1.0000000180025095e-35 0.23409999907016757 0.66775000095367443 4 -2.5108333826065059 0.017500000074505809 5.5000000000000009 5 6.8550000190734872 1.5000000000000002 6 0.0058333333581686029 4.5000000000000009 4.4649999141693124 7 8 0.67133089900016796 5.9349999427795419 0.27854999899864202 0.25685000419616705 0.0085803251713514345 -0.054500000551342957 0.0025000000605359678 0.0041666666511446246 9 0.48643298447132116 0.29674999415874487 0.0096421036869287508 0.37444999814033514 1.2645854949951174 4.805000066757203 6.055000066757203 -0.04574999958276748 1.1789442300796511 0.30294999480247503 0.042750000953674323 46.500000000000007 55.500000000000007 0.94502133131027233 0.40596815943717962
decision_type=2 2 1 2 2 2 2 2 10 1 2 8 10 1 2 2 2 2 2 10 10 1 2 2 2 1 2 2 8 1 2 2 1 2 8 10 1 1 2 2 2 2 10 8 2 2 1 2 2 10 2 2 2 2 10 2 2 10 2 2 2 2
left_child=2 12 3 4 5 6 7 -1 -3 -10 -11 -12 20 14 15 -14 18 19 -17 -18 21 22 23 -2 27 -26 -24 28 35 34 39 -32 33 -33 -30 46 -37 38 -29 40 -31 44 -43 -41 -42 -45 47 -22 -49 50 54 52 -52 -54 55 -50 60 58 -58 61 -38 -60
right_child=1 8 -4 -5 -6 -7 -8 -9 9 10 11 -13 13 -15 -16 16 17 -19 -20 -21 24 -23 26 -25 25 -27 -28 37 29 30 31 32 -34 -35 -36 36 56 -39 -40 43 41 42 -44 45 -46 -47 -48 48 49 -51 51 -53 53 -55 -56 -57 57 -59 59 -61 -62 -63
leaf_value=-0.022496029441412574 -0.011180114618983793 0.00097318267889665955 -0.015708691192806858 -0.0061011159242023473 0.13110009331387296 -0.032536730553036561 0.14582538471316409 0.078374077461328642 -0.0098683680018210301 0.012745428776624544 0.0078823542472105362 -0.0086945928598820294 0.033910620556449722 -0.008149296133366216 0.035742316980182182 0.014527382252163603 0.011580824313027139 0.02963863133023429 -0.018988452438255018 -0.015333541580999149 0.014075813202189199 -0.0069176073640461657 0.020565522084076554 0.002921322417857003 0.0039060147835951061 -0.016221750978107064 -0.023101078344988264 0.036842946072693811 -0.03881684240739422 -0.0046517228078438791 -0.010525388586560784 0.015288823476146367 0.0042849166558477604 0.048866633682064793 -0.0036515694841191453 -0.0046950887727761695 -0.016266865587916627 -0.0031647550459679881 0.00097846317502384822 0.0095426359260551569 -0.012898990712787108 0.0068635181073330156 0.036186096203595995 -0.0043595095792181883 0.020649582184038829 -0.017753270220696307 0.0020716334197200753 0.013856893282009593 -0.012640474570127232 0.031262106321067872 -0.0069655080385636094 -0.018170869888696463 0.045874200334252296 0.00084105161518607612 -0.014748044443253689 0.030454423317653814 0.0043285132681572308 -0.00064449400703719647 0.0037027390541302008 -0.011932435158891546 -0.00055069385743025873 0.031798852467352277
leaf_weight=4.4742104939650718 88.569067583419383 27225.457849979401 261.04729986051098 158.54394872742705 1.8655819632112969 5.0769225063268086 1.7182302183937288 2.6947531406767666 412.25293999910355 158.27262019366026 96.427501678466797 170.12124210596085 13.015894729644058 570.19216995406896 16.073100189678371 17.933231571689248 48.08208511210978 24.983696665614843 66.430549982003868 39.899290180765092 238.67989960499108 803.89563619811088 8.2293724287301284 643.72216512542218 82.205325434915721 114.65559832472354 47.118229861371219 12.775343299843369 14.427622010000048 367.91268893238157 62.117825814522803 77.720549096353352 259.01562675274909 25.457393153570592 1337.8885872773826 646.35873409733176 67.153538946993649 2429.3646639520302 1227.7881632270291 63.784937754273415 75.143674666061997 394.30024525523186 24.916561747901142 304.18832341674715 17.410273319110274 108.57643348816782 1835.5755341779441 133.51588109880686 24.809576129540801 27.192848652601242 34.976954937912524 27.286392605863512 33.421217839233577 24.097720582969487 132.32918716967106 19.845036122947931 407.91893967054784 457.30011842306703 22.987895667552948 22.308363096788526 396.03326620999724 79.810753932222724
leaf_count=564 2129 139023 33333 18305 197 559 190 347 2118 792 575 808 328 10832 276 332 972 382 1169 771 3340 19251 195 14790 1171 1693 1110 468 196 6066 829 1103 4123 406 20508 9380 1335 46868 22713 1055 1084 5815 377 4011 300 1521 28038 2306 471 459 615 360 532 359 2197 291 5891 6435 282 342 5570 1290
internal_value=0.00014217 0.000257338 -0.0109884 -0.00285721 0.0278274 0.0140304 0.0406324 0.0154202 0.000841927 -0.00342712 0.00298558 -0.00269766 -0.000912829 -0.00505601 0.00296294 0.000599026 -0.00159822 0.00606838 -0.011864 -0.00062476 -0.000663223 -0.00355578 -3.62732e-05 0.00121578 -0.000267427 -0.00844239 -0.0166085 -0.000126682 0.00059237 -0.00123611 0.000878434 0.00690806 0.00989797 0.0214907 -0.00399718 0.00182917 -0.00026876 -0.00164798 0.00133702 -0.00100152 0.00146272 0.0058584 0.00860633 -0.00555036 -0.00658819 -0.00788269 0.00356924 0.00738222 0.00405132 1.00711e-05 -0.00285357 0.00679557 0.0141607 0.0270074 -0.00938409 0.00651141 0.00172004 0.00386516 0.00773414 0.0188384 -0.00282925 0.025516
internal_weight=42517.3 42081.9 435.421 174.374 15.8297 13.9641 8.88719 7.16896 28062.5 837.074 424.821 266.549 14019.4 796.61 226.418 210.345 197.329 112.965 84.3638 87.9814 13222.8 1591.53 787.639 732.291 11631.3 196.861 55.3476 11434.4 7764.46 3132.86 1780.54 424.311 362.194 103.178 1352.32 4631.6 2099.87 3669.93 1240.56 1356.23 879.683 511.771 419.217 476.55 92.5539 412.765 2531.73 696.155 457.475 323.959 296.766 119.782 92.4959 57.5189 176.984 44.6546 1453.51 990.326 533.026 125.107 463.187 102.799
internal_count=439148 385653 53495 20162 1857 1660 1101 911 143316 4293 2175 1383 242337 15062 4230 3954 3626 2125 1501 1743 227275 37475 18224 16919 189800 2864 1305 186936 116887 47394 26690 6461 5632 1509 20704 69493 30525 70049 23181 20229 13642 7576 6192 6587 1384 5532 38968 10930 7590 5284 4825 1866 1506 891 2959 762 21145 14240 7805 1914 6905 1572
cat_boundaries=0 1 2 3 4 5 6 7 8 9 10
cat_threshold=3265282 30493830 8407682 14595092 36590 1372866 10488852 14944774 1330728 1512064
is_linear=0
shrinkage=0.04


Tree=116
num_leaves=63
num_cat=7
split_feature=0 2 48 25 27 0 35 25 25 54 53 15 15 16 15 56 35 56 0 53 39 25 54 8 25 46 46 7 16 45 25 34 35 26 13 46 53 54 25 16 27 4 26 35 39 39 20 54 34 51 49 28 7 27 7 13 49 27 13 34 14 14
split_gain=29.1878 13.9218 10.4187 10.0723 11.903 12.7474 9.36656 14.4714 14.0127 12.4148 11.8103 10.7153 10.5944 11.1808 10.101 9.72156 11.8346 11.9885 10.8883 16.2242 9.29188 9.68952 11.1081 8.98521 10.4233 8.77862 10.1819 13.1715 19.4897 12.2096 11.5867 13.109 9.88271 9.05945 17.8071 13.4687 24.0806 10.1852 8.73612 11.2581 9.26834 15.7882 19.3442 24.4274 13.2402 10.8454 11.3955 16.0773 10.7346 8.64165 8.50068 8.28774 8.28607 13.9212 8.79432 14.6621 12.8319 17.3193 16.0204 14.0706 9.58076 13.1118
threshold=-4.3508243560791007 -1.9594913125038145 -2.6750000715255733 0 1.5000000000000002 -3.4232381582260127 0.090833336114883437 1 2 0.047499999403953559 6.805000066757203 0.47405000030994421 0.35594999790191656 0.39765000343322759 0.34264999628067022 -0.0047870371490716926 -0.42750000953674311 -0.0071115635801106683 -2.9256050586700435 6.7349998950958261 -2.9158333539962764 3 -0.0058333333581686011 43.500000000000007 4 5.5000000000000009 4.5000000000000009 42.500000000000007 0.37064999341964727 3.5000000000000004 5 -1.1225000023841856 -2.3308333158493038 6.5000000000000009 3.685000061988831 3.5000000000000004 6.9049999713897714 -0.035833332687616341 6 0.5659499764442445 4.5000000000000009 0.81393188238143932 9.5000000000000018 -0.197500005364418 -0.87083333730697621 0.90916669368743908 1.5000000000000002 -0.0058333333581686011 -0.69249999523162831 -0.014999999664723871 -1.424999952316284 6.5000000000000009 56.500000000000007 1.5000000000000002 36.500000000000007 7.055000066757203 -0.67500001192092884 3.5000000000000004 4.7850000858306894 -0.15749999880790708 0.56610000133514415 0.57589998841285717
decision_type=2 2 10 1 8 2 2 1 1 2 2 2 2 2 2 8 2 10 2 2 8 1 2 2 1 10 10 2 2 2 1 2 2 2 2 8 2 2 1 2 8 2 2 2 8 8 8 2 2 8 8 8 2 10 2 2 8 10 2 2 2 2
left_child=38 2 3 4 5 -2 8 -8 12 10 15 25 13 -4 -11 16 17 -10 19 -18 21 22 -9 24 -3 26 30 -28 29 -29 31 -12 -33 34 35 36 -32 -37 40 -40 41 42 43 44 -1 -43 -47 -48 -49 -31 -34 -36 54 -54 55 56 57 -22 -59 -60 -56 -62
right_child=1 23 6 -5 -6 -7 7 20 9 14 11 -13 -14 -15 -16 -17 18 -19 -20 -21 52 -23 -24 -25 -26 -27 27 28 -30 49 33 32 50 -35 51 37 -38 -39 39 -41 -42 45 -44 -45 -46 46 47 48 -50 -51 -52 -53 53 -55 60 -57 -58 58 59 -61 61 -63
leaf_value=0.12778614838364244 0.085365919297014245 -0.0047043745408098612 0.0025598122271107628 -0.014942525886776676 -0.0032906215557812531 -0.0027937943970003992 -0.0062665209121343882 0.07463856963444658 -0.0076415710953254088 -0.0039919392389812418 -0.016655194943925193 -0.017240484485845302 0.0077997486466771949 -0.0096925007563038075 -0.020999553738787213 -0.0066995779916027643 0.071950582747048394 0.040183318267923623 0.0012456995897612503 0.0078213888224771683 0.00012524275923095273 -0.0053607274923991371 0.019687019149059383 0.00027845679123233985 0.016649990773341786 -0.0092124310834201147 0.0068052778825981311 0.099848063622812608 -0.009651322605846115 0.063159909960803978 -0.0029772916238461626 -0.0042718435247799834 -0.011293580874170414 -0.0064491044306810956 0.0010352710496638062 0.055398594878119642 0.08759719844286723 0.0035249324270330423 -0.021948137057110829 0.084741198409491542 -0.017900001725136633 -0.015964433846348568 -0.026048285243015026 0.24813233087008221 -0.020052556979861254 0.0030730311037185458 0.18832175718684332 0.091873448890801429 -0.040330198552177079 0.0041110680712647518 0.022686416577732689 -0.027480942419457893 0.045518530132335464 0.0014413304807205955 -0.0049616421132281383 -0.014912587134085185 0.0015137640295543613 -0.0021103404925524555 0.081311153765216082 0.029825773550680112 0.042605010266141774 0.0020738591095506142
leaf_weight=1.9038099460303781 5.3859353568404913 53.84695603325963 708.63263347977772 164.89234451577067 69.12422931753099 5.1177973281592113 1239.8537826547399 8.8669555792585033 90.154826561454684 139.73124597221613 24.123533603735268 41.787243301514536 507.56597884511575 143.25848063267767 93.098778109066188 611.17837640829384 12.31960908137262 9.2465555919334275 23.451381403952837 12.944045855663715 48.952104956842959 24.346213854849339 17.505780263803899 35612.292284894735 100.18304440379143 77.353371328208596 72.194744708016515 7.3369232034310725 9.9862437332048994 9.1699799355119449 8.1419219383969921 34.823480403982103 12.982311819680033 224.17854228056967 62.192159176804125 6.959348998963832 11.098458909429608 46.664003095123917 146.22912192367949 1.5998093932867039 41.07067739428021 31.225431054132059 2.8025894872844219 1.3866025153547505 1.9744972030166539 13.829868964152412 1.3994982051663098 2.118689721217379 1.8327738074585789 6.9868556549772647 127.1405014237389 22.102181479334831 15.994995170272885 40.479690848849714 1012.7670014491305 69.555913841351867 414.18066122056916 14.949814496561883 12.620064510963855 25.971170894801617 14.588604699820278 102.46571755595505
leaf_count=294 287 343 20088 6981 2582 127 31231 184 2280 5214 889 1152 13520 3973 3247 16958 370 249 366 405 1151 696 503 224695 633 2606 2147 214 338 337 208 897 342 6161 1770 173 288 1435 23412 253 6152 4660 381 177 288 1991 191 334 241 237 3381 652 442 1097 25218 1539 9582 368 314 549 333 2303
internal_value=-6.88568e-05 1.13923e-05 -0.00169691 -0.00979599 0.00243245 0.0424113 -0.00137852 -0.00295432 0.000150508 -0.00216295 -0.000892521 0.00248228 0.0032015 0.000499399 -0.0107926 -0.00447145 0.00472257 -0.00319278 0.0208736 0.0390935 -0.000663925 0.0162135 0.0276705 0.000320152 0.00996031 0.00356182 0.00500207 0.0164221 0.0371594 0.0570567 0.00292283 0.0104616 0.0147987 -0.0012541 0.00607653 0.0205586 0.0492689 0.0102572 -0.0137687 -0.0194761 -0.00303188 0.00689266 0.0588466 0.104037 0.0525195 -0.00142255 0.0222509 0.0718172 0.0305546 0.0376249 0.0195382 -0.00644175 -0.0011506 0.0139251 -0.00164674 0.00232854 0.00464958 0.0173216 0.033044 0.0466625 -0.00370938 0.0071253
internal_weight=42478.1 42230.7 6464.42 244.52 79.628 10.5037 6219.9 3063.1 3156.8 1797.35 1564.52 805.222 1359.46 851.891 232.83 759.295 148.116 99.4014 48.715 25.2637 1823.24 50.7189 26.3727 35766.3 154.03 763.435 686.081 105.675 33.48 23.4938 580.406 199.07 174.946 381.337 157.158 72.8637 19.2404 53.6234 247.373 147.829 99.5444 58.4738 8.0675 5.26491 3.87831 50.4063 19.1808 5.35096 3.95146 16.1568 140.123 84.2943 1772.53 56.4747 1716.05 586.23 516.674 102.493 53.541 38.5912 1129.82 117.054
internal_count=439429 401055 175384 9977 2996 414 165407 75510 89897 52316 43855 23227 37581 24061 8461 20628 3670 2529 1141 775 44279 1383 687 225671 976 22075 19469 3273 1126 788 16196 5509 4620 10687 4526 2104 496 1608 38374 23665 14709 8557 1140 759 582 7417 2757 766 575 574 3723 2422 42896 1539 41357 13503 11964 2382 1231 863 27854 2636
cat_boundaries=0 1 2 3 4 5 6 7
cat_threshold=5374998 21247544 2160210 12107778 21172792 8980748 3161858
is_linear=0
shrinkage=0.04


Tree=117
num_leaves=63
num_cat=8
split_feature=0 0 34 25 15 15 15 38 56 39 13 50 25 6 12 25 13 19 51 25 25 25 13 53 15 38 3 0 56 5 18 2 36 56 45 39 49 39 38 34 49 34 26 51 25 56 2 3 34 5 53 36 0 38 15 49 3 25 13 3 3 15
split_gain=30.7032 11.4021 11.9069 10.8332 11.7398 20.1261 9.69904 9.27071 8.95469 10.0682 10.8976 8.38443 16.864 10.2121 15.3552 12.1283 13.3099 11.2084 10.746 18.377 12.5997 9.96998 11.2359 9.88041 9.47867 12.4109 13.802 11.7302 10.2433 13.797 15.2709 13.9632 8.84692 8.72861 10.1807 9.96716 9.26948 8.75126 8.72697 9.90546 8.47124 13.156 15.9053 10.8508 9.73185 10.5054 15.5606 12.6342 10.9089 12.3479 8.28989 15.7818 8.45107 8.26252 8.24327 8.19067 8.11552 8.10466 11.1922 8.48043 15.3946 8.04077
threshold=-3.819631695747375 -1.964570105075836 2.4391666650772099 0 0.3173500001430512 0.31829999387264257 0.28755000233650213 0.012500000186264517 0.0092352037318050879 -1.4291666150093076 4.2550001144409189 0.21554999798536303 1 2.5000000000000004 0.38185000419616705 2 6.5750000476837167 1.0000000180025095e-35 1.0000000180025095e-35 3 4 5 6.4049999713897714 6.6649999618530282 0.33705000579357153 -0.020833333022892472 0.58357614278793346 -2.6038690805435176 -0.02190519310534 4.5000000000000009 10.500000000000002 -2.1128032207489009 -0.061841666698455804 -0.0033021022100001569 5.5000000000000009 -2.2318333387374873 3.6099998950958256 1.7954999804496767 -0.037499999627470963 -0.5741666555404662 -1.424999952316284 -0.86916667222976673 4.5000000000000009 0.034999999217689044 6 -0.015299926977604626 -2.7498325109481807 0.48833157122135168 -0.46750000119209284 3.5000000000000004 6.8650000095367441 -0.016774999909102913 -4.1701359748840323 -0.014166666660457848 1.0000000180025095e-35 -1.3350000381469724 0.36245073378086096 7 7.2149999141693124 0.62789148092269909 0.71805751323699962 0.34624999761581426
decision_type=2 2 2 1 2 2 2 2 8 10 2 8 1 2 2 1 2 10 10 1 1 1 2 2 2 2 2 2 10 2 10 2 2 8 2 8 10 10 2 2 10 2 2 10 1 10 2 2 2 2 2 2 2 2 2 8 2 1 2 2 2 2
left_child=3 2 11 6 -5 -6 8 -7 9 -1 -11 13 -13 15 21 16 54 33 19 23 -20 -15 -23 -16 27 55 61 -22 29 -28 31 -31 -19 34 40 -36 38 -37 39 -35 43 42 -42 44 -17 48 -47 -48 -46 -50 51 56 -53 -38 -2 -26 -10 -24 59 -59 -61 -27
right_child=1 -3 -4 4 5 7 -8 -9 50 10 -12 12 -14 14 18 17 -18 32 20 -21 24 22 57 -25 25 26 28 -29 -30 30 -32 -33 -34 36 35 37 53 -39 -40 -41 41 -43 -44 -45 45 46 47 -49 49 -51 -52 52 -54 -55 -56 -57 -58 58 -60 60 -62 -63
leaf_value=-0.0057660566904008219 -0.013823090433539438 0.00057485260165957095 0.037306102252592989 -0.01123622777408791 0.11175986247264184 0.0070698303957626874 -0.019944009572244993 -0.0084521596733091904 0.054433607247367587 0.10496738557427868 0.015820146933880497 0.0033313093876422522 -0.010485276263441224 -0.0099375182274664478 -0.025407797657764287 -0.010361357847252169 0.020859026828976692 0.01436135194606121 -0.0063069229613651858 0.0041040572860700144 -0.011367181800168154 -0.0045882347633900812 -0.0039512218103092949 -0.0028111524562748008 0.042675112028889219 0.016397632867378824 0.0045832040746154644 0.00043508682797309579 -0.0042894312044635162 0.00019869613420183153 0.075976653862989116 0.054340620697584267 -0.014038953065526617 0.01211076260693055 0.031854470159618106 -0.0098708984472167475 0.014793477148000129 0.024013293664681711 0.0019161608503783993 -0.031473604332551815 0.059638272531915934 0.0088001565607318533 0.015752798944588479 0.030404099679437881 -0.020099797245028861 0.059831210049030692 0.031693856059600164 -0.0064602675116840471 0.026744562936838561 -0.012709943659933377 -0.025437486817676148 0.014461448078813869 0.12257397735816616 -0.014416425383034743 -0.001729749707613652 0.010794951131717806 -0.015817219360596432 0.012961354523674142 -0.012991978456096143 0.075399711209510112 0.010714034412080124 -0.012704403997037015
leaf_weight=11.530630456982182 93.87548200879246 29014.713101759553 13.060950450599192 206.29218130535446 2.6264160021673879 144.48153276438825 187.15516494796611 107.27855760860257 2.9498478749301347 3.5743727535009366 5.6811473085545003 219.93922692816705 378.46141299884766 503.63402822893113 32.427567835897207 78.224969235248864 40.715272722765803 20.784554598852992 876.01646810676903 1349.2097205771133 195.80254879035056 866.38342772703618 53.307593519799411 684.31042447779328 14.277789652347563 17.190697237849236 92.279958775267005 432.04378679394722 86.589178560301661 21.795124310068783 9.7642143564298731 11.719687655568125 112.75409046374261 12.341940916143356 11.81537850666791 121.1847136085853 18.390475640073419 13.560014247894285 2954.5742307109758 25.751038564369082 19.008099815808237 277.83728575706482 43.34488838352263 21.015451798215508 34.834389694035053 11.852780707180498 23.837077341973782 33.264167256653309 28.080901691690087 23.158613672479987 31.995503043057397 2.1907051661983132 2.4513551327399901 98.388272448442876 2293.0539578776807 133.07348787691444 24.347454022848979 30.929810365661979 14.319714613258837 12.441404910758139 11.173551863990722 130.55216924287379
leaf_count=1299 1832 151381 134 19945 246 13162 20030 10372 300 332 532 3313 5864 8260 473 1416 650 396 12942 21016 4830 14538 851 11230 198 248 1285 4924 1421 556 212 130 2010 272 276 2332 278 215 54673 393 340 4061 805 348 691 394 383 492 371 385 3546 319 172 1666 42247 1827 2583 465 231 207 222 1812
internal_value=-4.38957e-06 0.000138503 -0.000866114 -0.00812227 -0.00405732 0.00160485 -0.0143336 0.00045569 -0.00363177 0.0191754 0.0502478 -0.000905716 -0.00552661 -0.000675113 -0.00192649 0.000413802 -0.00181108 0.00176964 -0.000658528 0.00137015 -0.00273222 -0.00539939 -0.00295694 -0.00378075 5.70851e-05 0.00406712 0.000156416 -0.00324561 0.00645766 0.0133224 0.0319563 0.0191314 -0.0096186 0.00216919 0.00607043 -0.00337206 0.00123948 -0.00646097 0.00167089 -0.0173525 0.00839842 0.0125266 0.0291311 0.00287526 0.000394987 0.00609753 0.0181245 0.00946728 -0.00282893 0.00891239 -0.0110467 0.00336935 0.071553 -0.00981641 -0.00220537 0.013884 -0.00822565 0.00836935 0.0161371 0.0267429 0.0447933 -0.00931822
internal_weight=42349.6 41617.1 12602.4 732.555 460.679 254.387 271.876 251.76 84.721 20.7862 9.25552 12589.3 598.401 11990.9 5579.24 6411.65 2427.64 3984 4087.05 2065.95 2021.11 1492.19 988.556 716.738 1145.09 517.242 369.891 627.846 222.148 135.559 43.279 33.5148 133.539 3850.46 741.019 146.56 3109.45 134.745 2992.67 38.093 594.459 340.19 62.353 254.268 233.253 155.028 68.954 57.1012 86.0739 51.2395 63.9349 31.9394 4.64206 116.779 2386.93 147.351 27.2973 122.172 68.8645 54.5448 23.615 147.743
internal_count=438334 365496 214115 72838 43725 23780 29113 23534 9083 2163 864 213981 9177 204804 87878 116926 44729 72197 63104 32719 30385 24774 16514 11703 17443 7689 5664 9754 3604 2183 898 686 2406 69791 12509 2823 57282 2547 55338 665 9686 5206 1145 4480 4132 2716 1269 875 1447 756 6920 3374 491 1944 44079 2025 2883 1976 1125 894 429 2060
cat_boundaries=0 1 2 3 4 5 6 7 8
cat_threshold=21236156 10716172 2793578 26227074 13436508 16911642 283792 3199520
is_linear=0
shrinkage=0.04


Tree=118
num_leaves=63
num_cat=11
split_feature=0 56 25 54 42 12 2 25 20 56 54 10 49 0 14 49 16 54 16 46 25 54 3 3 0 26 14 50 16 17 54 54 25 16 13 34 56 14 56 2 42 34 14 6 12 7 25 55 25 6 25 10 4 12 56 38 25 25 25 35 25 38
split_gain=25.4872 11.3243 15.0115 12.8922 11.1691 10.298 10.0103 9.86097 10.2641 10.3555 14.6353 11.6716 11.5716 14.3329 10.3624 11.033 9.81267 9.69654 9.47852 13.1078 9.27128 10.0112 9.56832 16.1843 19.7256 11.8954 28.4512 9.24487 9.19613 8.96923 10.3913 10.7084 12.3855 10.9706 10.6429 9.73577 10.8956 8.9607 8.83004 9.40314 9.08004 8.72051 8.65606 14.0798 14.6279 11.7323 15.3626 11.5892 17.5118 12.7427 20.7058 16.7543 14.8912 12.0938 11.8357 11.9804 13.9424 12.0502 11.5111 11.1491 19.349 12.0064
threshold=-4.0868606567382804 -0.0062194804195314637 0 -0.027500000782310959 5.5000000000000009 0.13215000182390216 -2.5151880979537959 1 2.5000000000000004 0.015319679398089649 -0.067500002682209001 0.16499999910593036 -7.9800000190734854 -3.4583823680877681 0.29394999146461492 -1.5049999952316282 0.47445000708103185 0.099166668951511397 0.2653499990701676 3.5000000000000004 2 0.075833335518836989 0.74991214275360119 0.75973206758499157 -4.3508243560791007 9.5000000000000018 0.2853000015020371 -0.018550000153481957 0.45475000143051153 9.2100000381469744 0.057500001043081291 -1.3322676295501877e-15 3 0.31590001285076147 6.4949998855590829 0.49083334207534796 -0.0089159063063561899 0.36384999752044683 -0.010796900372952221 -0.15593496710062024 3.5000000000000004 -0.035833332687616341 0.19685000181198123 2.5000000000000004 0.36454999446868902 35.500000000000007 4 1.5000000000000002 5 3.5000000000000004 6 0.14500000327825549 0.86823639273643505 0.49175000190734869 -0.0016278693219646809 -0.0025000000605359669 7 8 9 0.36083334684371954 10 -0.0058333333581686011
decision_type=2 8 1 2 2 2 2 1 8 8 2 2 10 2 2 10 2 2 2 10 1 2 2 2 2 2 2 8 2 8 2 2 1 2 2 2 10 2 10 2 2 2 2 2 2 2 1 2 1 2 1 2 2 2 8 2 1 1 1 2 1 2
left_child=20 2 29 5 27 -4 7 17 9 11 -11 -9 13 -13 15 -14 -12 -3 19 -6 21 22 -1 24 -24 26 -25 -5 -7 35 31 -31 -33 -34 -35 36 38 -28 39 -2 -40 -42 45 -44 59 46 -8 48 -46 50 52 -51 -49 -52 58 57 -57 -56 -50 -45 -61 -62
right_child=1 6 3 4 18 28 42 8 -10 10 16 12 14 -15 -16 -17 -18 -19 -20 -21 -22 -23 23 25 -26 -27 37 -29 -30 30 -32 32 33 34 -36 -37 -38 -39 40 -41 41 -43 43 44 47 -47 -48 49 54 51 53 -53 -54 -55 55 56 -58 -59 -60 60 61 -63
leaf_value=-0.0048633310021423985 -0.00048176002086011016 0.00089109121808410253 -0.020601328764461892 -0.0038245058342007933 -0.025926475691312404 -0.0027381571602518398 0.0044777920020695437 -0.0024299749946144738 -0.0074526261369251617 0.051389139865615885 -0.0056232706328285063 0.10697375064126866 -0.0016144033266184857 0.023766370652946112 -0.02581066525020842 0.060831668191288366 0.03213443808070568 -0.028241188321109233 0.014350942871213659 0.022077203848038272 -0.014920369232656565 -0.032952957808334918 0.011917578111359337 0.0033403913242362701 0.18483381291131382 -0.020062884139047759 0.17574128050019311 0.0026050319719559422 0.01077178950715748 -0.0015733530123863595 -0.023512797944180909 -0.0073024781326163557 0.0022547422199013971 0.028323968621884871 0.0024106670956463593 0.0076373401591898551 0.011588803650623708 0.059131102812374145 -0.023609886335629909 0.0076375065954553678 -0.01036451592104874 0.020516836088721159 0.0017465079822392448 -0.0074171897367298926 -0.0037341861270808116 -0.0031137143243821137 -0.0015394020277472032 0.027898365862886947 -0.020634376998254433 0.00053454099232434933 -0.0020647269117665189 -0.0032504329374181615 0.0040287198293904513 0.0059263759607109476 0.009562548991966317 -0.0045642005229304967 0.0046559344661506897 0.0030594436591996855 0.0012577613513572669 -0.0061008748506254842 0.0064692841111877132 -0.0016141107674054792
leaf_weight=140.6476810479071 685.45317552704364 942.7752618258819 49.458138523623347 477.31932354159653 23.718908818438649 1701.4663818255067 985.15660012699664 37.997987880371511 891.91573416348547 7.7531331246718755 301.54295089747757 5.6806208984926343 9.0945904999971408 7.9448052365332824 7.746861469000577 9.0134015623480099 11.430197520181535 18.641952330246568 181.15402858424932 14.767812525853513 230.8049912143033 16.146618000697345 2.2980634786654264 15.543977329274641 1.952263569459318 13.764698766637592 2.2202988080680361 1429.2082908162847 84.624851905740798 712.73748879227787 28.402079754509032 64.908806350082159 93.161613944917917 84.313301241025329 36.267322288826108 1079.9769517770037 182.57854309864342 2.0078187272883952 44.608692383393645 342.13889563083649 44.832550743594766 21.718573210760951 7712.2441994938999 682.08201905712485 669.13421997241676 3058.2177786771208 2126.9170409981161 42.84192218631506 52.671642366796732 3596.2022968754172 2271.2620536405593 3900.9765039924532 1748.7533246278763 349.67068025842309 794.16462850943208 470.83725067041814 567.92115820758045 1130.9040545970201 103.88626617193222 849.82170053385198 504.05473272874951 705.47837837226689
leaf_count=16401 9218 32851 711 5857 306 12071 8306 1359 32798 264 11456 283 373 217 290 357 424 784 2350 234 30961 1990 340 1851 152 1583 230 12415 609 5318 368 603 949 946 291 7136 2020 188 446 1489 551 203 61987 5417 3852 25040 18315 470 315 24759 16643 26946 12499 2400 4655 2916 3477 6509 623 5965 3453 5043
internal_value=1.86794e-05 0.000117446 0.00153954 -0.00014044 0.00197935 -0.00259662 -0.000186217 -0.00276504 -0.0050297 0.000270968 -0.00289944 0.0133951 0.028626 0.0584566 0.0129054 0.0294686 -0.00424431 0.000322856 0.0105209 -0.00750689 -0.0097231 -0.00265507 -6.21989e-05 0.0178081 0.0913416 0.00848877 0.0283655 0.000995329 -0.00209806 0.00347526 0.000342572 0.001026 0.00767466 0.012003 0.02053 0.00482013 0.0025175 0.120366 0.00106308 0.00222157 -0.00964627 -0.000286566 -6.58411e-06 0.000311364 -0.000288842 -0.00135421 0.00037484 0.000181933 0.00210859 -0.000431106 0.00127437 -0.00143488 0.00457398 -0.000994802 0.00336271 0.00393968 0.000477614 0.00580779 -0.0073452 -0.0029848 -0.00151674 0.00174014
internal_weight=42382.9 41957.6 7382.82 3961.72 2126.17 1835.55 34574.7 2251.54 1290.12 398.205 320.726 77.4783 39.4803 13.6254 25.8549 18.108 312.973 961.417 219.641 38.4867 425.386 194.581 178.435 37.7871 4.25033 33.5368 19.7721 1906.53 1786.09 3421.1 1019.79 991.389 278.651 213.742 120.581 2401.31 1321.33 4.22812 1138.75 1027.59 111.16 66.5511 32323.2 26152.9 18440.7 6170.29 3112.07 15699.2 3789.52 11909.7 4412.53 7497.18 1791.6 2620.93 3120.39 2963.83 1038.76 1925.07 156.558 2741.44 2059.35 1209.53
internal_count=438833 385137 64091 34553 21162 13391 321046 81456 47821 15023 12144 2879 1520 500 1020 730 11880 33635 2890 540 53696 22735 20745 4344 492 3852 2269 18272 12680 29538 8475 8107 2789 2186 1237 21063 13927 418 11907 10707 1200 754 239590 187929 125942 51661 26621 106064 22347 83717 32012 51705 12969 19043 18495 17557 6393 11164 938 19878 14461 8496
cat_boundaries=0 1 2 3 4 5 6 7 8 9 10 11
cat_threshold=15867172 15372310 3790082 6295556 20984624 5138 21321810 2712512 11427904 12847628 19294476
is_linear=0
shrinkage=0.04


Tree=119
num_leaves=63
num_cat=9
split_feature=0 25 36 0 6 12 25 11 25 48 6 0 50 26 34 8 15 26 2 34 14 12 11 8 11 35 13 36 35 14 25 13 25 17 0 25 25 50 25 50 14 14 11 31 39 17 28 12 46 2 35 20 54 0 14 4 16 54 14 14 25 54
split_gain=24.4592 13.403 11.4966 10.4344 11.1662 14.655 15.09 13.0709 14.4092 12.8389 11.1101 10.4453 10.3858 10.1853 15.8957 14.0962 10.4171 10.1667 10.4293 10.1062 10.0731 10.6335 10.0359 9.97795 15.6462 13.0213 12.7893 11.5021 10.3664 9.88076 12.5662 10.0914 11.8535 10.7549 10.756 21.196 9.44187 9.33186 9.29723 9.18114 9.31096 13.0309 10.3782 10.2814 9.01532 8.99933 8.88164 10.8609 15.5579 26.391 11.4565 17.1421 9.89487 12.6631 11.3259 8.85763 10.2808 9.27382 8.81942 8.81824 8.81448 8.70012
threshold=-4.0076992511749259 0 0.19288333505392077 -0.39616037905216211 2.5000000000000004 0.2388500049710274 1 6.4549999237060556 2 4.7149999141693124 3.5000000000000004 -0.76981878280639637 0.1090499982237816 6.5000000000000009 -0.43250000476837153 60.500000000000007 0.29674999415874487 6.5000000000000009 -1.4204602837562559 -0.56083333492279042 0.3031000047922135 0.21984999626874926 4.5850000381469735 54.500000000000007 6.7950000762939462 1.4775000214576723 6.1749999523162851 0.12244166806340219 1.8791666626930239 0.4277500063180924 3 5.7149999141693124 4 6.1549999713897714 -2.6567491292953487 5 6 -0.015749999321997162 7 -0.0784500017762184 0.56610000133514415 0.48160000145435339 5.555000066757203 -1.0000000180025095e-35 -0.76633331179618824 6.2099997997283944 5.5000000000000009 0.30449999868869787 5.5000000000000009 -3.3688447475433345 -0.95249998569488514 2.5000000000000004 -0.014166666660457848 -4.3508243560791007 0.41645000874996191 1.2766904830932619 0.37655000388622289 0.019166666083037857 0.23550000041723254 0.23550000041723254 8 -0.0041666666511446229
decision_type=2 1 2 2 2 2 1 2 1 8 2 2 8 2 2 2 2 2 2 2 2 2 2 2 2 2 2 2 2 2 1 2 1 8 2 1 1 10 1 10 2 2 2 2 8 8 10 2 8 2 2 10 2 2 2 2 2 2 2 2 1 2
left_child=1 2 46 4 5 6 12 29 9 11 17 23 13 14 15 19 -15 -10 -19 -2 21 38 -16 26 25 -25 27 28 37 30 59 32 -31 -33 35 39 58 60 -21 -35 41 42 -41 -42 -11 -36 61 -48 -49 50 51 -50 -52 -54 -55 56 57 -44 -7 -6 -9 -1
right_child=3 -3 -4 -5 7 36 -8 8 10 44 -12 -13 -14 16 22 -17 -18 18 -20 20 -22 -23 -24 24 -26 -27 -28 -29 -30 31 -32 33 -34 34 45 -37 -38 -39 -40 40 43 -43 55 -45 -46 -47 47 48 49 -51 52 -53 53 54 -56 -57 -58 -59 -60 -61 -62 -63
leaf_value=0.0064581039780257513 0.002706382367597287 -0.014459427185465182 0.069399205311134374 0.0023197041517508126 0.0050972879199258584 -0.0022115358535980539 -0.0027856068147790874 -0.0054636940569297047 0.0014827309642540276 0.014577524340953857 0.0011859455394599299 -0.011572372870730843 0.003365703302664337 0.0022438842235806707 -0.0070525545298879997 0.05411724207089668 -0.0098398102682774446 0.0002267515554591268 0.015508422336571029 0.029302130936113956 -0.014873061512879242 0.056771439485356547 0.0095757071960329669 -0.010509873279738867 -0.016401360201275736 0.012916786919217067 -0.002869158343458579 0.026836448429314999 0.017828249626691807 -0.0032886129750647692 -0.003095514338543391 -0.0038673734970621214 0.014968671754880532 -0.013391754424504104 0.021899004130110554 -0.01501122187509798 0.0027586218243149615 -0.0046870455559255581 -0.0041152612845710953 -0.019255876186574965 0.070809927708184978 -0.01085581623434791 0.051659157156927135 0.0093862835745593988 0.0015055771801564736 0.00096035754689684271 -0.0037614400504477927 -0.0065409188503673266 0.18248545640509237 0.18197967893741079 -0.040508383909378727 0.02153308753514593 -0.0064267603927012276 0.018002699680254936 0.12058176617450203 0.059924126419357501 -0.021639237292572812 -0.0022830920018923721 0.0016398927578833136 -0.00099048042058673229 0.012636271730073352 -0.020836402321774781
leaf_weight=27.288874906953424 448.99797493778169 273.97864594962448 3.6399353134911498 3299.6708330437541 505.21102804783732 1482.6597790382802 2993.1109811328351 59.145957521162927 320.63013080041856 101.64371077716351 4803.0051220059395 199.50021901726723 1651.4651120491326 171.40290023293346 371.67225529439747 9.4973060833290202 341.72249990608543 98.685400502756238 258.95823377370834 21.495330249890685 11.883354621939359 13.45303471572697 68.828732146881521 77.178707563318312 180.81896728463471 74.710709768347442 1480.2038859110326 34.202150833792984 64.129511268809438 92.469958283938468 6358.122129865922 1122.2078602574766 138.12074310425669 30.943751651793718 33.131454464048147 181.29805371630937 5843.2965365685523 237.38136847224087 25.668573853559792 8.8786514801904541 8.1658026594668627 39.947311779484153 13.660003861412411 9.3555983863770962 498.0275487229228 3762.6122432127595 88.391698034713045 18.853888653451577 1.7938674362376392 1.9764331970363844 3.9589995807036837 2.5835455106571317 7.0826924182474675 3.4144086996093259 3.4747745199128985 10.592128125950692 7.9408766087144604 8.1370688239112479 2654.4078199481592 1544.7545240540057 127.11307757068425 59.263883617240936
leaf_count=2960 10035 33896 367 19088 4239 15571 39583 634 2088 434 35116 822 11894 3810 5422 248 6980 1535 1357 365 195 242 968 879 1674 550 13581 258 396 784 54368 9290 1134 850 213 4850 58798 2137 440 247 222 1057 337 240 2309 24233 10477 1768 177 132 363 314 998 253 256 259 220 250 25511 13192 1195 6928
internal_value=5.62342e-05 -0.00877694 -0.00105547 0.000160736 -2.38189e-05 0.000780038 -0.000759471 -0.000599598 0.000624166 -0.00153703 0.0018593 -0.00278729 0.00117941 -0.00124463 0.00116323 0.00582346 -0.00580341 0.00665486 0.0112917 0.00494395 0.0188013 0.0254028 -0.00445437 -0.00203666 -0.00845122 0.00101313 -0.000970729 0.00441282 0.00284049 -0.00135943 -0.00222018 -3.57454e-05 0.00815378 -0.000396348 0.000550318 -0.00650517 0.00172549 0.000571684 0.0164553 0.0053989 0.0113556 0.0061168 0.019895 0.0380126 0.00372126 0.00114312 -0.0022798 0.00426842 0.0207217 0.0418876 0.029476 0.0874915 0.0153128 0.03113 0.0697417 0.0285141 0.0173264 0.031522 0.000258975 0.000507366 0.00727377 -0.0122308
internal_weight=42395.8 495.702 221.723 41900.1 38600.4 16109.6 6129.2 22490.9 8615.33 3134.06 5481.28 2534.38 3136.09 1484.62 971.497 530.996 513.125 678.274 357.644 521.498 72.5003 60.6169 440.501 2334.88 332.708 151.889 2002.18 521.972 487.77 13875.5 8408.09 5467.46 230.591 5236.87 4114.66 318.919 9980.36 423.64 47.1639 137.621 106.677 89.156 49.2087 17.5214 599.671 3795.74 218.083 131.53 43.1386 24.2847 22.3083 4.37741 17.9309 13.9719 6.88918 40.3301 29.7379 21.7971 4137.07 2049.97 186.259 86.5528
internal_count=438989 58889 24993 380100 361012 180062 80182 180950 64965 24869 40096 22126 40599 28705 17915 11525 10790 4980 2892 11277 1242 1047 6390 21304 3103 1429 18201 4620 4362 115985 71799 44186 1918 42268 32978 8532 99880 3966 805 3682 2832 2370 1313 462 2743 24446 24626 14738 4261 2493 2361 491 1870 1507 509 1066 807 587 41082 17431 1829 9888
cat_boundaries=0 1 2 3 4 5 6 7 8 9
cat_threshold=11645704 30183178 17636000 2428948 7433480 13606984 15516172 25199106 16783360
is_linear=0
shrinkage=0.04


Tree=120
num_leaves=63
num_cat=9
split_feature=0 26 49 34 25 34 35 4 38 31 12 25 9 56 25 45 56 34 7 17 51 15 25 18 25 34 0 10 38 13 56 38 3 30 53 3 48 3 17 53 25 18 48 10 56 12 16 15 34 25 20 25 4 34 4 4 13 3 34 25 34 34
split_gain=24.3216 12.7064 11.5268 10.9564 9.43658 20.4498 11.2206 12.6798 11.6736 9.24363 12.3515 21.0353 11.5007 10.7465 13.3102 10.4405 12.4723 11.0262 9.88993 11.284 9.72435 9.42082 23.7195 12.3105 11.5826 9.81059 10.3765 9.16579 11.6285 10.8525 9.06008 9.01405 10.0747 11.2478 8.96661 13.5903 9.31141 8.89099 8.87073 8.67966 8.85925 9.0582 8.83071 8.60031 8.54558 8.44676 8.27983 11.5416 8.11527 8.62188 7.85298 7.67397 8.88545 7.67013 7.58223 9.63086 8.4036 9.63533 7.97984 7.51818 9.17041 10.4134
threshold=-3.308025479316711 5.5000000000000009 -7.9800000190734854 1.122500002384186 0 0.58249998092651378 -0.44583332538604731 1.1758013963699343 0.010833333246409895 -1.0000000180025095e-35 0.23719999939203265 1 1.5000000000000002 0.032498849555850036 2 5.5000000000000009 0.025252571329474453 -0.29249998927116388 28.500000000000004 7.2699999809265146 -0.014999999664723871 0.40039999783039099 3 46.500000000000007 4 -0.26249998807907099 -0.57046681642532338 0.19500000029802325 0.027500000782310966 5.8450000286102304 0.0098766968585550802 -0.0025000000605359669 0.7029065489768983 3.5000000000000004 6.7650001049041757 0.41137658059597021 -3.004999995231628 0.61949941515922557 8.0549998283386248 7.0150001049041757 5 22.500000000000004 -2.2649999856948848 0.22500000149011615 -0.023561449721455571 0.37870000302791601 0.23825000226497653 0.47405000030994421 1.9274999499320986 6 4.5000000000000009 7 1.3015865683555605 1.4508333802223208 1.2242154479026797 1.5988840460777285 5.1150000095367441 0.43063625693321234 -1.4158332943916319 8 -0.88583332300186146 -0.46750000119209284
decision_type=2 2 8 2 1 2 2 2 2 2 2 1 2 10 1 2 10 2 2 10 10 2 1 10 1 2 2 2 2 2 10 2 2 2 2 2 10 2 8 2 1 8 8 2 8 2 2 2 2 1 10 1 2 2 2 2 2 2 2 1 2 2
left_child=1 3 51 34 5 6 7 8 -3 10 11 12 31 21 37 17 54 39 -16 -20 -19 23 46 24 25 -11 38 -26 -29 -30 45 32 -4 -34 36 -36 -1 -15 44 40 42 -42 -13 -38 -27 -24 47 53 59 -50 -41 -2 -53 -23 58 56 -56 -58 -17 -12 -61 -62
right_child=2 4 9 -5 -6 -7 -8 -9 -10 13 48 15 -14 14 18 16 -18 20 19 -21 -22 22 30 -25 27 26 -28 28 29 -31 -32 -33 33 -35 35 -37 43 -39 -40 50 41 -43 -44 -45 -46 -47 -48 -49 49 -51 -52 52 -54 -55 55 -57 57 -59 -60 60 61 -63
leaf_value=-0.020283178863379318 -0.0031323555330704839 0.081189693990525655 -0.0018954055898260753 0.047186477632189971 -0.0076903308594938428 0.091315737924984139 -0.016044167664910628 -0.0081745091227196365 0.0062110462123701454 0.0074716912959259278 0.00022486509640316844 -0.021782882877289338 0.0086896133178549443 -0.00355352181605896 0.0066301879010530161 0.02082776102748532 0.03604699375572569 -0.00046732627508168937 -0.010744378638680782 -0.032347484815970169 -0.011730491682871746 -0.00083654813106349144 -0.0056501719888163403 0.020485836363483362 -0.0014052616699324883 0.012888511706623137 0.003142181745895623 -0.018105557915304514 0.008077662335630344 -0.018122387078269225 -0.010380230847183345 -0.0066638901399475028 0.050096352504253025 0.0032653420465187143 -0.017176265491052087 -0.00054732156462784321 0.0074054952451343163 0.015085473508568297 -0.0022343694846814451 0.0056211860151387429 -0.0047579702245077286 0.0055967448597225499 -0.0017271494567946779 0.065754289121308429 0.00082092140478696616 0.00085996419943479979 0.0057655868906874297 -0.01346964617688882 0.021018347124706478 0.00062546224225167176 0.02801041284108197 0.053513930609342814 0.015020876831968811 0.020465200074309218 0.0067476773672529248 -0.010325926612165573 0.0086431012133749568 0.042635396779435751 -0.011462937003313401 0.0090536437628634479 -0.0021860881157376743 0.002216822859549794
leaf_weight=19.595312355086207 26.629112238064408 7.5303524504415709 438.13917216472328 7.705716998782008 1118.8288797007408 4.5315722045488647 25.64532500738278 12.204071755986659 5.9455418530851603 319.83233632519841 6610.3309837374836 37.543105587363243 104.31236445344985 137.54735280759633 39.233925525099039 14.78570321574807 21.487297425046563 296.61170946247876 196.15156168490648 48.190077168866992 209.11666103452444 99.533619586378336 421.33343657664955 43.889588497579098 9092.4583561550826 100.26464527472854 1478.0648651048541 120.19557039812207 78.644563797861338 37.28966986015439 170.75306782498956 1325.7311693821102 12.881181236356495 22.607991551980376 96.253893312532455 429.6087093714159 195.93010320072062 58.30422099493444 2529.1214448790997 91.909784318879247 170.18702065199614 656.98183244280517 545.77320117503405 4.1268905100878319 1476.8322149962187 1311.4072521440685 1641.8941228482872 90.422962475568056 58.902131278067827 76.414608981460333 34.464618621394038 16.759882379323244 22.443115934729576 37.135915810242295 352.83931680954993 45.92188361287117 30.161295300349593 23.926055300980806 71.26047920435667 284.60114703141153 957.81965159066021 8370.6899901013821
leaf_count=1980 339 424 4116 326 70909 192 1281 706 377 3001 54930 730 1053 948 293 291 249 2102 1507 341 2473 711 2871 328 63600 687 7756 903 645 243 1204 14039 230 442 6317 27785 10701 453 18815 949 1602 6664 5036 314 11145 8494 11215 613 332 431 387 244 235 207 3545 357 244 246 1251 3010 9189 66988
internal_value=6.85887e-05 -0.00432081 0.000277744 -0.000265455 -0.00692114 0.00836509 0.0026711 0.0213611 0.0481092 0.000250487 0.000835876 -0.00101832 -0.00420104 -0.000374976 -0.00628971 0.00132043 0.00616204 -1.39996e-06 -0.0116026 -0.015005 -0.0051246 -0.000226114 0.00156394 -0.000668161 -0.000729111 0.000657354 0.00026825 -0.0016056 -0.00938772 -0.000349453 -0.00158103 -0.00497169 -0.000235054 0.0202632 -0.000755923 -0.00359108 0.00603165 0.00189831 -0.000766244 0.00168447 0.000784685 0.00342489 -0.0029671 0.00860915 0.00158812 -0.000723041 0.00475003 -0.00238333 0.00134668 0.0111018 0.0117271 0.0170018 0.0250798 0.00495157 0.00497044 0.00703865 0.00899825 0.0236799 -0.00591428 0.00126532 0.00197848 0.00176475
internal_weight=42387.6 1927.91 40459.7 753.221 1174.69 55.8569 51.3253 25.68 13.4759 40393.9 20865.4 4506.64 1903.67 19528.5 479.427 2602.97 560.382 2042.59 283.576 244.342 505.728 19049.1 3772.48 15276.6 15232.7 5904.12 5584.28 9328.59 236.13 115.934 1903.49 1799.36 473.628 35.4892 745.515 525.863 219.652 195.852 4106.22 1536.86 1410.49 827.169 583.316 200.057 1577.1 1732.74 1868.99 227.092 16358.8 135.317 126.374 65.8321 39.203 136.67 538.895 452.849 406.927 54.0874 86.0462 16223.4 9613.11 9328.51
internal_count=438996 121312 317684 47423 73889 2980 2788 1507 801 316866 180886 46006 19880 135980 3542 26126 6183 19943 2141 1848 4575 132438 25315 107123 106795 41404 38403 65391 1791 888 12569 18827 4788 672 47097 34102 12995 1401 30647 15368 14032 8266 5766 11015 11832 11365 12746 1531 134880 763 1336 818 479 918 5934 4392 4035 490 1542 134117 79187 76177
cat_boundaries=0 1 2 3 4 5 6 7 8 9
cat_threshold=2097152 2307796 11084856 19201554 10354854 16795688 26132784 2591382 20481322
is_linear=0
shrinkage=0.04


Tree=121
num_leaves=63
num_cat=0
split_feature=0 0 50 50 38 54 4 56 7 3 38 54 53 15 56 6 34 18 56 18 56 13 53 43 56 13 6 12 4 12 13 26 2 53 11 31 26 48 18 20 11 50 15 45 18 17 15 54 5 16 15 11 50 34 17 48 2 34 3 18 11 27
split_gain=23.8107 9.6232 10.5724 11.0365 11.3075 13.8374 27.9242 11.1407 16.3557 9.46192 9.44997 10.3541 9.1253 9.95202 10.879 10.3593 18.1317 10.506 8.38645 8.29359 8.94714 8.14068 12.8181 11.5043 10.0373 8.40321 9.38018 14.7805 12.9037 11.3171 9.93506 9.1857 10.4288 8.87854 8.82728 9.37008 8.89364 9.82836 11.5286 8.35731 9.66406 8.11046 12.7375 8.41617 8.07555 9.40362 10.4823 7.99733 7.88012 7.56157 7.51574 7.51309 10.0688 9.23801 7.8793 7.57303 11.7852 7.60041 7.49567 8.37436 10.3468 10.2973
threshold=-4.6479060649871817 -3.1395276784896846 -0.0083499997854232771 -0.0019500000635161994 -0.0025000000605359669 0.014166666660457851 1.1695683002471926 -0.041476912796497338 34.500000000000007 0.31389704346656805 -0.007500000298023223 0.015833333600312475 6.7449998855590829 0.26725000143051153 -0.0041456359904259435 2.5000000000000004 -0.30250000953674311 39.500000000000007 -0.040122922509908669 27.500000000000004 0.013605922460556032 8.0650000572204608 6.7349998950958261 3.5000000000000004 0.0019320855499245229 7.4249999523162851 2.5000000000000004 0.23719999939203265 1.0885146856307986 0.61004999279975902 6.1849999427795419 6.5000000000000009 -1.40559846162796 6.9949998855590829 5.5250000953674325 -1.0000000180025095e-35 10.500000000000002 -1.2749999761581419 4.5000000000000009 1.5000000000000002 5.4549999237060556 -0.064249999821186052 0.15820000320672992 3.5000000000000004 34.500000000000007 3.0650000572204594 0.31675000488758093 0.057500001043081291 3.5000000000000004 0.30345000326633459 0.25505000352859503 4.5450000762939462 -0.13735000044107434 -0.59916669130325306 3.6150000095367436 0.12499999627470972 -3.3314394950866695 0.060833333060145385 0.3466599732637406 11.500000000000002 4.6449999809265146 1.5000000000000002
decision_type=2 2 10 10 2 2 2 8 2 2 2 2 2 2 8 2 2 8 8 8 10 2 2 2 8 2 2 2 2 2 2 2 2 2 2 2 2 8 10 10 2 8 2 2 10 8 2 2 2 2 2 2 8 2 8 10 2 2 2 8 2 8
left_child=18 2 12 4 5 6 -4 8 -5 10 -9 -12 13 -2 15 16 17 -15 -1 20 -16 25 23 24 -23 26 27 -3 34 31 -31 44 -33 -34 36 -36 37 38 -28 40 -39 42 -27 49 45 46 -30 -35 -25 -44 -43 52 -21 -53 -54 56 -55 -58 59 -29 -61 -62
right_child=1 21 3 7 -6 -7 -8 9 -10 -11 11 -13 -14 14 19 -17 -18 -19 -20 51 -22 22 -24 48 -26 41 28 58 29 30 -32 32 33 47 35 -37 -38 39 -40 -41 -42 50 43 -45 -46 -47 -48 -49 -50 -51 -52 53 54 55 -56 -57 57 -59 -60 60 61 -63
leaf_value=0.083455364054379491 -0.011078298546188385 -0.00096176544318944061 0.14520327499817628 0.08074484044068235 0.0052227889013025577 0.0071429281795903216 0.0084261772176825473 0.070632424180359629 0.0012559573693277923 -0.0018436845276777799 -0.019347676778201005 0.042756650229176872 -0.0071597390061640667 0.047489462282843196 -0.02283318121186298 -0.0095800728781486218 0.099811310579351303 -0.014998022017619997 -0.018942714263716479 0.067924948611547381 0.036927414690610248 -0.001621922137500696 -0.00063929510860285122 0.0057503773331251673 -0.028184495903880721 0.021603253253197091 -0.0035206837397815183 -0.010822122501519265 -0.00065395551151916341 -0.0053281544875171281 0.011150806105563371 -0.003360962859946299 0.00076976192561832287 -0.0072017503755704617 0.0049788763847790525 0.00073875672564686229 -0.015306488000622315 0.010927149449280161 0.046722589238323953 -0.0078139326263268246 -0.016731900941287882 -0.0043477127310035737 -0.013538121944287834 -0.020052294850822574 0.003186285675294278 -0.0023029475819995719 -0.032320705283430277 0.0064188440739447348 -0.018191408744147156 0.0024676479198183937 0.004779350055661772 -0.041144794680042292 -0.016501174343335194 0.074337946112356085 0.022095043029324073 -0.013650209415778205 -0.0093201984464958351 0.039549686413469988 0.0021248757354973202 -0.0069520534374856672 0.011298518303569559 -3.2326472197139756e-05
leaf_weight=1.2934687358792869 71.794822596013546 5225.2133346740156 4.7208220460452157 6.5522455014288452 44.040493909735233 9.1288624391891044 4.8333589374087751 5.3657459621317711 11.257671175990252 1209.1515739508905 9.1368102077394742 8.1059006429277343 918.99181039538234 9.9175788634456712 30.610379348043352 8.8111142674460989 6.2305145394057062 7.6069415202364317 120.38423279300332 5.8684821091592312 4.6124292509630314 31.199889872223139 475.93747162073851 64.859424658119678 84.15517857670784 29.72364142909646 15.038730736821892 129.81082760542631 31.740990914404392 80.396577872335911 215.29156739264727 1448.536883097142 6382.642010230571 399.99177766218781 1066.3101038001478 3825.698291067034 91.037796558812261 96.977512439712882 14.212760273367165 225.7151943333447 25.533406682312489 160.70013080909848 68.408122126013041 54.399938615038991 431.84729131311178 8055.1811851579696 35.354264613240957 83.343146022409201 33.283114966005087 152.51498680561781 1419.1749345473945 8.4280171459540707 11.393388492986558 4.8692674539051941 32.902426688466221 21.790855440776795 16.238895106129355 7.4177252966910592 8236.0182820856571 266.96779429540038 157.73047835752368 688.38642403110862
leaf_count=233 3168 47589 206 268 2089 441 205 243 417 56077 392 386 44190 427 1366 344 221 325 24262 266 203 183 3261 396 549 207 249 869 215 483 1294 19711 33138 2140 10987 29487 1334 915 230 2067 223 1007 484 546 3049 52121 231 480 253 1089 9329 375 559 345 1504 914 559 254 67450 1760 1027 4546
internal_value=-0.000185003 -0.000134156 -0.00255178 -8.82939e-05 0.0162846 0.0423599 0.0760092 -0.000910148 0.0304998 -0.0013643 0.0242741 0.00984794 -0.00532083 0.00147992 0.00658249 0.0274628 0.0412025 0.0203653 -0.0178542 0.00186466 -0.0150075 1.6464e-05 -0.00429227 -0.0124356 -0.0210002 9.24112e-05 -3.95126e-05 0.000746331 -0.000552508 -0.00108754 0.00667023 -0.00122352 -0.00027675 0.000373937 0.00116065 0.00166297 -0.00408443 -0.00137796 0.0208916 -0.00324863 0.00516252 0.00269803 -0.00327321 -0.00595885 -0.00214377 -0.00242716 -0.01734 -0.0048531 -0.00236901 -0.00248849 0.00385097 0.00732138 0.0186904 -0.00238708 0.0121677 0.00410481 0.0176678 0.00600335 0.00168791 -0.00120761 -8.63427e-05 0.00207993
internal_weight=42404.8 42283.1 2479.78 1312.29 62.7235 18.683 9.55418 1249.57 17.8099 1231.76 22.6085 17.2427 1167.48 248.493 176.698 32.5661 23.755 17.5245 121.678 144.132 35.2228 39803.3 689.435 213.498 115.355 39113.9 37229 14704.1 22524.8 17164.3 295.688 16868.6 8314.51 6865.98 5360.52 4892.01 468.515 377.478 29.2515 348.226 122.511 1884.92 305.047 275.323 8554.12 8122.28 67.0953 483.335 98.1425 220.923 1579.88 108.909 50.1643 58.7448 44.2958 50.3167 28.5259 23.6566 9478.91 1242.9 1113.08 846.117
internal_count=439138 414643 115744 60724 2941 852 411 57783 685 57098 1021 778 55020 10830 7662 1317 973 752 24495 6345 1569 298899 4642 1381 732 294257 281595 123241 158354 112862 1777 111085 55469 35758 45492 40474 5018 3684 479 3205 1138 12662 2326 2119 55616 52567 446 2620 649 1573 10336 4776 2329 2447 2063 2072 1158 813 75652 8202 7333 5573
is_linear=0
shrinkage=0.04


Tree=122
num_leaves=63
num_cat=10
split_feature=0 0 20 16 25 16 18 54 4 3 49 4 5 25 56 25 15 18 2 50 11 54 31 49 4 39 7 25 13 34 26 13 20 56 26 4 25 16 13 14 18 25 48 7 25 56 15 20 34 36 56 39 25 39 16 25 25 7 20 36 36 13
split_gain=20.1796 10.3502 9.07463 18.4625 10.4301 15.9386 11.8523 10.731 10.1789 10.3557 9.95588 13.2074 9.22704 9.66445 8.38063 11.1196 11.7594 18.7994 8.1878 8.13242 9.13343 13.4816 11.3107 8.10082 8.04188 7.84911 9.3437 8.62578 11.7503 14.036 8.32361 7.5599 7.52889 7.4344 8.53771 7.76175 7.60134 7.54847 7.36668 8.23794 7.35532 8.33862 7.54204 10.4879 7.1728 13.8639 10.2569 9.9122 9.7658 10.2456 11.5211 10.1762 11.1724 11.079 10.3068 11.2322 10.3991 9.64726 9.83297 13.9218 9.56001 9.50826
threshold=-4.7829072475433341 -2.2816562652587886 1.5000000000000002 0.48849999904632574 0 0.378250002861023 32.500000000000007 0.015833333600312475 1.4563613533973696 0.38688567280769354 3.9550000429153447 1.3631339669227602 3.5000000000000004 1 0.02395727671682835 2 0.40854999423027044 16.500000000000004 -1.4780043959617613 -0.05525000020861625 5.2750000953674325 -0.022499999962747094 -1.0000000180025095e-35 -3.1450001001358028 1.3191965222358706 -2.5541666746139522 21.500000000000004 3 6.7049999237060556 0.71583330631256115 2.5000000000000004 6.7249999046325692 1.5000000000000002 -0.019371869973838326 10.500000000000002 1.4215795993804934 4 0.32149998843669897 4.5950000286102304 0.33875000476837164 2.5000000000000004 5 -0.41499999165534968 41.500000000000007 6 0.038922058418393142 0.24424999952316287 4.5000000000000009 0.75249999761581432 -0.135574996471405 0.026652040891349319 1.3336666822433474 7 -2.1545000076293941 0.21455000340938571 8 9 52.500000000000007 5.5000000000000009 0.017775000073015693 0.098708335310220732 8.305000305175783
decision_type=2 2 8 2 1 2 10 2 2 2 10 2 2 1 10 1 2 10 2 8 2 2 2 8 2 8 2 1 2 2 2 2 10 10 2 2 1 2 2 2 8 1 10 2 1 10 2 10 2 2 8 10 1 8 2 1 1 2 8 2 2 2
left_child=-1 14 3 4 5 7 18 10 19 -10 33 -12 13 -5 40 16 23 -18 -6 -7 24 -22 -23 32 -21 27 -27 -4 29 30 -29 -9 -16 34 -3 36 -35 -37 -32 -40 41 42 -2 -44 -28 48 -47 -48 51 50 -50 52 53 -46 55 -53 -56 61 59 -59 -55 -51
right_child=1 2 25 12 6 8 -8 31 9 -11 11 -13 -14 -15 15 -17 17 -19 -20 20 21 22 -24 -25 -26 26 44 28 -30 -31 38 -33 -34 35 -36 37 -38 -39 39 -41 -42 -43 43 -45 45 46 47 -49 49 57 -52 54 -54 60 56 -57 -58 58 -60 -61 -62 -63
leaf_value=-0.018701025565427049 -0.015182291859190705 0.00030106358032146527 -0.0023797444598031986 0.0052741367732892491 0.0057376848791580361 0.017812135497238729 -0.00907355363427843 -0.0077296256031609114 0.0095293091555238522 0.032264664719820695 0.033168527972722329 -0.00010869388951149575 -0.028429962520277199 -0.01393310206825973 0.052892793486388 -0.011864883915928746 0.070134547661236057 -0.0091717099727243925 -0.0014949374450715163 0.0056803568104795811 -0.0036425769839847884 0.028446868055059308 0.0059240657009164725 -0.0055940388547061357 -0.01680274029185367 0.0088381445078864595 0.0013894743309041679 -0.0066521661654055202 0.028523665798326447 -0.013982520766485878 0.018067179823230056 0.005813729883198393 0.0055797604454371546 -0.00067643774557670162 -0.010607484992340526 -0.010811247010046312 0.013173385904451076 0.0095000798451809251 -0.0047565051587465006 0.013870682474404501 -0.00060504963833822351 -0.015049947034861972 -0.0033801065063034648 0.038066126192741793 -0.015393423631539432 0.0063623949057720203 -0.030587734759473503 -0.0071600130655385206 0.020126025268971736 0.00076969539055151781 0.0024019568449509155 0.0034270457750798285 -0.0015155035679487081 0.0015622380011385379 -0.010617888922347723 -0.024880094799631717 -0.0011068534806442972 -0.0077930776464362984 0.013174002846496141 0.014118702228524018 0.0098562504749538232 -0.01245664223129897
leaf_weight=91.173515738220885 21.889079907443374 979.07247587293386 169.53911535441875 59.201482057571411 267.61803303658962 60.807187169790268 315.32429818809032 389.933160841465 113.2228189855814 44.7140798792243 35.958241112530231 40.662224821746349 44.36625349521637 119.25542467087507 7.1465172874741283 246.29855800629593 9.5641280119307357 9.5656107286922616 3900.4998001754284 42.087870426476002 132.3989822268486 54.323172010481358 103.92318767309189 173.714725170983 64.408416397869587 224.59623280912638 11239.161186702549 46.484891325235367 41.961382746696472 48.113118901848793 143.44976765662432 79.36783142387867 21.786747922888026 99.730843432247639 130.04388910531998 76.908329911530018 191.70708871632814 47.268132351338863 69.279659360647202 84.104372464120388 8617.6336004906334 106.51440937910229 23.283587653655559 16.82968338066712 56.759951464831829 37.242082573473454 52.725427590310574 63.933303199708462 96.126774817705154 5500.1111150309443 150.63155887275934 36.28059808909893 3688.895781993866 1957.4254582151771 222.92249166220427 61.766408830881119 913.05119026452303 120.91971855610609 202.8296201005578 75.274822682142258 250.8519074767828 88.361548982560635
leaf_count=19264 500 5397 961 319 2667 404 1805 2402 657 264 235 247 304 638 215 7025 220 247 21143 248 710 297 579 4492 346 1344 64983 265 219 257 840 474 690 554 775 430 1060 265 368 431 213678 2206 448 349 311 213 302 377 559 30944 850 221 21340 11435 1340 374 5344 679 1143 415 1455 500
internal_value=9.70706e-05 0.000137598 0.000468801 -0.000765899 -0.00041351 0.00155449 -0.00159268 -0.000120016 0.00720955 0.015966 0.00143885 0.0155084 -0.012105 -0.00804649 -0.00104473 -0.0062599 0.000478217 0.0304783 -0.00103056 0.00418964 0.00210387 0.00577576 0.0136557 -0.00233016 -0.00791731 0.000824764 0.00071617 0.00533469 0.00821779 0.00625095 0.00908649 -0.00543918 0.0172661 0.000731827 -0.000977964 0.00529461 0.00886274 -0.00307968 0.0115512 0.00545726 -0.000766891 -0.00904315 0.00318897 0.0140088 0.00064266 2.33597e-05 -0.0119139 -0.0177485 0.000160252 0.0013188 0.00930652 -0.000844576 -0.00015939 0.00204686 -0.00415048 -0.0165936 -0.0030765 0.000989603 0.00699838 0.000613911 0.00250441 0.000560569
internal_weight=42381 42289.8 33035.6 7392.8 7169.98 2686.54 4483.44 2070.65 615.886 157.937 1601.35 76.6205 222.823 178.457 9254.23 468.076 221.778 19.1297 4168.12 457.949 397.142 290.645 158.246 202.648 106.496 25642.8 25039.9 602.932 433.393 391.432 343.319 469.301 28.9333 1524.73 1109.12 415.614 291.438 124.176 296.834 153.384 8786.15 168.517 62.0024 40.1133 24815.3 13576.1 153.901 116.659 13422.2 6234.26 246.758 7187.95 5953.93 2265.04 1234.02 98.047 1135.97 5987.5 399.024 196.195 2208.28 5588.47
internal_count=439024 419760 189690 42220 40959 15344 25615 11839 3505 921 8963 482 1261 957 230070 12889 5864 467 23810 2584 2180 1586 876 5397 594 147470 144129 3341 2380 2161 1904 2876 905 8481 6172 2309 1614 695 1639 799 217181 3503 1297 797 142785 77802 892 679 76910 35090 1409 41820 34541 13201 7279 595 6684 33681 2237 1094 12890 31444
cat_boundaries=0 1 2 3 4 5 6 7 8 9 10
cat_threshold=23617574 5832780 12665502 9633926 4718624 2411288 10324522 12676 4330752 8464
is_linear=0
shrinkage=0.04


Tree=123
num_leaves=63
num_cat=10
split_feature=2 48 25 18 8 16 31 17 12 10 51 38 12 2 54 35 2 48 16 3 7 25 10 7 25 48 34 13 7 5 25 8 55 7 25 39 15 35 7 16 33 39 25 2 34 35 16 25 25 25 54 51 11 35 15 25 17 18 36 7 17 34
split_gain=16.8502 14.2285 13.3075 9.29522 11.8778 14.8911 14.4016 18.0581 31.2846 14.1137 19.693 13.7301 12.3869 11.8484 10.8106 10.4405 15.8025 9.53345 11.3005 7.64804 7.62192 11.728 12.197 13.8622 11.9984 12.0004 11.2618 14.2371 10.8747 10.6428 26.6837 18.0134 10.6301 10.5978 13.1624 10.3268 10.1286 13.9147 12.5827 11.9111 11.8056 11.5908 16.9445 13.4223 15.1961 10.8298 9.94737 10.597 9.62994 9.54639 11.0949 11.0461 10.4804 9.88873 9.29606 9.55757 9.77288 9.29315 9.1218 9.11431 8.73933 8.73862
threshold=-3.4078608751296993 -2.3649998903274532 0 40.500000000000007 53.500000000000007 0.44009999930858618 -1.4999999999999998 3.8449999094009404 0.17574999481439593 0.16499999910593036 -1.0000000180025095e-35 0.0075000002980232247 0.31440000236034399 -3.6375327110290523 -0.059166666120290749 -0.48249998688697809 -3.6375327110290523 -1.6850000023841856 0.31915000081062322 0.66277036070823681 44.500000000000007 1 0.19500000029802325 55.500000000000007 2 0.50499999523162853 1.8774999976158144 5.7049999237060556 49.500000000000007 4.5000000000000009 3 47.500000000000007 5.5000000000000009 43.500000000000007 4 -2.2318333387374873 0.3433500081300736 0.85916668176651012 60.500000000000007 0.36474999785423284 1.0000000180025095e-35 0.66733333468437206 5 -1.5616645812988279 0.060833333060145385 -0.309166669845581 0.41314999759197241 6 7 8 -0.0025000000605359669 0.044999999925494201 4.3650000095367441 0.5508333444595338 0.43490000069141393 9 2.8149999380111699 30.500000000000004 -0.023174999281764027 50.500000000000007 8.1750001907348651 -0.38583332300186152
decision_type=2 10 1 10 2 2 2 8 2 2 10 2 2 2 2 2 2 10 2 2 2 1 2 2 1 10 2 2 2 2 1 2 2 2 1 8 2 2 2 2 2 8 1 2 2 2 2 1 1 1 2 10 2 2 2 1 10 10 2 2 10 2
left_child=1 -1 3 4 14 6 7 8 -6 10 -9 -7 -12 -10 -3 16 -8 -5 -19 -20 29 26 32 24 25 28 -22 -28 -24 33 57 -32 35 -2 -35 54 37 38 49 40 -38 43 45 44 -42 -43 -33 -48 -41 50 52 -51 -37 -52 55 -23 -57 -31 -49 -54 -47 -36
right_child=20 2 -4 17 5 11 15 9 13 -11 12 -13 -14 -15 -16 -17 -18 18 19 -21 21 22 23 -25 -26 -27 27 -29 -30 30 31 46 -34 34 61 36 39 -39 -40 48 41 42 -44 -45 -46 60 47 58 -50 51 53 -53 59 -55 -56 56 -58 -59 -60 -61 -62 -63
leaf_value=-0.020473442067217663 0.00045562653343955966 0.058852312871167614 -0.0095323769709618755 0.10216200047819154 0.18318839958528835 0.12946185699989321 -0.01881509396700376 0.1268802724667589 -0.01976537562848801 -0.0099281675843890475 -0.020329505614823402 0.0061310166387283996 0.079341222104053297 0.093656611219574554 -0.0077670589162297486 -0.03001948249002373 0.091367600389700321 -0.030986055731962878 0.0066538357880774213 0.10248432866040715 -0.0026531590457834686 -0.0048483061457506704 0.025322765805430116 -0.02113988295471611 -0.0091369502204541493 -0.024254787539435857 0.028702029844193466 0.0019317198042964484 0.00069605831100848269 -0.004565628274604972 -0.010234502068235436 0.0013498002216661435 -0.003634700111126521 0.0087591813154715443 -0.011540946141686619 0.013917085504929955 0.0025992787948864414 0.0020872117227395785 -0.026753389085044481 -0.007002332455341197 0.068038572687141238 -0.0073695519161548805 -0.0014229056870080652 0.013058368083741674 0.0058976749388837506 0.024815182418375464 -0.0038293930594658476 0.025519531052891051 0.002007338105404508 -0.0056988432966086668 0.014371682917225147 0.020043321901755454 -0.01571527465680406 -0.010312191487204239 -0.014435755098065575 0.010793324015794303 0.032264732205226368 -0.016228091888653873 0.0079883233370210034 0.0022224998680755292 8.888364892352674e-05 0.002168790982862314
leaf_weight=100.49557275394909 24481.950122027658 4.0207772960420689 282.1719248087611 2.8037629630416623 2.8607283250894397 3.2933885906822971 5.5531795150600374 3.3449230808764687 3.8658006223849952 20.921845071017742 5.9446826025377941 2.5723462777677923 3.0027408227324486 2.3813850576989353 126.96194822597317 19.001476965844631 3.332468476379292 4.1833283042069507 2.5462193167768419 2.7953406295273453 5040.771106228698 43.163348273839802 50.165740083903074 82.467916889116168 182.41326746763662 17.519829963333905 38.335260359570384 186.05174350552261 67.015904678031802 1583.2298424835317 195.45274279545993 1693.9762922222726 803.04086054302752 554.19677007663995 83.734494507312775 44.685049568302929 1249.8199216402136 1441.3602433828637 36.213171306066215 285.33230685908347 17.694028269033883 26.637244802899659 202.10522762686014 71.962000370025635 9.7749067572876793 124.50232288707048 72.920674339402467 75.759093271102756 524.11676824651659 971.04808767419308 144.04942433908582 27.42410291172564 101.26475919410586 31.678350801579654 23.058271899819374 112.38157278764993 48.5785798355937 117.42908757319674 127.24989018542692 82.038711434230208 28.017464756965637 666.46015356015414
leaf_count=15075 186615 307 28813 322 291 284 632 310 402 2026 589 248 269 152 11863 1650 225 395 285 232 47387 432 556 987 2240 235 205 1000 766 26106 3447 27956 10643 4129 990 432 10593 10701 383 2387 393 283 1587 400 175 918 1193 1249 4386 10010 1666 344 810 322 231 1158 487 3272 1968 668 185 4606
internal_value=-9.17751e-05 -0.00673588 -0.00398333 0.00343185 0.0015792 0.0141502 0.00903492 0.0237406 0.0736366 0.0100583 0.0440757 0.0753766 0.0131198 0.0234703 -0.00572204 -0.0132828 0.0225078 0.0373304 0.0182465 0.0568038 3.99685e-06 -0.000841377 0.000250928 -0.00653029 -0.00273096 0.00616471 -0.00225856 0.00650528 0.0112388 0.000349381 -0.00160775 0.00134161 0.000671422 0.000642804 0.00415591 0.00128379 0.000933575 -0.000690408 -0.00347374 0.00277482 0.00464821 0.00997551 0.00680353 0.0221383 0.0459255 0.0153086 0.00249699 0.0095398 -0.0012303 -0.00287252 0.00231166 -0.00494231 -0.00345275 0.00992193 0.00963867 0.0123582 0.0162631 -0.00533951 0.0138485 -0.0076871 0.020273 0.000630151
internal_weight=42369.1 602.054 501.558 219.386 207.058 76.075 70.2092 42.3221 9.10791 33.2142 12.2923 5.86573 8.94742 6.24719 130.983 27.8871 8.88565 12.3287 9.52489 5.34156 41767 12114.7 6849.53 399.583 317.115 134.701 5265.16 224.387 117.182 29652.4 3866.02 2165.36 6449.95 25786.3 1304.39 5646.91 5419.72 2879.76 1438.4 2539.96 1730.51 480.693 381.262 99.4309 27.4689 179.157 1969.91 275.93 809.449 1402.19 403.716 998.472 227.989 175.728 227.182 204.124 160.96 1700.66 203.009 183.303 152.52 750.195
internal_count=438871 64370 49295 20482 19248 7078 6546 4039 845 3194 1168 532 858 554 12170 2507 857 1234 912 517 374501 112970 64378 4784 3797 1557 48592 1205 1322 261531 65191 35813 59594 196340 9725 48951 46643 25336 14635 21307 14534 3941 2973 968 568 1386 32366 4410 6773 14252 3898 10354 1910 1988 2308 2077 1645 29378 3217 1478 1103 5596
cat_boundaries=0 1 2 3 4 5 6 7 8 9 10
cat_threshold=19946762 3167542 13139976 22318378 8735078 5014080 21120 4753536 12582984 8398848
is_linear=0
shrinkage=0.04


Tree=124
num_leaves=63
num_cat=10
split_feature=0 56 0 25 7 38 54 50 25 50 25 25 18 54 56 35 25 13 2 25 51 35 13 34 38 20 38 56 34 35 25 10 36 15 36 1 25 39 35 4 54 36 17 16 51 4 34 16 7 34 54 36 38 25 34 12 48 25 38 36 53 48
split_gain=15.9795 13.6468 11.408 11.5104 11.3808 13.4001 9.4975 16.3361 14.061 9.4465 14.6625 11.4208 9.81769 9.65035 8.9336 8.60131 12.2587 8.84757 8.34653 10.2841 8.13015 7.93104 9.0677 7.82749 11.3063 7.79042 8.35055 11.7951 12.9858 9.14241 8.95008 17.2417 11.6193 10.1938 13.1268 8.35825 15.6394 14.3517 10.1217 19.8445 9.31257 9.95099 15.4735 12.542 19.8753 18.1053 10.6549 9.97117 12.4171 17.3355 9.4269 8.75967 8.67088 8.24693 8.22179 9.3746 9.31091 17.4301 16.7938 14.8536 12.6146 11.8322
threshold=-2.7102637290954585 -0.0062194804195314637 -4.7364280223846427 0 51.500000000000007 0.050833333283662803 -0.007500000298023223 0.15664999932050708 1 -0.089649997651576982 2 3 4.5000000000000009 0.014166666660457851 -0.043008215725421899 4.0708334445953378 4 7.4849998950958261 -0.33017005026340479 5 -0.054999999701976769 2.1108332872390752 6.2750000953674325 -0.1325000002980232 -0.0091666667722165567 1.0000000180025095e-35 0.0091666667722165602 0.025700286962091926 1.1758332848548891 2.1758333444595341 6 0.21499999612569812 -0.089441668242216096 0.25049999356269842 -0.032658334821462624 4.5000000000000009 7 1.482083320617676 -1.2025000452995298 1.0885146856307986 0.010833333246409895 -0.054074998944997781 2.0700000524520878 0.39094999432563787 0.024999999441206459 1.2431110739707949 -0.38583332300186152 0.26395000517368322 25.500000000000004 -0.83749997615814198 0.0091666667722165602 -1.0000000180025095e-35 -0.022499999962747094 8 -2.2124999761581416 0.023399999365210537 -0.21499999612569806 9 -0.01916666608303785 0.033441666513681419 6.9849998950958261 -0.064999999478459344
decision_type=2 8 2 1 2 2 2 10 1 8 1 1 8 2 8 2 1 2 2 1 8 2 2 2 2 8 2 10 2 2 1 2 2 2 2 2 1 10 2 2 2 2 10 2 8 2 2 2 2 2 2 2 2 1 2 2 10 1 2 2 2 10
left_child=2 6 -1 4 -4 -6 8 9 21 10 13 12 -11 -8 -14 -3 17 -17 19 -9 -10 23 -23 24 -2 54 27 28 35 30 31 32 -28 34 -34 53 37 38 39 -37 50 42 -42 44 45 46 -44 -43 49 -49 52 -39 -38 -27 55 -5 -56 58 -58 60 61 -60
right_child=1 15 3 25 5 -7 7 18 20 11 -12 -13 14 -15 -16 16 -18 -19 -20 -21 -22 22 -24 -25 -26 26 29 -29 -30 -31 -32 -33 33 -35 -36 36 40 51 -40 -41 41 47 43 -45 -46 -47 -48 48 -50 -51 -52 -53 -54 -55 56 -57 57 -59 59 -61 -62 -63
leaf_value=-0.015860629638755435 -0.018781090892938227 -0.00020621221215748811 -0.0030300513819778241 -0.012929057112615557 -0.012467844748089126 0.049260581267193876 0.024402474759669217 0.0030755045150238692 -0.017510297702970492 -0.001529199448479453 -0.011036496022793107 0.002654369066412407 -0.01074897245374969 -0.0025467090428016597 0.011849424095214632 0.018392332927951116 -0.016027948278426369 -0.0071510316617531058 0.0088656271677542454 -0.023033613296249689 -0.00036569250647243727 -0.019020631740673435 0.0022027706970222534 0.0083728347903265742 0.0040149217877269109 -0.0062318555846549899 -0.03023201979444351 -0.016029647982519532 -0.018817040488707974 -0.030263663819905365 -0.0056001072695554942 0.050938384394173433 0.067124447631663836 0.0010256070786164443 -0.0046721877958350085 0.070711241858943272 -0.017345743583811808 0.0024126701656995739 -0.015427241760806256 -0.0057924204494786847 0.0031516977821752809 -0.0083134817980903292 0.088019666872054536 0.0032516766900542709 -0.0098447567766491127 0.11476436284419768 0.0024238857880985541 0.0043067893729608611 0.010759556924008668 0.085877950652391177 -0.037000827370312191 0.069414547288114095 0.0075930005557818415 0.0028830126059283686 -0.00097898529958580054 0.077435402814340762 -0.021805103807108143 -0.0032052264725374018 0.090611395077807896 0.0005027755444374719 -0.0044287155840329814 0.037807653885560712
leaf_weight=96.980483869323507 42.513713654130697 30385.60367552191 1958.4792485169601 2.8817097854334852 301.15622074576095 5.7338973400183013 41.111128821969032 39.508732467889786 44.856631454080343 116.95226584374905 130.78446169197559 943.52774647250772 29.148527104407549 44.030674181878567 703.75437949225307 37.640000063925982 118.86067390069366 51.221365086734295 30.309888079762459 64.047396264970303 3300.355843808502 43.469171330332756 124.35190443694592 670.68247921019793 192.14966597408056 264.4474446256645 17.486660524038598 64.126447563059628 48.355248376727104 20.892731183208525 736.34613272594288 11.670925488695501 8.8287328118458408 177.56784833734855 7.5663542766124001 6.8015106024686238 24.902039403095841 6.3759284927509725 108.66476985672489 26.80461596371606 21.625199287198484 37.586155190132558 4.0316866589710125 8.0731916865333897 5.1117487754672757 10.496916964650152 5.5025553368032023 7.9264931376092163 141.96757598361 8.7924389308318478 8.8701913037803006 6.1174509306438249 214.02509580296464 368.24471778143197 281.63800374767743 5.0661319501232356 12.014286042191086 88.956227201968431 7.8502032225951544 22.67095248401165 9.6570094190537912 50.262817437294871
leaf_count=20853 276 201283 67229 278 10933 232 337 348 375 771 1129 6489 205 390 4856 214 683 286 137 580 20429 248 694 4045 1340 6393 613 2255 1182 630 26440 471 320 5821 261 371 1085 225 4079 1024 1021 1655 227 336 251 398 258 454 5995 345 341 192 8026 8477 9157 311 362 2739 243 678 317 1609
internal_value=-0.000197854 9.33569e-05 -0.00226962 -0.00201247 -0.0041341 -0.0113145 0.00174866 0.00393372 0.000688774 0.00483512 -0.00306904 0.00578679 0.00912587 0.00936581 0.0109507 -0.000261667 -0.00837355 0.00329757 -0.00959615 -0.0149997 -0.000593813 0.00464899 -0.00329453 0.00617281 -0.000115007 -0.000316507 -0.00125625 0.000727599 0.0015327 -0.00408695 -0.00351694 0.00345413 0.000996598 0.003812 0.0339902 0.00229765 0.00546978 -0.00552726 -0.00949399 0.00969108 0.0088152 0.0144206 0.0294844 0.0466281 0.060556 0.0785215 0.0386193 0.0102116 0.0145994 0.0472048 0.00349053 0.0352205 0.00499377 -0.000979675 0.00432526 0.0446713 0.00364739 0.0104545 0.0206153 0.0285298 0.0379057 0.0449407
internal_weight=42377.4 37154.9 5222.56 5125.58 2265.37 306.89 6561.55 2143.18 4418.38 2009.31 215.926 1793.38 849.855 85.1418 732.903 30593.3 207.722 88.8614 133.866 103.556 3345.21 1073.17 167.821 905.346 234.663 2860.21 2379.21 1398.85 1334.72 980.359 959.467 223.121 211.45 193.963 16.3951 1286.37 653.676 154.764 142.271 33.6061 498.911 251.114 54.8413 33.2161 25.1429 20.0312 9.53424 196.273 158.687 16.7189 247.797 12.4934 238.927 632.692 480.997 7.94784 473.049 191.411 102.455 90.441 67.77 58.113
internal_count=439202 245115 194087 173234 78394 11165 42649 15242 27407 14177 1856 12321 5832 727 5061 202466 1183 500 1065 928 20804 6603 942 5661 1616 94840 79146 44590 42335 34556 33926 7486 7015 6402 581 41153 26283 5891 5474 1395 20392 10940 2491 1470 1134 883 485 8449 6794 799 9452 417 9111 14870 15694 589 15105 5948 3209 2847 2169 1852
cat_boundaries=0 1 2 3 4 5 6 7 8 9 10
cat_threshold=29502168 2102564 1612136 14559892 11026778 19010840 49154 49154 2887684 3461152
is_linear=0
shrinkage=0.04


Tree=125
num_leaves=63
num_cat=7
split_feature=0 0 25 56 39 54 11 11 53 25 4 35 36 4 38 34 20 16 16 53 53 50 19 51 35 25 11 12 4 25 53 25 16 16 39 27 25 28 36 10 18 9 39 34 35 56 15 16 53 15 55 25 15 13 31 12 16 8 10 18 50 20
split_gain=18.8858 9.10429 8.23109 15.0441 7.84709 8.37477 7.53745 7.13952 7.5608 13.9371 12.4875 18.3768 22.0969 26.2689 8.61453 8.56742 11.5756 19.1306 8.12426 7.88043 14.5913 31.0476 9.38946 8.59587 7.05944 10.3068 7.98506 7.83077 8.64869 9.47693 10.3976 8.5651 8.45089 7.22115 6.90775 7.02081 6.89744 7.51774 9.01185 17.725 8.24901 8.17707 11.5987 19.9554 15.8486 6.8117 9.26169 7.95133 13.1851 7.43979 6.80907 13.2162 9.3519 8.53586 8.40892 10.2134 10.4893 8.91542 8.1777 8.06706 10.4171 10.1689
threshold=-4.2001647949218741 -0.52933800220489491 0 -0.0039370215963572255 1.0318332910537722 0.0091666667722165602 6.6849999427795419 1.3350000381469729 6.8250000476837167 1 0.82154262065887462 -0.95249998569488514 -0.0030249999836087223 0.7020535171031953 0.0058333333581686029 -0.86916667222976673 1.0000000180025095e-35 0.3437000066041947 0.33965000510215765 6.7750000953674325 6.7950000762939462 0.010350000113248827 inf 1.0000000180025095e-35 2.0808333158493046 2 6.9149999618530282 0.38185000419616705 1.2018299698829653 3 6.8849999904632577 4 0.29674999415874487 0.37524999678134924 -0.62450000643730152 4.5000000000000009 5 5.5000000000000009 -0.07102500274777411 0.16499999910593036 35.500000000000007 1.0000000180025095e-35 -0.44449999928474421 -0.33416667580604548 -0.61750000715255726 -0.022712998092174527 0.40205000340938574 0.35584999620914465 6.7249999046325692 0.30144999921321874 5.5000000000000009 6 0.57919999957084667 6.3849999904632577 -1.0000000180025095e-35 0.44044999778270727 0.3368500024080277 51.500000000000007 0.14500000327825549 6.5000000000000009 0.0063499999232590207 4.5000000000000009
decision_type=2 2 1 10 10 2 2 2 2 1 2 2 2 2 2 2 8 2 2 2 2 10 8 10 2 1 2 2 2 1 2 1 2 2 10 8 1 10 2 2 10 2 8 2 2 10 2 2 2 2 2 1 2 2 2 2 2 2 2 10 8 8
left_child=7 50 -3 24 -5 6 -6 -1 9 -9 11 -11 13 -13 19 16 17 -16 -14 22 21 -21 -12 -22 26 -26 27 28 29 -4 33 32 34 -31 35 -29 37 40 39 -39 -10 -40 -43 44 -44 46 47 48 -27 -50 -2 53 -53 -52 55 56 -55 58 -56 60 -59 -62
right_child=1 2 3 4 5 -7 -8 8 36 10 14 12 18 -15 15 -17 -18 -19 -20 20 23 -23 -24 -25 25 45 -28 31 -30 30 -32 -33 -34 -35 -36 -37 -38 38 41 -41 -42 42 43 -45 -46 -47 -48 -49 49 -51 51 52 -54 54 57 -57 -58 59 -60 -61 61 -63
leaf_value=-0.037349083544615726 2.346140175923178e-05 0.0030116065565396533 -0.008198019668782499 -0.0014052730676172795 -0.00068254216755492443 -0.021649429384028803 -0.015172579403253705 -0.014873366275616126 -0.031687511646540545 -0.01040291201812686 -0.0094183494956250648 0.031379507161538124 -0.040375269224185592 0.24008184321180767 0.14956828196374924 -0.032412807991298448 -0.0056593748789796842 -0.040326847991820465 0.079977920818037659 0.011074174594178842 0.070076288050493235 0.23397602746785537 0.076039221811228477 -0.022294538560311241 0.0049353617074140415 0.00029030631908844235 0.0081492907978977167 -0.022903366394812549 0.019868246974309021 0.017991849159477179 -0.0081967116377223322 -0.0047203949478497572 0.0059063793204800832 -0.00138846361190523 0.0047668505045627271 -0.002303656179818812 -0.018293184236796777 0.14892508781760824 -0.013112292713286415 -0.0083815186590005097 0.067560221868108755 -0.014223986601902074 0.054766802330479453 -0.040395855961280709 0.22463016363501151 0.0060310995444322769 0.0074226445809759921 -0.0021256734290719176 -0.012376236521466745 -0.034473844634543442 -0.0063393241602745813 -0.00010521757242732961 0.028165921353931013 -0.01525481118755298 0.025760767498334503 0.033226727317070909 0.02247080933439111 -0.022075357710024463 -0.0024336035287725061 0.0038696574846332223 -0.016228590194364984 0.014865402280550779
leaf_weight=14.247787714703007 32146.446603694465 2957.3726687207818 72.887561678886414 453.23166148364544 153.67561657726765 71.568033754825592 91.721165344119072 57.72002342576161 13.884311755187808 5.3444082760252059 14.208907390711834 1.6720130168832841 1.9512402038089915 2.2818858618848026 2.1062987963668998 15.074306264985355 19.614360169041902 1.4218202014453707 1.6616009282879529 2.3333518255967629 2.5349479673895985 1.7494315265212206 2.4053600598126641 4.4267899158876389 183.86952196061611 43.015483252704144 367.19400432705879 45.071384727954865 64.775535151362419 120.20754943788052 47.847181908786297 404.363699875772 420.50199425965548 41.340394973754883 78.234786666929722 64.148221969604492 122.68657225533389 2.1133215490262947 17.62836796883494 2.5040290290489793 1.4830497105140228 4.597542122239247 2.1035208352841437 1.7017355882562677 1.5095102414488795 53.498773999512196 42.636246733367443 72.54388865083456 39.360332511365414 64.040724523365498 1162.6373779871501 2387.6448071640916 18.869131189770997 25.994676556438208 30.457204720005393 25.515088659711182 21.583205234259367 75.711734779179096 35.81546447519213 81.527093783952296 33.160502021200955 34.167588996700943
leaf_count=3938 304054 15591 344 2203 777 345 512 8368 1945 738 1736 201 235 279 294 1838 2833 206 199 308 308 212 305 578 989 245 2015 220 281 583 224 2023 2140 202 412 326 17559 287 2440 351 228 676 313 196 194 305 235 408 213 354 19511 33287 225 375 322 315 302 907 387 1009 322 364
internal_value=-3.42981e-06 7.03808e-05 0.00151965 3.66181e-05 -0.00478171 -0.00960972 -0.00609844 -0.0096694 -0.00838362 -0.00137081 0.00923674 0.04638 0.0864858 0.151826 0.00335908 -0.00894653 0.00633869 0.0730412 0.014977 0.020362 0.046549 0.106585 0.00295392 0.0113401 0.00170427 -0.00248641 0.00291535 0.00150156 0.00668657 0.00366177 0.00780859 -0.000276044 0.002713 0.0130324 -0.00430573 -0.0108045 -0.0140078 0.000747023 0.0119018 0.0636164 -0.0221095 0.00323151 0.0322978 0.0725416 0.125735 -0.0067594 -0.00963356 -0.0129548 -0.0183202 -0.0260622 -0.000168748 -0.00173974 0.00011597 -0.00463551 0.000680226 0.0128088 0.00185902 -0.00236788 0.0105238 -0.00617239 -0.011896 -0.000449044
internal_weight=42353.6 42032.6 5953.11 2995.73 770.196 316.965 245.397 320.966 306.719 136.507 78.7867 12.9111 7.56674 3.9539 65.8756 38.2168 23.1425 3.52812 3.61284 27.6588 11.0445 4.08278 16.6143 6.96174 2225.54 498.965 1726.57 1359.38 347.058 282.283 209.395 1012.32 607.956 161.548 187.454 109.22 170.212 47.5254 32.158 4.61735 15.3674 27.5407 9.91231 5.31477 3.61303 315.095 261.597 218.96 146.417 103.401 36079.5 3933.08 2406.51 1526.57 363.933 73.093 47.5779 290.84 66.2727 224.567 143.04 67.3281
internal_count=439092 392327 30947 15356 3837 1634 1289 46765 42827 18638 10270 1652 914 480 8618 5171 3333 500 434 3447 1406 520 2041 886 11519 2749 8770 6755 1634 1353 1009 5121 3098 785 958 546 24189 6630 4457 638 2173 3819 1379 703 507 1760 1455 1220 812 567 361380 57326 33512 23814 4303 992 677 3311 709 2602 1593 686
cat_boundaries=0 1 2 3 4 5 6 7
cat_threshold=28287112 12716206 1065284 2368 4201762 12718594 22946016
is_linear=0
shrinkage=0.04


Tree=126
num_leaves=63
num_cat=0
split_feature=0 56 54 0 7 36 9 56 38 29 17 35 7 54 50 11 56 9 0 36 35 18 36 46 36 14 50 56 11 11 38 35 17 39 43 50 34 11 11 53 6 39 38 36 56 36 39 16 34 4 14 50 26 35 36 28 16 7 7 34 8 15
split_gain=21.7174 9.07678 13.2246 9.78769 9.37361 9.23657 12.3388 8.48196 8.03183 7.80053 11.4339 10.2907 8.4505 10.9731 7.11049 9.72718 8.53338 11.0878 10.514 10.1008 10.0515 12.0706 10.6921 9.26901 9.69036 8.93371 9.29005 8.86905 10.0652 8.52288 11.6762 8.43814 7.97351 11.9034 9.26201 8.69174 7.83268 7.78438 7.65118 7.4829 8.31603 18.6236 8.10347 9.10666 8.68053 8.06613 7.63938 7.45389 7.40703 11.4691 7.1995 7.16502 7.01326 9.68993 8.65343 8.54062 8.12318 8.05549 12.9779 7.48999 6.94835 9.33933
threshold=-4.6479060649871817 0.0041737719438970098 0.027500000782310966 -0.65804103016853321 22.500000000000004 -0.27026666700839991 1.0000000180025095e-35 -0.040122922509908669 -0.007500000298023223 1.0000000180025095e-35 6.5250000953674325 2.7108333110809331 47.500000000000007 -0.010833333246409891 -0.28554999828338617 6.5050001144409189 0.018430254422128204 1.5000000000000002 -3.4232381582260127 0.042941667139530189 1.0491666197776797 18.500000000000004 0.0057250000536441812 2.5000000000000004 -0.054974999278783791 0.22040000557899478 0.073849998414516463 0.022063471376895908 6.4849998950958261 5.5250000953674325 0.014166666660457851 -0.35916666686534876 4.3099999427795419 1.0000000180025095e-35 1.5000000000000002 0.18865000456571582 -0.67916667461395253 5.8849999904632577 6.8350000381469735 6.9349999427795419 1.5000000000000002 -0.53916668891906727 0.032500000670552261 -0.068608332425355897 0.0064819101244211206 -0.0055916665587574235 1.279166638851166 0.25974999368190771 1.0891667008399966 1.0773937702178957 0.42119999229907995 0.11115000024437906 10.500000000000002 0.90416663885116588 0.092091668397188201 4.5000000000000009 0.31534999608993536 45.500000000000007 50.500000000000007 0.75249999761581432 52.500000000000007 0.43684999644756323
decision_type=2 10 2 2 2 2 2 8 2 2 8 2 2 2 8 2 10 2 2 2 2 10 2 8 2 2 10 10 2 2 2 2 8 10 2 8 2 2 2 2 2 8 2 2 10 2 8 2 2 2 2 8 2 2 2 10 2 2 2 2 2 2
left_child=7 3 14 5 8 6 -2 -1 -4 52 -11 12 -12 -14 15 -3 17 25 -18 29 -20 27 23 -23 -25 26 31 47 48 30 -19 39 33 34 35 -27 -33 -26 -30 40 41 -16 43 46 45 -45 -42 -22 49 -29 -49 -50 54 57 -5 56 -56 -54 -59 -58 61 -57
right_child=1 2 4 9 -6 -7 -8 -9 -10 10 11 -13 13 -15 16 -17 18 19 20 -21 21 22 -24 24 37 32 -28 28 38 -31 -32 36 -34 -35 -36 -37 -38 -39 -40 -41 42 -43 -44 44 -46 -47 -48 50 51 -51 -52 -53 53 -55 55 60 59 58 -60 -61 -62 -63
leaf_value=0.085267670256758535 -0.024421309591084645 0.0031110282426989573 0.033865191306046885 0.0010944242298632225 -0.0045701106084327136 0.00014375114787872832 0.0071037337011817525 -0.01850046715008162 0.0001385209527331842 -0.018242914826951336 0.002237374423269916 -0.020506251883879795 -0.017876090832107335 0.004049566648625747 -0.0064836000036176547 0.036930008135413465 -0.015414546447957672 -0.028113671147042045 0.0043238878058050193 0.031901856237258823 -0.013498785615987816 0.028495563540375822 -0.004397565308517053 -0.0075907918295558229 0.0036253105267712131 0.0047575497758511817 -0.017823516171926394 -0.039803853730996534 0.0081689935498898258 0.019630344424998433 0.015473851246923232 0.010532279936438753 -0.0017888968102256736 0.025453641817066976 0.0049656010505243391 -0.028239856606397211 -0.014258381922194618 0.027318797473754503 -0.0073268056169357677 -0.013935589584940971 -0.0030473804984693141 0.071873714131588273 -0.021878735121295095 0.0075653536974057333 0.007249268500585433 -0.022254180083938278 -0.034789658596138633 -0.0052065931226530958 -0.013912142622712634 -0.01237269500157784 0.013876387351418067 0.0072199676056077305 0.0040621797704859398 0.0091002676059161441 -0.010544895601074467 0.019420466810269599 0.018208028450881798 -0.018796253080617869 0.0090647498849195651 -0.0032994012043093823 0.015013697418017887 -0.0015007715045678505
leaf_weight=1.2746253518853334 54.780179355293512 47.159278719685972 18.697773661464453 4303.3525993451476 1745.6749587231316 27743.309434383176 31.166528993751854 112.46234647207893 28.545536178164184 61.237925536930561 738.55099078267813 38.998778648674488 82.998323448002338 65.219294175505638 11.730843977071343 19.126720956526697 56.758388720452785 21.990297295153141 1279.6845284420997 28.14408062165603 33.264481116086245 40.657682212069631 104.5076796952635 48.686666902154684 47.92063919454813 23.130467931739986 90.896432695444673 29.625703005120158 93.329806890338659 29.94260226842016 17.786835168022662 23.214550539851189 2142.1688530971296 39.034990230575204 281.16029926948249 28.521080165170133 167.69871977576986 41.313913019374013 112.36059817299247 63.991752676200122 34.757345990277827 8.2777274455875176 26.450242500752211 24.900123368483037 237.16201131837443 34.795806232374161 18.635331985075027 47.393566273152828 52.513839591294527 137.91951569542289 95.116529487073421 50.223297014832497 396.36230483651161 530.93800696730614 77.196335703134537 46.51587887853384 47.879595465958118 69.347839944064617 43.549524731934071 56.454938620328903 197.56261334568262 128.31539428979158
leaf_count=218 664 697 264 20614 24375 302398 391 24174 685 290 3923 225 421 298 317 157 3486 238 10648 250 217 240 718 342 367 317 1455 280 580 226 209 338 17490 285 2818 172 1486 271 693 813 403 183 370 288 2348 332 199 307 354 935 612 256 1969 2815 375 226 219 333 198 290 987 633
internal_value=0.000117804 0.000164851 -0.00109853 0.000437258 -0.00409431 0.000103191 -0.0129895 -0.0173376 0.0134867 0.00178767 -0.00150358 -0.000396298 0.000488109 -0.00822828 -0.000154886 0.0128694 -0.000308348 -0.00159027 0.00158489 0.0116758 0.00202059 -0.00113238 0.00576427 0.0117112 0.0067633 -0.00198894 -0.005844 -0.00412794 -0.00696354 0.00351101 -0.00862297 -0.00417292 -0.00085035 0.00455651 0.00210552 -0.013463 -0.0112439 0.0145949 -0.000295754 -0.00124273 0.000804711 0.0259335 -0.000530013 0.0010822 0.00381757 -0.00981598 -0.0141262 0.00355048 -0.0120379 -0.0172231 0.0075301 -0.00358166 0.00233849 0.00531924 0.00170016 0.00640598 -0.000707878 0.00137726 -0.00804903 0.00657046 0.00987377 0.00406557
internal_weight=42312.3 42198.6 7484.87 34713.7 1792.92 27829.3 85.9467 113.737 47.2433 6884.48 987.005 925.767 886.769 148.218 5691.95 66.286 5625.67 3354.39 2271.28 97.8638 2214.52 934.834 283.087 178.579 137.921 3256.53 742.511 651.747 475.973 69.7197 39.7771 651.614 2514.02 371.847 332.812 51.6515 190.913 89.2346 205.69 460.701 396.709 20.0086 376.701 350.251 296.858 59.6959 53.3927 175.775 270.282 167.545 142.51 102.737 5897.48 1040.2 4857.28 553.925 181.531 509.26 112.897 104.335 372.394 174.831
internal_count=438682 414290 77021 337269 25324 303453 1055 24392 949 33816 5157 4867 4642 719 51697 854 50843 30537 20306 923 16820 6172 1938 1220 980 29614 8532 4234 3098 673 447 7077 21082 3592 3307 489 1824 638 1273 5253 4440 500 3940 3570 2968 620 602 1136 1825 1215 919 610 28659 5315 23344 2730 884 2500 531 509 1846 859
is_linear=0
shrinkage=0.04


Tree=127
num_leaves=63
num_cat=12
split_feature=0 0 25 53 15 17 25 17 26 25 4 53 11 25 25 16 56 38 53 12 25 25 27 38 38 39 16 27 17 38 13 53 25 15 15 27 50 11 48 6 12 35 48 25 18 25 12 25 15 25 17 38 7 18 18 0 53 4 45 56 48 53
split_gain=11.257 9.80602 8.33697 9.16552 9.76106 9.25988 15.6454 10.0517 8.99417 20.8081 9.42332 10.0767 7.91815 11.1971 10.5015 9.93256 13.0719 8.19344 7.67845 7.65803 7.32927 7.3236 8.54921 7.14022 7.13745 6.82352 6.73702 6.66712 7.30608 6.5767 6.55564 7.00247 13.5468 11.4327 27.3596 24.5682 13.6362 6.52658 15.781 6.48939 14.6374 12.8287 14.5526 14.0878 13.6553 12.2815 12.1299 23.7916 13.2071 11.9136 11.8558 11.5813 11.1856 11.1144 10.6205 10.3601 18.6942 22.3735 10.3085 9.96573 10.3335 9.79238
threshold=-4.7364280223846427 -0.57046681642532338 0 6.7550001144409189 0.43285000324249273 8.7300000190734881 1 9.5349998474121112 10.500000000000002 2 1.2048103809356692 6.9549999237060556 4.9549999237060556 3 4 0.34624999761581426 0.0043884208425879487 -0.0041666666511446229 7.0150001049041757 0.42905001342296606 5 6 4.5000000000000009 -0.0091666667722165567 -0.040833333507180207 2.1291667222976689 0.42315000295639044 5.5000000000000009 8.3550000190734881 0.0058333333581686029 1.3350000381469729 6.8250000476837167 7 0.29144999384880071 0.22255000472068789 4.5000000000000009 0.14005000144243243 5.0750000476837167 -0.15500000119209287 2.5000000000000004 0.37089999020099645 0.49250000715255743 -1.3350000381469724 8 15.500000000000002 9 0.31919999420642858 10 0.39894999563694006 11 9.9400000572204608 -0.0058333333581686011 27.500000000000004 36.500000000000007 23.500000000000004 -3.819631695747375 6.8150000572204599 0.9874674677848817 4.5000000000000009 0.035668257623910911 -0.76499998569488514 7.0150001049041757
decision_type=2 2 1 2 2 10 1 10 2 1 2 2 2 1 1 2 10 2 2 2 1 1 8 2 2 8 2 8 8 2 2 2 1 2 2 8 8 2 8 2 2 2 8 1 10 1 2 1 2 1 10 2 2 10 10 2 2 2 2 10 8 2
left_child=30 39 18 5 8 21 -7 -8 12 23 11 -11 13 -5 15 16 17 -14 24 -19 -6 22 25 -10 -3 -4 -16 28 -28 -17 -1 32 -32 34 -34 -36 37 -35 -39 46 41 49 43 44 -43 51 -2 50 52 -41 -48 -44 58 55 -47 56 -54 -58 -49 60 -57 -51
right_child=1 2 3 4 20 6 7 -9 9 10 -12 -13 14 -15 26 29 -18 19 -20 -21 -22 -23 -24 -25 -26 -27 27 -29 -30 -31 31 -33 33 36 35 -37 -38 38 -40 40 -42 42 45 -45 -46 54 47 48 -50 61 -52 -53 53 -55 -56 59 57 -59 -60 -61 -62 -63
leaf_value=-0.029452154931882118 -0.00038934581586246161 0.014869642772851648 0.0031259818641386308 -0.0080208346450300703 -0.0076788711930484733 0.010901945772059407 -0.025039605130415046 0.0004116190884972293 0.0012333189870964193 0.0094523424108420989 0.023719528897151024 -0.0058756187594027854 -0.00072805211437553311 0.014612769163236583 0.0012593656757432939 0.0031361683801613255 -0.022756469004575383 -0.0050561575051902416 -0.018430580109052578 -0.024680411631968328 0.0084452962684111229 0.0073537651367449998 0.0067307579963239985 -0.01148935649912799 -0.0013625929896440433 -0.010573276256538049 -0.021991189273678713 0.0036136962105033496 -0.0019950329906279411 -0.010489077865766932 -0.019252659331802122 -0.018181835090313611 -0.04021324808229447 -0.014121759249485853 0.24968250153324778 0.022971614216948513 0.15803146880645189 0.16734756102202183 -0.040213946545618072 -0.01104911983609342 -0.0003041380621521077 0.017494789178166777 -0.00033564751796001858 -0.0031376830523527194 0.062855031356735425 -0.0012240954901875333 -0.002140186809677981 -0.0032631279075727589 -0.001080534758426534 -0.0025301456255808568 0.025630796970158833 -0.01072823009338999 -0.0048578668338246731 -0.0066731042289763856 0.0079234935435241287 -0.001495496811364388 0.15757808020555331 0.03308344835889656 0.013696175407865812 -0.018130042730017334 0.0097876852251806909 -0.018428149573927761
leaf_weight=29.874067830154672 11850.216979041463 44.727402254939079 109.43030644208193 45.989308923482895 45.472108721733093 60.127995938062668 60.730923481285572 41.997495010495186 142.68561036139727 382.43110825866461 58.60991632938385 83.629056461155415 197.94794125854969 100.34368764609098 1324.032177940011 233.38442146778107 94.140761829912663 72.410734355449677 40.92098243534565 56.752960197627544 369.40119771659374 1032.1695497557521 228.01774689555168 139.662329018116 1399.039973795414 124.20276533812284 62.282916516065598 61.958903700113297 55.098960071802139 74.862865075469017 11.103600276401265 36.338882897049189 1.6603519236668969 7.6659682646859419 1.9317072653211655 1.2660626701544968 1.0088646763470013 1.1562610100954769 1.1885185162536802 476.48791804304346 15879.370908947662 34.643062236718833 304.38295146683231 49.911721461918205 15.312123504001645 1186.5069820145145 1525.601501718862 298.4439783510752 500.09072077414021 1054.7975020841695 24.999289246276021 393.18347686575726 8.9634889392182249 80.785076466389 245.00577005557716 145.04372017178684 3.4322323636151832 7.0619885637424886 70.985268441494554 22.669363285414875 1241.3140534618869 65.860806584358215
leaf_count=7786 166153 243 543 207 224 344 336 239 762 2079 245 451 1018 448 6748 1160 444 329 184 276 1961 5278 1185 680 6946 651 309 319 285 349 2352 7621 325 1529 374 243 202 220 230 5514 138870 496 2572 735 260 9920 16334 2653 4516 12286 258 3795 738 902 2154 2298 289 586 825 227 10615 884
internal_value=-0.000120159 -8.95115e-05 0.00130886 0.00205407 0.000925212 0.00452025 -0.00453688 -0.0133364 0.000173744 0.00382277 0.00844202 0.00670192 -0.00106399 0.00794999 -0.00165473 -0.00555314 -0.00962187 -0.00584181 -0.00133502 -0.0136788 0.00669648 0.00550766 0.00119491 -0.00488683 -0.000859724 -0.00415674 0.000272069 -0.00700175 -0.012605 -0.000172944 -0.0140068 -0.00671983 0.00871737 0.0247899 0.0915228 0.159923 0.0178661 0.00374053 0.0621391 -0.000355214 -0.000839268 -0.00306021 -0.00109957 0.0138237 0.0261615 -0.00179957 0.00024927 0.0021752 0.00467665 -0.00579643 -0.00168161 -0.0061059 0.00623405 0.00776106 0.00033916 0.00857735 0.0375654 0.0738006 -4.42354e-06 0.00817705 0.00860721 -0.00343383
internal_weight=42320.7 42227.5 6742.46 5257.77 3601.1 1656.68 162.856 102.728 3186.22 807.018 524.67 466.06 2379.21 146.333 2232.87 729.5 421.252 327.112 1484.69 129.164 414.873 1493.82 461.651 282.348 1443.77 233.633 1503.37 179.341 117.382 308.247 93.1943 63.3202 26.9813 15.8777 4.85812 3.19777 11.0196 10.0107 2.34478 35485.1 19705.5 3826.09 2228.95 99.8669 49.9552 2129.08 15779.6 3929.39 2378.79 1597.15 1550.6 697.566 1878.7 1509.27 1431.51 1428.48 19.4577 10.4942 369.429 1409.03 1386.36 1120.66
internal_count=439005 418123 34243 26870 18294 8576 919 575 16109 4217 2775 2530 11892 655 11237 3576 2067 1623 7373 605 2185 7657 2379 1442 7189 1194 7661 913 594 1509 20882 13096 5475 3123 942 617 2181 1979 450 383880 177486 38616 19932 1491 756 18441 206394 40241 23649 18684 16592 6367 19133 15655 12074 14753 1613 875 3478 13140 12913 13170
cat_boundaries=0 1 2 3 4 5 6 7 8 9 10 11 12
cat_threshold=525656 6367744 14878752 17827842 203398 131110 1096192 12763808 10078084 19325472 15655424 16926994
is_linear=0
shrinkage=0.04


Tree=128
num_leaves=63
num_cat=5
split_feature=2 25 48 17 7 15 18 36 8 20 48 20 16 7 7 15 35 26 54 35 49 36 14 39 18 12 12 14 35 2 10 35 18 56 25 36 36 25 7 12 25 39 35 35 18 7 8 4 14 9 15 7 38 56 54 12 3 56 18 17 43 25
split_gain=12.0146 13.1718 12.4798 22.6765 15.1337 19.2816 18.5272 10.1729 21.0392 9.53177 8.90804 7.23798 9.2504 13.1494 17.8802 14.6398 8.31537 26.3163 7.91031 8.71757 11.142 13.4808 12.4426 8.68526 11.9177 8.79315 10.3058 8.80905 8.49326 13.1992 9.1239 15.3588 8.14173 6.84544 9.29912 8.96105 8.70128 12.6761 8.88254 8.72367 16.5834 15.6596 11.8297 8.29944 8.18776 7.93484 7.85625 7.70031 7.25029 9.165 10.8409 8.26241 10.1654 7.95621 7.34216 8.60473 9.78678 8.01445 7.62801 7.47142 7.08016 7.9576
threshold=-3.1551585197448726 0 -2.2150000333786006 1.5350000262260439 35.500000000000007 0.32975000143051153 41.500000000000007 0.17895000427961352 52.500000000000007 2.5000000000000004 -0.37499999999999994 3.5000000000000004 0.4423500001430512 41.500000000000007 47.500000000000007 0.29524999856948858 1.9925000071525576 8.5000000000000018 0.0091666667722165602 0.69583332538604747 5.6749999523162851 -0.11737499758601187 0.46440000832080847 -0.68266665935516346 24.500000000000004 0.24055000394582751 0.34555000066757208 0.29645000398159033 0.075833335518836989 -3.3314394950866695 0.15500000119209292 -0.680833339691162 14.500000000000002 -0.0071115635801106683 1 0.15994166582822802 -0.135574996471405 2 53.500000000000007 0.092450000345706954 3 -1.5708333849906919 -1.6108333468437193 -0.74750000238418568 45.500000000000007 24.500000000000004 55.500000000000007 1.375315845012665 0.44470000267028814 1.5000000000000002 0.26354999840259558 32.500000000000007 -0.027500000782310959 0.010285183321684601 -0.014166666660457848 0.36615000665187841 0.5516892969608308 -0.0033021022100001569 17.500000000000004 7.4349999427795419 4.5000000000000009 4
decision_type=2 1 10 8 2 2 10 2 2 10 10 10 2 2 2 2 2 2 2 2 8 2 2 10 8 2 2 2 2 2 2 2 10 10 1 2 2 1 2 2 1 10 2 2 10 2 2 2 2 2 2 2 2 10 2 2 2 10 8 8 2 1
left_child=1 2 -1 4 5 9 -7 11 -9 -4 -6 12 16 15 -15 -14 18 -18 19 20 -5 -22 28 -20 25 -25 27 -27 30 -30 31 -23 -21 36 35 44 37 -2 46 40 41 42 -38 -42 48 -44 -39 -45 49 51 -51 52 53 -35 -54 57 58 -56 -57 -58 -36 -62
right_child=33 -3 3 7 10 6 -8 8 -10 -11 -12 -13 13 14 -16 -17 17 -19 23 32 21 22 -24 24 -26 26 -28 -29 29 -31 -32 -33 -34 34 60 -37 39 38 -40 -41 43 -43 45 47 -46 -47 -48 -49 -50 50 -52 -53 54 -55 55 56 59 -59 -60 -61 61 -63
leaf_value=-0.013923218392460468 0.0017864240908829186 -0.0094558395203016964 -0.016460698799055068 -0.0045001184636540301 -0.025951060838191126 0.059301322086817355 0.21783155827296408 0.11839659577381874 -0.013186104461007356 0.087097318305820667 0.053940230984653448 -0.0060474762116907209 0.067990867102781655 0.14824409750313938 0.023989790256737371 -0.029814489477961392 0.11522673128051535 -0.040723618886791178 -0.01134112089392283 -0.034095347679853692 0.10914742329887264 0.088410444970251426 0.10292555886003669 -0.040664760249626689 0.073804976286608204 0.093975899577987423 -0.013768395494789814 0.0013396150321152865 0.015607305381573539 0.11936868644913409 -0.0030937679042295409 -0.027093082821231605 0.033155381169205467 -0.030724831082348362 0.00097813122714004866 -0.013440169523556825 0.00029696997546776647 -0.0042820225481325124 -0.024993300320481047 0.00062711383267216407 -0.020696208730239779 -0.013480417958704503 0.057785923620359489 -0.019725114904806031 0.021227077834095651 0.019380039102445196 -0.021247093354532395 0.0090522234841692324 0.00050320115557453817 0.034392298549651382 0.0015496754880453692 -0.0051002718733860917 -0.0030764829718621339 -0.00080134233406332553 0.025643417239729262 0.020309571636072624 0.013150109911981709 -0.0014893204885197714 -0.0074437113757409414 0.046742646429088285 0.0010235378060926448 -0.0036056082884832301
leaf_weight=88.66052355337888 453.97830594703555 434.31209154380485 3.2881593294441718 30.885862032882869 5.4147344972006977 2.3992771024350077 2.3201427066233009 3.5183896897360674 4.3456148225814104 2.5058218818157911 3.8003745465539378 191.56093712570146 3.6802064697258192 2.9630399472080162 4.9460605843923986 7.3173818811774254 3.8457817216403773 3.1488488637842238 98.260736600728706 12.022138030733911 2.9361906317062667 4.9557077907957137 2.784739284310489 5.5658226422965589 4.5411283962894222 3.8620914197526854 7.4351624427363276 2.8577388999983668 5.6900031161494553 2.9934763517230731 28.71076669334434 2.9316686759702852 3.7878481950610867 28.700825561769307 4938.9654030953534 112.53144205082208 34.477911160327494 470.6845989562571 41.94371463637799 28829.726954408921 114.8669220302254 41.739709657616913 13.146050408948211 24.890047944150865 24.158434104174376 24.929488029330969 48.141018557362258 36.983140718191862 1151.8591258786619 21.015822701156139 68.48163316398859 1863.7225623931736 261.77901795879006 28.17129523307085 19.291117396205664 29.395847150124609 20.933668708428741 179.42057613842189 34.374268332496285 21.446345288306475 1024.1557693295181 1400.6702124471776
leaf_count=10225 4139 39037 259 2136 412 221 189 244 286 249 272 14493 280 209 369 526 240 218 8065 800 224 379 204 440 337 310 559 222 449 137 2170 208 250 219 42295 939 825 4121 409 241144 2574 597 243 435 220 348 527 380 8576 204 667 17386 2123 220 239 209 240 2259 295 225 9334 12871
internal_value=1.24326e-05 -0.00434625 -0.00016639 0.00245146 0.044417 0.0772163 0.137237 0.000593261 0.0456846 0.0283268 0.00699666 -0.00021691 0.00432111 0.031204 0.07054 0.00291486 0.00208418 0.0450209 0.000720429 0.00921012 0.0144602 0.0259421 0.0208594 -0.00604917 0.0153832 0.00193038 0.018679 0.0545805 0.0158125 0.0513772 0.00737425 0.0454788 -0.017983 0.000116567 -0.000726406 -0.00231209 0.000430675 -0.00321044 -0.0071599 0.000557554 -0.00633305 0.0055543 0.0172704 -0.0135669 -0.00198456 0.0326401 -0.00585618 -0.00252419 -0.00213495 -0.00331427 0.00926179 -0.00376679 0.000219078 -0.0159024 0.00183714 0.00605638 0.0152509 0.00114475 0.00534961 0.0301496 0.000108917 -0.00166108
internal_weight=42352.8 988.248 553.936 465.276 19.7285 10.5134 4.71942 445.547 7.864 5.79398 9.21511 437.683 246.122 18.9067 7.9091 10.9976 227.216 6.99463 220.221 97.6984 81.8884 51.0026 48.0664 122.523 24.2619 19.7208 14.155 6.71983 45.2816 8.68348 36.5981 7.88738 15.81 41364.6 11229.1 3865.28 30135.5 1014.75 560.769 29120.8 291.033 114.293 72.5534 176.74 3752.75 38.0755 518.826 61.8732 3728.59 2576.73 89.4975 2487.24 623.513 56.8721 566.641 304.862 106.15 198.712 63.7701 42.38 7363.79 2424.83
internal_count=438882 84619 45582 35357 1602 918 410 33755 530 508 684 33225 18732 1384 578 806 17348 458 16890 6957 5907 3771 3547 9933 1868 1531 1091 532 3343 586 2757 587 1050 354263 98521 34021 255742 9196 5057 246546 5402 2013 1416 3389 33082 591 4648 815 32862 24286 871 23415 6029 439 5590 3467 969 2498 504 465 64500 22205
cat_boundaries=0 1 2 3 4 5
cat_threshold=29148738 11666724 5760224 2043924 837824
is_linear=0
shrinkage=0.04


Tree=129
num_leaves=63
num_cat=12
split_feature=2 6 36 11 25 54 25 17 36 25 48 27 56 25 11 36 25 2 11 14 48 11 32 4 56 56 48 17 48 4 36 8 51 3 2 25 36 25 25 54 15 1 54 25 49 38 26 1 48 25 25 51 13 14 2 36 36 38 25 39 41 11
split_gain=10.4496 9.10771 16.2924 12.0694 13.7154 12.0294 17.1724 11.3969 11.2283 12.2427 10.1018 10.6185 9.73658 10.8168 13.3585 14.442 10.6131 10.4721 10.4198 16.1872 15.925 10.8079 9.89092 9.69976 9.27547 8.72972 8.90284 8.63118 13.0254 8.54933 8.53026 8.51905 10.0173 11.5696 12.0693 11.6984 10.7153 10.4927 10.1039 11.4503 9.70611 13.0618 9.59686 16.52 9.72564 10.8799 9.59569 12.7519 9.3482 12.4667 9.11436 10.8607 10.7376 19.4551 17.0281 10.9472 10.2726 9.0112 8.97673 8.8168 8.66616 8.60135
threshold=-4.405651092529296 3.5000000000000004 0.051441665738821037 6.3450000286102304 0 -0.010833333246409891 1 9.2950000762939471 0.056891666725277908 2 1.1449999809265139 3.5000000000000004 -0.0064401256386190644 3 5.9549999237060556 0.019991666078567508 4 -1.40559846162796 3.7350000143051152 0.19070000201463702 0.6850000023841859 2.9150000810623173 1.0000000180025095e-35 1.3119305372238161 0.020002290606498722 0.0092352037318050879 -0.32500000298023218 3.2699999809265141 -1.814999997615814 1.0001809000968935 -0.045541666448116296 51.500000000000007 -0.014999999664723871 0.51638448238372814 -2.1007122993469234 5 0.15204166620969775 6 7 1.0000000180025095e-35 0.36165000498294836 2.5000000000000004 -0.029166666790843006 8 -5.5150001049041739 -0.0058333333581686011 8.5000000000000018 5.5000000000000009 1.825000047683716 9 10 0.014999999664723875 3.4050000905990605 0.085949998348951354 -2.8180154561996456 0.006375000113621355 0.058024998754262931 0.027500000782310966 11 -3.5508333444595332 1.5000000000000002 4.8250000476837167
decision_type=2 2 2 2 1 2 1 10 2 1 8 10 10 1 2 2 1 2 2 2 10 2 2 2 10 10 8 8 10 2 2 2 8 2 2 1 2 1 1 2 2 2 2 1 8 2 2 2 10 1 1 8 2 2 2 2 2 2 1 8 2 2
left_child=-1 3 5 12 7 6 -3 -5 10 24 11 -4 31 14 18 16 -16 -15 21 20 -20 -14 -19 -12 -10 26 -11 28 -23 -28 -18 59 36 34 35 46 37 -33 39 -36 -39 58 43 60 45 -44 47 -34 -40 -50 51 52 53 54 -46 -56 -52 -45 -42 -2 -35 -61
right_child=1 2 8 4 -6 -7 -8 -9 9 25 23 -13 13 17 15 -17 30 22 19 -21 -22 27 -24 -25 -26 -27 29 -29 -30 -31 -32 32 33 42 38 -37 -38 40 48 -41 41 -43 44 57 50 -47 -48 -49 49 -51 56 -53 -54 -55 55 -57 -58 -59 -60 61 -62 -63
leaf_value=-0.015903104679626398 -0.013433643061262551 0.0025352692868437841 0.010602290798651276 0.0099036077199401891 0.0011257659515659932 -0.0028705446747651592 -0.001980776128738918 -0.015283478045343588 0.0034355978999630644 -0.012231956142205071 -0.0022172130109298738 0.039067677297412062 -0.0065990178008069247 -0.0052280653166754936 0.025419384350917725 -0.0032745208892304679 0.019075960340078354 -0.0013906314676279199 -0.0037660185426228172 0.0010617903159517619 -0.021759141759061653 0.014093368718414328 0.011919786333343438 0.016565976965892491 0.020455448525234034 -0.0097401771684396572 0.0068835734999538227 0.0097288286494385846 0.069093498920171678 -0.00097820095896538348 0.00013133630060628733 0.0041500650529966059 -0.0027232906900615671 0.021905972618510877 -0.0033103313787775763 -0.013198587018254609 -0.013485879995012572 -0.0042717108549979108 0.001745670900573752 0.0024241814124774759 0.0041740474824068837 0.0050181189479620563 -0.0004904671103470341 0.0030933395365844649 -0.020780381966985298 0.059825712300688831 -0.020792300417846979 0.025841948772344008 0.019623431773492569 0.0011417483119403539 0.0012263215150032692 0.0013027099535055861 0.0061650557379833576 0.063800370074375681 0.042652144839500132 0.0056597148212369124 -0.0069204758435028671 -0.015006411591716012 -0.015181215757614212 0.0016536484845688388 0.0087392020964089934 -0.0016561085996396818
leaf_weight=65.864446840947494 84.8612344507128 2197.274228493683 63.716538495849818 570.44971731118858 1228.4978945353068 5338.4576655956917 3447.7942745871842 30.269383761100471 1060.5337903280742 92.301286184694618 130.99198943190277 31.251661489717662 48.002374059986323 1376.026097064605 74.443786392919719 120.71471979655325 59.082494349684566 2544.454140689224 521.98962225671858 1758.7424121694639 92.675074684433639 18.401283117476854 92.574951902031898 66.229518782347441 53.832946727052331 171.52686950471252 276.8892506104894 90.066742627881467 11.012558562215416 1102.6654992918484 106.71786945825443 569.7034659886267 69.941647361731157 92.08342063985765 1427.7644501663744 180.84785146685317 106.8500145424623 1140.5086231711321 4069.6800849493593 913.60330597870052 59.701607756316662 494.80648417002521 9.3712593247182685 914.9288083484862 17.767327588284388 9.7771068005822581 23.304966895375401 38.917764379410073 101.98311821371317 137.56968953832984 1262.7421239563264 822.41946951439604 428.7466003363952 14.591168323066084 26.322045439854264 24.915294766426086 308.05717271822505 46.234643382951617 93.382445009425282 1986.4057053343859 608.5622288857121 3418.0475272689946
leaf_count=14616 1654 14719 638 4362 9382 47363 23158 210 7441 1116 787 369 1950 34521 656 1004 521 13954 6568 19161 1186 290 516 361 396 1327 2306 1497 283 6890 899 11523 2147 574 8342 7996 1697 23720 25253 6285 402 10427 245 7704 946 304 948 2482 667 942 18342 8525 8678 336 397 358 3949 341 724 28618 5424 30928
internal_value=1.70243e-05 4.18238e-05 -0.000791094 0.000455606 0.00359779 -0.00150929 -0.000221978 0.00849308 0.0017953 0.0010053 0.00925149 0.0199695 0.000238047 -0.00105161 0.000809475 0.00801282 0.0136843 -0.00239342 -0.000210646 -0.000891097 -0.0064789 0.00943205 -0.000923359 0.00409042 0.00421993 -0.00119293 -0.000204956 0.0158727 0.0346854 0.000599729 0.00649072 0.000695271 0.00121845 0.00171247 0.00068505 -0.00699093 -0.00109642 -0.000535028 0.00104632 -0.00106816 -0.00203929 0.00185906 0.00327239 0.00569975 0.00189318 0.0303068 0.00232601 0.00748892 0.00219259 0.00987666 0.00170592 0.00411972 0.00872202 0.0218362 0.0129628 0.0246638 -0.000369038 0.0021998 -0.00835184 -0.000640487 0.0103223 -0.000439608
internal_weight=42347.8 42282 14033.5 28248.5 1829.22 10983.5 5645.07 600.719 3049.94 2757.75 292.19 94.9682 26419.3 6914.9 2901.85 360.959 240.244 4013.06 2540.89 2373.41 614.665 167.483 2637.03 197.222 1114.37 1643.38 1471.86 119.481 29.4138 1379.55 165.8 19504.4 14015.1 11550.1 6963.61 313.012 2464.95 2358.1 6650.6 2341.37 1788.4 647.891 4586.52 1661.81 2924.71 19.1484 132.164 108.859 4309.23 239.553 2905.56 1334.76 512.342 83.5958 69.0047 51.2373 1570.8 961.163 153.084 5489.31 700.646 5404.45
internal_count=439325 424709 106871 317838 13954 85240 37877 4572 21631 19476 2155 1007 303884 83006 34015 3080 2076 48991 30935 26915 7754 4020 14470 1148 7837 11639 10312 2070 573 9196 1420 220878 159678 111185 55062 13573 48493 46796 41489 14627 35273 11553 56123 14043 42080 549 5577 4629 26862 1609 41531 19240 10715 2037 1701 755 22291 8045 1126 61200 5998 59546
cat_boundaries=0 1 2 3 4 5 6 7 8 9 10 11 12
cat_threshold=12849720 12194084 23142994 4575818 4243456 12099988 142096 5506840 27142528 19013730 6413012 8912974
is_linear=0
shrinkage=0.04


Tree=130
num_leaves=63
num_cat=3
split_feature=2 12 35 53 25 35 0 49 54 36 11 15 49 35 18 15 18 38 54 27 36 8 14 53 4 16 54 11 17 36 17 49 3 3 54 3 17 12 53 54 13 35 38 27 36 0 39 36 35 3 25 49 20 15 14 35 35 46 3 36 25 2
split_gain=11.7348 11.1866 8.99295 9.4538 8.7828 9.79084 9.22923 10.9385 9.96896 7.29861 10.4516 9.57508 8.1153 12.7802 7.36135 7.39432 9.25075 13.261 7.35759 7.38965 7.2895 9.89069 10.6559 11.2324 11.1493 13.6598 9.47994 9.83349 8.76848 11.3093 8.54504 9.38288 8.45807 8.45637 13.4239 10.3225 8.30464 12.5743 9.0247 8.78718 8.06384 11.5884 8.05837 8.2407 9.85811 7.33557 7.32534 7.50222 6.87685 6.85069 6.66798 9.24885 17.5277 9.03992 10.99 6.52988 13.4715 16.0853 12.4545 10.6471 10.8231 10.0238
threshold=-2.0616499185562129 1.0000000180025095e-35 -1.2391666769981382 6.8550000190734872 0 -0.27583333849906916 -2.994590044021606 -3.4850000143051143 -0.08249999955296515 0.031874999403953559 7.805000066757203 0.42430000007152563 5.4249999523162851 0.6225000023841859 5.5000000000000009 0.30365000665187841 25.500000000000004 0.014166666660457851 -0.079166665673255907 2.5000000000000004 -0.033341666683554642 53.500000000000007 0.24454999715089801 6.9449999332427987 1.4141836762428286 0.23825000226497653 -0.044166667386889451 6.9949998855590829 3.7749999761581425 -0.0018249999848194418 7.7200000286102304 -2.7799999713897701 0.75242313742637645 0.60358950495719921 -0.0041666666511446229 0.57165187597274791 6.6150000095367441 0.34025000035762792 6.6849999427795419 0.0025000000605359678 3.6450001001358037 -0.59750002622604359 -0.010833333246409891 5.5000000000000009 0.010358333587646486 -3.3236469030380245 -0.082916669547557817 0.025074999779462818 0.68083333969116222 0.41314075887203222 1 -2.0149999856948848 5.5000000000000009 0.35154999792575842 0.23550000041723254 -0.51916664838790882 -0.680833339691162 5.5000000000000009 0.67126089334487926 0.04462499916553498 2 -3.8117002248764034
decision_type=2 2 2 2 1 2 2 8 2 2 2 2 10 2 8 2 8 2 2 10 2 2 2 2 2 2 2 2 8 2 10 8 2 2 2 2 10 2 2 2 2 2 2 10 2 2 10 2 2 2 1 10 8 2 2 2 2 8 2 2 1 2
left_child=1 2 -1 -4 5 20 8 48 -7 10 11 49 14 -14 -11 16 -16 -18 19 -17 26 22 23 40 25 -24 -3 -28 -25 -30 31 -27 33 35 -35 45 38 39 -23 -38 41 42 -22 -44 -45 -33 47 -31 -8 50 53 -52 -53 -6 -55 56 59 58 -58 -20 61 -61
right_child=-2 4 3 -5 9 6 7 -9 -10 12 -12 -13 13 -15 15 18 17 -19 55 -21 21 36 24 28 -26 30 27 -29 29 46 -32 32 -34 34 -36 -37 37 -39 -40 -41 -42 -43 43 44 -46 -47 -48 -49 -50 -51 51 52 -54 54 -56 -57 57 -59 -60 60 -62 -63
leaf_value=-0.028030267886485865 0.00027625805647196191 -0.024861391666897204 -0.016774293383169478 0.071614944050762908 -0.0050463209900170327 0.049205311668802897 0.043590905103067748 0.00048333203829134893 -0.0059946772026280796 -0.021471677979694164 0.042816073618835875 0.03100251975609726 -0.011611089980821908 0.061636054852079909 0.053361068466167234 0.044660186735951561 -0.024455210050061918 0.050386466065778887 -0.019811661155966442 -0.0043786780098023668 -0.015213322038119632 0.031272785094081358 0.061968540924064348 -0.0067264893186529734 0.070618584460978545 -0.020886237629702303 -0.00057291408420406342 0.046969759896415983 -0.0037328215744884177 0.06876250776986409 -0.026980872522424152 0.060773740345504187 -0.0060133324099955936 0.067338792784439966 0.018736266115234858 -0.035492542771647428 0.084179264717477512 -0.01205614792172538 -0.0053419680500423061 0.016327697229257653 -0.010165717457998777 0.056199465349330742 0.0054536113395737534 0.076106700280329218 0.0072764016072235692 0.0039837438776541504 0.091260424847765656 0.015129362598914366 0.0040770262269978191 -0.0012983759918714472 -0.023848811174083079 -0.011787158718472702 0.061747540472651553 -0.0028597977038753992 0.074507746151304441 -0.0087200387043867549 0.074380412105421609 -0.0024933826225129688 0.0070956159433148425 -0.04031365151292067 -0.0073921146890871016 0.013316022135597657
leaf_weight=41.693358737044036 36471.492364292964 25.363767651142552 4.921440495643763 3.1917265795636922 57.570165993878618 5.2851589913479975 15.715451736003162 577.21621677279472 548.29075988382101 46.225455306004733 8.4759651161730272 14.27456028619781 7.9497788609005493 7.3214075854048133 7.5509730293415513 9.2056894423440117 11.488186755683275 5.651413094950839 60.405342167476192 10.552435241639612 26.789521171245724 11.460352750262244 10.010946654714642 10.309885489521546 6.7829182017594567 9.4895724509842676 228.66063554608263 7.1793735343962899 8.3989454202819633 7.2352271242998603 7.9129117894917718 5.9010502533055851 14.454017027281223 16.012551061809056 21.039159213658429 6.1672871024347833 6.0173450116999465 9.2602133466862124 178.96063078986481 6.2008619052357972 59.212380566168576 7.3348853522911659 115.93066488136537 6.1021471328567696 7.3267689754720777 9.4947209395468235 5.403025822248309 9.8594266225118172 12.776165451854466 2504.9225755627267 76.534782659960911 31.308998676948249 6.2160133961588135 6.269995959941296 5.5273663578554988 603.23727807938121 11.018768381793054 23.46238884376362 7.3295071194879702 5.9478325420059255 155.97679480467923 89.252250488381833
leaf_count=7704 236982 723 337 220 2790 162 258 9779 22720 1156 218 488 254 183 236 233 383 232 2471 265 915 356 335 453 272 317 9201 191 325 271 226 353 503 391 663 193 174 247 6616 227 2000 227 4307 214 256 191 172 408 215 85163 4039 1469 276 334 227 18009 360 880 224 936 5977 2836
internal_value=9.95132e-06 -0.00165687 -0.0205325 0.0179981 -0.00149414 0.000648627 -0.00173438 0.00167759 -0.00546767 -0.00262655 -0.00153221 -0.0016713 -0.00544341 0.0235055 -0.00586552 -0.0051449 0.0164734 0.000222217 -0.00569157 0.0184695 0.00392846 0.00641616 0.0103525 0.00603158 0.0209832 0.0176327 -0.00162466 0.000874366 0.0252159 0.0358748 0.0127268 0.0165326 0.0213922 0.0281503 0.0397407 0.00823449 -0.00047884 0.0230994 -0.00313833 0.0497439 0.00248181 0.00706263 0.00475449 0.0088897 0.0385531 0.0257508 0.0506613 0.0378293 0.0258722 -0.00184479 -0.00930669 -0.0145936 0.000393855 0.00130259 0.0333889 -0.00619059 -0.00187286 0.0194469 0.0475024 -0.00473372 -0.00110764 0.00901811
internal_weight=42298.5 5827.04 49.8065 8.11317 5777.23 2003.55 1159.28 605.708 553.576 3773.68 2711.1 2702.62 1062.58 15.2712 1047.3 1001.08 24.6906 17.1396 976.388 19.7581 844.271 583.067 371.168 263.903 107.265 100.482 261.204 235.84 41.2065 30.8966 90.4713 82.5584 73.0688 58.6148 37.0517 21.5631 211.899 21.4784 190.421 12.2182 222.696 163.484 156.149 129.36 13.4289 15.3958 22.4977 17.0947 28.4916 2688.35 183.427 114.06 37.525 69.3675 11.7974 956.63 353.393 41.8107 18.3483 311.582 251.177 95.2001
internal_count=438743 201761 8261 557 193500 63861 33134 10252 22882 129639 95004 94786 34635 437 34198 33042 851 615 32191 498 30727 20612 12992 9548 3444 3172 10115 9392 1629 1176 2837 2611 2294 1791 1054 737 7620 648 6972 401 7919 5919 5692 4777 470 544 851 679 473 94298 9135 5784 1745 3351 561 31693 13684 1464 584 12220 9749 3772
cat_boundaries=0 1 2 3
cat_threshold=6312530 8946976 25429280
is_linear=0
shrinkage=0.04


Tree=131
num_leaves=63
num_cat=9
split_feature=0 56 11 25 36 14 34 34 15 50 13 50 56 25 54 20 4 48 13 48 54 11 50 15 25 14 25 25 17 30 17 56 18 0 3 3 18 25 2 54 25 13 56 4 25 53 8 56 3 50 55 41 54 0 36 56 53 11 25 1 34 20
split_gain=13.0436 14.003 12.9708 9.68494 13.2828 12.6289 13.5725 13.8103 16.2869 31.0222 11.4447 22.7365 11.3316 10.9631 16.5 13.1926 18.8122 17.594 30.4538 10.6616 10.6054 9.39547 15.4838 10.203 9.38986 10.9064 9.17382 8.98715 8.94299 8.29827 7.84279 7.84265 8.24642 23.9827 7.71392 7.9029 7.41415 19.7768 12.5424 7.91151 23.8871 10.286 10.4231 9.88048 9.34575 8.9909 8.84484 13.0549 9.73169 8.50109 11.023 8.66553 8.47058 9.48042 13.7348 10.3857 8.34731 7.94633 8.52192 8.12479 11.6022 7.83672
threshold=-3.4583823680877681 0.022063471376895908 1.6449999809265139 0 0.17895000427961352 0.3031000047922135 -0.30250000953674311 -0.24249999970197675 0.35009999573230749 -0.028649999760091301 4.6949999332427987 -0.21505000442266461 -0.020412258803844448 1 0.090833336114883437 4.5000000000000009 0.8985290825366975 -1.0000000180025095e-35 3.6450001001358037 -2.8249999284744258 0.087499998509883894 3.1650000810623173 0.087449997663497939 0.26254999637603765 2 0.23550000041723254 3 4 6.1549999713897714 3.5000000000000004 6.810000181198121 -0.033954767510294907 40.500000000000007 -3.7168982028961177 0.56751841306686412 0.54180839657783519 2.5000000000000004 5 -0.48899745941162104 0.032500000670552261 6 6.5650000572204599 0.018430254422128204 1.5556231737136843 7 6.6749999523162851 52.500000000000007 -0.056066093966364854 0.85200554132461559 -0.15785000473260877 4.5000000000000009 4.5000000000000009 0.0075000002980232247 -0.63600385189056385 0.063908334821462645 -0.02190519310534 7.1449999809265146 5.4349999427795419 8 2.5000000000000004 0.80416667461395275 1.0000000180025095e-35
decision_type=2 10 2 1 2 2 2 2 2 10 2 10 8 1 2 10 2 10 2 10 2 2 10 2 1 2 1 1 10 2 10 8 10 2 2 2 8 1 2 2 1 2 10 2 1 2 2 8 2 8 2 2 2 2 2 10 2 2 1 2 2 10
left_child=1 2 -1 4 19 6 10 8 9 -8 26 -12 -13 -9 15 -15 -17 -18 -19 -4 21 22 23 -21 25 -14 30 34 -27 -20 -5 -23 -33 -34 35 -7 37 -2 -39 44 43 -42 57 45 46 -41 -38 -48 52 -45 -51 -52 53 56 55 -55 -49 -43 -59 -60 -61 -54
right_child=36 -3 3 5 -6 27 7 13 -10 -11 11 12 24 14 -16 16 17 18 29 20 -22 31 -24 -25 -26 28 -28 -29 -30 -31 -32 32 33 -35 -36 -37 39 38 -40 40 41 42 -44 49 -46 -47 47 48 -50 50 51 -53 61 54 -56 -57 -58 58 59 60 -62 -63
leaf_value=-0.027825973929361193 0.0037683009226197406 -0.018741648948954227 -0.021170091643600352 0.00048492793172642248 0.058526104014251575 0.0046669220266705525 0.011197952930970366 -0.0090875298670183968 -0.0074147369569705435 0.15314448465603139 0.11862754592614609 0.067587081975027732 0.075485003930670799 -0.00022512887581232384 0.10117012261594731 -0.023376572643647568 0.0098242079745304283 0.17706758281637902 -0.0063053488510731162 0.072807020913889839 -0.025446350696099507 0.044625437441967349 0.10944219500002823 -0.0016356388812456511 -0.011552609043943491 -0.0029376671946828546 -0.013524028799417583 -0.016317220132202503 0.075571220227891672 0.076194646748217632 -0.036600461171976163 0.0017552736306285935 -0.013845665115472215 0.093998680606236215 -0.0093556609104810552 0.054259510367968285 0.00024664724152011165 -0.0098668192090248016 -0.0020127482375846672 -0.01553264942560539 -0.0057529802181046823 0.026626727565192347 -0.014762629528991213 -0.02736220235954363 -0.00016779064707767504 0.0021056463460761405 0.023504866862212738 0.0016316106590202673 0.022883359829570644 0.02095614722294754 -0.0014111457990983454 -0.015515642481169966 -0.004182421351846103 0.0065320984350992883 0.013261377698183986 -0.0012119948145830981 0.02448430524437855 0.0095502588715787456 -0.0078593141236591845 -0.0047250027442796334 0.02547059908344939 0.0013193397802293806
leaf_weight=32.056165320798755 614.31576309166849 93.007249009096995 28.687456892803311 206.71592816151679 6.8382628997787824 40.449558179825544 5.3894255813211194 49.519853182602674 5.9956709048710755 4.5374829368665806 3.0119206751696757 4.4267680635675788 5.1632454376667765 55.181555169634521 3.3827273822389534 6.8993470324203399 8.6892282962799126 3.8548548142425663 3.4766320539638436 3.8752881106920603 18.320086996769533 7.4727876270189881 3.4614155357703558 12.281931893667204 32.75723738828674 14.821524937637152 172.89871820341796 180.37809617863968 2.7526207668706766 4.4446267872117424 9.5453030155040306 294.04800043161958 7.4567897734232247 5.9175756573677045 84.074732017703354 5.8899302086792877 8334.595850802958 505.59034494496882 912.40318182855844 46.989050714299083 1750.8453238941729 21.94492775015533 59.096332047134638 25.165726248174906 16438.778577053919 2897.3321196381003 45.260179335251451 5094.8993494752795 35.434717481955886 27.66304349526763 254.686378788203 95.951873783022165 618.00019163452089 702.49226249754429 286.21852767467499 457.56429909169674 25.702612249180675 135.59767409786582 164.50691254809499 50.764906156808138 33.992928821593523 1256.3715626318008
leaf_count=7225 4149 7368 2312 15884 381 2484 375 3074 398 301 221 283 378 3383 231 458 527 237 206 301 1315 388 254 975 2408 1097 13994 12712 212 288 634 18246 558 218 5892 369 64956 4916 4497 436 20363 225 562 249 128318 30702 324 41562 529 208 1984 844 5707 3497 1467 2258 211 1282 988 924 432 11846
internal_value=2.333e-05 -0.00373497 -0.00268922 -0.00207063 0.00318862 -0.00429259 -0.000965755 0.00940132 0.04464 0.0760802 -0.0044369 0.0113892 0.00599887 0.00525886 0.0130638 0.0110358 0.0337437 0.0530003 0.0848587 0.00228034 0.004187 0.00580991 0.0326671 0.0162193 0.00108602 0.0169294 -0.00699622 -0.0108904 0.0093591 0.0399855 -0.00110103 0.00413665 0.00315245 0.0338708 -0.00198139 0.0109703 0.000154545 -0.00220065 -0.00477944 0.000277717 -0.00111838 -0.00432789 0.000934623 0.0010167 0.000511043 0.00182415 0.00117246 0.00207929 0.00196489 -0.00485054 -0.003353 -0.00527083 0.00187708 0.00255404 0.00541379 0.00347757 0.00174632 0.00321494 0.00188 -0.00257249 0.00738523 -0.000494649
internal_weight=42319.8 1427.68 1334.67 1302.62 388.36 914.257 603.465 151.371 15.9226 9.92691 452.093 62.9333 59.9214 135.449 85.929 82.5462 27.3647 20.4653 11.7761 381.521 352.834 334.514 19.6186 16.1572 55.4946 22.7374 389.16 310.792 17.5741 7.92126 216.261 314.895 307.422 13.3744 130.414 46.3395 40892.2 2032.31 1417.99 38859.9 5564.54 2216.75 465.904 3347.79 33295.3 2944.32 16856.5 8521.94 8476.68 403.467 378.301 350.638 8441.25 6566.88 1446.28 1160.06 5120.6 406.807 384.862 249.265 84.7578 1874.37
internal_count=439023 105587 98219 90994 24948 66046 44589 9478 1074 676 35111 4599 4378 8404 5330 5099 1716 1258 731 24567 22255 20940 1530 1276 4095 1687 30512 21457 1309 494 16518 19410 19022 776 8745 2853 333436 13562 9413 319874 59199 24776 4413 34423 260675 31138 132357 67401 67077 3285 3036 2828 66548 48995 7222 5755 41773 3851 3626 2344 1356 17553
cat_boundaries=0 1 2 3 4 5 6 7 8 9
cat_threshold=2102038 5029952 25706696 5694528 9093312 17156624 122430 16654540 25690240
is_linear=0
shrinkage=0.04


Tree=132
num_leaves=63
num_cat=12
split_feature=0 25 7 48 25 48 50 13 14 50 25 50 36 26 49 56 48 50 26 48 45 12 12 36 36 31 14 25 12 48 25 0 17 0 10 45 25 25 7 34 35 25 35 56 35 8 8 10 12 25 16 14 43 25 55 16 0 36 25 56 0 25
split_gain=15.8349 12.5127 11.4312 10.9117 12.0069 14.2305 10.6472 10.2225 9.93744 9.6085 9.47654 9.45103 9.3897 12.2164 9.33062 9.32258 9.84878 14.2337 12.6489 15.7631 14.6447 10.5311 10.8485 9.85226 15.9145 9.24138 12.183 14.6715 17.8863 12.5402 11.3873 10.5034 9.17762 9.08624 10.1681 8.91171 13.8702 13.1108 10.6348 9.36087 8.91086 8.5557 8.51722 13.8092 9.52472 8.39694 10.1419 8.36795 8.15955 8.00591 7.99096 8.81056 8.48668 8.24162 9.82939 7.78679 7.76864 7.70496 11.6648 9.85092 7.64524 10.2839
threshold=-2.9676959514617915 0 33.500000000000007 0.92500001192092907 1 2.3649998903274541 0.10294999927282335 8.305000305175783 0.58834999799728405 0.20005000382661822 2 0.031549999490380294 0.10640833154320718 5.5000000000000009 4.4100000858306894 0.01693713199347258 -0.35500000417232508 -0.21505000442266461 1.5000000000000002 -0.095000002533197389 4.5000000000000009 0.26690000295639044 0.32270000874996191 -0.20688333362340924 -0.1412750035524368 -1.0000000180025095e-35 0.2424999997019768 3 0.44770000874996191 1.1250000000000002 4 -0.59198254346847523 4.5299999713897714 -2.3893730640411373 0.18500000238418582 2.5000000000000004 5 6 55.500000000000007 -0.089166667312383638 1.622500002384186 7 -3.5191667079925533 -0.02528442349284887 -2.3308333158493038 51.500000000000007 54.500000000000007 0.11499999836087228 0.46179999411106115 8 0.36184999346733099 0.4004999995231629 5.5000000000000009 9 3.5000000000000004 0.32149998843669897 -4.7364280223846427 -0.10242499783635138 10 0.010285183321684601 -2.0252060890197749 11
decision_type=2 1 2 10 1 10 10 2 2 10 1 10 2 2 8 10 10 8 2 10 2 2 2 2 2 2 2 1 2 8 1 2 8 2 2 2 1 1 2 2 2 1 2 10 2 2 2 2 2 1 2 2 2 1 2 2 2 2 1 8 2 1
left_child=1 15 3 9 5 6 60 56 14 10 11 42 -13 -14 -7 16 17 23 19 -18 21 32 -23 -1 -25 26 27 31 -29 -30 -28 -4 -21 -6 50 36 38 39 47 40 41 -37 43 -2 -44 -26 55 -27 -8 -11 51 52 53 -35 -55 -47 -3 58 59 -38 -5 -62
right_child=2 7 25 4 33 8 48 -9 -10 49 -12 12 13 -15 -16 -17 18 -19 -20 20 -22 22 -24 24 45 35 30 28 29 -31 -32 -33 -34 34 -36 37 57 -39 -40 -41 -42 -43 44 -45 -46 46 -48 -49 -50 -51 -52 -53 -54 54 -56 -57 -58 -59 -60 -61 61 -63
leaf_value=0.062422725254842097 0.00061677547276430954 -0.016752137409085311 -0.0048550759838064603 0.0053528096635496502 -0.014505448650061353 0.017659243578553828 0.0021604510491748455 0.054453986953540444 0.030539260284695252 0.0093074097122667707 0.0034623534431114716 -0.0067412539949646237 -0.0092265744097728437 0.025166201684427857 0.0017837075126715741 -0.01570585143655151 0.067463214148300837 -0.0083007449418216056 -0.0021645374073305892 0.043075583348926791 -0.021255254195765818 0.097730073532506359 0.022492562165541515 -0.041111952818319482 -0.017029708065233132 -0.011920362261656438 0.0032932097173688857 0.00011327876725744818 0.039456941766140584 0.0080484357950708699 0.00041069110205249512 0.0094099569450943905 -0.029461519253162042 -0.00031215145337274374 0.010280175731517049 -0.0081624188311870335 0.01411742901153858 -0.0004325065725388748 -0.0092067740232310031 -0.0050973560857624934 0.023707489800658958 0.0051845712866391645 -0.010597896989362695 0.029623034611184696 0.0016826979094323306 0.026975502366717159 -0.0054636704697633562 0.0028998104575035334 0.022383220965431168 -0.0091313890454298424 0.0012116171548156535 -0.0013017112093230304 -0.023445651405478794 -0.019458900575827293 -0.00011456211235126249 0.10108694028184861 -0.00012542612338058254 -0.00079160686300399469 -0.012954463438343529 -0.0054572794174573436 0.0044349764085681049 -0.0080489123299101809
leaf_weight=6.5656517881434402 63.851465549319983 46.087047343142331 1586.2430182173848 152.87761973962188 107.48101589456201 89.747835606336594 85.27627020701766 5.4254309292882672 32.758767139166594 39.460261467844248 4881.4193085879087 421.96285780519247 30.474425021559 36.098954472690821 174.22331414371729 125.93921996909194 8.828098457073791 772.58482775301673 533.16866850596853 4.7408457102719712 16.002314097248018 5.179424553178249 7.5160468854010105 7.6085524670779732 4.9620544956997064 62.228972759097815 3272.2744668498635 2097.2284813839942 29.647424340248108 64.779629189521074 6637.081071190536 87.121806994080544 6.7848787538241595 163.53109602630138 93.819231137633324 114.10850334540009 60.854867398738861 3718.4580816440284 127.22033674642444 2235.9632917419076 27.938703741878271 191.78666491433978 106.58800751715899 44.606168426573277 1944.6083308048546 4.11260644556023 4.5002426865976295 2985.2738287337124 51.023828491568565 187.98643489927053 401.32291554659605 380.46618019044399 61.42907639592886 131.65881751477718 61.734978646039963 5.0582630063872784 1842.9732567393221 4967.8068144060671 202.56270333752036 126.93652333691716 139.27579844743013 386.39555968344212
leaf_count=337 473 10679 12873 1859 1662 603 592 205 186 364 35976 3983 263 339 1113 6735 384 40616 23908 192 694 209 285 416 263 431 24409 16852 297 366 49527 386 285 998 582 940 378 26878 769 16064 199 1626 821 330 13185 218 255 18950 310 1716 2363 2131 406 780 432 242 74667 30725 1297 814 795 2175
internal_value=5.93161e-05 -0.00255503 0.000288562 0.00143324 -0.000857462 0.00223987 -0.000471107 -0.000371637 0.00975996 0.00217535 0.00242003 0.000483815 -0.00453858 0.00942267 0.00718125 -0.00525079 -0.00433974 -0.00720495 -0.000376253 0.0190616 0.00843858 0.0280565 0.0531875 0.0186 0.0076356 -0.00012255 0.000623356 -0.00128144 0.000876042 0.0179098 0.0013663 -0.00408795 0.000374975 -0.00330655 -0.00240189 -0.000815776 2.62336e-05 -0.00195835 0.0021175 -0.00414839 0.0020834 0.000108376 0.00162217 0.0125464 0.00104455 0.0275409 0.0437182 0.00259719 0.00973083 -0.00592466 -0.00339329 -0.00570676 -0.00971288 -0.00734938 -0.0126307 0.0678522 -0.000531065 -0.00121453 -0.00662796 0.000841221 -0.00252037 -0.00481007
internal_weight=42273.6 3408.04 38865.6 10270.1 2513.02 1111.58 814.849 1894.49 296.73 7757.06 7529.61 2648.19 488.536 66.5734 263.971 1513.55 1387.61 805.392 582.22 49.0516 40.2235 24.2212 12.6955 32.8074 26.2417 28595.5 13774.4 3865.02 2191.66 94.4271 9909.36 1673.36 11.5257 1401.44 1293.96 14821.1 8532.88 6288.26 3174.72 2569.8 333.834 305.895 2159.65 108.458 2051.2 18.6332 13.6711 3047.5 136.3 227.447 1200.14 798.82 418.354 356.925 193.394 9.17087 1889.06 5358.16 390.354 187.791 678.549 525.671
internal_count=438808 160590 278218 74437 16987 7633 5731 85551 1902 57450 55370 19394 4585 602 1716 75039 68304 42347 25957 2049 1665 971 494 1731 1394 203781 104710 30774 17515 663 73936 13259 477 9354 7692 99071 53364 45707 20150 18829 2765 2566 14809 803 14006 978 715 19381 902 2080 7110 4747 2616 2210 1212 460 85346 33214 2489 1192 4829 2970
cat_boundaries=0 1 2 3 4 5 6 7 8 9 10 11 12
cat_threshold=22327656 3797090 10687500 21586470 9179368 2308866 6937344 4276480 270896 133780 5293280 1122304
is_linear=0
shrinkage=0.04


Tree=133
num_leaves=63
num_cat=8
split_feature=0 25 28 14 36 3 16 2 17 14 49 48 36 18 25 0 36 38 31 55 25 15 18 36 26 25 0 55 28 26 35 25 54 54 10 2 16 34 35 11 54 13 25 14 13 35 17 17 35 50 35 15 11 45 25 3 15 13 25 3 26 5
split_gain=12.874 10.1173 10.5659 9.65076 16.121 25.0515 25.053 26.097 16.7449 13.8351 15.8905 10.8052 10.5782 8.41716 18.9839 8.15817 8.13428 7.9426 8.62441 13.1611 15.1051 11.3216 12.0892 10.4595 11.0808 9.7845 11.8652 12.0518 10.6255 17.2899 9.15886 9.13775 9.1229 11.9088 9.56034 8.27324 8.10241 9.57937 13.737 8.03458 9.75294 8.13336 9.03007 18.6472 7.87806 9.7853 9.3676 7.57855 8.54412 7.55831 11.9106 9.90477 8.10297 7.50962 13.2567 8.19883 7.83709 7.60632 7.48556 8.1002 7.62253 9.38744
threshold=-4.0076992511749259 0 5.5000000000000009 0.23054999858140948 0.011041666381061079 0.64024287462234508 0.307549998164177 -3.508895635604858 6.2699999809265146 0.29794999957084661 0.45499999821186071 -0.74500000476837147 0.026508333161473278 46.500000000000007 1 -4.1121997833251944 -0.045541666448116296 0.0091666667722165602 -1.0000000180025095e-35 1.5000000000000002 2 1.0000000180025095e-35 15.500000000000002 -0.084091667085885988 11.500000000000002 3 -3.7989119291305538 2.5000000000000004 5.5000000000000009 5.5000000000000009 2.2108333110809331 4 -0.025833333842456337 -0.052500000223517411 0.14500000327825549 -3.4078608751296993 0.39765000343322759 1.4508333802223208 1.1491666436195376 6.3250000476837167 -0.06583333387970923 6.8849999904632577 5 0.38870000839233404 7.8350000381469735 1.6658332943916323 8.7649998664855975 3.7300000190734868 2.2841666936874394 0.029350000433623794 2.7108333110809331 0.3433500081300736 6.7950000762939462 5.5000000000000009 6 0.78527465462684642 0.28034999966621404 8.0650000572204608 7 0.85200554132461559 5.5000000000000009 3.5000000000000004
decision_type=2 1 10 2 2 2 2 2 8 2 10 10 2 10 1 2 2 2 2 2 1 2 8 2 2 1 2 2 10 2 2 1 2 2 2 2 2 2 2 2 2 2 1 2 2 2 8 8 2 8 2 2 2 2 1 2 2 2 1 2 2 2
left_child=1 2 -1 -4 9 6 -6 8 -8 10 11 -5 -7 17 -15 -14 -13 18 25 20 23 22 -22 31 44 26 27 -2 29 -29 35 -20 33 36 -34 -27 39 38 -38 41 -41 42 43 -23 45 -25 -47 -32 -49 52 51 -51 -48 57 55 56 -55 -19 60 -60 61 -21
right_child=13 -3 3 4 5 12 7 -9 -10 -11 -12 16 15 14 -16 -17 -18 53 19 58 21 32 -24 24 -26 30 -28 28 -30 -31 47 -33 34 -35 -36 -37 37 -39 -40 40 -42 -43 -44 -45 -46 46 49 48 -50 50 -52 -53 -54 54 -56 -57 -58 -59 59 -61 -62 -63
leaf_value=-0.011581345046351096 0.092175222889525787 -0.011957204334176947 -0.003264425510659062 -0.019381162621759176 0.0035955054008289626 0.07367509232418451 0.11022650978886966 0.033929230456333295 0.26510675539082845 -0.012445141207638588 0.14198961613929953 0.11675778597899344 -0.034938431610012879 0.031116649196992072 -0.0063431339389034289 0.05456907976865729 0.015554793165238038 -0.0015250218760145457 -0.020381621675110706 -0.0033500451728403591 -0.0036009617569661301 -0.0061773258020941472 0.02724748096765631 0.002471247985061454 0.015426668727553668 -0.014624798339046941 0.0027452142526197525 0.1212636810034378 -0.0052959095774183264 0.0028577993350961182 0.021648194606752744 0.00078012048131776324 -0.0017623023697337871 -0.0057370402702962547 0.02356206455426 0.00030026069904752278 -0.0097388161140188195 -0.016429906393898245 0.011244675134451453 0.0016605650907620174 0.011636155664783845 -0.018767921837981118 -0.0039418791176737758 0.025320897448271599 -0.0084494820546361302 0.0024441508822853732 0.031526168400116225 0.017058517909587189 0.0022839969006056152 0.017712476872160449 0.024103499909700805 -0.0049041417631387422 0.010540396111406163 0.0089422376168510256 -0.0014462836515085843 -0.016161410633611477 0.0022158330623700886 -0.01687880632690851 -0.00058281636989863646 0.018482558207131902 -0.0012453225499652288 -0.013920487396230299
leaf_weight=80.439931322587654 4.2136254198849228 244.98908776696771 73.194406489143148 5.6947447126731268 3.6286755646578985 2.8040351648814967 2.1234676111489534 2.6822454184293747 2.3561799535527825 28.551158565795049 1.97323792381212 2.2897463981062174 7.2707908581942311 33.269680495373905 42.294700440950692 2.099808075465261 2.8553361441008738 6995.4580995533615 35.691639181226492 377.65329424478114 35.315027161501348 61.610624590888619 47.889012321829796 850.41377821564674 162.51533970981836 59.777418494224548 3524.926350120455 3.4571718648076057 12.429800890386105 4.5967799769714475 41.335110567510128 119.56484547629952 46.433799398131669 692.41979946196079 49.043647062964737 10057.619148306549 115.21887560840696 88.248622976243496 88.076068324968219 544.74099972750992 220.19927657395601 42.496515296399593 320.55665012728423 58.745358409360051 72.430389904417098 188.60254224948585 62.934158307500184 70.646058179438114 551.71785816177726 46.347219193354249 58.394031804054976 93.452866869047284 55.310928296297789 356.9804226718843 2231.8119803415611 33.891992687247694 1239.2676151376218 52.009268923662603 10801.723799276166 35.773457361385226 895.08423255197704 208.71843733545393
leaf_count=9602 255 33398 9120 601 349 305 217 184 247 2946 209 240 808 337 419 134 294 67569 240 2232 204 347 274 5363 1253 3569 33413 210 779 301 326 736 299 4273 285 98000 723 461 512 3086 1315 243 1848 331 427 1086 357 544 4042 280 330 532 272 4631 29159 1047 15239 378 82273 445 7187 2161
internal_value=1.67181e-05 -0.00661699 -6.31586e-05 0.00666942 0.0179722 0.044846 0.0892219 0.132606 0.19169 0.00305204 0.0375842 0.0185786 0.00551492 9.02046e-05 0.0134282 -0.0148812 0.0605938 6.60439e-05 0.000394496 -0.000229696 0.00171656 -0.000342619 0.0141542 0.00453655 0.00552994 0.00111211 0.00293054 0.0305672 0.0178941 0.0536837 0.000510212 -0.00534724 -0.000862262 -0.00138014 0.011246 0.000212078 0.00057896 -0.005425 -0.00064787 0.00198115 0.00453219 -0.00205559 -0.0004448 0.00849133 0.00440354 0.00509035 0.00950053 0.00506264 0.00396109 0.0137062 0.00893124 0.00259383 0.0217098 -0.000861449 0.000556241 0.00328659 0.00372011 -0.00163833 -0.0008864 -0.000519404 -0.00354371 -0.00711258
internal_weight=42254.3 462.953 217.964 137.524 64.3294 22.9652 10.7906 7.16189 4.47965 41.3642 12.8131 10.8398 12.1746 41791.3 75.5644 9.3706 5.14508 41715.7 30806.3 16475.6 4156.65 2410.99 83.204 1745.66 1590.4 14330.7 3549.62 24.6974 20.4838 8.05395 10781.1 155.256 2327.79 2232.31 95.4774 10117.4 1539.89 291.544 203.295 1248.35 764.94 483.409 440.913 120.356 1427.89 1355.46 505.042 663.699 622.364 316.439 198.194 139.8 118.245 10909.4 3861.95 1630.14 1596.25 7047.47 12319 10837.5 1481.46 586.372
internal_count=438247 58654 25256 15654 6534 2244 997 648 464 4290 1344 1135 1247 379593 756 942 534 378837 260814 119375 25077 14201 478 10876 9900 141439 34958 1545 1290 511 106481 976 13723 13139 584 101569 8866 1696 1235 7170 4401 2769 2526 678 8647 8220 2857 4912 4586 1771 1142 812 629 118023 50076 20917 19870 67947 94298 82718 11580 4393
cat_boundaries=0 1 2 3 4 5 6 7 8
cat_threshold=3782146 29377638 28191040 298080 17039616 5138 30623754 264256
is_linear=0
shrinkage=0.04


Tree=134
num_leaves=63
num_cat=10
split_feature=2 25 50 9 45 6 12 55 25 13 25 6 14 25 25 12 10 12 25 51 25 12 49 50 15 28 25 15 41 25 48 49 15 14 49 11 14 50 25 14 13 36 15 16 49 4 14 3 14 53 13 17 39 2 3 51 16 51 48 3 3 27
split_gain=15.8444 9.54734 10.3154 22.8818 10.1004 9.44398 17.0982 11.6076 13.8886 13.8912 11.5168 11.4058 15.2313 13.2315 12.9659 15.2209 11.9048 10.8101 12.9318 14.5714 10.8032 17.5544 10.7667 10.6179 10.3863 10.0673 12.0294 9.96628 9.59571 11.5446 9.57532 9.36127 10.9466 11.7737 10.2833 9.66359 9.3565 9.34439 9.23592 9.69604 14.1371 9.04501 10.0789 8.85546 8.79026 8.71223 10.493 8.70813 8.70777 13.027 12.0244 12.8622 11.1165 10.8663 10.6307 9.60917 9.29416 8.57463 8.56116 8.55103 11.8851 9.76945
threshold=-3.4283231496810909 0 0.2079500034451485 1.0000000180025095e-35 3.5000000000000004 2.5000000000000004 0.33044999837875372 1.5000000000000002 1 6.2149999141693124 2 3.5000000000000004 0.41390000283718115 3 4 0.45845000445842748 0.14500000327825549 0.25090000033378607 5 0.024999999441206459 6 0.36015000939369207 -0.1649999991059303 0.065949998795986189 0.52019998431205761 4.5000000000000009 7 0.35154999792575842 4.5000000000000009 8 0.044999999925494201 3.5149999856948857 0.14365000277757647 0.58355000615119945 4.0099999904632577 7.5650000572204599 0.44865000247955328 -0.16655000299215314 9 0.73715001344680797 8.0050001144409197 0.045541666448116309 0.40305000543594366 0.36245000362396246 7.0150001049041757 1.2460413575172427 0.1766999959945679 0.67740178108215343 0.50755000114440929 6.9749999046325692 6.5950000286102304 5.2699999809265146 0.44366666674613958 -1.0272111296653745 0.53194329142570507 0.024999999441206459 0.33269999921321874 -0.1649999991059303 -0.31499999761581415 0.40596815943717962 0.37070779502391821 6.5000000000000009
decision_type=2 1 10 2 2 2 2 2 1 2 1 2 2 1 1 2 2 2 1 10 1 2 8 8 2 8 1 2 2 1 8 8 2 2 8 2 2 8 1 2 2 2 2 2 10 2 2 2 2 2 2 10 10 2 2 10 2 8 8 2 2 8
left_child=1 2 -1 4 -4 17 10 8 9 22 -7 12 13 -9 41 36 20 18 19 -2 21 -13 -8 44 -11 26 43 -28 38 30 -30 32 -10 -34 -33 -36 -16 -23 39 40 58 42 -14 -15 -20 -27 -47 59 50 54 51 -17 -53 -54 55 -50 -56 -19 -18 60 -21 -61
right_child=5 -3 3 -5 -6 6 7 11 31 24 -12 16 14 25 15 48 28 57 23 47 -22 37 -24 -25 -26 45 27 -29 29 -31 -32 34 33 -35 35 -37 -38 -39 -40 -41 -42 -43 -44 -45 -46 46 -48 -49 49 -51 -52 52 53 -55 56 -57 -58 -59 -60 61 -62 -63
leaf_value=-0.0026840345081053651 -0.0042141535816596241 -0.011724084977437293 0.071586467715710422 0.13010140863352382 -0.03243275106389569 -0.000734797479777683 -0.011225577990036066 0.0022346571613006852 0.018077901530339495 0.0065832338390750421 -0.0066993063521622485 0.03253795139271376 0.0010045093634042015 0.0058855433946972411 0.0077683258542037776 0.019170778771391939 -0.017790301079760717 0.025226983835283132 -0.0016732491954214088 0.0041755210330765707 -0.0016482878185330606 0.013962158429246925 0.00156045852795563 0.0022475603877912631 -0.012399970967768601 -0.00073138778154118529 0.0036269380415466998 -0.012005782119718558 -0.014837449157728475 0.01195947883547465 0.0066776796498655569 0.017161106877884788 -0.0037929177549776445 -0.020626026332475931 -0.00021429464750279695 0.01326112983257274 9.5868951886555551e-05 0.0011125413261556974 -0.0017241121388112599 -0.027279547254727171 0.021332831417847538 -0.0058408311317222177 0.024038900614167774 0.026426250846755581 0.03459363868887548 0.0016406687294096536 -0.0072607565927440276 0.033684258005084837 -0.01668041946364408 0.029651171141647465 0.033709023791076383 -0.02158299365517586 0.029424398424622761 -0.0011247109598936122 -0.0018781137506244155 0.0097299102308850069 0.02387405716748469 0.0016933862186112273 -0.0047848508758575889 0.0041114610603557155 0.047606387329644013 -0.029979710238469928
leaf_weight=265.49153293506242 1735.1648789779283 279.88048792793415 2.1406628838740271 3.0470082161482424 4.9411626139190048 1010.507517978549 114.93778550531715 1395.9917554496787 32.293664544820786 1512.5315110171214 1076.3731425725855 29.964441922493279 1068.3333814279176 107.87269720435143 373.40351576916873 155.34568599518389 84.59845781698823 24.83886821102351 2049.8451511897147 28.645971151534468 2826.0380483418703 94.898195794783533 1266.3082523774356 2990.6863662591204 47.565234016627073 1026.6909077325836 179.36837799847126 102.55965740885586 67.957351832650602 141.91935404809192 64.518862723372877 59.409798821434379 558.61722491402179 75.462720910087228 2207.4048541551456 88.564092911779881 797.36380108213052 1976.4620110411197 2980.1054166457616 31.494086550548673 32.311414513736963 335.78667761851102 31.283339652232826 48.761214190162718 10.749107101932166 260.84156035259366 1128.9525316557847 19.334663761779666 68.172882297076285 28.776617494411767 46.576052281074226 25.872717450372875 26.89179309271276 60.636153072118759 45.580670760944486 32.574787472374737 44.136388531886041 9181.764539769385 1895.7632365077734 75.7336689340882 15.556377083063124 16.353764267172664
leaf_count=28331 22443 33868 228 308 479 9052 1012 12240 238 9282 9421 238 9169 939 3211 1219 1161 314 39683 362 21910 821 7639 24842 283 10546 1539 849 1261 1777 383 348 4047 500 12820 541 6701 15050 21851 255 257 2670 254 398 143 2029 8646 390 454 233 348 271 347 308 393 200 385 88984 14144 1214 228 280
internal_value=1.11938e-05 -0.00669984 -0.00113151 0.0384454 -0.000990282 0.000100345 -0.000376457 -6.93363e-05 0.00145609 0.00340635 -0.0038468 -0.000585647 0.000611442 -0.000949269 0.00272389 0.00506673 -0.00145095 0.000858206 -0.000333617 -0.0031459 -3.56674e-05 0.00213082 0.000496493 0.000723868 0.00600446 -0.00250512 0.00306163 -0.00198936 -0.00276705 0.00451683 -0.00405315 -0.000452056 -0.00463926 -0.00579625 0.000730652 0.000305503 0.00254292 0.00170124 -0.00316486 -0.00523123 -0.00491221 -9.41642e-05 0.00165982 0.0115431 -0.00148406 -0.00352578 -0.00559011 0.00856269 0.010689 0.00456651 0.014946 0.0116942 0.00145207 0.0082611 0.000776556 -0.00814116 0.0107907 0.00175688 -0.00534043 0.00499883 0.0194604 -0.00194277
internal_weight=42372 555.501 275.62 10.1288 7.08183 41816.5 25667.8 23580.9 5963.1 2941.34 2086.88 17617.8 7391.77 4251.04 3140.73 1705.33 10226 16148.7 6942.07 1890.79 4927.36 2101.32 1381.25 5051.28 1560.1 2855.05 438.562 281.928 5298.67 274.396 132.476 3021.75 666.374 634.08 2355.38 2295.97 1170.77 2071.36 5024.27 2044.17 2012.67 1435.4 1099.62 156.634 2060.59 2416.48 1389.79 155.624 534.564 219.241 315.322 268.746 113.401 87.5279 190.465 100.748 89.7171 9206.6 1980.36 136.29 44.2023 92.0874
internal_count=439737 63214 29346 1015 707 376523 197640 179167 36710 18216 18473 142457 63349 37186 26163 14070 79108 178883 89585 24917 38019 16109 8651 64668 9565 24946 3725 2388 41089 3421 1644 18494 4785 4547 13709 13361 9912 15871 37668 15817 15562 12093 9423 1337 39826 21221 10675 2474 4158 1665 2493 2145 926 655 1432 654 778 89298 15305 2084 590 1494
cat_boundaries=0 1 2 3 4 5 6 7 8 9 10
cat_threshold=20028682 16670988 7975632 366674 1621892 3217600 20103334 17834156 9582750 24449728
is_linear=0
shrinkage=0.04


Tree=135
num_leaves=63
num_cat=7
split_feature=0 0 54 15 25 49 15 11 16 15 15 31 17 14 15 14 38 34 35 35 39 25 35 48 49 34 50 15 56 49 2 50 50 54 25 35 8 54 25 7 36 15 12 50 15 14 16 13 48 34 50 25 25 13 35 48 54 9 39 26 35 25
split_gain=14.303 11.4385 8.81853 11.6708 10.6811 11.3493 9.95263 9.50871 10.4549 9.52152 9.18498 12.7179 10.6832 9.05659 12.2628 9.04494 8.75785 11.4951 8.51087 7.94655 7.74524 13.266 7.68775 7.99629 7.61039 7.34032 7.39793 9.55249 7.3695 11.9086 8.76039 8.22522 7.41407 7.27838 25.4999 14.256 10.6505 10.6121 14.6934 10.4735 9.7878 21.8714 9.54474 11.6856 9.03105 8.94232 8.04289 8.03004 7.81335 16.3073 7.76975 7.44968 7.31777 9.31178 8.41454 8.93592 7.77018 7.40255 7.23001 8.7913 7.06561 7.06039
threshold=-4.7829072475433341 -1.4087177515029905 0.042500000447034843 0.63684999942779552 0 -3.1450001001358028 0.37835000455379492 3.8249999284744267 0.38214999437332159 0.39784999191761022 0.38214999437332159 -1.0000000180025095e-35 7.0499999523162851 0.42895001173019415 0.34125000238418585 0.65365001559257518 -0.022499999962747094 1.6474999785423281 0.47749999165534979 -1.1041666865348814 2.8144999742507939 1 -0.15250000357627866 1.185000002384186 1.610000014305115 2.1124999523162846 -0.16655000299215314 0.27250000834465032 -0.016831349581480023 2.6049998998641972 -1.0787853598594663 0.014250000007450582 0.0093499999493360537 -0.052500000223517411 2 1.2175000309944155 51.500000000000007 -0.049166666343808167 3 50.500000000000007 -0.0018249999848194418 0.29314999282360082 0.48830001056194311 0.0043500000610947618 0.32295000553131109 0.37469999492168432 0.49830000102519995 8.1149997711181658 0.54500001668930065 0.14249999821186068 0.090750001370906844 4 5 6.9449999332427987 1.8041666150093081 1.1050000190734866 -0.089166667312383638 1.0000000180025095e-35 3.25083339214325 5.5000000000000009 1.1991667151451113 6
decision_type=2 2 2 2 1 8 2 2 2 2 2 2 8 2 2 2 2 2 2 2 10 1 2 8 10 2 8 2 10 8 2 10 10 2 1 2 2 2 1 2 2 2 2 8 2 2 2 2 8 2 8 1 1 2 2 10 2 2 10 2 2 1
left_child=-1 2 20 4 5 -4 18 9 16 -7 11 12 -8 -10 -15 61 -9 -18 19 24 -2 25 23 -23 -6 26 -22 -28 29 31 32 -29 -31 34 35 40 52 38 44 46 41 45 -37 -44 -35 -3 47 48 49 -38 -45 -43 -36 54 55 56 -54 -58 -24 -60 -34 -12
right_child=1 33 3 -5 6 7 10 8 13 -11 15 -13 -14 14 -16 -17 17 -19 -20 -21 21 22 58 -25 -26 -27 27 28 -30 30 -32 -33 60 37 36 42 39 -39 -40 -41 -42 51 43 50 -46 -47 -48 -49 -50 -51 -52 -53 53 -55 -56 -57 57 -59 59 -61 -62 -63
leaf_value=-0.017277322480576573 -0.00034390300684492562 0.015133331976378221 -0.024256472702831475 0.036907477470233173 0.0023325002861691456 0.0033119082341065173 0.075565068481820583 -0.02154685192222781 -0.00394309590827625 0.049225194923085705 0.0062539356915505577 -0.0078523456345835456 0.01529131203802133 -0.0018549300687918837 0.037334544154496933 0.036253262816600386 -0.0084486297319141587 0.023763870038191123 6.3929341976887255e-05 -0.0090389186274658501 0.022186252069320116 -0.0042093253359290215 -0.017190556321294358 0.022566218272336746 -0.021770833631850763 0.024766365424876421 -0.0161162873665315 -0.02762929662895432 -0.0057247919826987279 0.037859545419092283 0.0010667194860742662 0.0058532601488082581 -0.0014668174703687678 -0.023503407219860363 0.00057614658553443456 0.0076230648762436815 -0.02378281312205446 0.00024878807783161502 0.00098993892268192901 -0.0067183965526100529 0.0070858344050295872 0.0011066389689850641 0.0034437448370367623 0.039698679296634738 -0.0071046235752424535 -0.0067800915112549509 -0.011519883014257042 -0.013296748721789927 0.0039191606276232464 0.0033665249248279461 0.019026354518858212 -0.020547338166696863 0.00042680754927199363 0.0070612688527855599 -0.018978415358813391 0.008377283196777701 -0.019144529040265167 -0.0035152216725240506 -0.014563035678050163 -0.00053711049519220835 0.029706107521291526 -0.0039285812816721669
leaf_weight=78.603997205616906 17364.081680251751 93.712772764265537 55.659983460791409 11.705832585226743 210.97708443668671 44.02865632949397 9.3670160723850113 79.795525958295912 125.78670612722635 8.6460183300077897 209.1113647269085 11.675331060774626 9.4536352006252873 28.090744879096746 23.431632571388036 12.144647328183053 511.46880110586062 18.361139517277479 712.21394341392443 483.30615752725862 23.227909685112536 80.68242225330323 160.32703936938196 22.913787356577814 23.270899092080072 20.679616831243038 57.094775628764182 22.787904552649707 125.44198824372143 28.887532652355731 56.12416136264801 24.211112386547029 26.650817747227848 87.839952647686005 408.97636244446039 317.01814118027687 51.673247873783112 16124.277843602002 256.11035250872374 223.90592461079359 390.71088626235723 42.093052744865417 57.048883482813835 40.458759844303131 138.38056019693613 43.684743240475655 64.674865387380123 48.416483730077744 1872.5095296278596 112.39074130356312 103.52869632095098 84.468994110822678 101.50089543312788 68.989823140203953 99.820520356297493 59.023712828755379 125.58935289084911 78.977734707295895 126.15059557836503 165.04770851321518 20.64599827490747 207.82493224786595
leaf_count=19130 253996 427 2110 213 5692 1635 202 1185 2832 268 3512 161 209 493 391 155 11554 193 11183 11517 253 1087 1598 216 480 150 600 240 1328 367 372 254 368 419 1900 1578 247 74464 1222 1018 1861 199 250 177 659 214 307 247 8861 531 628 403 464 348 472 265 573 361 1217 1575 221 4108
internal_value=-0.000230352 -0.000198612 -0.000856629 -0.00294894 -0.00311649 -0.00668995 -0.00138048 -0.00560509 -0.00670641 0.0108481 0.00373288 0.0249442 0.0452895 0.00184262 0.0159679 0.00222533 -0.00919289 -0.00733231 -0.00303375 -0.00610837 -0.000537351 -0.00403317 -0.00797074 0.00171299 -6.19974e-05 0.0015131 0.000303614 -0.0011011 0.00171199 0.0069147 0.0130586 -0.0103811 0.0218928 0.000460201 0.00188922 0.00692986 8.56462e-05 7.39032e-05 -0.00577248 0.00151459 0.00306578 -0.00288468 0.0119467 0.0187647 -0.0129018 0.00816609 0.00237212 0.00280304 0.00318579 -0.00518437 0.024835 -0.0148815 -0.00351061 -0.00652962 -0.00868686 -0.00587303 -0.00862113 -0.0131105 -0.0103691 -0.00661331 0.0121408 0.00123416
internal_weight=42295.7 42217.1 21121.3 2796.32 2784.61 895.269 1889.35 839.609 786.935 52.6747 459.577 30.496 18.8207 177.309 51.5224 429.081 609.625 529.83 1429.77 717.554 18325 960.873 555.122 103.596 234.248 405.752 385.072 361.844 304.75 179.308 132.309 46.999 76.1843 21095.8 4489.17 1172.72 3316.45 16606.6 482.331 2373.57 654.67 263.96 518.054 201.036 226.221 137.398 2149.66 2084.99 2036.57 164.064 143.987 126.562 942.878 533.902 464.912 365.092 306.068 204.567 451.525 291.198 47.2968 416.936
internal_count=439160 420030 321935 58093 57880 20661 37219 18551 16648 1903 8347 572 411 3716 884 7775 12932 11747 28872 17689 263842 9846 5693 1303 6172 4153 4003 3750 3150 1822 1328 494 956 98095 21331 5737 15594 76764 2300 11211 3104 1243 2633 1055 1078 641 10193 9886 9639 778 805 602 4383 2483 2135 1663 1398 934 4390 2792 589 7620
cat_boundaries=0 1 2 3 4 5 6 7
cat_threshold=4073920 17606544 7737440 19076518 5373952 17311128 8406042
is_linear=0
shrinkage=0.04


end of trees

feature_importances:
jcd=1173
lq=849
tenji_dev=406
q_conc=379
mot_pure=369
q_ent=332
q_rel=293
age=277
m_2ren_in=260
b_2ren=249
n_win_in=246
n_win_dev=237
m_2ren_dev=221
n_2ren=218
l_win_dev=211
m_2ren=208
tenji=191
n_win=184
tok_dev=176
l_win=159
tok_in=159
tok=155
l_2ren=147
avg_st_dev=131
srank=125
avg_st_in=105
cls_gap=102
cls_val=94
rno=86
weight=82
tenji_rk=77
avg_st=59
nruns=58
q_rank=56
lane=50
day_no=50
avg_st_rk=44
m_2ren_rk=42
tok_rk=36
n_days=31
l_win_rk=27
f_count=24
n_win_rk=24
cls_max=10
is_final=8
genten=7
has_f=4
is_f2=1

parameters:
[boosting: gbdt]
[objective: binary]
[metric: binary_logloss]
[tree_learner: serial]
[device_type: cpu]
[data_sample_strategy: bagging]
[data: ]
[valid: ]
[num_iterations: 3000]
[learning_rate: 0.04]
[num_leaves: 63]
[num_threads: 0]
[seed: 42]
[deterministic: 0]
[force_col_wise: 0]
[force_row_wise: 0]
[histogram_pool_size: -1]
[max_depth: -1]
[min_data_in_leaf: 200]
[min_sum_hessian_in_leaf: 0.001]
[bagging_fraction: 0.8]
[pos_bagging_fraction: 1]
[neg_bagging_fraction: 1]
[bagging_freq: 1]
[bagging_seed: 400]
[bagging_by_query: 0]
[feature_fraction: 0.8]
[feature_fraction_bynode: 1]
[feature_fraction_seed: 30056]
[extra_trees: 0]
[extra_seed: 12879]
[early_stopping_round: 0]
[early_stopping_min_delta: 0]
[first_metric_only: 0]
[max_delta_step: 0]
[lambda_l1: 0]
[lambda_l2: 0]
[linear_lambda: 0]
[min_gain_to_split: 0]
[drop_rate: 0.1]
[max_drop: 50]
[skip_drop: 0.5]
[xgboost_dart_mode: 0]
[uniform_drop: 0]
[drop_seed: 17869]
[top_rate: 0.2]
[other_rate: 0.1]
[min_data_per_group: 100]
[max_cat_threshold: 32]
[cat_l2: 10]
[cat_smooth: 10]
[max_cat_to_onehot: 4]
[top_k: 20]
[monotone_constraints: ]
[monotone_constraints_method: basic]
[monotone_penalty: 0]
[feature_contri: ]
[forcedsplits_filename: ]
[refit_decay_rate: 0.9]
[cegb_tradeoff: 1]
[cegb_penalty_split: 0]
[cegb_penalty_feature_lazy: ]
[cegb_penalty_feature_coupled: ]
[path_smooth: 0]
[interaction_constraints: ]
[verbosity: -1]
[saved_feature_importance_type: 0]
[use_quantized_grad: 0]
[num_grad_quant_bins: 4]
[quant_train_renew_leaf: 0]
[stochastic_rounding: 1]
[linear_tree: 0]
[max_bin: 255]
[max_bin_by_feature: ]
[min_data_in_bin: 3]
[bin_construct_sample_cnt: 200000]
[data_random_seed: 175]
[is_enable_sparse: 1]
[enable_bundle: 1]
[use_missing: 1]
[zero_as_missing: 0]
[feature_pre_filter: 1]
[pre_partition: 0]
[two_round: 0]
[header: 0]
[label_column: ]
[weight_column: ]
[group_column: ]
[ignore_column: ]
[categorical_feature: 25]
[forcedbins_filename: ]
[precise_float_parser: 0]
[parser_config_file: ]
[objective_seed: 16083]
[num_class: 1]
[is_unbalance: 0]
[scale_pos_weight: 1]
[sigmoid: 1]
[boost_from_average: 1]
[reg_sqrt: 0]
[alpha: 0.9]
[fair_c: 1]
[poisson_max_delta_step: 0.7]
[tweedie_variance_power: 1.5]
[lambdarank_truncation_level: 30]
[lambdarank_norm: 1]
[label_gain: ]
[lambdarank_position_bias_regularization: 0]
[eval_at: ]
[multi_error_top_k: 1]
[auc_mu_weights: ]
[num_machines: 1]
[local_listen_port: 12400]
[time_out: 120]
[machine_list_filename: ]
[machines: ]
[gpu_platform_id: -1]
[gpu_device_id: -1]
[gpu_use_dp: 0]
[num_gpu: 1]

end of parameters

pandas_categorical:null
