tree
version=v4
num_class=1
num_tree_per_iteration=1
label_index=0
max_feature_idx=18
objective=binary sigmoid:1
feature_names=winner second lane lq3 q1a q2ab avg_st avg_st_vs_oth st_setsu c_st cls_gap n_win m_2ren tenji_dev mot_pure f_count jcd wave wind
feature_infos=-1:0:1:2:3:4:5 -1:1:2:0:3:4:5 -1:5:4:3:2:1:0 [-5.0054364204406738:-0.22309865057468414] [0.0031999875791370869:0.93026924133300781] [0.0005273522692732513:0.5994454026222229] [0:0.2800000011920929] [-0.23999999463558197:0.20333333313465118] none none [-3:3] [0:8.9899997711181641] [0:1] [-0.29333332180976868:0.50833332538604736] [-0.16131666302680969:0.14053824543952942] [0:3] -1:19:8:24:6:17:23:5:7:22:2:21:10:12:20:1:16:9:13:15:11:14:18:4:3 none none
tree_sizes=3107 3537 3528 3514 3506 3447 3506 3513 3498 3543 3529 3452 3506 3520 3488 3476 3520 3532 3526 3491 3546 3512 3492 3528 3493 3496 3570 3483 3446 3524 3502 3489 3454 3533 3466 3505 3526 3548 3484 3483 3525 3491 3550 3500 3488 3480 3519 3579 3493 3568 3446 3559 3568 3523 3481 3515 3486 3563 3509 3517 3516 3518 3459 3469 3506 3481 3495 3485 3501 3517 3499 3507 3545 3487 3549 3510 3478 3529 3517 3526 3519 3496 3464 3508 3469 3568 3503 3498 3461 3465 3503 3476 3472 3579 3581 3453 3510 3498 3538 3511 3489 3480 3487 3482

Tree=0
num_leaves=31
num_cat=6
split_feature=3 3 3 3 3 3 3 3 3 3 3 3 3 3 3 13 16 14 16 13 16 3 3 16 5 16 14 16 14 3
split_gain=18002.2 3447.15 2890.46 556.215 547.22 485.632 459.509 110.966 97.312 91.2336 73.5696 59.3061 57.8857 30.8494 27.5232 28.5542 18.7643 17.3348 17.1026 16.8035 22.7699 16.6261 16.4867 15.7801 15.6923 22.5489 15.6673 16.272 15.6051 14.3864
threshold=-1.2855879664421079 -1.8825638890266416 -0.88341516256332386 -2.3694097995758052 -1.0974292755126951 -1.625059127807617 -0.71981322765350331 -0.99889144301414479 -0.59814101457595814 -1.4186998009681699 -2.8460912704467769 -2.0638686418533321 -0.83261695504188526 -1.7475646138191221 -1.1884641647338865 -0.022499999962747094 0 0.014391859527677299 1 0.012500000186264517 2 -0.51566413044929493 -0.75350496172904957 3 0.16494972258806231 4 -0.01088079623878002 5 0.010465199127793314 -1.5589764714241026
decision_type=2 2 2 2 2 2 2 2 2 2 2 2 2 2 2 2 1 8 1 2 1 2 2 1 2 1 8 1 10 2
left_child=1 3 4 10 14 13 12 17 -8 26 -1 -5 -4 -3 15 23 -16 -6 -11 20 -19 -10 -14 -2 -21 -26 -7 -28 -9 -29
right_child=2 5 6 11 7 9 8 28 21 18 -12 -13 22 -15 16 -17 -18 19 -20 24 -22 -23 -24 -25 25 -27 27 29 -30 -31
leaf_value=-1.1592407367371911 -1.0874281539972923 -1.1222355985554964 -1.0524864910382101 -1.1366041599481549 -1.0670615376875301 -1.0996336786466459 -1.023207404888635 -1.058733753305658 -1.0066648300730212 -1.101045567139727 -1.1477615756988597 -1.1277907299877787 -1.0424629877091482 -1.1155996763018385 -1.0875051246657415 -1.090025049227177 -1.0791076013867329 -1.0787942906903545 -1.0951067571625783 -1.0746942246054529 -1.0653280884856153 -0.98633256838838945 -1.0325333312131462 -1.0744227067320489 -1.0721971943284871 -1.0979911706556875 -1.1035064263423304 -1.1133960531093734 -1.0681300320712035 -1.1068595709684526
leaf_weight=2603.625 530.0625 3427.875 1506.375 4103.8125 1304.625 842.4375 1487.625 3538.125 435.75 1924.6875 3219.5625 3669.375 1933.6875 3655.125 1043.625 2855.4375 2668.125 729.75 3236.4375 620.4375 878.4375 221.4375 650.25 547.125 127.125 229.5 2337.75 1220.625 547.5 2751.9375
leaf_count=13886 2827 18282 8034 21887 6958 4493 7934 18870 2324 10265 17171 19570 10313 19494 5566 15229 14230 3892 17261 3309 4685 1181 3468 2918 678 1224 12468 6510 2920 14677
internal_value=-1.09861 -1.12192 -1.06341 -1.14122 -1.07491 -1.10839 -1.03464 -1.06574 -1.01586 -1.10239 -1.15291 -1.13245 -1.04452 -1.11882 -1.08447 -1.0874 -1.08138 -1.07182 -1.09732 -1.07424 -1.07108 -0.999494 -1.03992 -1.08046 -1.0795 -1.08795 -1.10604 -1.1069 -1.05998 -1.10885
internal_weight=54848.2 32993.2 21855 13596.4 15619.9 19396.9 6235.12 7975.5 2144.81 12313.9 5823.19 7773.19 4090.31 7083 7644.38 3932.62 3711.75 3889.88 5161.12 2585.25 1608.19 657.188 2583.94 1077.19 977.062 356.625 7152.75 6310.31 4085.62 3972.56
internal_count=292524 175964 116560 72514 83306 103450 33254 42536 11439 65674 31057 41457 21815 37776 40770 20974 19796 20746 27526 13788 8577 3505 13781 5745 5211 1902 38148 33655 21790 21187
cat_boundaries=0 1 2 3 4 5 6
cat_threshold=1341952 25921920 30510276 12174362 1102054 29952056
is_linear=0
shrinkage=1


Tree=1
num_leaves=31
num_cat=2
split_feature=3 3 3 3 3 3 3 3 3 3 3 3 3 14 3 6 3 7 3 13 3 3 12 7 7 1 14 2 7 13
split_gain=16099.2 2851.34 2783.53 697.227 484.793 357.193 355.348 125.181 58.9881 58.7431 51.7902 50.0012 42.8456 30.8548 28.8739 22.3439 19.1385 19.0128 18.1497 17.1587 16.4797 13.5426 13.5092 12.7808 12.2021 12.1699 11.2778 10.8851 12.9139 10.9366
threshold=-1.3459648489952085 -0.96450448036193837 -1.9943848848342893 -0.75350496172904957 -1.625059127807617 -1.1463666558265684 -2.6050795316696163 -0.6436328887939452 -1.7475646138191221 -0.83261695504188526 -1.0870085358619688 -2.1735420227050777 -1.4535179734230039 0.010465199127793314 -1.2636047601699827 0.16499999910593036 -0.51566413044929493 -0.025000000372529026 -2.8983117341995235 0.010833333246409895 -1.0159750580787656 -2.3913018703460689 0.24755000323057177 0.051666667684912689 -1.0000000180025095e-35 0 -0.011403123848140238 1 0.01833333354443312 0.010833333246409895
decision_type=2 2 2 2 2 2 2 2 2 2 2 2 2 10 2 2 2 2 2 2 2 2 2 2 2 1 8 1 2 2
left_child=2 5 6 9 8 14 18 -5 -4 13 27 21 -6 -3 -2 -15 -9 -11 -1 23 22 -8 -12 -16 -24 -21 -14 -7 29 -29
right_child=1 3 4 7 12 10 11 16 -10 17 20 -13 26 15 19 -17 -18 -19 -20 25 -22 -23 24 -25 -26 -27 -28 28 -30 -31
leaf_value=-0.059980152441032178 0.0058726779832820155 0.041005942723569111 -0.024346679373700709 0.063799302763069402 -0.008107728670870392 0.013648844940378943 -0.045209167756358581 0.081543234122389854 -0.0162085407095468 0.042005471619984885 0.016919337238921656 -0.03299721443828442 0.0057327805732672286 0.021469673773419556 0.013639794564974869 0.042402399593082507 0.10005046008123418 0.053232667983712151 -0.052387645026356816 0.00063747892477294585 0.031344187797244981 -0.039131766893358955 0.023667881841894597 0.029009698775113196 0.031016915057509122 0.010376712024184651 -0.0023931562758868377 0.022869710103320173 0.030990771658982688 0.013059236605699376
leaf_weight=2299.3012365847826 3257.8429310619831 3802.2147308588028 5746.6164433211088 1782.5092760026455 5807.0209468007088 878.51556028425694 1679.2607325017452 894.89126941561699 3668.6324021816254 596.67213356494904 423.88401709496975 2955.9386958479881 481.82521189749241 395.03404685854912 2740.8213936686516 193.88956055045128 226.73653131723404 1366.7954687476158 1475.8824568986893 421.34959304332733 1987.215031132102 2529.0250163078308 1415.9964813739061 142.21847964823246 1012.2599232494831 1494.3917712122202 3637.3291603475809 801.29092554748058 301.48733113706112 456.36039668321609
leaf_count=12649 17341 19863 31052 9180 31090 4642 9183 4583 19734 3096 2232 16041 2569 2070 14513 1016 1146 7092 8078 2234 10419 13757 7453 753 5328 7924 19412 4233 1593 2412
internal_value=-5.01343e-05 0.0300007 -0.0244561 0.0519083 -0.013053 0.0167675 -0.0446113 0.0722165 -0.0211798 0.0426073 0.0247964 -0.0380473 -0.00534175 0.0393399 0.00951117 0.0284815 0.0854559 0.0498671 -0.0570412 0.0119778 0.0277972 -0.0415772 0.0253056 0.0144176 0.0267545 0.00829499 -0.00144033 0.018821 0.021489 0.0193362
internal_weight=54873.2 24592.4 30280.8 9258.74 19341.4 15333.6 10939.4 2904.14 9415.25 6354.61 7277.01 7164.22 9926.18 4391.14 8056.62 588.924 1121.63 1963.47 3775.18 4798.78 4839.36 4208.29 2852.14 2883.04 2428.26 1915.74 4119.15 2437.65 1559.14 1257.65
internal_count=292688 129123 163565 48046 103857 81077 59708 14909 50786 33137 38312 38981 53071 22949 42765 3086 5729 10188 20727 25424 25432 22940 15013 15266 12781 10158 21981 12880 8238 6645
cat_boundaries=0 1 2
cat_threshold=2 24
is_linear=0
shrinkage=0.05


Tree=2
num_leaves=31
num_cat=0
split_feature=3 3 3 3 3 3 3 3 3 3 3 3 3 3 3 3 13 3 3 14 6 13 14 14 13 5 12 12 13 3
split_gain=14314.5 2691.01 2456.27 503.206 447.577 352.887 333.276 97.6011 57.8236 51.4031 50.7326 47.626 44.912 26.1021 20.7551 17.9489 20.46 15.5296 14.909 14.5343 13.4858 13.1397 12.8315 11.7443 15.5356 17.6907 15.1977 11.6053 11.6017 11.4908
threshold=-1.3353726863861082 -1.9943848848342893 -0.89630964398384083 -1.0974292755126951 -1.625059127807617 -0.75350496172904957 -2.6050795316696163 -0.6436328887939452 -0.9761584699153899 -1.2636047601699827 -2.1584883928298946 -1.4186998009681699 -1.7475646138191221 -0.51566413044929493 -2.8983117341995235 -1.173203647136688 -0.022499999962747094 -0.8404196798801421 -2.3694097995758052 0.011759900022298099 0.14500000327825549 0.045833334326744087 0.0085210562683641928 0.015644003637135032 -0.054166667163372033 0.1694925203919411 0.39245000481605535 0.23544999957084659 -0.014166666660457848 -1.8825638890266416
decision_type=2 2 2 2 2 2 2 2 2 2 2 2 2 2 2 2 2 2 2 10 2 2 10 8 2 2 2 2 2 2
left_child=1 6 3 9 12 17 14 -7 23 -2 18 21 29 -9 -1 16 -11 19 -8 -4 28 -6 -10 26 -25 27 -5 -26 -19 -3
right_child=2 4 5 8 11 7 10 13 22 15 -12 -13 -14 -15 -16 -17 -18 20 -20 -21 -22 -23 -24 24 25 -27 -28 -29 -30 -31
leaf_value=-0.058761912752533875 0.0049233529898076367 -0.025641208395428529 0.041546026031958908 0.030282182770018234 -0.0062827055292096817 0.058948850274632141 -0.043829300292944004 0.073539718647429517 0.03468169222685049 0.016487255888551204 -0.031509222454205829 3.263234298866365e-05 -0.015743269587667176 0.093750504500773824 -0.050607889709810241 0.015752851854678892 0.0082547669861549322 0.047523101375489596 -0.037661224261105769 0.026923340786911183 0.048948929241085001 -0.011920880481748851 0.025123792433086534 0.032706848743384913 0.01395615430065676 0.015347411053501951 0.018719581321392679 0.025438610760645027 0.033095241206971084 -0.020983775367666591
leaf_weight=2215.4890489578247 2839.8254267573357 2319.6872532069683 1580.8479477912188 1317.2006058096886 5842.3029596954584 1829.0005826801062 1856.847394362092 917.93735599517822 2470.9693850874901 1054.5845969170332 2711.8089918196201 3236.9928053766489 3618.1882174015045 236.44774985313416 1438.6274877041578 3095.9312617331743 2680.5690354704857 279.87921096384525 2492.2417868971825 207.22195990383625 1612.398062646389 1258.2356594800949 440.50488667190075 337.16983681917191 262.35539625585079 893.9211266040802 379.08652800321579 1694.7478663772345 339.71035501360893 3355.9993020445108
leaf_count=12584 15069 12714 8090 6825 31382 9147 10395 4531 12681 5536 14968 17257 19624 1144 8095 16242 14148 1422 13826 1068 8176 6761 2280 1749 1366 4654 1963 8798 1727 18341
internal_value=-0.000212891 -0.0231562 0.0282394 0.0182049 -0.0121539 0.0532534 -0.0433077 0.0663036 0.0276562 0.0105818 -0.0369421 -0.00499398 -0.0201152 0.0778344 -0.0555811 0.012932 0.0105867 0.0435404 -0.0403136 0.0398834 0.0464317 -0.00728488 0.0332538 0.0243074 0.0224737 0.0212414 0.0277233 0.0239152 0.0397445 -0.0228957
internal_weight=54816.7 30346.4 24470.3 17466.9 19631.4 7003.44 10715 2983.39 7795.96 9670.91 7060.9 10337.5 9293.87 1154.39 3654.12 6831.08 3735.15 4020.06 4349.09 1788.07 2231.99 7100.54 2911.47 4884.48 3188.19 2851.02 1696.29 1957.1 619.59 5675.69
internal_count=292563 165947 126616 91311 106079 35305 59868 14822 40316 50995 39189 55400 50679 5675 20679 35926 19684 20483 24221 9158 11325 38143 14961 25355 16567 14818 8788 10164 3149 31055
is_linear=0
shrinkage=0.05


Tree=3
num_leaves=31
num_cat=7
split_feature=3 3 3 3 3 3 3 3 3 3 3 3 3 16 16 16 3 3 16 7 3 14 12 11 16 16 16 3 14 14
split_gain=13046.3 2472.4 2220.73 480.442 438.738 280.089 279.321 80.6341 50.7493 46.3502 41.677 35.8995 30.6059 22.2583 21.7682 20.9852 19.8976 19.8592 17.7695 16.5376 16.0625 15.6234 19.4462 18.8797 21.1995 18.506 17.0523 14.9139 13.7744 13.1649
threshold=-1.3459648489952085 -2.0400431156158443 -0.95871108770370472 -1.6666071414947508 -0.75350496172904957 -1.1083717346191404 -2.6050795316696163 -0.6436328887939452 -1.2155677676200864 -0.83261695504188526 -1.4186998009681699 -1.7475646138191221 -2.1584883928298946 0 1 2 -0.51566413044929493 -2.8983117341995235 3 -0.025000000372529026 -1.0159750580787656 0.01538969809189439 0.24755000323057177 4.3849999904632577 4 5 6 -1.5589764714241026 -0.028949555940926072 -0.01088079623878002
decision_type=2 2 2 2 2 2 2 2 2 2 2 2 2 1 1 1 2 2 1 2 2 8 2 2 1 1 1 2 8 8
left_child=1 6 5 11 9 8 17 -6 14 -4 15 -3 -8 -10 -2 -5 -9 -1 -12 -11 21 -7 26 24 -24 -25 -23 -17 -16 -29
right_child=2 3 4 10 7 20 12 16 13 19 18 -13 -14 -15 28 27 -18 -19 -20 -21 -22 22 23 25 -26 -27 -28 29 -30 -31
leaf_value=-0.057679798778260086 0.001113831233027906 -0.023294394784487745 0.034996198344688409 -0.0034773469763681197 0.054379224590931696 0.025689664984167651 -0.039226937176800578 0.067529559774639494 0.018134409474643499 0.037107995630365674 0.01233724798550867 -0.015985382178320528 -0.031376161887725927 0.010601840318502679 0.024528616231275824 -0.012097585150902762 0.084877994764291476 -0.049600728673762064 -0.0016412713333768328 0.047281822830125719 0.026612495685344868 -0.0047440872543310702 0.020786051846197206 0.014247247235976084 -0.0073187893824201312 0.026025371568816374 0.016529484021481439 0.0013667685675167738 0.0077065172660074378 -0.0081052894070792435
leaf_weight=2162.4097268283367 1511.8032404333353 6386.840629324317 4330.2662206292152 2419.1722033917904 1873.0990563035011 1308.8850208818913 4251.0522507876158 948.22806923091412 1661.6994228512049 627.21545280516148 237.24902725219727 2308.9376874268055 1840.3818408846855 2811.0394144356251 124.46230334043503 2414.8791128247976 249.69544333219528 1402.3067939579487 2577.9378043413162 1430.4439817816019 2271.6817960888147 151.21569336950779 129.67236413061619 597.76231575012207 121.19699724018574 1265.2144314199686 229.8710305839777 415.71333342790604 3600.9202385395765 3084.3114520162344
leaf_count=12689 7983 35417 21836 13055 9130 6716 24194 4538 8670 3129 1264 12625 10341 14678 656 13114 1164 8112 13751 7086 11578 785 668 3083 625 6518 1192 2231 19000 16631
internal_value=-7.08001e-05 -0.022649 0.0263143 -0.0125499 0.0454699 0.0148315 -0.0433974 0.0610143 0.00956001 0.0379801 -0.00567763 -0.0213578 -0.0368661 0.0134714 0.00621569 -0.00745398 0.0712811 -0.0545312 -0.000417347 0.0442197 0.0232506 0.0212299 0.0188716 0.020747 0.00779046 0.0224815 0.00841505 -0.0090575 0.00825923 -0.00698011
internal_weight=54745.6 29501.2 25244.4 19845 9458.95 15785.4 9656.15 3071.02 9709.92 6387.93 11149.3 8695.78 6091.43 4472.74 5237.19 8334.08 1197.92 3564.72 2815.19 2057.66 6075.5 3803.82 2494.93 2113.85 250.869 1862.98 381.087 5914.9 3725.38 3500.02
internal_count=292459 163424 129035 108088 46883 82152 55336 14832 50987 32051 60046 48042 34535 23348 27639 45031 5702 20801 15015 10215 31165 19587 12871 10894 1293 9601 1977 31976 19656 18862
cat_boundaries=0 1 2 3 4 5 6 7
cat_threshold=21152138 624778 13109304 12 20011566 17932428 12848486
is_linear=0
shrinkage=0.05


Tree=4
num_leaves=31
num_cat=8
split_feature=3 3 3 3 3 3 3 3 3 3 3 3 3 3 3 2 7 16 16 16 7 13 16 16 13 16 4 4 12 16
split_gain=11887.7 2172.01 2156.69 419.408 358.386 279.51 264.495 69.6673 53.8278 37.9669 32.1331 31.2904 29.4485 27.2381 27.0178 20.811 19.1325 21.9556 18.092 17.3058 15.4838 14.9429 13.9252 13.5778 13.3262 13.0184 12.9084 12.8167 12.0041 11.9069
threshold=-1.3844408392906187 -2.0400431156158443 -0.96450448036193837 -0.75350496172904957 -1.6666071414947508 -1.1515212059020994 -2.5153878927230831 -0.59814101457595814 -0.82487374544143666 -1.0159750580787656 -2.8983117341995235 -1.9019438624382017 -2.2038823366165157 -1.2855879664421079 -1.5024728775024412 0 -0.015000000596046446 1 2 3 -0.025000000372529026 -0.010833333246409891 4 5 0.059166666120290763 6 0.47551211714744573 0.79429084062576305 0.32694999873638159 7
decision_type=2 2 2 2 2 2 2 2 2 2 2 2 2 2 2 1 2 1 1 1 2 2 1 1 2 1 2 2 2 1
left_child=1 6 5 8 11 13 10 -5 21 15 -1 -3 -8 24 27 -7 17 -11 -15 -17 -10 25 28 -18 29 -4 -21 -6 -16 -2
right_child=2 4 3 7 14 9 12 -9 20 16 -12 -13 -14 18 22 19 23 -19 -20 26 -22 -23 -24 -25 -26 -27 -28 -29 -30 -31
leaf_value=-0.056668609739853729 0.0077307559317844211 -0.024864823973117185 0.028586804533091311 0.052958422591140947 -0.0080846651920818257 0.020839458656453244 -0.038611267556729931 0.070685331963182343 0.035138847721553089 0.030425388572850206 -0.047426793710078734 -0.018302100081128928 -0.031062477829315666 0.012425950085823475 -0.011222805858620802 0.0048691785771407467 0.020752145323584818 0.012018056515540587 0.0065864931883207536 0.019174149448548811 0.045432777170779814 0.029726728398637343 -0.00094537800695795166 0.033773341847444023 -0.0053354080295427318 0.039224264597752849 0.011379580184250537 -0.019250452539554166 -0.0029000468147129133 0.0018978924870370146
leaf_weight=2077.487925156951 1746.9421887397766 2640.0750179290771 854.16741608083248 2399.2965023070574 5025.8908806145191 2908.1343960314989 2981.5254567265511 754.18497601151466 570.89182178676128 283.07850098609924 1940.7224766612053 6009.7544282227755 2415.8732176572084 2577.8885243982077 811.89300802350044 436.31760364770889 482.00401490926743 488.97954770922661 2953.7403053641319 1419.5067896693945 1313.9226631373167 2674.7998266369104 2548.8002634644508 825.45572380721569 354.63950508832932 1349.4807488322258 868.33849315345287 270.18455286324024 930.45755349099636 1788.7539477348328
leaf_count=12601 9264 14885 4235 11392 27327 14886 17336 3472 2802 1426 11494 33446 13846 13445 4370 2236 2429 2464 15427 7266 6378 13278 13709 4160 1882 6691 4456 1470 5008 9496
internal_value=4.90119e-05 -0.0230034 0.0236145 0.04217 -0.0129322 0.0128713 -0.0425035 0.0572401 0.0351285 0.0199293 -0.0522308 -0.0203104 -0.0352452 0.00709133 -0.00627243 0.0177834 0.0257187 0.0193767 0.0093457 0.014379 0.0423554 0.0323201 -0.0033214 0.0294284 0.0038827 0.0354381 0.0161577 -0.00866135 -0.00674799 0.00480979
internal_weight=54703.2 27652.7 27050.5 9916.74 18237.1 17133.8 9415.61 3153.48 6763.26 7711.82 4018.21 8649.83 5397.4 9421.96 9587.23 5632.3 2079.52 772.058 5531.63 2724.16 1884.81 4878.45 4291.15 1307.46 3890.34 2203.65 2287.85 5296.08 1742.35 3535.7
internal_count=292577 155492 137085 48248 100215 88837 55277 14864 33384 39323 24095 48331 31182 49514 51884 28844 10479 3890 28872 13958 9180 24204 23087 6589 20642 10926 11722 28797 9378 18760
cat_boundaries=0 1 2 3 4 5 6 7 8
cat_threshold=38 16822644 4343766 1573904 10869504 2272020 6312628 2145118
is_linear=0
shrinkage=0.05


Tree=5
num_leaves=31
num_cat=11
split_feature=11 11 2 2 10 11 11 0 11 10 0 5 5 5 2 5 7 5 2 11 2 2 11 4 11 1 2 12 5 16
split_gain=3777.28 1428.36 864.621 735.848 371.871 234.694 193.899 153.504 144.66 117.324 107.671 86.5139 83.8439 81.6304 66.2094 61.9536 59.0319 57.6711 53.3689 52.9501 50.1003 48.2427 47.2654 41.4799 35.2109 34.5742 33.1748 31.6666 31.5391 31.214
threshold=4.9249999523162851 2.5449999570846562 0 1 1.0000000180025095e-35 5.5650000572204599 4.1649999618530282 2 6.4349999427795419 1.0000000180025095e-35 3 0.047370964661240585 0.11876285821199419 0.019226461648941044 4 0.13824771344661715 -0.018333333544433113 0.077075500041246428 5 3.9450000524520878 6 7 1.8650000095367434 0.24125806987285617 4.2650001049041757 8 9 0.36304999887943273 0.11496729776263238 10
decision_type=2 2 1 1 2 2 2 1 2 2 1 2 2 2 1 2 2 2 1 2 1 1 2 2 2 1 1 2 2 1
left_child=1 22 4 10 7 17 15 23 -6 13 24 -11 14 -7 -8 26 -9 -4 -18 -12 -14 -19 -1 -2 -3 -22 -5 -10 -15 -17
right_child=2 3 5 6 8 9 12 16 27 11 19 -13 20 28 -16 29 18 21 -20 -21 25 -23 -24 -25 -26 -27 -28 -29 -30 -31
leaf_value=-0.053330437640420059 0.002779757174135521 -0.019174409482428392 0.0052031504255230059 -0.0041967688588368393 0.0073044507144413547 0.005202580450238312 0.0093849013086036315 0.00056431926098483257 0.022899773409068 0.022434132425527453 -0.033639661429384161 0.037009503964916639 -0.00056509555570688464 0.017452156961141062 -0.0056913446759573371 0.0057404275219481247 -0.0051792642743387664 0.0068962603560384257 -0.015432670482787045 -0.022936645981687868 0.018593159579510857 0.019450005556847449 -0.040080656557917038 0.017411336405274428 -0.0065616717545493976 0.0059853017436907064 -0.017104880164883898 0.039497902765646506 0.024229033122214597 -0.007584402187468477
leaf_weight=1684.7264642119408 1415.8291591107845 1086.986880287528 2709.1269106417894 643.36718602478504 2114.0102053135633 931.66550448536873 906.11466179788113 1690.1067862063646 898.50428341329098 2102.8991448581219 1613.9525458067656 2000.8751788437366 1177.0893476754427 3341.8316567540169 3524.5012041330338 618.56471098959446 2644.1539241373539 1240.2090658694506 2499.0818708539009 4202.2164203822613 1088.7732670903206 2175.8643969148397 1192.1641652435064 735.06371146440506 1131.4698887467384 1145.9757614284754 2650.710197687149 432.71466770768166 3608.3834416568279 1456.1786177009344
leaf_count=10365 7568 6115 14228 3433 11040 4865 4719 9004 4492 10576 9456 9680 6283 17069 19126 3322 14282 6416 14081 24001 5626 11058 7126 3785 6209 6012 14745 2150 18047 7897
internal_value=-3.14811e-05 -0.0148197 0.0116495 -0.0103401 0.00148437 0.0186137 -0.00307009 -0.00387039 0.0154466 0.0226931 -0.0222589 0.0295552 0.00193955 0.0191138 -0.00259689 -0.0103916 -0.00753136 0.0106567 -0.0102055 -0.0258727 0.00782865 0.0149761 -0.0478715 0.00775558 -0.0126961 0.0121944 -0.0146525 0.0283462 0.0209765 -0.00361891
internal_weight=54663.1 24122.8 30540.3 21245.9 12429.5 18110.9 13211.3 8984.24 3445.23 11985.7 8034.63 4103.77 7842.45 7881.88 4430.62 5368.82 6833.34 6125.2 5143.24 5816.17 3411.84 3416.07 2876.89 2150.89 2218.46 2234.75 3294.08 1331.22 6950.22 2074.74
internal_count=292776 134435 158341 116944 66402 91939 71163 48720 17682 60237 45781 20256 41766 39981 23845 29397 37367 31702 28363 33457 17921 17474 17491 11353 12324 11638 18178 6642 35116 11219
cat_boundaries=0 1 2 3 4 5 6 7 8 9 10 11
cat_threshold=48 48 28 28 1 16 8 8 6 1 4345348
is_linear=0
shrinkage=0.05


Tree=6
num_leaves=31
num_cat=8
split_feature=3 3 3 3 3 3 3 3 3 3 3 3 3 3 3 16 16 12 13 14 14 16 16 6 16 3 16 14 16 16
split_gain=10087.6 1902.46 1788.31 317.365 314.877 278.396 265.44 74.3524 36.1905 35.9752 35.106 30.7575 30.3429 27.4846 19.1904 18.278 17.7903 16.536 15.8166 15.7979 15.0078 16.3614 14.5952 14.5025 15.443 15.4031 13.6659 12.7714 12.5209 12.2421
threshold=-1.3844408392906187 -2.0400431156158443 -0.95871108770370472 -1.6805534362792967 -0.71981322765350331 -1.1679376959800718 -2.6050795316696163 -0.8404196798801421 -0.56384494900703419 -1.2907828092575071 -1.0974292755126951 -2.3694097995758052 -1.5140655636787412 -1.8825638890266416 -2.8983117341995235 0 1 0.33390000462532049 -0.007500000298023223 0.0093743125908076781 -0.021692910231649872 2 3 0.15500000119209292 4 -0.80863818526267994 5 0.023251958191394809 6 7
decision_type=2 2 2 2 2 2 2 2 2 2 2 2 2 2 2 1 1 2 2 10 8 1 1 2 1 2 1 10 1 1
left_child=1 6 5 13 7 9 14 19 -6 16 26 -8 -5 -3 -1 -12 -2 -14 -11 -4 -19 -22 -20 24 -9 -26 -7 -15 -21 -25
right_child=2 3 4 12 8 10 11 23 -10 18 15 -13 17 27 -16 -17 -18 20 22 28 21 -23 -24 29 25 -27 -28 -29 -30 -31
leaf_value=-0.054991558312800559 0.0065532492693832489 -0.023533963283571952 0.029911409983631249 -0.0089519398597705038 0.050289095809759057 0.018486345945587231 -0.039634014463686931 0.02636030462897675 0.065478427702379882 0.011399495075278564 0.023253339118546639 -0.031532367824695477 -0.0062829606400892973 -0.016777131080451351 -0.046770138451902921 0.017111353551938525 -0.00083057727483994202 0.01406567874902645 0.010254921214464332 0.0079310192334357751 0.002854137432252055 -0.0059382903481180922 0.0030105217862609144 0.031154606602345564 0.030129616040301774 0.044467841369303387 0.010903284366950493 -0.02716728829330832 0.025561658282616608 0.045688054214165649
leaf_weight=1975.1659284830093 1204.41925175488 2977.7214940786362 3676.255867138505 5269.6955561041832 1988.5096288323402 984.10767905414104 1706.3090106397867 574.1630382835865 525.44466626644135 2115.4491589069366 2880.9209712296724 4105.9976042509079 2430.215790450573 4732.1785456240177 1310.8277430683374 2893.4642168581486 2474.1853423714638 165.37908762693405 1117.8734356164932 175.61774089932442 1063.4509358406067 1031.9537166506052 1891.5195593386889 440.94468888640404 290.14419521391392 663.03279432654381 1976.8442819863558 319.88594572246075 418.61702008545399 1182.206090003252
leaf_count=12716 6357 17109 17858 28881 9130 5022 10377 2724 2332 10945 14374 24309 13109 26698 8157 14468 13093 887 5807 864 5733 5562 9838 2084 1389 3132 10107 1802 2058 5589
internal_value=-8.82367e-05 -0.0217386 0.0212588 -0.0123132 0.0382062 0.0116556 -0.0403691 0.0330077 0.0535134 0.00537869 0.0179787 -0.0339236 -0.00634858 -0.0197086 -0.0517424 0.0202525 0.00160477 -0.00342149 0.00808591 0.0286758 -0.000342726 -0.00149223 0.00575061 0.0388577 0.0351957 0.0397593 0.0135336 -0.0174455 0.020957 0.0422559
internal_weight=54562.5 27088.8 27473.7 17990.5 9934.94 17538.8 9098.3 7420.98 2513.95 8803.45 8735.34 5812.31 9960.7 8029.79 3285.99 5774.39 3678.6 4691 5124.84 4270.49 2260.78 2095.4 3009.39 3150.49 1527.34 953.177 2960.95 5052.06 594.235 1623.15
internal_count=292511 155340 137171 99781 47160 90011 55559 35698 11462 46040 43971 34686 54172 45609 20873 28842 19450 25291 26590 20780 12182 11295 15645 14918 7245 4521 15129 28500 2922 7673
cat_boundaries=0 1 2 3 4 5 6 7 8
cat_threshold=17126266 6586980 28926184 247180 28459046 19301664 4231348 5263912
is_linear=0
shrinkage=0.05


Tree=7
num_leaves=31
num_cat=8
split_feature=3 3 3 3 3 3 3 3 3 3 3 3 3 3 3 13 16 14 16 16 16 16 12 13 16 3 16 13 16 14
split_gain=9079.93 1804.47 1524.62 324.527 289.817 239.059 237.47 50.1914 44.0623 38.4974 36.3296 30.7524 26.7148 25.0968 18.3887 17.8032 15.6252 14.9779 18.5437 14.6739 14.2916 14.1272 12.4875 12.1293 19.3273 11.2205 10.6472 10.4849 10.4664 10.1865
threshold=-1.3844408392906187 -2.075573086738586 -0.97044584155082692 -1.6666071414947508 -0.75350496172904957 -2.6050795316696163 -1.173203647136688 -0.66172099113464344 -0.88341516256332386 -1.2855879664421079 -1.0974292755126951 -1.8825638890266416 -2.3913018703460689 -1.572165787220001 -2.8460912704467769 -0.022499999962747094 0 0.0093743125908076781 1 2 3 4 0.41005000472068792 0.017500000074505809 5 -0.51566413044929493 6 0.0091666667722165602 7 -0.026833583600819107
decision_type=2 2 2 2 2 2 2 2 2 2 2 2 2 2 2 2 1 10 1 1 1 1 2 2 1 2 1 2 1 8
left_child=1 5 6 11 8 14 9 -6 17 16 26 -3 -7 21 -1 19 -2 20 -19 -11 -4 -5 23 -10 -25 -9 -8 -14 -17 -22
right_child=2 3 4 13 7 12 10 25 22 15 -12 -13 27 -15 -16 28 -18 18 -20 -21 29 -23 -24 24 -26 -27 -28 -29 -30 -31
leaf_value=-0.053855353780043497 -0.0030003475148796159 -0.022563511074009938 0.032901902734108833 -0.0055741074994058205 0.041437813344215452 -0.039201671996298537 0.0089301221666082484 0.051755689419443418 0.033632812446561279 0.021840163744352208 0.019331170873316362 -0.016531417947235158 -0.027741368242412856 -0.0039311911201854073 -0.045382267393900062 0.010381693528923435 0.0036487404950964353 0.0015206460633090761 0.023285051697975997 0.0095000324350244698 0.038808351566055263 -0.012698954093507749 0.039544433552647487 0.036033130777686717 0.018688832156421201 0.064058806966408213 0.015108496576495848 -0.033393022050919943 0.0042712599340941721 0.022905322779521384
leaf_weight=2076.6236929297447 1329.8919769227505 3503.6384371072054 835.90774314105511 1348.8383274525404 1770.7018741518259 1473.4609388113022 1352.9380545914173 1276.0110384523869 2343.2671902179718 348.71152685582638 5358.8658526837826 5442.5792232602835 1491.0848971009254 6608.7581111639738 1082.5593545883894 1026.2042645812035 2583.1621964871883 152.84071913361549 322.94137373566628 985.06311777234077 109.19186192750931 1583.7395342439413 659.89871324598789 343.38096280395985 503.85609412193298 269.26748149096966 1851.9087379425764 2147.936185926199 2369.9849262684584 1938.6061468869448
leaf_count=13797 7052 20468 4023 7434 8074 9181 6892 5693 11074 1784 26567 30959 9031 35820 6920 5302 13613 749 1578 5063 526 8745 3119 1626 2386 1159 9392 12978 12293 9336
internal_value=3.21994e-05 -0.020745 0.0200802 -0.0120578 0.0350679 -0.0401537 0.0109088 0.0473114 0.0294252 0.00506019 0.0168091 -0.0188983 -0.033445 -0.00564141 -0.0509824 0.00809442 0.00139026 0.025201 0.0168482 0.0129888 0.0265665 -0.00949018 0.0330959 0.0317381 0.0264311 0.0539796 0.0125824 -0.0310938 0.00616575 0.0236748
internal_weight=54491.8 26759.2 27732.6 18487.6 10525.9 8271.67 17206.7 3315.98 7209.89 8643.02 8563.71 8946.22 5112.48 9541.34 3159.18 4729.96 3913.05 3359.49 475.782 1333.77 2883.71 2932.58 3850.4 3190.5 847.237 1545.28 3204.85 3639.02 3396.19 2047.8
internal_count=292634 155333 137301 103426 49343 51907 87958 14926 34417 45107 42851 51427 31190 51999 20717 24442 20665 16212 2327 6847 13885 16179 18205 15086 4012 6852 16284 22009 17595 9862
cat_boundaries=0 1 2 3 4 5 6 7 8
cat_threshold=26935426 17469588 21115520 1737986 30412586 4307160 10057794 16925124
is_linear=0
shrinkage=0.05


Tree=8
num_leaves=31
num_cat=9
split_feature=3 3 3 3 3 3 3 3 3 3 3 3 3 3 14 13 16 3 2 16 16 1 13 16 13 2 14 16 16 13
split_gain=8333.12 1605.96 1546.66 285.964 238.905 229.54 223.235 43.4591 35.697 34.8064 31.763 27.8871 26.0196 21.1987 20.1686 18.132 17.7824 17.0438 17.8098 17.3416 16.1823 13.5285 14.8777 14.1696 11.9017 11.7792 11.4283 19.7979 11.2833 12.7928
threshold=-1.4186998009681699 -0.97044584155082692 -2.075573086738586 -0.71981322765350331 -1.6666071414947508 -1.173203647136688 -2.6050795316696163 -0.82487374544143666 -0.56384494900703419 -1.8548154830932615 -1.2855879664421079 -1.0544245243072508 -2.3694097995758052 -2.8983117341995235 -0.0022018703166395421 -0.037499999627470963 0 -1.572165787220001 1 2 3 4 0.027500000782310966 5 -0.077500000596046434 6 -0.0012101707980036733 7 8 0.040833333507180221
decision_type=2 2 2 2 2 2 2 2 2 2 2 2 2 2 10 2 1 2 1 1 1 1 2 1 2 1 8 1 1 2
left_child=2 5 6 7 9 10 13 14 -5 -4 16 26 -8 -1 -3 -12 -2 -6 -19 21 -17 -20 23 -23 -9 -22 27 -7 29 -28
right_child=1 3 4 8 17 11 12 24 -10 -11 15 -13 -14 -15 -16 20 -18 18 19 -21 25 22 -24 -25 -26 -27 28 -29 -30 -31
leaf_value=-0.05347052908475497 -0.0018495307496542428 0.027986145665208337 -0.021741590644507279 0.044917977232226007 -0.0095727907271244556 0.024998637663506646 -0.037967278758109083 0.019844001321112088 0.059643322515633139 -0.015427746791513743 0.013739446918401272 0.018618181597489718 -0.030166545999574104 -0.044574961606616732 0.020604479057413284 0.0016572016148038396 0.0040098340084751194 -0.00082270814689829443 0.0046511405136673801 -0.010474030579179915 0.0035193174287703765 0.0066121059996373764 -0.013384288924056981 -0.006532343105861412 0.03487374870609132 0.011021788773239418 0.0092798700627355953 0.01058936569263948 0.013099542924522409 -0.0059706861232989156
leaf_weight=1818.1005961447954 2363.1762262582779 4042.1325446069241 4079.5640664845705 2041.8584801405668 2906.0056421756744 479.53674094378948 1635.0907661616802 148.20900785923004 547.17766155302525 4768.7354501485825 825.89432001113892 3534.2530599236488 3389.7657856196165 1224.3479774445295 1240.7997025102377 1592.0780544877052 2840.6183875501156 1851.9533953368664 400.14038467407227 1722.6398377269506 869.83507259190083 300.4746033847332 431.9819700717926 588.84775385260582 2593.6310687959194 1447.3352030515671 811.20469251275063 586.81459373235703 3046.3108605146408 164.0546922981739
leaf_count=12538 12560 19171 24060 9074 16111 2396 10419 680 2345 27346 4216 17328 20854 8067 5943 8232 15008 10094 2175 9395 4484 1636 2353 3205 11915 7445 4076 2935 15264 826
internal_value=-7.16893e-05 0.0181033 -0.0211823 0.0336148 -0.0126453 0.00923075 -0.0392177 0.028939 0.0480737 -0.018343 0.00405058 0.0151997 -0.032719 -0.0499224 0.0262609 0.00701288 0.00135341 -0.00649562 -0.00480416 -0.00692087 0.00558549 -0.00331735 -0.00575065 -0.00208547 0.0340764 0.0082381 0.0128187 0.017437 0.0115861 0.00663957
internal_weight=54292.6 29174.9 25117.6 10613.8 17050.3 18561.1 8067.31 8024.77 2589.04 8848.3 9938.94 8622.17 5024.86 3042.45 5282.93 4735.14 5203.79 8202.04 5296.04 3444.08 3909.25 1721.44 1321.3 889.322 2741.84 2317.17 5087.92 1066.35 4021.57 975.259
internal_count=292151 143898 148253 49128 96375 94770 51878 37709 11419 51406 51945 42825 31273 20605 25114 24377 27568 44969 28858 18764 20161 9369 7194 4841 12595 11929 25497 5331 20166 4902
cat_boundaries=0 1 2 3 4 5 6 7 8 9
cat_threshold=26969984 34 14428394 15476792 48 1581184 20 27836732 9462792
is_linear=0
shrinkage=0.05


Tree=9
num_leaves=31
num_cat=3
split_feature=3 3 3 3 3 3 3 3 3 3 14 3 3 3 2 3 7 14 3 11 5 7 5 2 12 2 14 13 12 11
split_gain=7600.83 1615.75 1210.14 268.641 206.896 188.569 177.73 38.0961 35.6176 28.4815 25.0565 23.7658 21.9867 19.5481 19.2584 18.9096 14.6685 13.6953 12.2465 11.7713 11.373 11.011 10.7677 16.1185 10.0045 9.41644 9.11378 8.7144 8.68595 10.1904
threshold=-1.3844408392906187 -2.0880131721496578 -0.94713327288627613 -1.6805534362792967 -2.6050795316696163 -0.75350496172904957 -1.1679376959800718 -0.6436328887939452 -1.0159750580787656 -1.8548154830932615 0.005993093829602004 -0.8404196798801421 -1.5520189404487608 -2.8983117341995235 0 -2.2538912296295162 -0.025000000372529026 -0.010646801907569168 -1.3071179986000059 1.8650000095367434 0.20813465118408206 0.055000001564621932 0.092809788882732405 1 0.19940000027418139 2 0.016446460038423542 -0.0091666667722165567 0.36225000023841863 4.5050001144409189
decision_type=2 2 2 2 2 2 2 2 2 2 8 2 2 2 1 2 2 8 2 2 2 2 2 1 2 1 10 2 2 2
left_child=1 4 6 9 13 11 10 -7 14 -3 21 -4 22 -1 -8 19 -12 -14 -18 -6 28 -2 -5 27 -10 -20 -26 -24 29 -16
right_child=2 3 5 12 15 7 8 -9 24 -11 16 -13 17 -15 20 -17 18 -19 25 -21 -22 -23 23 -25 26 -27 -28 -29 -30 -31
leaf_value=-0.052464037675795765 0.0090268407744694724 -0.020809785925832228 0.024638152920898382 -0.011080903905025604 -0.047317744256738813 0.037311004467259754 0.015839948218761248 0.048307332452457961 0.029927831634424737 -0.015014272118921555 -0.0019060949749271753 0.030943428052425739 0.0025168231778341758 -0.043812954897522745 -0.00060160673809378116 -0.028415871264195394 0.0015418874021305895 -0.0047584443942314536 0.0089053887454204478 -0.033954080782854994 0.0044590917173874456 0.025752131710798765 0.0064614633534537226 -0.010393118376948824 0.019894397997559828 0.0037150030865627432 0.0095549492737605126 -0.0042260587270392617 0.015813093308274951 0.01114837796973419
leaf_weight=1776.1887675970793 2251.9257170408964 4221.1391054689884 3931.7640578746796 2132.7850567251444 190.32008031010628 2072.270959675312 3381.9622183144093 1344.0740556567907 231.47774033248425 4332.0949476659298 973.43213377892971 2505.5912863016129 737.4215739518404 1199.7999785989523 212.44832077622414 2045.0109153985977 1944.1260013282299 5201.6018142998219 1887.9847988039255 2472.0879303663969 673.08886227011681 101.64393822848797 270.8849553912878 934.63692951202393 2394.4050067216158 1726.2189374864101 240.05665995180607 631.74628768861294 878.09585249423981 1392.0438049584627
leaf_count=12686 11679 25243 18499 11886 1254 9187 16727 5761 1114 25086 5051 11476 3979 8132 1063 12768 10271 28296 9712 15884 3364 527 1511 5220 11499 8899 1163 3518 4358 6905
internal_value=1.07367e-06 -0.0194083 0.0180334 -0.0113876 -0.0386731 0.0321573 0.010421 0.041663 0.0152117 -0.0178786 0.0053485 0.0271012 -0.00578231 -0.049008 0.0131658 -0.0321214 0.00375267 -0.00385456 0.00474402 -0.0349442 0.0102093 0.00977041 -0.00866274 -0.00584663 0.0198663 0.00646468 0.0189602 -0.00100042 0.0118045 0.00959377
internal_weight=54288.3 26145.7 28142.6 18462.3 7683.41 9853.7 18288.9 3416.35 9403.58 8553.23 8885.33 6437.36 9909.08 2975.99 6537.64 4707.42 6531.76 5939.02 5558.33 2662.41 3155.68 2353.57 3970.05 1837.27 2865.94 3614.2 2634.46 902.631 2482.59 1604.49
internal_count=292718 155463 137255 104739 50724 44923 92332 14948 46193 50329 46139 29975 54410 20818 32417 29906 33933 32275 28882 17138 15690 12206 22135 10249 13776 18611 12662 5029 12326 7968
cat_boundaries=0 1 2 3
cat_threshold=38 38 42
is_linear=0
shrinkage=0.05


Tree=10
num_leaves=31
num_cat=8
split_feature=3 3 3 3 3 3 3 3 3 3 3 3 3 16 11 3 16 16 16 7 13 13 16 16 14 16 16 13 14 12
split_gain=6955.15 1398.31 1208.93 243.738 209.503 197.971 116.178 55.2184 28.5077 26.2793 25.8871 25.6865 18.3607 16.7475 16.7369 16.6602 15.8744 15.6114 15.2183 13.1896 15.4614 14.0872 13.0697 12.8415 12.2597 14.9721 12.2245 12.1161 11.4738 11.1405
threshold=-1.4186998009681699 -2.0880131721496578 -1.0045675635337827 -0.74261260032653797 -2.6408814191818233 -1.6805534362792967 -1.173203647136688 -0.88341516256332386 -0.66172099113464344 -2.3913018703460689 -1.2855879664421079 -1.9019438624382017 -1.0870085358619688 0 2.0749999284744267 -1.625059127807617 1 2 3 -0.025000000372529026 -0.052500000223517411 -0.060833333060145371 4 5 -0.017008705064654347 6 7 -0.0025000000605359669 -0.0096812499687075598 0.48164999485015875
decision_type=2 2 2 2 2 2 2 2 2 2 2 2 2 1 2 2 1 1 1 2 2 2 1 1 8 1 1 2 10 2
left_child=1 4 6 7 14 11 10 28 -5 -6 17 13 -8 -3 -1 26 -17 -2 -12 23 21 -21 -14 -9 25 -13 -7 -20 -4 -22
right_child=2 5 3 8 9 15 12 19 -10 -11 18 24 22 -15 -16 16 -18 -19 27 20 29 -23 -24 -25 -26 -27 -28 -29 -30 -31
leaf_value=-0.053314942519250112 -0.0030583080234299195 -0.025085918221306722 0.021948433716330852 0.035173606483554158 -0.036940271685269192 -0.016626816981677579 0.0099652748167836334 0.016793665499250095 0.044879275437967256 -0.028903065371849342 0.010105094881547733 0.0035615887896261059 0.0191043070276668 -0.017062006605802937 -0.045005030521674996 -0.0084702848605937332 -0.0035212559220161458 0.0032526959178915335 0.0078855580971795066 0.026587680496417194 0.030619015496798366 0.0063928444976040361 0.012403654951202808 0.028645517610577133 -0.015854435313599004 -0.015379831967878996 -0.0074097123461321426 0.0012454606559097743 0.016602767414731937 0.045788656058547483
leaf_weight=1270.7989059984684 1296.4378509968519 1455.2087292075157 3431.6364811956882 1562.0896911025047 1543.0510533004999 620.04680368304253 3728.6023942530155 561.57585878670216 1597.1058402061462 3253.3934727758169 2000.4418511390686 191.2160038203001 1326.370560452342 1737.7669175863266 1436.3169455826283 2675.1413668096066 4242.5749333202839 3915.5434999763966 1282.8225566595793 315.80226671695709 2459.6179492473602 120.69366161525249 2224.8933205753565 687.27881629765034 4886.7189901024103 213.91722258925438 1013.6026942878962 1478.4042497873306 1475.0106410682201 134.81974951922894
leaf_count=9374 6897 8854 16144 6847 10348 3513 18578 2574 6795 20809 10198 1122 6447 10567 10235 14742 23283 20667 6542 1437 11199 549 10838 3145 28638 1256 5739 7621 7000 612
internal_value=-0.000143131 -0.0198244 0.0161743 0.0281189 -0.0378061 -0.0119009 0.00762513 0.0239889 0.0401055 -0.031503 0.0041185 -0.0173115 0.0124269 -0.0208643 -0.0489424 -0.00652967 -0.00545431 0.00168269 0.00678285 0.0281506 0.0299615 0.0210583 0.0150043 0.0237147 -0.0151607 -0.0067565 -0.011071 0.00431819 0.0203489 0.031442
internal_weight=54138.9 24539.8 29599.1 12345.6 7503.56 17036.2 17253.5 9186.44 3159.2 4796.44 9973.65 8484.83 7279.87 3192.98 2707.12 8551.37 6917.72 5211.98 4761.67 4279.79 3030.93 436.496 3551.26 1248.85 5291.85 405.133 1633.65 2761.23 4906.65 2594.44
internal_count=292570 148480 144090 56302 50766 97714 87788 42660 13642 31157 51925 50437 35863 19421 19609 47277 38025 27564 24361 19516 13797 1986 17285 5719 31016 2378 9252 14163 23144 11811
cat_boundaries=0 1 2 3 4 5 6 7 8
cat_threshold=22251550 2282566 18055296 5428100 21304144 18141358 2677698 25661712
is_linear=0
shrinkage=0.05


Tree=11
num_leaves=31
num_cat=11
split_feature=3 3 3 3 3 3 3 3 3 3 3 3 3 13 16 16 2 13 16 1 16 16 7 16 12 3 3 2 2 0
split_gain=6147.17 1333.12 1078.41 274.785 217.528 185.325 110.258 34.5735 28.3365 26.8296 26.0202 18.4698 18.0161 15.0476 16.2277 14.9955 14.2334 13.9496 13.6599 13.7971 12.6662 12.6201 12.3323 16.359 14.303 12.7811 10.831 10.4009 10.3711 12.5801
threshold=-1.4186998009681699 -2.1156800985336299 -0.88341516256332386 -1.1515212059020994 -1.6805534362792967 -2.6408814191818233 -0.66172099113464344 -1.0433661341667173 -1.2855879664421079 -1.9019438624382017 -0.75350496172904957 -3.1634954214096065 -2.3913018703460689 0.045833334326744087 0 1 2 -0.029166666790843006 3 4 5 6 -0.028333333320915696 7 0.40039999783039099 -0.8404196798801421 -0.51566413044929493 8 9 10
decision_type=2 2 2 2 2 2 2 2 2 2 2 2 2 2 1 1 1 2 1 1 1 1 2 1 2 2 2 1 1 1
left_child=1 5 3 8 9 11 10 20 -2 27 22 -1 -7 21 -15 -9 -17 -10 -19 -20 -5 28 -4 -24 25 -25 -8 -3 29 -6
right_child=2 4 6 7 13 12 26 15 17 -11 -12 -13 -14 14 -16 16 -18 18 19 -21 -22 -23 23 24 -26 -27 -28 -29 -30 -31
leaf_value=-0.053028745615978347 0.0013265811286152576 -0.012617521052505902 0.021012236691611917 0.014473866024450308 -0.01610663496800185 -0.03536603693903341 0.041065728244246362 0.02038903158054239 0.010894576219770209 -0.014568673357426946 0.033340356368319439 -0.044078104056845056 -0.028457497489059333 -0.0035361541142146743 -0.014237707623092134 0.011259268822470934 0.017850737025193002 0.0094241066436845794 -0.0030958888108703294 0.0049701278608483661 0.0090659922797343209 -0.0030663109266104056 0.021882869560971446 0.02248151155505965 0.039325923910597332 0.032221741988833937 0.052446615548173904 -0.021425878605196357 -0.01003846563371061 -0.00027855667961389148
leaf_weight=1063.8947630524635 5236.43281455338 517.75464469194412 959.5200562775135 2350.393384039402 140.79136614501476 1503.2904622405767 1330.2069616317749 2784.9123253673315 1333.4895032197237 5252.692128688097 1836.6206422448158 1558.0056330114603 2836.0397327542305 610.15240934491158 923.05767096579075 1585.2283560484648 2245.5659951418638 1263.9548713564873 668.97598701715469 2455.868733048439 2374.6030995845795 4573.118721678853 1149.8664909154177 565.98013557493687 415.48833741247654 937.70071141421795 287.42294956743717 2999.3075375854969 1540.737553268671 718.31302388012409
leaf_count=8170 27673 3187 4371 11510 782 10322 5630 13131 6710 31051 7979 11466 18504 3392 5141 7468 10601 6415 3423 12546 11677 25321 5201 2597 1870 4195 1181 18562 8569 3988
internal_value=-6.96876e-05 -0.0187658 0.0151457 0.00963257 -0.0113198 -0.0372363 0.0315682 0.015088 0.00398522 -0.0168447 0.0283603 -0.0477477 -0.030866 -0.00562095 -0.0101049 0.0174243 0.0151668 0.00641682 0.00505196 0.00323809 0.0118109 -0.00463241 0.0260745 0.0276424 0.0307927 0.0285903 0.0431502 -0.0202338 -0.00756745 -0.00305863
internal_weight=54019.4 24237.2 29782.2 22299.4 17275.9 6961.23 7482.81 11340.7 10958.7 8769.75 5865.18 2621.9 4339.33 8506.17 1533.21 6615.71 3830.79 5722.29 4388.8 3124.84 4725 6972.96 4028.56 3069.04 1919.17 1503.68 1617.63 3517.06 2399.84 859.104
internal_count=292633 148455 144178 111154 99993 48462 33024 54387 56767 52800 26213 19636 28826 47193 8533 31200 18069 29094 22384 15969 23187 38660 18234 13863 8662 6792 6811 21749 13339 4770
cat_boundaries=0 1 2 3 4 5 6 7 8 9 10 11
cat_threshold=10497114 1697346 12 443140 2 19304892 160838 4216422 5 34 8
is_linear=0
shrinkage=0.05


Tree=12
num_leaves=31
num_cat=4
split_feature=3 3 3 3 3 3 3 3 3 3 3 3 3 13 3 6 5 5 3 1 2 2 12 2 5 7 13 7 5 4
split_gain=5529.45 1136.3 1093.07 194.963 177.402 173.85 143.26 39.1109 27.9037 24.4647 22.401 20.73 19.0222 18.1709 17.853 13.9656 20.012 12.1823 11.9607 11.532 10.6965 10.5439 10.7024 10.3323 10.1181 9.67703 10.9984 9.48438 8.62254 12.8569
threshold=-1.4778949618339536 -2.1016114950180049 -0.97044584155082692 -1.2050351500511167 -2.6408814191818233 -0.7727048099040984 -1.7475646138191221 -0.59814101457595814 -1.3459648489952085 -1.0870085358619688 -0.88341516256332386 -3.0177211761474605 -2.3913018703460689 0.027500000782310966 -1.6182232499122617 0.17500000447034839 0.022779822349548343 0.025723011232912544 -1.9019438624382017 0 1 2 0.44955000281333929 3 0.11737012863159181 -0.018333333544433113 0.017500000074505809 0.058333333581686027 0.091757681220769896 0.56111928820610057
decision_type=2 2 2 2 2 2 2 2 2 2 2 2 2 2 2 2 2 2 2 1 1 1 2 1 2 2 2 2 2 2
left_child=1 4 3 8 11 10 18 25 17 15 -4 -1 -6 27 24 16 -5 -2 -3 -17 28 22 -19 -11 -8 -7 -27 -10 -15 -30
right_child=2 6 5 9 12 7 14 -9 13 23 -12 -13 -14 20 -16 19 -18 21 -20 -21 -22 -23 -24 -25 -26 26 -28 -29 29 -31
leaf_value=-0.05146446890072557 0.0035941533661747651 -0.019416888388554886 0.018020381425744959 0.015091687817448005 -0.034991107760412837 0.02828358281949795 -0.012152604160463891 0.043545404494358501 0.0050901587971635296 0.010188958186177642 0.023696714100633707 -0.042042389025806065 -0.027904958015104848 0.0088856394992437356 -0.0053171134406559102 0.018863322928773175 0.0055339882258781184 -0.0001724756640456353 -0.015161628442683695 0.0088940126459157998 -0.0049562145285121113 -0.0043497589120251486 0.016485825153578583 0.01532204027311527 -0.0066778463624707829 0.036190622094940471 0.0260518345930504 0.017514093434123718 -0.012111184513687348 0.0057767434589509579
leaf_weight=1298.9746835380793 1033.1742292791605 3305.4804180413485 3491.8081440925598 662.57624444365501 1471.71876719594 1504.523161187768 2195.0567434281111 847.41871586441994 4124.2584218084812 1698.3485267609358 3565.6637933552265 1232.0825034976006 2955.1628266870975 369.0668366253376 4561.3048795461655 539.77212633192539 3148.6014721691608 1209.9253662973642 3429.8197046369314 795.3270757496357 759.52724504470825 2585.6241288334131 102.76313911378384 3365.3101112544537 1386.1011975854635 1322.4497146308422 369.2375260591507 157.98527520895004 169.26925729215145 241.03225547075272
leaf_count=10321 5563 20647 16133 3288 10341 6477 12711 3500 21222 8132 16028 9261 19600 1910 25307 2690 15646 6515 20586 3961 3935 13945 553 16086 8023 5692 1591 812 875 1245
internal_value=-0.000258454 -0.0196637 0.0129571 0.00623793 -0.03634 0.0256418 -0.0118608 0.0339137 0.00153868 0.0111857 0.0208941 -0.0469148 -0.0302755 0.00388249 -0.00739559 0.0087512 0.00720265 -0.00122842 -0.0172551 0.0131543 -0.000776838 -0.00250774 0.00114599 0.0136555 -0.0100385 0.0313344 0.034011 0.00555648 0.00331935 -0.00162585
internal_weight=53899.4 21835.7 32063.7 20962.6 6957.94 11101.1 14877.8 4043.63 10752.6 10209.9 7057.47 2531.06 4426.88 5821.14 8142.46 5146.28 3811.18 4931.49 6735.3 1335.1 1538.9 3898.31 1312.69 5063.66 3581.16 3196.21 1691.69 4282.24 779.368 410.302
internal_count=292596 136797 155799 106378 49523 49421 87274 17260 56575 49803 32161 19582 29941 29999 46041 25585 18934 26576 41233 6651 7965 21013 7068 24218 20734 13760 7283 22034 4030 2120
cat_boundaries=0 1 2 3 4
cat_threshold=5 38 34 9
is_linear=0
shrinkage=0.05


Tree=13
num_leaves=31
num_cat=8
split_feature=3 3 3 3 3 3 3 3 3 3 3 13 16 7 3 7 7 16 16 16 16 4 13 16 11 3 7 16 5 16
split_gain=4997.49 1133.84 854.078 236.902 158.671 102.528 93.1463 66.1888 29.4373 28.1405 23.9324 18.8482 15.0608 13.2009 13.0782 13.6285 13.0393 14.6976 12.5979 11.7079 11.4413 11.2812 11.2744 14.5854 11.2074 11.0042 10.7369 10.49 10.1295 11.9644
threshold=-1.572165787220001 -1.0870085358619688 -2.1584883928298946 -0.83261695504188526 -2.8460912704467769 -1.3353726863861082 -1.7475646138191221 -0.6436328887939452 -0.95871108770370472 -2.4386830329895015 -2.0285437107086177 0.010833333246409895 0 -1.0000000180025095e-35 -1.1679376959800718 0.015000000596046449 -0.018333333544433113 1 2 3 4 0.25513815879821783 0.057500001043081291 5 2.0749999284744267 -0.56384494900703419 0.0083333333022892492 6 0.102785911411047 7
decision_type=2 2 2 2 2 2 2 2 2 2 2 2 1 2 2 2 2 1 1 1 1 2 2 1 2 2 2 1 2 1
left_child=2 5 4 8 -1 22 10 13 -3 24 -4 12 -7 19 -14 -16 17 -13 -18 21 -15 -5 27 -24 -6 -9 -8 -2 -28 -30
right_child=1 3 6 7 9 11 26 25 -10 -11 -12 16 14 20 15 -17 18 -19 -20 -21 -22 -23 23 -25 -26 -27 28 -29 29 -31
leaf_value=-0.049331514480396153 0.0015304014620701367 0.01377984057716637 -0.022158744584988552 0.010645799326029845 -0.04491946913751893 0.0048534741540666986 -0.010284708789829773 0.034525738248226405 0.019149925444361698 -0.027811919608877661 -0.015451702616279792 -0.0086498133738251975 0.0077151026278717144 0.036263257910724059 0.011160931383475625 0.023490710160798074 0.0083055509675608961 0.0032494746879297622 0.0019389936847825009 0.026471568884426012 0.024311188746152741 0.022245120019244443 0.0014749984885969183 -0.011536259811493506 -0.034144260013146049 0.044079420592199207 -0.0084483274375604517 -0.0022350317566745925 0.0041585478184071349 -0.0071321541005866899
leaf_weight=1703.680509313941 3178.6284320056438 5566.043937087059 1764.1677812039852 301.12097065150738 316.07870922982693 2636.1496619135141 2793.2675515711308 816.8455113619566 4772.1459885835648 2531.3550951629877 5602.907962501049 402.37900237739086 2422.3687663823366 594.22495438158512 1008.3276485353708 290.2409992069006 1560.1226027756929 683.94017517566681 1580.9610621333122 2075.6817441433668 749.18882845342159 736.65148696303368 352.44450046122074 548.56120276451111 1538.8927490413189 561.52200867235661 1300.6616086512804 4392.6253253519535 453.23636695742607 463.08580112457275
leaf_count=13915 17235 26415 11493 1312 2396 13280 16083 3398 21737 17300 34383 2042 12317 2572 4944 1421 7911 3464 8031 9008 3245 3199 1921 3006 11277 2293 7513 23920 2608 2667
internal_value=3.45208e-05 0.0110781 -0.0210322 0.0208139 -0.0363594 0.00281396 -0.0134861 0.0288703 0.0162619 -0.0313008 -0.0170634 0.00609469 0.00781529 0.0258836 0.00987035 0.0139486 0.0035048 -0.00121551 0.00513702 0.0240487 0.0300942 0.0187263 -0.00128516 -0.0065661 -0.0360267 0.038476 -0.00822136 -0.000655139 -0.00561473 -0.00158297
internal_weight=53697.5 35230.2 18467.3 16173.4 6090.01 19056.7 12377.3 5835.24 10338.2 4386.33 7367.08 10584.5 6357.09 4456.87 3720.94 1298.57 4227.4 1086.32 3141.08 3113.45 1343.41 1037.77 8472.26 901.006 1854.97 1378.37 5010.25 7571.25 2216.98 916.322
internal_count=292306 172671 119635 73179 44888 99492 74747 25027 48152 30973 45876 53410 31962 19336 18682 6365 21448 5506 15942 13519 5817 4511 46082 4927 13673 5691 28871 41155 12788 5275
cat_boundaries=0 1 2 3 4 5 6 7 8
cat_threshold=1958034 19802178 18145742 27291684 24322436 27768 5769342 11840046
is_linear=0
shrinkage=0.05


Tree=14
num_leaves=31
num_cat=11
split_feature=11 11 2 2 10 13 13 0 0 11 11 11 11 13 11 11 0 11 13 13 13 10 4 14 2 0 16 16 16 16
split_gain=1692.24 893.106 350.267 284.019 121.919 86.9049 84.4637 73.9172 67.6229 58.0304 50.9703 48.4583 45.8645 42.7209 42.7197 42.4001 37.7299 34.4227 28.2789 28.23 26.9236 23.4595 22.8014 23.6227 22.237 23.5787 21.749 21.4549 21.0585 20.5379
threshold=5.0150001049041757 2.5449999570846562 0 1 1.0000000180025095e-35 0.0041666666511446246 -0.007500000298023223 2 3 6.2550001144409189 1.7450000047683718 3.5449999570846562 4.1649999618530282 -0.0025000000605359669 4.0250000953674325 5.7349998950958261 4 5.7249999046325692 0.0041666666511446246 -0.027500000782310959 0.0058333333581686029 1.0000000180025095e-35 0.12062582373619081 -0.012983858119696377 5 6 7 8 9 10
decision_type=2 2 1 1 2 2 2 1 1 2 2 2 2 2 2 2 1 2 2 2 2 2 2 8 1 1 1 1 1 1
left_child=1 10 8 4 7 17 11 -2 18 -6 -1 -4 -8 -9 -10 -7 -13 -5 -3 -16 -11 -17 -19 -24 25 28 -26 -25 -14 -18
right_child=3 2 6 5 9 15 12 13 14 20 -12 16 24 -15 19 21 29 22 -20 -21 -22 -23 23 27 26 -27 -28 -29 -30 -31
leaf_value=-0.047339307530701549 0.0067953076664875383 -0.0014677408912052888 -0.01129041357660278 0.011158463460148508 0.0031640238591173439 0.0037799974414007109 -0.0099385346896479383 0.00076217090725230242 -0.025251156398610815 0.021438001969660864 -0.03218642385420372 -0.0031978907367372273 0.015691842546182357 -0.0076956118090120377 -0.0065945613043333871 0.0085849556799129038 0.0012052190756648778 0.011847481484267829 -0.012805986676680646 -0.017538559946527078 0.0089646027596691092 0.015899989803937649 0.028190629360457714 0.022956958584629455 -0.0093292696949764994 -0.0042215273707326972 -0.0012123299585525861 0.014837012349046736 0.0014408057397597392 0.0094640037004308248
leaf_weight=1128.5790761709213 2018.1600598469377 969.67118979245424 541.43636958301067 3566.1314941495657 1740.4242349788547 3363.7989429160953 3139.5311169847846 2538.5813385546207 1592.8794126957655 998.9901907145977 1142.3779751136899 1205.3908168375492 398.44692991673946 3621.8738795369864 726.41022011637688 3242.7041869312525 1088.6095891296864 1456.9475696086884 1270.2038362622261 3195.6739105507731 770.18796420842409 1663.597797498107 616.88866920769215 1365.3970168977976 1481.447550073266 893.66795647889376 1871.7176075279713 2730.1088676005602 727.3640104085207 2535.3328183144331
leaf_count=9186 10532 5548 3127 17373 8992 17119 18352 13924 10907 4649 8431 6470 2069 21063 4340 16019 5663 6965 7668 20501 3728 7764 2816 6286 8207 4896 10274 12651 3785 13122
internal_value=-3.59879e-05 -0.00993617 -0.00680353 0.00793554 0.00185797 0.0118725 -0.00204033 -0.00148595 -0.0153057 0.00965219 -0.0397519 0.00286737 -0.0051392 -0.00420442 -0.0183028 0.00810693 0.00445868 0.0150811 -0.0078681 -0.015516 0.0160241 0.0110708 0.0173442 0.019038 -0.00233203 0.00181279 -0.00481892 0.0176462 0.00659683 0.00699528
internal_weight=53602.5 23908.7 21637.8 29693.8 11688.2 18005.6 13882.9 8178.62 7754.84 3509.6 2270.96 5370.77 8512.18 6160.46 5514.96 8270.1 4829.33 9735.47 2239.88 3922.08 1769.18 4906.3 6169.34 4712.39 5372.64 2019.48 3353.17 4095.51 1125.81 3623.94
internal_count=292427 142546 124929 149881 62888 86993 75965 45519 48964 17369 17617 28382 47583 34987 35748 40902 25255 46091 13216 24841 8377 23783 28718 21753 29231 10750 18481 18937 5854 18785
cat_boundaries=0 1 2 3 4 5 6 7 8 9 10 11
cat_threshold=48 48 28 28 12 3 35 1285552 21889794 6111270 50278
is_linear=0
shrinkage=0.05


Tree=15
num_leaves=31
num_cat=13
split_feature=2 10 10 7 13 10 7 0 13 4 6 13 2 5 5 0 2 0 0 10 16 0 13 0 7 10 16 2 13 16
split_gain=884.725 474.19 239.602 234.372 149.351 143.072 89.0784 75.9655 73.1148 56.1837 52.9043 50.1262 44.4614 34.8728 33.8769 33.4002 32.4727 31.8108 31.1659 30.6206 26.0946 25.7683 25.3767 27.7965 22.6744 22.5784 21.5163 20.1446 19.6117 18.3636
threshold=0 -1.0000000180025095e-35 1.0000000180025095e-35 -0.074999999254941926 0.0075000002980232247 1.0000000180025095e-35 0.0016666667070239923 1 0.0091666667722165602 0.53330492973327648 0.21499999612569812 -0.007500000298023223 2 0.2218403369188309 0.058565618470311172 3 4 5 6 -1.4999999999999998 7 8 0.044166667386889465 9 -0.0083333333022892458 1.5000000000000002 10 11 0.030833332799375061 12
decision_type=1 2 2 2 2 2 2 1 2 2 2 2 1 2 2 1 1 1 1 2 1 1 2 1 2 2 1 1 2 1
left_child=1 3 4 -1 7 8 22 12 21 16 15 -7 -2 20 25 -8 -6 -18 29 -11 -14 -3 23 -5 -9 -4 -15 -17 -16 -10
right_child=2 5 14 6 9 11 10 24 18 19 -12 -13 13 26 28 27 17 -19 -20 -21 -22 -23 -24 -25 -26 -27 -28 -29 -30 -31
leaf_value=-0.045803424546326479 0.004358365877737201 0.0071804998776269224 0.0084302343573734988 0.00098583545309169959 -0.0087448058312528613 0.01425000894922919 -0.008840125068634434 0.0061798048073195581 0.012870332754857572 -0.0028272978441582688 -0.034629045258411616 0.0025377179268105902 0.0055595178382769747 0.025698638361676275 0.021376239094017768 -0.01498107278114349 0.0028295923380462287 -0.0052938803044781865 -0.011980757386081096 0.0056224881471994559 0.012684072163223276 -0.0023748599298548936 -0.016087274623679978 -0.0090992647380366866 -0.001413277982863465 0.017509591623335576 0.012900295720334505 -0.022816494016959066 0.010688960077974033 -0.0072129489830150932
leaf_weight=600.57655057311058 3439.0407639220357 945.55066099017859 2265.1494177877903 938.42594384402037 2189.1186007037759 1537.3761187717319 1182.4458422288299 1487.1592606902122 206.12134651839733 1513.5431327223778 436.01501009613276 2249.666083343327 2437.5032591149211 583.0765179246664 1918.3779696524143 1978.6820363625884 2305.0816784948111 2502.0524784624577 2891.6476282402873 3666.1371859386563 2868.3246525600553 2669.0857513546944 839.14683228731155 2533.4366586208344 2892.1588404998183 985.27826949954033 974.30549662560225 1792.1816273704171 561.32043306529522 227.4389082044363
leaf_count=5011 17901 5019 11004 5175 12494 7446 7191 7481 1129 8365 3351 11505 12220 2793 8577 12541 12337 13941 17498 18653 14212 15298 5229 15235 15572 4582 4671 12478 2635 1256
internal_value=0.000121436 -0.00787176 0.00528016 -0.0155365 0.00330088 -0.000517198 -0.0136535 0.00669605 -0.00478247 -0.000793393 -0.017939 0.00729742 0.00903696 0.0113696 0.014562 -0.0164564 -0.00371536 -0.00140123 -0.0101309 0.00315326 0.00944874 0.000140597 -0.00829036 -0.00639767 0.00116422 0.0111915 0.0179663 -0.0187656 0.0189676 0.00242444
internal_weight=53615.4 21027.8 32587.6 10300.9 26857.5 10726.9 9700.33 14681.6 6939.84 12175.9 5389.32 3787.04 10302.3 6863.21 5730.13 4953.31 6996.25 4807.13 3325.21 5179.68 5305.83 3614.64 4311.01 3471.86 4379.32 3250.43 1557.38 3770.86 2479.7 433.56
internal_count=292800 125362 167438 66211 140640 59151 61200 74850 40200 65790 35561 18951 51797 33896 26798 32210 38772 26278 19883 27018 26432 20317 25639 20410 23053 15586 7464 25019 11212 2385
cat_boundaries=0 1 2 3 4 5 6 7 8 9 10 11 12 13
cat_threshold=48 35 8 12 8 35 24 10567934 28 28 9324806 16 17535686
is_linear=0
shrinkage=0.05


Tree=16
num_leaves=31
num_cat=7
split_feature=3 3 3 3 3 3 3 3 3 3 11 14 16 3 14 7 16 16 6 13 16 4 16 7 16 3 14 16 3 11
split_gain=4330.27 1030.72 775.743 172.242 135.081 130.907 80.3539 47.0383 34.5878 22.6733 21.9422 19.4247 17.447 16.4001 14.6117 14.9856 14.569 13.9905 13.5037 12.7668 15.2575 15.8508 12.147 15.9233 11.2454 16.9181 11.2365 12.0745 11.0513 10.7698
threshold=-1.5589764714241026 -1.0433661341667173 -2.1584883928298946 -0.80863818526267994 -2.6408814191818233 -1.193994343280792 -1.9019438624382017 -0.66172099113464344 -1.3844408392906187 -0.89630964398384083 1.9750000238418581 -0.024260601960122582 0 -1.6666071414947508 0.005993093829602004 -0.021666666492819783 1 2 0.16499999910593036 -0.01916666608303785 3 0.58498001098632824 4 0.0016666667070239923 5 -1.2962583303451536 -0.010387240443378685 6 -0.56384494900703419 4.3250000476837167
decision_type=2 2 2 2 2 2 2 2 2 2 2 8 1 2 8 2 1 1 2 2 1 2 1 2 1 2 8 1 2 2
left_child=2 5 4 9 10 8 -4 -5 26 11 -1 -3 -13 -8 19 -16 -15 29 -11 24 21 -21 -7 -24 25 -10 27 -2 -9 -17
right_child=1 3 6 7 -6 22 13 28 14 18 -12 12 -14 16 15 17 -18 -19 -20 20 -22 -23 23 -25 -26 -27 -28 -29 -30 -31
leaf_value=-0.04989335851514428 -0.0056197747240041597 0.026467691758518798 -0.018527407472655383 0.024660817979211172 -0.028417288451473677 0.012070108019007715 -0.011551703076949161 0.031843174028073858 0.0059125047840623262 0.017685295791859477 -0.039667919002246609 0.010654385907576235 0.016447156966506983 -0.00045836853654898353 -0.0039964718424350797 -0.0025811384763405431 -0.0087600765247523634 0.00061449788567414707 0.024746661332097287 0.014466210219833457 -0.002004549858526846 -0.0017211981372905927 0.0049868533776111779 0.011066229704953252 0.0059084131040289109 0.030048271712007541 -0.003176190247653136 0.0076564148088670361 0.040822504001932464 0.008258034217590849
leaf_weight=974.47713789343834 246.51832917332649 340.13861545920372 3885.3815016746521 3490.7443307340145 3529.5563171431422 2196.3405793756247 5509.6209281980991 1084.5267554372549 129.72977383434772 2038.9180336892605 1320.4629479497671 2388.7206670045853 3529.3907883018255 676.30527548491955 1060.7752301394939 275.93018172681332 2590.5530815273523 3131.92550753057 1047.8196196109056 428.11736556887627 668.24575816094875 232.63281434774399 2689.5319385379553 1802.0089718997478 433.38183523714542 166.40767012536526 5322.3608583062887 507.46857161819935 565.88100491464138 1327.1313547044992
leaf_count=8750 1338 1560 25296 14939 25442 10662 33444 4483 674 9061 10936 11038 16278 3822 5477 1433 14758 16159 4657 2207 3441 1199 13097 8768 2205 828 29234 2752 2291 6798
internal_value=9.42047e-05 0.010408 -0.0194902 0.0206285 -0.0345896 0.00322605 -0.0125401 0.0279818 0.000465234 0.0165779 -0.0440495 0.0148364 0.0141592 -0.00988584 0.0026563 0.00137005 -0.00707099 0.00257349 0.0200968 0.00627292 0.00334692 0.00864856 0.00897486 0.00741325 0.0115796 0.01895 -0.00236688 0.00333928 0.0349676 0.00635185
internal_weight=53591 35104.6 18486.4 14486.1 5824.5 20618.5 12661.9 5141.15 13930.6 9344.99 2294.94 6258.25 5918.11 8776.48 7854.28 5795.76 3266.86 4734.99 3086.74 2058.52 1329 660.75 6687.88 4491.54 729.519 296.137 6076.35 753.987 1650.41 1603.06
internal_count=293027 170579 122448 64307 45128 106272 77320 21713 73745 42594 19686 28876 27316 52024 40421 29867 18580 24390 13718 10554 6847 3406 32527 21865 3707 1502 33324 4090 6774 8231
cat_boundaries=0 1 2 3 4 5 6 7
cat_threshold=2283580 8391720 3412748 26274760 182554 31854676 89410
is_linear=0
shrinkage=0.05


Tree=17
num_leaves=31
num_cat=9
split_feature=3 3 3 3 3 3 3 3 3 3 16 16 6 3 16 3 16 7 16 13 14 16 5 16 11 16 12 16 13 14
split_gain=3881.44 1195.17 546.42 212.274 132.779 107.262 50.7374 37.7451 30.7414 15.8105 14.8718 14.3543 15.2112 13.9998 21.2985 12.8575 12.323 11.9447 12.054 13.3783 11.9117 13.622 11.4487 15.7725 13.0278 11.3701 11.1358 11.0165 10.5494 10.4313
threshold=-1.6805534362792967 -1.0974292755126951 -2.4386830329895015 -0.82487374544143666 -1.3459648489952085 -2.075573086738586 -2.8460912704467769 -0.6436328887939452 -0.9761584699153899 -1.193994343280792 0 1 0.16499999910593036 -1.7475646138191221 2 -1.4778949618339536 3 0.07166666537523271 4 0.065833333879709258 0.0015293454634957018 5 0.091757681220769896 6 5.4849998950958261 7 0.41005000472068792 8 0.014166666660457851 -0.0078006926923990241
decision_type=2 2 2 2 2 2 2 2 2 2 1 1 2 2 1 2 1 2 1 2 8 1 2 1 2 1 2 1 2 8
left_child=2 4 6 8 15 28 -1 -5 27 17 -10 12 26 -7 -15 16 -2 18 -6 -20 21 -18 24 -24 -17 -26 -11 -3 -4 -12
right_child=1 3 5 7 9 13 -8 -9 10 11 29 -13 -14 14 -16 22 20 -19 19 -21 -22 -23 23 -25 25 -27 -28 -29 -30 -31
leaf_value=-0.046873312773220849 -0.0017090758036642209 0.0087928617371781023 -0.021188520927810001 0.023579501539398608 0.0053713260112518172 -0.014789322463396787 -0.034216869424522504 0.033063065903129497 0.020364219622026475 0.0014636221151993968 0.020704196676509426 0.0091907591792886444 0.0087171633478070106 -0.015686507933774158 -0.0043603231797444591 0.0036361550427791928 0.0044352255572224037 0.018585776095622984 0.0016523834393888056 -0.0095963056853659162 -0.0078359726253355768 -0.0076041588098841525 0.001281968753001407 -0.0072842414492081094 0.0054532108597758555 -0.0063592536435718968 -0.013303533361326511 0.013529446076821517 -0.026869448916489826 0.013555739870554598
leaf_weight=1519.6072355508804 2116.7379338592291 2511.6274460852146 1576.6846237182617 4311.4140863120556 2336.0582593381405 6146.6404916197062 1738.9928591027856 1410.6498828679323 1964.1402401328087 876.42192633450031 612.28402099013329 2522.7923078238964 739.86464437842369 780.69562983512878 931.85469491779804 1595.5960282236338 476.76859395205975 116.30683629214764 3601.4788821488619 283.26090449094772 3286.5769640505314 441.49426199495792 864.87338767945766 1408.8755952715874 261.94423374533653 811.9206839799881 147.37899421155453 2909.7631337940693 1856.9726770445704 3333.9538619965315
leaf_count=13890 11921 11835 11167 18356 11884 38889 13759 5742 8788 4313 2737 12326 3646 4689 5597 8640 2692 593 18417 1467 18632 2491 4682 7619 1392 4341 726 13643 13192 14984
internal_value=-7.89218e-05 0.00815413 -0.0221101 0.0180769 0.00042208 -0.0169001 -0.0401442 0.0259282 0.0141084 0.00443176 0.0166062 0.0067768 0.00324688 -0.0136728 -0.00965276 -0.00335947 -0.00485295 0.00284392 0.00254372 0.000825531 -0.00641472 -0.00139161 -0.00144835 -0.004054 0.00077241 -0.00348152 -0.000683944 0.0113803 -0.0242747 0.0146377
internal_weight=53493.6 38942.2 14551.4 17053.8 21888.4 11292.8 3258.6 5722.06 11331.8 10623.6 5910.38 4286.46 1763.67 7859.19 1712.55 11264.8 6321.58 6337.1 6220.8 3884.74 4204.84 918.263 4943.21 2273.75 2669.46 1073.86 1023.8 5421.39 3433.66 3946.24
internal_count=293050 191867 101183 76085 115782 73534 27649 24098 51987 53372 26509 21011 8685 49175 10286 62410 35736 32361 31768 19884 23815 5183 26674 12301 14373 5733 5039 25478 24359 17721
cat_boundaries=0 1 2 3 4 5 6 7 8 9
cat_threshold=1772802 12074560 23687464 29362356 7492416 2273802 19075252 788556 33164420
is_linear=0
shrinkage=0.05


Tree=18
num_leaves=31
num_cat=10
split_feature=3 3 3 3 3 3 3 3 3 3 3 3 2 16 14 5 16 16 5 3 16 13 13 16 16 16 14 16 7 16
split_gain=3550.44 793.627 680.281 146.131 135.866 118.26 89.2229 23.7719 22.4845 21.7041 20.9663 18.5788 15.1145 18.0248 13.3057 11.3365 18.7087 11.3175 11.0438 12.3531 17.4223 14.2049 10.9448 18.5323 10.9435 10.5746 10.5233 17.2158 12.3597 10.3423
threshold=-1.5520189404487608 -1.0159750580787656 -2.188755869865417 -0.75350496172904957 -2.7988300323486324 -1.2855879664421079 -1.7475646138191221 -0.85491105914115895 -2.0285437107086177 -1.0974292755126951 -0.59814101457595814 -2.4386830329895015 0 1 0.034063687548041351 0.15262969583272937 2 3 0.11010320112109186 -1.4186998009681699 4 0.024166666902601722 0.014166666660457851 5 6 7 0.0035873276647180323 8 0.0050000001210719356 9
decision_type=2 2 2 2 2 2 2 2 2 2 2 2 1 1 10 2 1 1 2 2 1 2 2 1 1 1 8 1 2 1
left_child=2 5 4 7 -1 12 8 -3 22 26 -5 -6 13 -2 18 -8 -17 -13 -14 24 21 -21 23 -4 -20 -10 27 -7 -28 -11
right_child=1 3 6 10 11 9 15 -9 25 29 -12 17 14 -15 -16 16 -18 -19 19 20 -22 -23 -24 -25 -26 -27 28 -29 -30 -31
leaf_value=-0.045361293194294848 0.0070288801967579627 0.013856556257395212 -0.0076230986454455252 0.025143759354396951 -0.032000106008021868 0.014186702599210038 -0.0085234186204460466 0.019130746566637102 -0.010899592545722814 0.013290484878342579 0.03415944189158323 -0.015520981084050554 -7.9447636258714565e-05 -0.00066932052729262389 -0.016804082605766456 0.0027419977428463629 -0.0080946276951316294 -0.026641922046031587 -0.01421943694963577 -0.0019017514885373656 0.0042218495297238843 -0.017395632836982273 -0.023475347306438091 -0.022371573185943041 -0.004203456342267326 -0.015713717125269793 0.0024629365733541265 0.004598737840680673 0.007105684861448071 0.0076254448266457001
leaf_weight=1606.8415269330144 1137.2977916896343 6633.2312957793474 428.12064807116985 2746.5571563392878 1562.5544118657708 769.010593354702 3932.4838286340237 3187.0952169448137 2242.2293668240309 1392.8434656113386 872.17253883183002 408.96980097144842 3698.6096374541521 2247.2000808864832 150.11313660442829 684.03112418949604 931.84615568816662 1645.9515437856317 440.78380496799946 454.34517781436443 726.31989532709122 217.76750625669956 1070.3099382966757 507.23278567194939 768.7150639295578 3173.502742215991 3890.12310770154 1264.8422619253397 2271.3464486300945 2284.0091951787472
leaf_count=15082 6112 29940 2946 11417 12616 3792 22927 13778 14223 6541 3519 3000 19898 12084 811 3985 5440 12083 2458 2406 3830 1162 7403 3488 4272 20150 19338 6257 11274 10778
internal_value=-8.57109e-05 0.00919414 -0.0180142 0.0187427 -0.0332452 0.00328307 -0.0118748 0.0155718 -0.0154606 0.00664221 0.0273344 -0.0278413 -0.000769854 0.00193321 -0.00218653 -0.00707464 -0.00354265 -0.0246509 -0.00183684 -0.00432724 -0.00112378 -0.00685684 -0.0199954 -0.0159717 -0.00802315 -0.0137744 0.00520799 0.00832665 0.00417618 0.00983435
internal_weight=53346.5 35152.4 18194.1 13439.1 5224.32 21713.3 12969.8 9820.33 7421.4 11872.2 3618.73 3617.48 9841.15 3384.5 6456.65 5548.36 1615.88 2054.92 6306.54 2607.93 1398.43 672.113 2005.66 935.353 1209.5 5415.73 8195.32 2033.85 6161.47 3676.85
internal_count=293010 169667 123343 58654 42781 111013 80562 43718 48210 57980 14936 27699 53033 18196 34837 32352 9425 15083 34026 14128 7398 3568 13837 6434 6730 34373 40661 10049 30612 17319
cat_boundaries=0 1 2 3 4 5 6 7 8 9 10
cat_threshold=34 16941660 30677074 3215392 27231008 7414222 4608538 11583008 17416612 416330
is_linear=0
shrinkage=0.05


Tree=19
num_leaves=31
num_cat=11
split_feature=3 3 3 3 3 3 3 3 3 3 16 13 3 2 16 3 16 16 2 16 16 13 13 16 1 16 12 4 6 3
split_gain=3263.58 825.512 569.489 129.313 124.737 105.045 77.296 31.6939 23.9679 22.7568 14.0882 13.9115 13.3252 13.1949 18.6592 16.5055 21.5598 14.9587 13.0617 16.1171 14.0962 12.7788 12.6735 13.0094 12.2533 12.2163 11.6095 13.7239 11.3305 11.1626
threshold=-1.6050903797149656 -1.0159750580787656 -2.2725716829299922 -0.74261260032653797 -1.2855879664421079 -2.8460912704467769 -1.9019438624382017 -0.89630964398384083 -0.56384494900703419 -1.4186998009681699 0 0.019166666083037857 -1.7475646138191221 1 2 -1.1303491592407224 3 4 5 6 7 0.015833333600312475 0.0091666667722165602 8 9 10 0.34789998829364782 0.67194312810897838 0.16499999910593036 -2.6050795316696163
decision_type=2 2 2 2 2 2 2 2 2 2 1 2 2 1 1 2 1 1 1 1 1 2 2 1 1 1 2 2 2 2
left_child=2 4 5 7 9 -1 22 -3 -5 18 -9 28 -8 15 -15 16 -6 -17 20 -20 -2 -16 23 -4 -18 -11 -19 -28 -12 -7
right_child=1 3 6 8 13 29 12 10 -10 25 11 -13 -14 14 21 17 24 26 19 -21 -22 -23 -24 -25 -26 -27 27 -29 -30 -31
leaf_value=-0.0452850254870431 0.0026656241842833257 0.012621049570666832 -0.010514952433078277 0.024776238256381866 0.00088799526664078219 -0.033716342588633784 -0.011949705536948945 0.012400251517501831 0.03605846928279495 0.0037572185923617912 0.019128824889653673 0.014348425590020848 -0.0076083377481817732 0.0013522366911912871 0.0094308564466076272 0.014567800535767087 0.0019947046942965377 0.0028589216301657238 -0.0013769167307300279 -0.008786763894020588 -0.0039167026365845448 0.0027067136144997045 -0.019974676961780506 -0.018953985215980948 0.011116265180014351 -0.0010559084121181102 0.0078994787728018569 0.026329688983096202 0.025692759117271053 -0.026577049983579567
leaf_weight=1416.5554823577404 1508.010393127799 5100.0493978559971 1066.3903895914555 2758.9643860608339 1432.6715564280748 801.777797780931 3267.5741038918495 1012.4894400089979 581.92023614048958 2672.1686826944351 2043.7734874486923 959.40205499529839 3891.9286533892155 2579.8618133068085 2064.2904688417912 1357.5403875410557 505.94279001653194 753.98369559645653 1352.2802454978228 1632.8530618101358 1739.3006313741207 1076.9337189644575 2795.8064272627234 1004.7130256593227 1552.0260078012943 2585.9384598135948 419.06093291938305 132.45383225381374 1013.2757932245731 2075.6485830098391
leaf_count=13885 8343 23042 7286 11377 7125 6914 20573 4395 2336 13981 8830 4171 23064 12649 10028 6389 2504 3553 7570 9165 9669 5311 19258 6869 7685 13697 1973 623 4372 16037
internal_value=0.000124499 0.00837109 -0.0184868 0.0182285 0.00268734 -0.034115 -0.0129021 0.0154092 0.0267618 -0.0010265 0.0182306 0.0196138 -0.00959251 0.00628058 0.00451974 0.00789547 0.00564104 0.0108737 -0.00306988 -0.00544902 -0.000861393 0.00710614 -0.0177648 -0.0147653 0.00889833 0.00139576 0.00685207 0.0124049 0.0213199 -0.0285884
internal_weight=53155.6 36835.2 16320.4 13469.9 23365.3 4293.98 12026.4 10129 3340.88 11490.6 5028.94 4016.45 7159.5 11874.8 5721.09 6153.68 3490.64 2663.04 6232.44 2985.13 3247.31 3141.22 4866.91 2071.1 2057.97 5258.11 1305.5 551.515 3057.05 2877.43
internal_count=292674 178788 113886 58523 120265 36836 77050 44810 13713 62425 21768 17373 43637 57840 27988 29852 17314 12538 34747 16735 18012 15339 33413 14155 10189 27678 6149 2596 13202 22951
cat_boundaries=0 1 2 3 4 5 6 7 8 9 10 11
cat_threshold=16794152 38 26912824 8730186 11490840 38 30212902 22708412 20714984 48 6320766
is_linear=0
shrinkage=0.05


Tree=20
num_leaves=31
num_cat=7
split_feature=3 3 3 3 3 3 3 3 13 14 3 16 4 3 16 7 16 12 16 3 16 16 7 4 16 3 3 5 7 14
split_gain=2987.58 699.648 542.46 165.957 101.749 85.0232 66.1772 42.637 19.2599 17.9176 16.3619 15.9639 12.3147 11.7739 17.0443 11.8991 11.6564 13.4867 11.5276 11.3341 15.4044 12.9734 12.493 11.4443 10.7118 9.91541 9.81238 9.74482 9.09289 9.06373
threshold=-1.625059127807617 -1.0870085358619688 -2.3694097995758052 -0.85491105914115895 -1.9943848848342893 -1.2855879664421079 -2.8460912704467769 -0.66172099113464344 0.057500001043081291 0.026021542958915237 -1.4778949618339536 0 0.70685535669326793 -1.7475646138191221 1 0.025000000372529033 2 0.11215000227093698 3 -0.97044584155082692 4 5 -0.0016666667070239919 0.12517853826284411 6 -0.51566413044929493 -2.2538912296295162 0.011939756572246553 0.051666667684912689 -0.020174082368612286
decision_type=2 2 2 2 2 2 2 2 2 10 2 1 2 2 1 2 1 2 1 2 1 1 2 2 1 2 2 2 2 8
left_child=2 5 6 19 11 8 -1 24 10 13 -2 12 -4 -6 -15 27 17 -7 -12 20 -3 22 -21 -23 -5 -9 -13 -16 -19 -20
right_child=1 3 4 7 9 16 -8 25 -10 -11 18 26 -14 14 15 -17 -18 28 29 21 -22 23 -24 -25 -26 -27 -28 -29 -30 -31
leaf_value=-0.044606979394503171 -0.002999030570404826 0.0063831685064814946 -0.016864946737488711 0.015660445761036226 -0.011332369177075656 -0.0050980465302575724 -0.030310202277593408 0.026315192104666263 -0.0070113163320789391 -0.020436199398225607 0.0032295003326157732 -0.027656728679951892 -0.0028109055457642401 -0.011586599016210763 -0.019362769910678548 0.0039582890745655267 0.0035295420561266676 0.0073698863738596845 0.0084121254488126081 0.0064813383900789532 0.011962222537759441 0.022957601580039535 0.014738000836952715 0.013834957444393404 0.020952745093653261 0.036809695319874311 -0.020556304183291518 -0.0048376584995120878 0.018748820502695742 -0.0016355267713973314
leaf_weight=1364.963655911386 4153.1515607535839 2363.7804151028395 982.92241407930851 2030.5372770428658 4544.2564608305693 208.34331703186035 2060.5683797001839 1395.8248074948788 1285.2830056101084 409.79728482663631 3085.6325202286243 658.23397249728441 186.23814477026463 1338.4359963387251 125.16763693094254 365.24141854047775 4685.9522884786129 3628.1087106764317 238.88956569135189 1220.7018381357193 2861.2940813601017 409.26608934998512 737.60382527112961 2318.3540532290936 3123.6868024170399 286.93854387104511 2166.9595424607396 1297.0097303241491 183.55951842665672 3290.4994115829468
leaf_count=13858 23380 10971 7038 8596 29226 1024 17214 5658 7102 2569 16366 4967 1343 8041 745 2184 23164 17810 1261 5423 13226 1809 3278 10255 13192 1148 15360 7752 899 17598
internal_value=-8.31733e-06 0.00762243 -0.0184723 0.0152247 -0.013486 0.00148834 -0.0360297 0.0212178 -0.00123112 -0.0102544 -0.000540028 -0.0200146 -0.014511 -0.00970524 -0.00733403 -0.00405288 0.00525287 0.00723216 0.00100426 0.0110869 0.00947681 0.0128775 0.00955437 0.015164 0.0189457 0.0281462 -0.0221507 -0.00614143 0.00792741 -0.000948379
internal_weight=53007.2 37507.4 15499.8 16748 12074.3 20759.4 3425.53 6836.99 12053.5 8079.91 10768.2 3994.35 1169.16 7670.11 3125.85 1787.42 8705.96 4020.01 6615.02 9911 5225.07 4685.93 1958.31 2727.62 5154.22 1682.76 2825.19 1422.18 3811.67 3529.39
internal_count=292457 182160 110297 73556 79225 108604 31072 28594 65707 50517 58605 28708 8381 47948 18722 10681 42897 19733 35225 44962 24197 20765 8701 12064 21788 6806 20327 8497 18709 18859
cat_boundaries=0 1 2 3 4 5 6 7
cat_threshold=6361186 19616080 14861716 7866494 14912780 23351860 18935866
is_linear=0
shrinkage=0.05


Tree=21
num_leaves=31
num_cat=10
split_feature=3 3 3 3 3 3 3 3 3 3 6 3 16 3 11 16 14 16 14 16 16 14 16 16 13 16 6 13 16 16
split_gain=2674.55 667.103 512.695 121.494 108.875 105.277 49.1819 18.9937 18.3831 17.6646 17.2919 17.1159 15.5492 14.6343 12.7889 12.4723 13.8936 12.0046 11.9916 11.3992 11.1836 11.1493 14.3189 11.0566 10.9127 12.3347 14.1982 10.8997 10.8909 10.8648
threshold=-1.625059127807617 -1.0159750580787656 -2.4386830329895015 -1.2855879664421079 -0.74261260032653797 -2.0400431156158443 -2.8983117341995235 -1.1834630966186521 -0.89630964398384083 -1.4242527484893797 0.19500000029802325 -1.7944641709327696 0 -0.6436328887939452 2.0749999284744267 1 -0.017351927235722538 2 -0.02570729702711105 3 4 -0.017008705064654347 5 6 0.012500000186264517 7 0.14500000327825549 -0.090833336114883409 8 9
decision_type=2 2 2 2 2 2 2 2 2 2 2 2 1 2 2 1 8 1 8 1 1 8 1 1 2 1 2 2 1 1
left_child=2 3 6 9 8 17 -1 23 10 15 18 21 -13 -6 -8 -2 -17 -4 19 -3 -12 29 -23 -5 27 26 -26 -10 -11 -7
right_child=1 4 5 7 13 11 14 -9 24 28 20 12 -14 -15 -16 16 -18 -19 -20 -21 -22 22 -24 -25 25 -27 -28 -29 -30 -31
leaf_value=-0.044374518263904345 -0.00033661474196614266 0.031989385692370337 -0.015074596098688574 0.00030307037548304105 0.020885016424926052 0.011498352690557302 -0.040765791000833967 0.0072019739194896367 0.0036317269675560995 0.004009358236346283 0.009700839799042401 -0.0040553114437668581 -0.010324115827859222 0.027649453471475224 -0.02896723240462299 0.0050318124081346755 -0.0057133503526857823 -0.022228230466462634 0.010059616734133817 0.0082109247081817351 0.034536448962312144 -0.0086923206543647272 -0.015301403189522387 0.0053368481406394124 0.0055334000728004384 0.0071116831775078259 0.020951466180899891 0.017616671856105246 -0.00081225334268445479 -0.0085762460332476156
leaf_weight=1199.1970419660211 2444.822389960289 117.01586602628231 1057.5413692593575 1997.2134796828032 1945.7478726953268 80.175180017948151 291.99448996037245 7563.7058420330286 146.45548203587532 1674.642592176795 114.83766295015812 1639.6272015869617 2687.5436066389084 1426.8690466880798 1415.5162623077631 325.20898468792439 3794.2996432632208 2643.6934226080775 4663.6378758698702 126.5800122320652 120.88195267319679 1352.6733342111111 2685.2637652605772 2414.0565270185471 207.90357650816441 763.66464558243752 544.60826030373573 3427.7901423424482 3824.4804359078407 247.90011321008205
leaf_count=12700 13618 519 7857 10023 8011 525 2730 35967 628 8761 517 9979 16415 5744 12212 1803 21399 19758 20910 561 545 8850 17628 12033 898 3298 2341 14667 20221 1622
internal_value=-4.26492e-05 0.00712197 -0.0176679 0.00211396 0.0159683 -0.0132317 -0.0365623 0.00568127 0.0133957 -0.00142754 0.0112769 -0.0102208 -0.00798496 0.0237616 -0.0310302 -0.00317836 -0.00485129 -0.0202942 0.0106329 0.0214377 0.0244814 -0.012432 -0.0131522 0.00307174 0.015531 0.011942 0.0164991 0.017046 0.000662803 -0.00354193
internal_weight=52945.5 37644.4 15301.1 24038.4 13606 12394.4 2906.71 11975 10233.4 12063.5 5142.95 8693.18 4327.17 3372.62 1707.51 6564.33 4119.51 3701.23 4907.23 243.596 235.72 4366.01 4037.94 4411.27 5090.42 1516.18 752.512 3574.25 5499.12 328.075
internal_count=292740 182464 110276 123825 58639 82634 27642 58023 44884 65802 23052 55019 26394 13755 14942 36820 23202 27615 21990 1080 1062 28625 26478 22056 21832 6537 3239 15295 28982 2147
cat_boundaries=0 1 2 3 4 5 6 7 8 9 10
cat_threshold=9489548 25757880 6361140 21186870 17277418 10630688 6916282 9025754 2099798 17925376
is_linear=0
shrinkage=0.05


Tree=22
num_leaves=31
num_cat=12
split_feature=3 3 3 3 3 3 3 3 3 13 14 16 14 16 16 16 16 3 14 16 7 7 16 2 16 3 1 13 16 16
split_gain=2428.34 566.207 516.916 123.525 97.596 78.6845 51.1049 27.0998 15.5925 15.3667 17.0657 19.334 14.0134 13.1536 13.1456 12.8972 12.269 12.2309 11.758 11.7225 11.5654 11.249 12.5602 11.0202 11.0097 10.8436 10.5197 10.0376 9.88427 9.86419
threshold=-1.625059127807617 -1.0870085358619688 -2.4386830329895015 -0.75350496172904957 -2.0285437107086177 -1.2636047601699827 -2.8460912704467769 -0.89630964398384083 -0.56384494900703419 0.057500001043081291 -0.010646801907569168 0 -0.016707848757505413 1 2 3 4 -1.7548189759254453 0.015644003637135032 5 0.0083333333022892492 0.051666667684912689 6 7 8 -1.3459648489952085 9 -0.052500000223517411 10 11
decision_type=2 2 2 2 2 2 2 2 2 2 8 1 8 1 1 1 1 2 10 1 2 2 1 1 1 2 1 2 1 1
left_child=2 5 6 7 -4 9 -1 18 -5 10 11 -2 24 -11 -9 -10 25 -14 29 -19 28 -7 -23 27 -6 -12 -15 -18 -20 -3
right_child=1 3 4 8 12 21 -8 14 15 13 16 -13 17 26 -16 -17 23 19 20 -21 -22 22 -24 -25 -26 -27 -28 -29 -30 -31
leaf_value=-0.043535213015399817 -0.0025603014332577839 0.013527892269240028 -0.019037351928460663 0.02039005901379401 0.0056952023375343623 0.004896049996920491 -0.029911190822060285 0.0082055498229968004 0.019551517893201954 -0.014095358463943259 -0.0007385662238292227 0.0089583231679928824 -0.011624919373379713 0.0032789765997531996 0.015616312681805147 0.037905719323613446 -0.012476772121637572 -0.011193352352511595 0.0068643381170944082 -0.0049072562148106723 0.014524587945300559 0.021992855221836076 0.0029182551267723524 -0.0037707210450545884 -0.0073741696822930362 0.004732474834670328 -0.0070623127056659869 0.0042680143512390635 -0.0055152926834201223 0.0091953560439413089
leaf_weight=1278.7980227991939 593.03244483470917 1917.6771281808615 3820.8799754157662 3064.8834750503302 251.92508433759212 7453.2048987597227 1553.1270463019609 808.3562078922987 300.94847166538239 359.27490463852882 3422.5973783880472 924.82324495911598 4679.5544039607048 399.9125312268734 4010.6701269298792 276.97027140855789 99.130325198173523 1316.1807328313589 307.96047282218933 1839.9022234678268 196.00997516512871 195.95540818572044 170.68803630769253 4575.211774840951 406.5238973647356 1229.3700898587704 609.56869155168533 779.0154120028019 313.26890575885773 5638.2490547299385
leaf_count=13912 3182 8673 28791 12523 1595 36463 13782 3475 1205 1996 18918 4936 30713 2204 17149 1109 539 8008 1410 11124 898 951 831 24811 2574 6314 3358 4259 1434 25546
internal_value=7.07205e-05 0.00687266 -0.0168338 0.0136898 -0.0124006 0.00135734 -0.0360897 0.0114361 0.021841 -0.00102789 -0.000437331 0.0045026 -0.00941144 -0.00603485 0.0144265 0.029439 -0.00118007 -0.0100001 0.00971191 -0.00758516 0.00400173 0.00531942 0.0138526 -0.00278582 -0.0023971 0.000707152 -0.00297515 0.00232726 0.000645611 0.0103283
internal_weight=52793.7 37646.8 15146.9 16835 12315 20811.8 2831.93 13192.2 3642.8 12991.9 11623.2 1517.86 8494.09 1368.76 4819.03 577.919 10105.3 7835.64 8373.17 3156.08 817.239 7819.85 366.643 5453.36 658.449 4651.97 1009.48 878.146 621.229 7555.93
internal_count=292683 182184 110499 73422 82805 108762 27694 58585 14837 70517 62959 8118 54014 7558 20624 2314 54841 49845 37961 19132 3742 38245 1782 29609 4169 25232 5562 4798 2844 34219
cat_boundaries=0 1 2 3 4 5 6 7 8 9 10 11 12
cat_threshold=13982976 18550976 17952 6398948 14431500 19542808 2553186 32 24749312 10 1928504 16933378
is_linear=0
shrinkage=0.05


Tree=23
num_leaves=31
num_cat=10
split_feature=3 3 3 3 3 3 3 3 16 13 14 3 14 16 3 3 16 16 7 13 16 16 16 7 16 16 13 16 7 3
split_gain=2287.14 582.612 440.727 122.662 68.8986 63.9377 59.5949 19.0765 16.7227 15.3874 16.9393 15.101 15.0645 15.0507 12.8515 11.4286 13.2452 11.301 12.7979 11.2245 13.6448 10.8826 10.3263 10.2383 12.3223 9.97502 9.86588 9.38533 11.9636 12.5247
threshold=-1.6666071414947508 -1.103037893772125 -2.3913018703460689 -0.75350496172904957 -1.3844408392906187 -2.8983117341995235 -2.075573086738586 -0.8404196798801421 0 -1.3322676295501877e-15 -0.025205001235008236 -0.56384494900703419 -0.016707848757505413 1 -1.236631393432617 -1.8026457428932188 2 3 -0.0083333333022892458 0.0091666667722165602 4 5 6 0.051666667684912689 7 8 0.070833332836627974 9 -0.0083333333022892458 -0.69313591718673695
decision_type=2 2 2 2 2 2 2 2 1 2 8 2 8 1 2 2 1 1 2 2 1 1 1 2 1 1 2 1 2 2
left_child=2 4 5 7 8 -1 19 9 -2 10 -3 27 25 -12 21 22 -17 18 -11 20 -4 -6 -14 -16 -25 -8 -23 28 -5 -30
right_child=1 3 6 11 14 -7 12 -9 -10 17 13 -13 15 -15 23 16 -18 -19 -20 -21 -22 26 -24 24 -26 -27 -28 -29 29 -31
leaf_value=-0.043960187962211086 -0.00040253638817692132 0.021084293753492869 -0.0082255910755216263 0.019228095095471954 0.0036919061161436208 -0.028812410501616495 -0.0093909151860979753 0.014456221336742263 -0.0046748632871524021 0.0011443488090347816 0.014794960374639149 0.028491534353687831 -0.0083367104189083063 0.0089821018000171959 0.0042023023910316669 -0.0053411906634583664 -0.012110354176561403 0.0097666481205410747 0.0087765402444659416 -0.021666667159764515 -0.019764249038247167 0.00010593253995851112 -0.014358248699852192 0.0013145411022882671 0.022630576861381604 0.0031565007722072717 -0.011879450566692599 0.016112025635999071 0.020386158795238415 0.035255511792716569
leaf_weight=1116.3063299506903 4232.2996531873941 427.70752936601639 491.71398185938597 994.66810494661331 2777.9586661756039 1919.8091709986329 299.47253488004208 2708.908425912261 5005.6607936173677 1092.5420512259007 1680.7926535904408 572.38172022998333 1076.8276588618755 3978.5361841470003 5663.7307882010937 1478.1289145201445 1539.2991693168879 3040.8277159929276 1103.9744967520237 1678.6060885488987 693.36836169660091 3098.5655576735735 3187.4656852632761 128.6154660731554 155.71673455834389 315.58752033114433 179.77134507894516 1488.9216988384724 279.70480604469776 313.66583062708378
leaf_count=12682 23687 1901 3736 4052 14235 17359 1941 11422 28258 4934 7509 2292 7189 17843 27640 9230 9655 13731 4996 12962 5298 15999 21455 625 749 2030 949 6069 1147 1271
internal_value=-9.66011e-05 0.00610349 -0.0175875 0.0128075 0.000522186 -0.0344072 -0.0128363 0.0106811 -0.00272354 0.0097757 0.0114876 0.0209741 -0.0105906 0.0107551 0.00301997 -0.0112253 -0.00885792 0.00778247 0.00496223 -0.0190173 -0.0152343 0.00139798 -0.0128955 0.00467045 0.0139012 -0.0030645 -0.000556445 0.0195581 0.0225219 0.0283384
internal_weight=52721.5 38925 13796.6 17682.6 21242.3 3036.12 10760.5 14033.3 9237.96 11324.4 6087.04 3649.34 7896.78 5659.33 12004.4 7281.72 3017.43 5237.34 2196.52 2863.69 1185.08 6056.3 4264.29 5948.06 284.332 615.06 3278.34 3076.96 1588.04 593.371
internal_count=292846 189309 103537 77167 112142 30041 73496 62336 51945 50914 27253 14831 51500 25352 60197 47529 18885 23661 9930 21996 9034 31183 28644 29014 1374 3971 16948 12539 6470 2418
cat_boundaries=0 1 2 3 4 5 6 7 8 9 10
cat_threshold=30477372 9310976 9812140 23466380 5321052 4610676 10499104 29440030 9193598 17771234
is_linear=0
shrinkage=0.05


Tree=24
num_leaves=31
num_cat=12
split_feature=3 3 3 3 3 3 3 3 5 16 3 16 7 16 16 14 16 2 13 16 3 16 16 3 1 2 14 3 2 3
split_gain=1968.16 477.297 447.491 104.332 80.7789 60.0829 59.8354 29.049 14.2199 19.5386 13.9022 13.8181 12.3318 14.5862 13.5865 12.0478 19.4442 11.469 11.3628 11.6932 11.1923 12.918 11.1398 10.4979 10.3604 10.0631 9.91065 11.4539 10.2427 9.66851
threshold=-1.625059127807617 -1.0870085358619688 -2.3913018703460689 -0.75350496172904957 -1.9729580283164976 -2.8983117341995235 -1.2907828092575071 -0.89630964398384083 0.16643416136503222 0 -0.6436328887939452 1 -1.0000000180025095e-35 2 3 -0.0066853032913058988 4 5 -0.092500001192092882 6 -1.4778949618339536 7 8 -1.7475646138191221 9 10 0.0039925007149577149 -1.193994343280792 11 -0.95871108770370472
decision_type=2 2 2 2 2 2 2 2 2 1 2 1 2 1 1 8 1 1 2 1 2 1 1 2 1 1 8 2 1 2
left_child=2 6 5 7 8 -1 15 11 -4 -10 -5 29 14 -14 -8 16 24 -13 -9 -20 22 25 -17 -6 -2 -22 -16 28 -28 -3
right_child=1 3 4 10 23 -7 12 18 9 -11 -12 17 13 -15 26 20 -18 -19 19 -21 21 -23 -24 -25 -26 -27 27 -29 -30 -31
leaf_value=-0.042398088641842357 0.0079476669341917352 0.0095123745786278632 -0.018623784664324867 0.017225214887328311 -0.0096602875749789187 -0.027470287810717427 -0.0011758431345910599 -0.0014065260959669147 -0.0036254239856535319 -0.016630115615135412 0.023615968625437848 0.0094765756002954307 0.0026922482426570871 0.0086696682428517146 0.0092873826007959827 -0.00068511366812694179 0.0060068604089240189 0.0049904552929023391 0.016278270430414091 0.010977422584106437 0.017905689225240676 -0.0016272619874853648 -0.0061836412336441198 -0.0058845023805275329 -0.0081332022267166584 0.0026367384415972236 0.010054902046227478 0.0058891322564990183 -0.0033274739804944583 0.016284633261681447
leaf_weight=1074.2058178856969 116.61610704660416 1722.941042393446 2927.1684945449233 2234.4478720575571 4349.7222280949354 1873.3037075474858 1793.0399344414473 128.08235688507557 457.45650520920753 886.95128197222948 1421.9616625607014 2697.7488757669926 1896.8007047474384 2285.3532768785954 753.11356523633003 1478.6400146484375 1197.8115878850222 3243.8267915993929 2337.1696903854609 2382.84769128263 120.17141008377075 5226.453745469451 2486.383749678731 3216.0238487124443 486.07873897254467 660.95604395866394 158.52755415439606 1255.2035516947508 879.99326387047768 769.13997162878513
leaf_count=12643 632 7815 21978 9124 28696 17311 8806 546 3437 6714 5706 12184 9289 11142 3661 8347 6456 14627 9920 10148 639 28030 14191 19591 2635 3502 796 6050 4410 3365
internal_value=-4.66488e-05 0.00601223 -0.0155086 0.0122426 -0.0111644 -0.0329357 0.000936761 0.0101808 -0.0166614 -0.0123675 0.0197221 0.00840399 0.00400012 0.00598837 0.00228031 -0.00141105 0.00235139 0.00704236 0.0132671 0.0136657 -0.00209068 -0.000729386 -0.00415182 -0.00805727 -0.00492729 0.00522114 0.00430341 0.00267906 -0.00120463 0.0115675
internal_weight=52518.1 37733.3 14784.8 16938.2 11837.3 2947.51 20795.1 13281.8 4271.58 1344.41 3656.41 8433.66 9022.03 4182.15 4839.88 11773.1 1800.51 5941.58 4848.1 4720.02 9972.6 6007.58 3965.02 7565.75 602.695 781.127 3046.84 2293.72 1038.52 2492.08
internal_count=292391 182021 110370 73435 80416 29954 108586 58605 32129 10151 14830 37991 44154 20431 23723 64432 9723 26811 20614 20068 54709 32171 22538 48287 3267 4141 14917 11256 5206 11180
cat_boundaries=0 1 2 3 4 5 6 7 8 9 10 11 12
cat_threshold=18945192 811778 6860314 2889328 1133834 50 13220184 2097164 13114032 4 32 32
is_linear=0
shrinkage=0.05


Tree=25
num_leaves=31
num_cat=10
split_feature=3 3 3 3 3 11 3 3 3 3 7 16 7 16 11 16 16 16 16 2 16 12 11 3 5 16 5 3 16 12
split_gain=1853.11 532.65 322.966 129.252 61.8085 59.213 42.5321 23.9852 18.946 18.084 16.7997 16.7904 15.7696 17.946 14.725 12.8451 12.2181 12.0942 11.4146 11.1649 13.8315 11.125 10.5097 10.3498 12.5999 10.3108 9.8226 9.75942 9.49794 9.44159
threshold=-1.7475646138191221 -1.1679376959800718 -2.3913018703460689 -0.82487374544143666 -1.4597706794738767 2.0749999284744267 -2.0400431156158443 -0.97044584155082692 -0.59814101457595814 -2.8983117341995235 -1.0000000180025095e-35 0 -0.0050000001210719338 1 4.305000066757203 2 3 4 5 6 7 0.24755000323057177 6.1549999713897714 -1.2636047601699827 0.0098014059476554411 8 0.01587402913719416 -3.1634954214096065 9 0.29144999384880071
decision_type=2 2 2 2 2 2 2 2 2 2 2 1 2 1 2 1 1 1 1 1 1 2 2 2 2 1 2 2 1 2
left_child=2 4 5 7 16 27 17 12 10 -7 -5 -9 13 -3 28 -10 -2 -4 26 20 22 -20 -6 25 -25 -21 -14 -1 -8 -23
right_child=1 3 6 8 19 9 14 11 15 -11 -12 -13 18 -15 -16 -17 -18 -19 21 23 -22 29 -24 24 -26 -27 -28 -29 -30 -31
leaf_value=-0.048173847100250487 -0.0013097751978595183 0.0010385092105959532 -0.013319095553767774 0.013816644556149452 0.0071064565254439997 -0.036685194066935566 -0.019196010040196356 0.0071041445261853832 0.034091370710631751 -0.02477224919952736 0.020207232857778843 0.012767294267287852 -0.0066797883689420122 0.0073333382419226633 -0.0081405875388248315 0.018644021834247012 -0.0053567703334027076 -0.020124945560823785 0.0029619542353208341 0.0017189748667972285 0.0022614851572088784 0.01997074558575123 0.022286824986377254 0.014205870650679518 0.0022943970460919073 -0.0022439737990123535 0.006645981976270714 -0.037099298083244268 -0.0109997697445598 0.010817976618415786
leaf_weight=468.77761148661375 2814.1216961145401 2105.0422274023294 1346.5760413855314 3518.111205726862 329.43569885194302 416.93913348764181 580.36552006006241 2235.4252319931984 249.73264659941196 1532.6336736902595 1475.0720013827085 3605.0994848459959 149.03602628409863 2473.3658468127251 3358.0643113553524 622.09488242864609 5663.5470894724131 1910.1480944380164 380.79868806898594 3295.4828962534666 1141.0446429550648 335.40247900784016 174.9352118074894 235.33186808228493 3469.0806169956923 3246.5122079849243 1686.4388453215361 443.36355897039175 1358.3466177582741 1846.994560316205
leaf_count=5889 16293 9813 10451 14484 1708 4882 3947 9723 1001 14234 6060 15618 690 11460 22374 2493 33169 14921 1772 17335 5937 1553 895 1154 17151 17197 7830 4853 9183 8564
internal_value=2.35388e-05 0.00497874 -0.0177944 0.0106304 -0.000760324 -0.0323311 -0.0129245 0.00814179 0.016913 -0.027355 0.0157119 0.0106369 0.00651642 0.00445912 -0.0101528 0.0237403 -0.00402188 -0.0174234 0.00865478 0.00156512 0.00537358 0.0108242 0.0121979 0.000946444 0.00305836 -0.000248554 0.00552779 -0.0428838 -0.0136262 0.0122416
internal_weight=52467.3 41052.1 11415.2 20682.6 20369.5 2861.71 8553.5 14817.6 5865.01 1949.57 4993.18 5840.52 8977.08 4578.41 5296.78 871.828 8477.67 3256.72 4398.67 11891.8 1645.42 2563.2 504.371 10246.4 3704.41 6542 1835.47 912.141 1938.71 2182.4
internal_count=292634 201900 90734 91061 110839 29858 60876 67023 24038 19116 20544 25341 41682 21273 35504 3494 49462 25372 20409 61377 8540 11889 2603 52837 18305 34532 8520 10742 13130 10117
cat_boundaries=0 1 2 3 4 5 6 7 8 9 10
cat_threshold=20978292 12065990 9064522 9472184 23400732 5645732 32 6447172 8664446 17580054
is_linear=0
shrinkage=0.05


Tree=26
num_leaves=31
num_cat=2
split_feature=3 3 3 3 3 3 3 3 14 14 11 3 6 3 6 14 14 2 5 5 14 2 14 4 14 3 7 11 7 14
split_gain=1619.82 501.631 290.766 117.504 60.9595 52.0479 51.3085 24.0129 13.2584 13.0873 11.6316 11.0367 10.8974 10.7917 10.2756 9.20193 9.56482 8.81686 8.25422 9.76232 7.88795 7.88357 7.62415 7.40514 8.30617 7.38798 7.45164 7.35783 7.59404 8.99439
threshold=-1.4778949618339536 -2.1735420227050777 -1.0045675635337827 -2.6408814191818233 -0.75350496172904957 -1.8825638890266416 -1.2050351500511167 -3.1634954214096065 0.027418231591582302 0.034063687548041351 1.7450000047683718 -1.7249169349670408 0.18500000238418582 -0.51566413044929493 0.18500000238418582 0.01538969809189439 0.012000505812466146 0 0.19479478895664218 0.27378994226455694 0.016717089340090755 1 -0.02570729702711105 0.049980696290731437 -0.036275254562497132 -1.2907828092575071 0.055000001564621932 6.8150000572204599 0.01833333354443312 -0.0028520415071398015
decision_type=2 2 2 2 2 2 2 2 10 10 2 2 2 2 2 8 10 1 2 2 10 1 8 2 8 2 2 2 2 8
left_child=1 3 6 7 14 18 9 -1 11 17 -5 -7 23 -6 20 16 -12 -2 21 -20 -4 -3 -19 -8 -25 -24 -27 28 29 -13
right_child=2 5 4 10 13 8 12 -9 -10 -11 15 27 -14 -15 -16 -17 -18 22 19 -21 -22 -23 25 24 -26 26 -28 -29 -30 -31
leaf_value=-0.044592354312081972 0.0042271407067408246 -0.01104408098998212 0.010140899441105539 -0.034263638253110705 0.016995954792926805 -0.0074112448919442233 0.011624990110004854 -0.031972801293255464 -0.01349978280216905 -0.010792580558818595 -0.016425636435712338 -0.00068471519071547154 0.0099481329238179286 0.02710704820498477 0.015077286223092646 -0.021240772185129684 0.0029520879344501166 0.0066486772588723684 -0.0034431616089891856 -0.01386943968627951 0.0047575403288392416 -0.016733278214837999 -0.0012689800027162336 0.015766071003489115 0.0042691366276329948 0.0012487352578868629 0.01305130318045045 0.0031130137192086397 -0.0015507760286327008 -0.006327196173210899
leaf_weight=629.22808427363634 1522.5285096615553 1914.0140148475766 7836.217814296484 137.70839396119118 3384.1197189241648 3165.4079224765301 383.97962661087513 1045.7567708790302 474.83790667355061 250.63336424529552 764.4718759432435 864.43616412580013 1216.0312651842833 291.51374609768391 986.16053956747055 1856.3854336440563 68.842151798307896 425.13294091820717 532.68686777353287 388.39389765262604 750.88516992330551 1158.6618273407221 5605.8258091509342 158.83708907663822 7382.5363159924746 2884.5506387799978 138.28080344200134 358.50412228703499 1895.2371799647808 3870.8251690715551
leaf_count=8071 7965 13736 33758 1302 13692 20638 1801 11513 2903 1317 6509 4996 5729 1173 4262 15824 584 2180 3838 2804 3282 8347 29983 741 34748 14405 680 2074 11093 22662
internal_value=-7.97571e-05 -0.0116709 0.00659433 -0.0262608 0.0123368 -0.0071757 0.00278336 -0.036761 -0.00534546 0.000454258 -0.0200187 -0.00496157 0.00554122 0.0178122 0.0102313 -0.0192645 -0.0148216 0.000722771 -0.0120417 -0.00786016 0.00967138 -0.0132892 0.000127847 0.0048627 0.0045154 -0.000194752 0.00179692 -0.00385028 -0.0042276 -0.00529787
internal_weight=52342.6 19125.4 33217.2 4502.39 13248.9 14623 19968.3 1674.98 10629.2 10827 2827.41 10154.4 9141.38 3675.63 9573.26 2689.7 833.314 10576.3 3993.76 921.081 8587.1 3072.68 9053.79 7925.35 7541.37 8628.66 3022.83 6989 6630.5 4735.26
internal_count=292610 136894 155716 43803 56167 93091 99549 19584 64366 56530 24219 61463 43019 14865 41302 22917 7093 55213 28725 6642 37040 22083 47248 37290 35489 45068 15085 40825 38751 27658
cat_boundaries=0 1 2
cat_threshold=32 44
is_linear=0
shrinkage=0.05


Tree=27
num_leaves=31
num_cat=11
split_feature=3 3 3 3 3 3 3 3 16 2 16 14 11 13 16 3 16 16 16 13 1 14 7 1 14 1 16 13 14 5
split_gain=1531.27 394.978 339.87 90.6578 85.4117 52.6293 23.6808 22.3616 15.7307 14.1093 15.9953 13.8777 12.4376 10.8827 11.6224 11.606 12.9125 10.6658 10.2098 10.847 12.1 9.884 9.85905 10.1279 9.61261 8.80327 9.41429 9.16713 10.3519 14.7702
threshold=-1.625059127807617 -2.6050795316696163 -1.0045675635337827 -2.1584883928298946 -1.3404875993728635 -0.75350496172904957 -3.1634954214096065 -1.8026457428932188 0 1 2 -0.02962889056652784 3.3349999189376835 -0.090833336114883409 3 -0.88341516256332386 4 5 6 0.0224999999627471 7 0.025180387310683731 -0.011666666716337202 8 -0.0096812499687075598 9 10 0.042500000447034843 -0.0018161762272939084 0.12137409299612047
decision_type=2 2 2 2 2 2 2 2 1 1 1 8 2 2 1 2 1 1 1 2 1 10 2 1 10 1 1 2 8 2
left_child=1 6 4 12 -2 13 -1 25 21 17 -11 -12 -3 14 -4 18 -17 -6 19 -15 -21 -9 23 24 -20 26 -5 -27 -29 -30
right_child=2 3 5 7 9 -7 -8 8 -10 10 11 -13 -14 15 -16 16 -18 -19 22 20 -22 -23 -24 -25 -26 27 -28 28 29 -31
leaf_value=-0.044205127462260581 -0.0017910628130785493 -0.024914644939228368 0.0091429901566123621 0.0075892906871590964 0.0010576650943694634 0.016814317845631199 -0.031737790866728205 -0.0020507602477267484 -0.0088573390027305559 0.0057263172825470906 0.013660800794869763 0.0011390114831970261 -0.016857372904469949 0.014033036783325452 -0.010712584164333227 0.0075129306729726335 0.013829338375898712 0.0075010130378638205 0.013122232963735435 -0.0042378985382275211 0.012375544507288984 -0.01690213660519245 0.0092513296576247211 0.000526714284600725 -0.00069677254649425427 -0.009998505230026395 -0.0081433989021113071 -0.0030684914625022301 -0.02163727232700945 -0.0098023991423679124
leaf_weight=608.1713072732091 9796.677699893713 628.93531601130962 147.10598677396774 125.704729616642 783.3816741257906 3699.7729763239622 1139.6934880837798 2106.2380013763905 2166.6621537059546 3752.853949457407 227.70015907287598 6051.6506265699863 2185.5297320783138 1282.0175209641457 125.30124609172344 1250.6298112720251 2984.9975450485945 4020.0838704407215 418.62139046192169 198.85064919292927 223.83368645608425 116.40040284395218 1882.2103746980429 933.58951941132545 179.28802964091301 3713.5494366064668 306.78832116723061 160.65493638068438 635.74253565818071 459.09077177941799
leaf_count=8097 54360 5631 634 881 3771 14945 12710 13119 13629 18103 1087 29390 18578 5593 538 5275 12533 19368 1834 873 982 737 8259 4101 795 26146 2157 1136 4508 3266
internal_value=5.17943e-05 -0.0138587 0.00531218 -0.0107665 0.0018319 0.0117439 -0.0361214 -0.00848995 -0.00583469 0.00422423 0.00314528 0.00159474 -0.0186743 0.0097921 -5.8842e-05 0.0100789 0.0120191 0.00645544 0.00846931 0.0116757 0.00476826 -0.00283031 0.00680813 0.00384169 0.00884258 -0.0106447 -0.00348923 -0.0112362 -0.0149647 -0.0167015
internal_weight=52311.7 14353.2 37958.6 12605.3 24632.3 13326.2 1747.86 9790.83 4389.3 14835.7 10032.2 6279.35 2814.47 9626.45 272.407 9354.04 4235.63 4803.47 5118.41 1704.7 422.684 2222.64 3413.71 1531.5 597.909 5401.53 432.493 4969.04 1255.49 1094.83
internal_count=293036 110595 182441 89788 126079 56362 20807 65579 27485 71719 48580 30477 24209 41417 1172 40245 17808 23139 22437 7448 1855 13856 14989 6730 2629 38094 3038 35056 8910 7774
cat_boundaries=0 1 2 3 4 5 6 7 8 9 10 11
cat_threshold=11586796 34 6607618 2965662 18104928 8667138 17393154 3 3 32 11014340
is_linear=0
shrinkage=0.05


Tree=28
num_leaves=31
num_cat=17
split_feature=11 11 2 13 2 0 11 13 11 5 11 11 16 16 16 16 11 2 0 4 16 16 11 16 0 16 11 2 16 1
split_gain=590.749 273.9 115.634 60.5196 43.9811 36.8062 36.1446 31.9166 26.2492 23.4764 23.0157 21.5729 20.5126 19.7476 19.34 19.3048 19.1581 18.3252 20.7352 19.1934 18.123 17.7644 17.3212 16.2091 15.6092 15.5905 15.5717 15.1039 14.4165 14.3455
threshold=2.435000061988831 5.0150001049041757 0 0.0041666666511446246 1 2 1.7450000047683718 -0.007500000298023223 6.2550001144409189 0.21774289757013324 4.2449998855590829 4.1649999618530282 3 4 5 6 6.2950000762939462 7 8 0.22066137939691546 9 10 3.5449999570846562 11 12 13 4.5950000286102304 14 15 16
decision_type=2 2 1 2 1 1 2 2 2 2 2 2 1 1 1 1 2 1 1 2 1 1 2 1 1 1 2 1 1 1
left_child=6 2 5 8 29 26 -1 12 17 11 -7 13 -4 -9 -10 -11 24 18 23 -19 -21 -20 -14 -3 28 -13 -2 -27 -6 -5
right_child=1 3 7 4 16 10 -8 9 14 15 -12 25 22 -15 -16 -17 -18 19 21 20 -22 -23 -24 -25 -26 27 -28 -29 -30 -31
leaf_value=-0.038950118920066341 -0.0060519114391343522 0.015408679045189951 0.006543372860658027 0.0094861099410223169 0.010608803658543801 -0.015213820657568128 -0.023231856711182386 -0.0019831720705935892 0.011294968377180716 0.009802885850837292 -0.0083738112148766877 -0.0069935170740325799 -0.010279376313857391 -0.011732133020819699 0.0055404290040694769 -0.0013332986988265031 0.0025805163848682706 0.0020841762226860576 -0.0079403682011088376 0.01169351466502392 0.0049698686028658099 0.0015207056148626064 0.0010203056964927487 0.0012958433206948217 -0.0031896003807375534 0.0085823502157988917 0.0036835779456035039 -0.0017167519341382072 -0.0022204671433298856 0.0034657448671068583
leaf_weight=752.93498639017344 1290.2290068119764 391.50924103707075 1661.5811639949679 1429.8737649545074 415.15950139611959 2095.2476904913783 737.69149331003428 823.91990204155445 3040.3966077789664 539.58539123088121 3003.0695786252618 1213.4276486486197 375.302072070539 1476.1257097795606 2967.3611972108483 1317.3753182739019 3151.8560125529766 2208.732245542109 656.93406664580107 1770.4080896824598 2439.1660276204348 1911.9414659962058 3351.4515371993184 429.30558180809021 5410.1976038888097 402.32781572639942 600.51430564373732 2516.7083475664258 446.47832269221544 3321.477937579155
leaf_count=9163 8455 1961 8787 6763 2102 16771 7209 5204 14075 2862 21043 6883 2297 9465 13791 7108 16157 10552 3689 8070 11155 10667 17441 2147 30240 2054 3525 14467 2301 16236
internal_value=-0.00021087 0.000702576 -0.00372616 0.00375449 0.00138169 -0.0089518 -0.0312129 -0.00104774 0.00588069 -0.00299552 -0.0111678 -0.00442489 0.00194681 -0.00830421 0.00848348 0.00195522 -0.00059799 0.00428499 0.00129452 0.00585231 0.00784139 -0.000924428 -0.000122202 0.00815236 -0.00219659 -0.00226276 -0.00294367 -0.000267912 0.00402182 0.00529685
internal_weight=52148.3 50657.7 20666.9 29990.8 14175 6989.06 1490.63 13677.8 15815.8 8289.47 5098.32 6432.51 5388.33 2300.05 6007.76 1856.96 9423.69 9808 3389.69 6418.31 4209.57 2568.88 3726.75 820.815 6271.84 4132.46 1890.74 2919.04 861.638 4751.35
internal_count=292640 276268 126362 149906 73799 49794 16372 76568 76107 48043 37814 38073 28525 14669 27866 9970 50800 48241 18464 29777 19225 14356 19738 4108 34643 23404 11980 16521 4403 22999
cat_boundaries=0 1 2 3 4 5 6 7 8 9 10 11 12 13 14 15 16 17
cat_threshold=48 6 12 14037008 4304396 30303554 4740122 48 12 9384584 9185296 3682086 24 2232728 1 25788902 34
is_linear=0
shrinkage=0.05


Tree=29
num_leaves=31
num_cat=11
split_feature=3 3 3 3 3 3 3 3 6 14 16 12 16 16 14 16 16 16 3 6 16 16 14 14 16 16 4 12 11 16
split_gain=1345.58 329.525 297.368 87.0387 65.096 34.2939 30.5248 21.5055 18.904 16.0031 17.3658 11.1158 18.6503 14.1991 11.1143 10.8383 10.6331 10.4087 10.1178 13.9349 24.9045 19.098 9.23644 9.15709 19.3455 11.7644 9.14797 9.0625 8.93444 11.4455
threshold=-1.6805534362792967 -1.1568799018859861 -2.5153878927230831 -0.80863818526267994 -2.0285437107086177 -3.1634954214096065 -1.4186998009681699 -0.67857912182807911 0.18500000238418582 -0.024715104140341278 0 0.36165000498294836 1 2 -0.003514287061989307 3 4 5 -0.88341516256332386 0.14500000327825549 6 7 -0.0051886814180761567 -0.001399708562530577 8 9 0.17094485461711886 0.39245000481605535 3.3349999189376835 10
decision_type=2 2 2 2 2 2 2 2 2 8 1 2 1 1 10 1 1 1 2 2 1 1 8 8 1 1 2 2 2 1
left_child=2 6 5 8 28 -1 23 14 9 10 -3 13 22 -8 15 -5 -6 -10 -11 20 -20 -21 -13 24 -2 -25 -15 -24 29 -4
right_child=1 3 4 7 16 -7 11 -9 17 18 -12 12 -14 26 -16 -17 -18 -19 19 21 -22 -23 27 25 -26 -27 -28 -29 -30 -31
leaf_value=-0.042563832770103893 0.0061838259541371282 0.0012909036512218552 -0.0090234211372732642 0.016605337304477975 -0.010504878471077492 -0.027924465072900213 0.0023212816938886264 0.018302055985724673 0.015497564380502735 0.005003698635755921 0.018541726761216546 -0.00010537187460775276 0.00043170149565040309 0.002182697895458842 0.0066270758693021238 0.0096560129612271658 -0.0063585344487821814 0.0074275938509329679 0.013176761924039701 0.016396205170375551 -0.0056821535479487321 0.0053764456552938935 0.014864620222754461 -0.0060480540898696297 -0.0047482773811545346 -0.0017685823524410281 -0.003633097223607449 0.0061920149917460074 -0.015142958673611026 -0.025346917906267138
leaf_weight=568.50125724077225 789.27738675475121 221.67185966670513 187.82645208388567 1311.451882943511 2812.0163019150496 1450.8661815971136 3657.2089876532555 1986.3802071511745 880.2090919315815 10241.363877266645 483.57632076740265 312.45232909917831 2143.743048325181 911.15698775649071 818.69909559190273 1233.2274779826403 3846.9289102852345 874.28544820845127 300.83530929684639 839.13712471723557 387.71688933670521 799.62873865664005 485.19020475447178 2747.4415769726038 805.9395197480917 3917.0318679660559 2607.1759524941444 803.70639543235302 3196.3800789192319 506.84066757559776
leaf_count=8058 4455 980 1629 5368 18936 16153 18523 7982 3946 46306 2132 1558 10922 4638 3356 5059 25685 3918 1273 3534 1641 3377 2457 15858 4567 22465 13313 4075 26142 4429
internal_value=-0.000262711 0.00426557 -0.0145126 0.00869255 -0.0111439 -0.0320838 -0.000438296 0.0141693 0.00674134 0.00609488 0.0134189 0.00129633 0.00350361 0.000143646 0.0117191 0.0133508 -0.00813745 0.0116198 0.00568185 0.00865919 0.00268032 0.011165 0.00756049 -0.00273151 0.000670639 -0.00354581 -0.00212055 0.00947469 -0.0162821 -0.0214652
internal_weight=52127.9 39558.5 12569.4 20378.2 10550 2019.37 19180.3 5349.76 15028.4 13273.9 705.248 10920.6 3745.09 7175.54 3363.38 2544.68 6658.95 1754.49 12568.7 2327.32 688.552 1638.77 1601.35 8259.69 1595.22 6664.47 3518.33 1288.9 3891.05 694.667
internal_count=292735 191703 101032 88872 76821 24211 102831 21765 67107 59243 3112 55486 19012 36474 13783 10427 44621 7864 56131 9825 2914 6911 8090 47345 9022 38323 17951 6532 32200 6058
cat_boundaries=0 1 2 3 4 5 6 7 8 9 10 11
cat_threshold=3675780 7480148 23352934 17279940 21627230 12207064 11339116 33263760 23503274 23245442 23281664
is_linear=0
shrinkage=0.05


Tree=30
num_leaves=31
num_cat=12
split_feature=3 3 3 3 3 3 3 3 14 7 16 14 6 16 4 14 6 16 16 2 16 16 14 16 16 2 16 14 16 6
split_gain=1234.32 316.982 313.804 65.553 54.2998 44.4419 33.9733 23.3459 18.5944 12.4028 14.4905 11.2005 11.0424 12.7875 13.487 9.5056 9.85853 13.7325 12.4302 9.27746 8.7585 8.71366 8.56537 9.99834 9.48848 14.6764 8.51905 8.63821 8.46095 8.41367
threshold=-1.6666071414947508 -2.4386830329895015 -1.0870085358619688 -0.67857912182807911 -2.0400431156158443 -2.8983117341995235 -1.3844408392906187 -0.89630964398384083 0.0039925007149577149 -0.021666666492819783 0 -0.02570729702711105 0.16499999910593036 1 0.25858244299888616 -0.0037151606520637865 0.15500000119209292 2 3 4 5 6 0.026021542958915237 7 8 9 10 -0.013538590166717766 11 0.17500000447034839
decision_type=2 2 2 2 2 2 2 2 8 2 1 8 2 1 2 10 2 1 1 1 1 1 10 1 1 1 1 10 1 2
left_child=1 5 6 7 28 -1 12 11 -8 10 -10 -4 -2 14 -14 26 18 -18 -17 20 -5 -13 24 -24 25 -6 -9 29 -3 -28
right_child=2 4 3 19 22 -7 8 15 9 -11 -12 21 13 -15 -16 16 17 -19 -20 -21 -22 -23 23 -25 -26 -27 27 -29 -30 -31
leaf_value=-0.039055053987479563 -0.0037260571420234287 -0.017953226530261195 0.014451622343785006 0.017100801269388909 -0.00069345369354463027 -0.024716126792514687 0.0053439922820800118 0.0087073129861378658 0.0025415048492953042 0.0018390275735207379 -0.0063107773420907169 0.008478848748025989 0.0020667454418971886 0.0014360214305527499 -0.008065251095154111 -0.003494297530125293 0.0018169210278771353 0.015677559860607961 0.0087928248302307967 0.019642726905235199 0.0017944581749279919 0.0049429569332654607 -0.024116035757836676 -0.0064278807111526198 -0.008668631713017105 -0.0077299718693892893 0.011002749613085715 0.020927771693546746 -0.012385260052517524 0.017974846367364902
leaf_weight=889.9874190762639 4425.9960322678089 1559.7278184890747 426.12964636087418 198.84545470774174 1269.5970297828317 1427.6073033884168 3216.1162133216858 1862.731381252408 780.40530082583427 7767.1907900720835 1109.1838005632162 2703.8746737241745 524.10296550393105 3328.0747174918652 874.74266035854816 369.3538384437561 285.76756265759468 531.23337285220623 442.45250470936298 1612.7019154578447 188.19586849212646 5401.5377722531557 153.30669131875038 208.69289334863424 3717.9739861115813 1804.505701802671 2252.8040738999844 333.56949780881405 1803.1021939143538 543.13843885064125
leaf_count=12654 24987 13003 1866 799 8481 14936 15815 7750 3888 38592 5520 12001 3017 18883 5038 1545 1190 2213 1845 6479 756 24076 1047 1422 25068 12055 9342 1384 14848 2252
internal_value=-6.29352e-05 -0.0135191 0.00434569 0.00941612 -0.00982681 -0.0302514 0.00039665 0.00829114 0.00205234 0.000955205 -0.00267587 0.00655924 -0.0019319 -0.000251095 -0.00424131 0.0105201 0.00718721 0.0110593 0.00327272 0.0179236 0.00993599 0.00614085 -0.00736006 -0.0148493 -0.00695665 -0.0048379 0.0116042 0.0132518 -0.0150671 0.012369
internal_weight=52012.6 12834.5 39178.1 17152.3 10516.9 2317.59 22025.8 15152.6 12872.9 9656.78 1889.59 8531.54 9152.92 4726.92 1398.85 6621.05 1628.81 817.001 811.806 1999.74 387.041 8105.41 7154.08 362 6792.08 3074.1 4992.24 3129.51 3362.83 2795.94
internal_count=292752 103514 189238 73498 75924 27590 115740 65464 63815 48000 9408 37943 51925 26938 8055 27521 6793 3403 3390 8034 1555 36077 48073 2469 45604 20536 20728 12978 27851 11594
cat_boundaries=0 1 2 3 4 5 6 7 8 9 10 11 12
cat_threshold=14320210 2281792 1403402 6525620 17 24068306 18376194 5022126 11855396 36 2377514 9342658
is_linear=0
shrinkage=0.05


Tree=31
num_leaves=31
num_cat=14
split_feature=3 3 3 3 3 3 3 6 16 11 5 13 16 16 1 16 14 3 16 16 3 16 16 16 16 7 16 5 16 2
split_gain=1074.31 326.496 233.31 75.7541 39.4054 25.0428 24.7605 14.067 17.6886 13.2704 11.5183 11.5051 12.1555 11.5462 11.2107 18.2416 15.9913 11.1486 13.7726 11.1467 10.9621 10.8503 10.6219 10.3039 10.2676 9.99951 10.2036 10.0716 9.60618 9.53025
threshold=-1.625059127807617 -2.6050795316696163 -1.0544245243072508 -2.1016114950180049 -0.75350496172904957 -3.2485675811767574 -1.2855879664421079 0.15500000119209292 0 3.5449999570846562 0.11737012863159181 0.057500001043081291 1 2 3 4 -0.036275254562497132 -0.86977845430374134 5 6 -0.59814101457595814 7 8 9 10 -0.028333333320915696 11 0.0086889183148741739 12 13
decision_type=2 2 2 2 2 2 2 2 1 2 2 2 1 1 1 1 8 2 1 1 2 1 1 1 1 2 1 2 1 1
left_child=1 5 6 9 7 -1 11 8 -4 -3 19 12 -2 -13 16 -16 -8 28 -19 -5 24 -11 -18 -22 -6 26 -17 -27 -9 -12
right_child=2 3 4 10 20 -7 14 17 -10 21 29 13 -14 -15 15 25 22 18 -20 -21 23 -23 -24 -25 -26 27 -28 -29 -30 -31
leaf_value=-0.043486607610942404 -0.00242191879441355 -0.021471038042650881 0.012019721953239623 -0.0055798506607963169 0.0075610551586296777 -0.029333036230510173 0.021355107449197323 0.0051156947557963496 0.0043240668152216147 -0.0096816453971249467 -0.0021232864398576224 -0.010989364625892971 0.0011563633468659447 -0.0011914628989637822 -0.0033144414752772212 0.0049842441412805347 0.0012402190437302884 0.003652407881995009 0.014231643188743665 -0.010329942790097876 0.025988868187011783 -0.016853042285908875 0.0056004780134811562 0.013304095459460147 0.014191885375238196 0.017218775043138981 -0.01106892977977425 0.0036572979041484006 0.0098214643557998291 -0.0072585646233835803
leaf_weight=454.18045157939196 3543.2255748361349 784.53452605754137 900.23904132843018 2234.26364839077 1001.4811784029007 1112.7435876205564 130.87423162162304 2085.3250871300697 4487.9877882897854 1040.2204819470644 1829.5717277675867 487.7550000846386 7127.4411953538656 780.40773804485798 1639.5813795179129 167.85511961579323 2405.3297462016344 411.97177588939667 1618.741118684411 3091.3248835429549 312.2473391443491 1440.0285908207297 3391.4208432137966 547.70938543975353 1836.1060252040625 143.68711647391319 215.33911499381065 2330.4685187786818 2501.8901244848967 1834.3107326552272
leaf_count=6925 19509 7303 3866 14988 4039 13707 616 9175 19394 9009 12327 2753 38905 4353 7884 806 11565 1723 6714 20845 1258 12555 16252 2203 7398 684 1041 11177 10985 12427
internal_value=-6.88234e-05 -0.0120078 0.0042663 -0.0092564 0.0089371 -0.0334857 0.000985926 0.0075448 0.00564412 -0.0157788 -0.00688461 -0.000568704 -3.32325e-05 -0.00506716 0.00276615 0.000874943 0.00419157 0.00909013 0.0121791 -0.00836983 0.0134515 -0.0139625 0.00380406 0.0184154 0.0119352 0.00328267 -0.00420556 0.00445816 0.00771796 -0.0047224
internal_weight=51888.3 13821.2 38067.1 12254.3 15703.7 1566.92 22363.4 12006.2 5388.23 3264.78 8989.47 11938.8 10670.7 1268.16 10424.6 4496.93 5927.62 6617.93 2030.71 5325.59 3697.54 2480.25 5796.75 859.957 2837.59 2857.35 383.194 2474.16 4587.22 3663.88
internal_count=292386 110086 182300 89454 66755 20632 115545 51857 23260 28867 60587 65520 58414 7106 50025 21592 28433 28597 8437 35833 14898 21564 27817 3461 11437 13708 1847 11861 20160 24754
cat_boundaries=0 1 2 3 4 5 6 7 8 9 10 11 12 13 14
cat_threshold=598272 4449536 2035910 13 32518664 279080 3679910 22118772 855270 25907226 11064344 148532 17017196 38
is_linear=0
shrinkage=0.05


Tree=32
num_leaves=31
num_cat=15
split_feature=3 3 3 3 3 3 3 2 16 3 16 4 2 6 16 16 14 16 16 1 14 11 16 16 16 16 1 11 0 4
split_gain=1018.97 263.068 243.277 52.5705 45.8937 36.6962 24.8001 15.4638 13.9816 13.2453 12.0664 11.1042 10.9992 10.7981 14.3022 11.3319 10.054 16.7302 10.6742 10.6991 9.81649 14.6396 12.1356 11.6493 9.80405 9.40618 9.09818 9.07142 9.02246 8.92313
threshold=-1.7475646138191221 -1.0974292755126951 -2.6408814191818233 -2.188755869865417 -0.8404196798801421 -1.4597706794738767 -3.1634954214096065 0 1 -0.59814101457595814 2 0.24125806987285617 3 0.15500000119209292 4 5 0.015644003637135032 6 7 8 -0.0071334359236061564 6.4149999618530282 9 10 11 12 13 2.6550000905990605 14 0.66885581612586986
decision_type=2 2 2 2 2 2 2 1 1 2 1 2 1 2 1 1 10 1 1 1 8 2 1 1 1 1 1 2 1 2
left_child=2 5 6 10 16 12 -1 8 11 13 27 -7 24 15 -15 -6 18 26 19 -3 23 22 -22 -14 28 -11 -18 -4 -2 -20
right_child=1 4 3 -5 9 7 -8 -9 -10 25 -12 -13 20 14 -16 -17 17 -19 29 -21 21 -23 -24 -25 -26 -27 -28 -29 -30 -31
leaf_value=-0.041889039867636021 0.0059316046809383752 -0.0036610137717283222 -0.02319257469784862 -0.0085917802873542518 0.0039561209747407912 0.0075641778611209151 -0.02797626299090037 0.00082813933146230517 0.0081348520497452389 0.0070941475046901355 -0.02011382391060177 -0.006539178483181942 -0.0031440716979083193 0.017409932652619226 0.0097110341551811877 0.010719573830615886 0.00022611996183337561 -0.002339691358481083 0.0067481183716748029 0.0052568392037909504 -0.0072655843245669196 0.0047342260320413975 -0.0017373843390352348 0.0080337843590754174 -0.0090763988710299334 0.02016450571262908 0.018176914525747549 -0.01038971221997363 -0.0049781824311100377 0.010985826253260153
leaf_weight=516.4161626547575 249.11377355456352 373.94659669697285 165.58379891514778 6701.6820678412914 1018.5849532783031 226.33933611214161 917.94751092046499 13057.578720405698 1447.903932005167 224.85129609704018 1477.5678528398275 357.06366448104382 411.72909362614155 1052.8468669056892 1743.4090757369995 1764.2618934959173 121.76613603532314 783.40280224382877 5213.4294762909412 2938.5378085374832 1408.531427115202 626.12245540320873 3376.8095293045044 514.42933881282806 1092.4998559057713 652.1943539083004 182.22847959399223 858.26104652136564 689.44078975915909 1640.170329272747
leaf_count=8128 1463 1647 1668 48290 4167 1148 11582 65963 7345 905 13757 1827 2407 4286 7107 7205 542 3495 22878 12946 8435 3657 20039 2985 6457 2629 811 7774 4037 7209
internal_value=-0.000101389 0.00346332 -0.0138949 -0.0109051 0.00806302 -9.68483e-06 -0.0330367 0.00146305 0.00550838 0.0114239 -0.0170909 -0.00104262 -0.00266477 0.0105183 0.0127171 0.00830131 0.00613321 0.00156024 0.00662194 0.00424052 -0.00162813 -0.00244483 -0.00338573 0.00312122 -0.00585788 0.0171475 0.0112683 -0.0123808 -0.00204415 0.00775386
internal_weight=51804.7 41167.2 10637.5 9203.09 17709.6 23457.6 1434.36 15088.9 2031.31 6456.15 2501.41 583.403 8368.68 5579.1 2796.26 2782.85 11253.5 1087.4 10166.1 3312.48 6337.62 5411.46 4785.34 926.158 2031.05 877.046 303.995 1023.84 938.555 6853.6
internal_count=292789 201590 91199 71489 75827 125763 19710 76283 10320 26299 23199 2975 49480 22765 11393 11372 49528 4848 44680 14593 37523 32131 28474 5392 11957 3534 1353 9442 5500 30087
cat_boundaries=0 1 2 3 4 5 6 7 8 9 10 11 12 13 14 15
cat_threshold=32 1316130 24200248 9 19275926 11595782 805160 4394028 16 6432002 875100 30215302 7340580 12 18
is_linear=0
shrinkage=0.05


Tree=33
num_leaves=31
num_cat=8
split_feature=3 3 3 3 3 3 3 3 13 12 16 14 16 4 5 16 14 16 3 6 12 12 3 5 16 13 3 16 16 1
split_gain=879.13 337.027 179.24 63.3078 33.1374 27.5011 23.7093 18.1031 13.9828 13.3874 11.4488 11.0273 10.8463 10.7537 10.2555 9.84328 9.71157 11.9991 10.2653 9.05678 9.18563 8.98662 9.23396 14.5748 9.28261 9.40207 8.96679 8.91544 8.8856 8.67695
threshold=-1.891784608364105 -1.2103382945060728 -2.6050795316696163 -0.88341516256332386 -1.5024728775024412 -3.1634954214096065 -2.2725716829299922 -0.59814101457595814 0.0041666666511446246 0.51240000128746044 0 0.026021542958915237 1 0.036367289721965797 0.0702234022319317 2 -0.0037151606520637865 3 -0.78231894969940174 0.17500000447034839 0.26874999701976782 0.44054999947547918 -1.1083717346191404 0.025112393312156204 4 0.059166666120290763 -1.0433661341667173 5 6 7
decision_type=2 2 2 2 2 2 2 2 2 2 1 10 1 2 2 1 10 1 2 2 2 2 2 2 1 2 2 1 1 1
left_child=2 4 5 8 10 -1 -4 9 12 16 11 -2 -3 -10 -12 -6 17 19 -19 20 -5 22 23 28 -24 -26 -14 -23 -15 -17
right_child=1 3 6 7 15 -7 -8 -9 13 -11 14 -13 26 21 -16 29 -18 18 -20 -21 -22 27 24 -25 25 -27 -28 -29 -30 -31
leaf_value=-0.040935887782223623 -0.0013904425842397017 0.0040089624124297653 -0.017020260177171544 0.017782421378719698 0.0015155384816033862 -0.026363971682294037 -0.010038260273787675 0.017235967903820447 0.018189669620951664 0.021461249059951754 -0.0079320014172230419 -0.012881303151690244 0.0056289845438519878 0.00055113511816967371 -0.0036367661359618074 0.0016125530185476568 0.005897068509959527 0.0048908055499207858 0.010903668216655983 0.019470394044779207 0.0096603523163963437 0.0036361827468018625 0.0073012825512316125 -0.0011707477552915762 0.0036521815589135747 -0.0069049646296389065 0.009860201029224646 -0.0094940201990268095 0.020095558869586208 -0.0025781498938455012
leaf_weight=499.18970976397395 3879.6795211136341 3416.4014878422022 1682.0982872843742 450.11225762963295 5264.5804927349091 990.28770101070404 4448.4575509876013 865.24498622119427 114.21903686225414 228.52395361661911 2456.6569216549397 218.72412149608135 2541.6663825213909 111.2129111289978 3211.7992263138294 1697.4486139267683 1713.439621835947 1410.3056509196758 1439.1807417720556 433.27801720798016 1589.5452164709568 231.51111117005348 1881.7392837107182 1634.6336542218924 1699.747994273901 238.8591733276844 2490.0113633573055 270.77415885031223 128.86220273375511 4473.3754124045372
leaf_count=8146 23986 15473 16070 1844 27526 12603 34468 3491 526 936 15291 1376 11853 536 20090 8928 7058 5888 5823 1772 6514 1060 8395 7900 7596 1071 10838 1239 618 23544
internal_value=-6.62162e-05 0.00264419 -0.0157459 0.0068512 -0.00189777 -0.031296 -0.0119589 0.0103943 0.00489853 0.00957483 -0.00403633 -0.00200478 0.00622886 0.00311647 -0.00549074 -7.08669e-05 0.00918278 0.0102379 0.0079055 0.0128332 0.0114684 0.00283288 0.00339846 0.000523537 0.00480822 0.00233362 0.00771064 -0.00356785 0.011974 -0.00142449
internal_weight=51711.6 44091.5 7620.03 22889.3 21202.3 1489.48 6130.56 8129.63 14759.6 7264.39 9766.86 4098.4 8448.08 6311.56 5668.46 11435.4 7035.86 5322.42 2849.49 2472.94 2039.66 6197.34 5695.06 1874.71 3820.35 1938.61 5031.68 502.285 240.075 6170.82
internal_count=292459 221172 71287 100431 120741 20749 50538 33326 67105 29835 60743 25362 38164 28941 35381 59998 28899 21841 11711 10130 8358 28415 26116 9054 17062 8667 22691 2299 1154 32472
cat_boundaries=0 1 2 3 4 5 6 7 8
cat_threshold=12126772 9465012 6563542 13875392 18925374 10754930 3694118 33
is_linear=0
shrinkage=0.05


Tree=34
num_leaves=31
num_cat=16
split_feature=11 11 2 0 13 13 2 11 16 11 16 16 13 16 5 16 0 11 16 13 16 16 14 14 0 2 2 4 16 5
split_gain=386.233 161.982 56.9599 38.9281 36.6555 36.4924 32.4306 32.395 24.2921 23.8768 22.9303 19.9861 17.2868 16.7622 15.5407 15.1815 14.4279 13.8688 14.8532 12.4371 12.398 12.3897 11.9451 11.8275 11.6898 16.6887 12.6451 16.8895 11.0469 11.6353
threshold=2.435000061988831 5.1949999332427987 0 1 0.0025000000605359678 0.015833333600312475 2 1.7450000047683718 3 3.6350001096725468 4 5 -0.030833332799375054 6 0.13824771344661715 7 8 7.055000066757203 9 0.032500000670552261 10 11 0.026021542958915237 0.032609004527330405 12 13 14 0.75184574723243724 15 0.035531796514987952
decision_type=2 2 1 1 2 2 1 2 1 2 1 1 2 1 2 1 1 2 1 2 1 1 10 10 1 1 1 2 1 2
left_child=7 2 3 12 17 9 8 -1 -6 -4 -7 -8 13 14 -2 -5 -10 21 -19 -18 -11 -3 -12 28 25 -23 27 -26 29 -14
right_child=1 4 5 15 6 10 11 -9 16 20 22 -13 23 -15 -16 -17 19 18 -20 -21 -22 24 -24 -25 26 -27 -28 -29 -30 -31
leaf_value=-0.034804416034129503 0.006393245769359332 0.0062151846774846677 -0.010110197127666122 -0.0072671377519105173 0.00052017594972940048 -0.011916444667006419 0.0021705774547737633 -0.018939214299495334 -0.001144738249509621 0.0014096194972273118 -0.0042861123475396827 -0.0028218047622079415 -0.01006731038002911 0.0029212264971832723 0.022928211671693854 -0.00088190046859965704 0.011943108922664194 0.0045852164371527676 0.014977454474267583 0.0048457229447468469 -0.003140071530754482 0.017470900083196971 -0.016848987817558055 -0.011996657109258173 0.00040705656937930232 0.0026691939390418098 0.0039630848907288947 -0.016053989430659246 0.0035769971354332368 0.00036583424573790073
leaf_weight=641.97120252251625 309.34105186909437 6167.3811844363809 859.23643867298961 1729.4683303385973 2148.8711949437857 2080.3053063414991 3721.9015881791711 664.18576103076339 417.10521847754717 2588.3055333644152 2935.0116491615772 4317.9522874876857 302.25008742511272 934.99781995266676 264.34543500840664 2024.9960263967514 1474.5503086894751 730.69431944936514 698.63878831267357 1068.0855595692992 3526.9495787471533 315.60239578783512 200.61845664307475 163.4845285564661 1767.0865219458938 488.0700261965394 3620.2357977330685 168.88772937655449 3056.0608888417482 2195.3672497346997
leaf_count=9164 1566 29395 6600 10095 10269 15080 19960 7197 2110 16007 20842 23535 1731 4590 1269 11734 6801 3386 3172 5110 22039 1461 1488 902 9194 2328 16347 975 16264 11661
internal_value=4.35463e-05 0.000741408 -0.00232807 0.000285823 0.00336532 -0.00467854 0.00147061 -0.0267782 0.00458007 -0.00231555 -0.00784508 -0.000510883 0.0024308 0.00719124 0.0138253 -0.003837 0.00751368 0.00514986 0.00981531 0.00893276 -0.00121739 0.00461606 -0.00508391 0.00117676 0.00304931 0.00865334 0.00222182 -0.00103867 0.00156873 -0.00090018
internal_weight=51582 50275.8 23170.7 10980.3 27105.1 12190.4 13148.5 1306.16 5108.61 6974.49 5215.94 8039.85 7225.85 1508.68 573.686 3754.46 2959.74 13956.6 1429.33 2542.64 6115.26 12527.3 3135.63 5717.16 6359.88 803.672 5556.21 1935.97 5553.68 2497.62
internal_count=292272 275911 141868 59812 134043 82056 67785 16361 24290 44646 37410 43495 37983 7425 2835 21829 14021 66258 6558 11911 38046 59700 22330 30558 30305 3789 26516 10169 29656 13392
cat_boundaries=0 1 2 3 4 5 6 7 8 9 10 11 12 13 14 15 16
cat_threshold=7 35 7 18982470 5644784 2214644 2767250 2976070 8 23141580 10488810 24584524 4 24 48 10624410
is_linear=0
shrinkage=0.05


Tree=35
num_leaves=31
num_cat=10
split_feature=3 3 3 3 3 11 3 3 16 7 2 16 11 11 16 5 13 14 16 16 10 16 14 3 7 16 16 3 2 10
split_gain=817.427 242.779 220.345 52.2423 43.3351 22.9787 22.016 15.9439 14.4003 13.1797 13.1959 18.0917 11.7592 11.1485 13.9624 10.43 10.2169 14.0121 13.2341 10.1821 9.6806 9.55822 9.49013 9.44299 9.14286 13.0539 10.5415 9.59057 8.99643 9.05784
threshold=-1.7475646138191221 -1.1679376959800718 -2.6408814191818233 -0.82487374544143666 -2.1016114950180049 1.4450000524520876 -1.3844408392906187 -0.51566413044929493 0 1.0000000180025095e-35 1 2 3.6350001096725468 4.1649999618530282 3 0.042052032425999648 0.045833334326744087 0.025646519847214225 4 5 1.0000000180025095e-35 6 -0.014619968831539152 -2.8460912704467769 -0.025000000372529026 7 8 -0.69313591718673695 9 -1.4999999999999998
decision_type=2 2 2 2 2 2 2 2 1 2 1 1 2 2 1 2 2 10 1 1 2 1 8 2 2 1 1 2 1 2
left_child=2 6 5 9 8 -1 16 24 15 10 11 -3 -10 14 -6 -4 -2 18 28 -19 -9 -12 -17 -7 25 -5 27 -26 -18 -30
right_child=1 3 4 7 13 23 -8 20 12 -11 21 -13 -14 -15 -16 22 17 19 -20 -21 -22 -23 -24 -25 26 -27 -28 -29 29 -31
leaf_value=-0.044657227481425511 -0.0016580638386460304 0.010468469337610673 -0.018961608392548221 0.01192898457355725 -0.0031799272642890858 -0.032259890874599767 0.00094703788057447279 0.01144212485742304 -0.0237543037305195 0.0072075624193639991 0.0055337358978552447 0.002852759533491366 -0.014945047500778292 -0.0057877607015502791 -0.013264711544795697 0.0085894828754108383 -0.0023571346008093973 -0.0043009774780532256 -0.0010169615318795294 -0.030178656394469556 0.030183368789368715 0.0014560311083058359 -0.0090013735120383753 -0.022357446013395673 0.012382869500948848 0.0036722914310077636 0.0093880521818192151 0.021334391144940942 -0.0015241455770545831 -0.019250805322011667
leaf_weight=275.14485112950206 9135.8321698755026 1618.855917096138 248.78930684179068 882.33610557019711 499.22025556862354 616.78670736774802 9157.3300577551126 124.34839032590389 513.91609860956669 5419.9237432926893 2157.7963122874498 1547.5702487081289 1537.5058742165565 3980.0990571305156 1288.7583628967404 82.535728819668293 259.84999524056911 87.003838077187538 1149.1240005046129 84.144238144159317 163.76513832807541 4337.249921888113 865.67107958346605 437.38723640143871 941.11167472600937 1103.2078022509813 2286.3442866802216 448.90090288221836 95.078766331076622 300.4666852504015
leaf_count=4733 52965 7170 2273 3585 3628 9579 46129 507 5106 24108 9583 6858 13998 28124 9443 758 1564 523 6758 505 671 19332 7932 5275 3825 4482 9269 1801 568 1769
internal_value=-0.00011153 0.00303692 -0.0126782 0.00680005 -0.00987193 -0.0316694 -0.000868069 0.0107675 -0.0144913 0.00523358 0.00412495 0.00677116 -0.0170897 -0.00726633 -0.0105475 -0.00979282 -0.00236386 -0.00562259 -0.00431343 -0.0192166 0.0222294 0.00281844 -0.00745534 -0.0282014 0.0101766 0.00742821 0.011656 0.0151911 -0.00990639 -0.0146504
internal_weight=51646.1 41300.2 10345.8 21031.4 9016.5 1329.32 20268.8 5950.01 3248.42 15081.4 9661.47 3166.43 2051.42 5768.08 1787.98 1197 11111.5 1975.67 1804.52 171.148 288.114 6495.05 948.207 1054.17 5661.9 1985.54 3676.36 1390.01 655.395 395.545
internal_count=292821 201972 90849 91191 71262 19587 110781 24140 30067 67051 42943 14028 19104 41195 13071 10963 64652 11687 10659 1028 1178 28915 8690 14854 22962 8067 14895 5626 3901 2337
cat_boundaries=0 1 2 3 4 5 6 7 8 9 10
cat_threshold=24199224 34 21595516 2503936 447392 1375890 4355330 25807442 17705100 48
is_linear=0
shrinkage=0.05


Tree=36
num_leaves=31
num_cat=11
split_feature=11 11 13 11 13 14 11 16 11 6 16 16 16 16 5 16 13 12 11 6 16 16 1 12 14 1 13 16 12 12
split_gain=340.083 127.711 44.695 33.1759 29.0851 25.149 22.8304 19.6227 19.4885 19.3246 18.6971 18.0727 14.798 13.3954 14.5868 13.1395 19.4737 13.6166 12.9392 12.4329 14.5458 12.1214 13.7987 13.1541 11.197 11.3611 9.94518 10.578 9.41003 9.37185
threshold=2.435000061988831 4.3250000476837167 -0.007500000298023223 1.7450000047683718 0.015833333600312475 0.028912720270454887 5.7049999237060556 0 5.0150001049041757 0.20499999821186068 1 2 3 4 0.01812055800110102 5 0.057500001043081291 0.33955000340938574 3.5449999570846562 0.17500000447034839 6 7 8 0.26099999248981481 -0.022935119457542893 9 -0.012500000186264513 10 0.36850000917911535 0.43684999644756323
decision_type=2 2 2 2 2 10 2 1 2 2 1 1 1 1 2 1 2 2 2 2 1 1 1 2 8 1 2 1 2 2
left_child=3 4 6 -1 13 8 19 -7 10 15 -4 -8 -6 18 -15 16 -10 -18 -2 20 29 -21 23 -23 -13 -26 27 -5 -17 -3
right_child=1 2 5 26 12 7 11 -9 9 -11 -12 24 -14 14 -16 28 17 -19 -20 21 -22 22 -24 -25 25 -27 -28 -29 -30 -31
leaf_value=-0.034292973877359592 -0.0061959590682635797 0.0037999555191319356 0.0012736718165323449 -0.020067196206421695 -0.0043073032421957714 3.3519017626752416e-05 0.0083715251746734904 -0.01311143355557174 0.00082949683627287808 0.020851731446764797 -0.0041578826658942919 0.011510634690680574 -0.010770563279129106 -0.015635620163031074 -0.0036342083573160781 0.0016692145698996765 -0.011971849738819311 0.00049474740843967143 0.0020760370105529051 -0.00055528802396141122 -0.00093527426772282746 -0.0023914766321831427 0.0037624768759115879 0.016261819832852988 0.0048081222799224287 -0.00040600887883377693 -0.022547126794464873 0.00099131612301790457 0.0051461273070398054 0.017868625826646507
leaf_weight=605.03060295432806 614.51673456281424 986.17537357658148 2941.6744879111648 105.96085902303457 1561.470511905849 547.83428445830941 3404.8021894693375 589.08456077426672 6239.577076420188 127.37981542944908 3415.1587374135852 408.38475772738457 2204.7111028768122 276.76433476060629 2794.3784072585404 6739.6230783686042 546.00894118100405 364.61463579535484 2025.1845987960696 862.78998796269298 4203.4951490685344 115.06736404448748 1464.1168666034937 515.20109015703201 2806.4384512230754 1664.9423125311732 413.38178022950888 126.62641493603587 2736.0058247596025 132.87882884591818
leaf_count=9152 4392 5129 17955 1084 11306 3072 15743 3313 31901 699 20996 1848 15829 1734 17726 34858 3041 2003 12240 4582 21695 617 7795 2700 13024 7703 4835 1296 13852 670
internal_value=-0.00013754 0.000503542 0.00171779 -0.0258677 -0.00472468 0.000350084 0.00371957 -0.00690331 0.000707488 0.00160184 -0.00164931 0.00557507 -0.0081346 -0.00247384 -0.00470989 0.00145187 -0.000167816 -0.00699007 0.000146547 0.00186208 0.000417402 0.00446028 0.00649669 0.0126593 0.00359672 0.00287714 -0.017895 -0.00950487 0.0026712 0.00545077
internal_weight=51539.3 50288.3 40811.3 1251 9477.03 24247 16564.3 1136.92 23110 16753.2 6356.83 8284.57 3766.18 5710.84 3071.14 16625.8 7150.2 910.624 2639.7 8279.72 5322.55 2957.18 2094.39 630.268 4879.77 4471.38 645.969 232.587 9475.63 1119.05
internal_count=292790 276423 213196 16367 63227 131690 81506 6385 125305 86354 38951 38318 27135 36092 19460 85655 36945 5044 16632 43188 27494 15694 11112 3317 22575 20727 7215 2380 48710 5799
cat_boundaries=0 1 2 3 4 5 6 7 8 9 10 11
cat_threshold=2789146 25470062 21979202 26037792 24140184 21898310 10618112 9463328 24 7 8928952
is_linear=0
shrinkage=0.05


Tree=37
num_leaves=31
num_cat=9
split_feature=3 3 3 3 11 3 3 3 14 16 16 14 1 5 16 12 16 14 16 14 12 16 4 16 13 16 4 4 12 14
split_gain=696.411 235.91 146.872 53.8425 33.1029 29.2546 24.4299 13.5387 13.3881 11.1901 11.0996 10.6724 11.0413 10.48 9.07678 8.96567 8.99139 8.51703 8.1915 8.73948 7.90691 11.8183 11.1846 11.0947 7.89664 7.86493 8.84435 11.8431 9.79556 9.55304
threshold=-1.625059127807617 -2.5153878927230831 -0.97044584155082692 -2.0638686418533321 1.4450000524520876 -1.2155677676200864 -0.70649015903472889 -2.8983117341995235 0.034063687548041351 0 1 -0.0071334359236061564 2 0.11737012863159181 3 0.38684999942779547 4 -0.011923024430871008 5 -0.015519227366894482 0.37475000321865087 6 0.69260209798812877 7 -0.01916666608303785 8 0.047264281660318382 0.35466183722019201 0.29144999384880071 -0.020174082368612286
decision_type=2 2 2 2 2 2 2 2 10 1 1 10 1 2 1 2 1 8 1 10 2 1 2 1 2 1 2 2 2 8
left_child=1 4 5 10 -1 8 11 -6 15 -8 -3 -4 -13 25 -14 17 -17 18 19 -2 21 -15 -23 -22 -18 -5 28 29 -27 -28
right_child=2 3 6 13 7 -7 9 -9 -10 -11 -12 12 14 20 -16 16 24 -19 -20 -21 23 22 -24 -25 -26 26 27 -29 -30 -31
leaf_value=-0.043461886251890069 -0.0054789448063196885 -0.0079653014985550108 0.0077949745301428928 -0.0099143780114495546 -0.030823007312982827 0.0031636836797887592 0.016676617688846283 -0.020499181220134118 -0.0099912394978597888 0.0094880380718636165 -0.014813679339068839 0.0070180404588625874 0.0052230817966571275 -0.0088833242646839585 -0.0034629854436002043 0.0052388786783383757 0.0047580049415263913 -0.0011403578252092133 0.0063593556899012417 0.011046415795904645 0.0089872280094164328 0.001046175925047906 -0.0079446474640473518 -0.0029606184602532781 -0.0021061580331563721 3.789248558076075e-05 0.0093336931471612022 -0.009501329028449676 -0.020165425903107815 -0.0036483352354610508
leaf_weight=271.42958161234856 375.34410558640957 931.67872324585915 6739.7900441586971 1439.4010006189346 514.55225969478488 11308.648203924298 950.05394424498081 901.2685130611062 339.4734330624342 1616.8598184734583 2290.0671500489116 1383.2367796003819 533.94582507014275 964.79699616134167 657.98988565802574 1447.7759064435959 607.72273789346218 10016.566150590777 772.85186837613583 99.580020099878311 277.59007842093706 1071.05496750772 508.64313272386789 579.8589920848608 1337.4390980452299 86.610791049897671 149.65809069573879 921.86253237724304 193.18841166049242 2179.959884442389
leaf_count=4916 1989 8308 28170 9829 8520 52185 3825 10657 1865 6505 20709 5824 2250 6585 2774 7753 3222 54144 4067 529 1891 7282 3461 3951 7235 586 1001 6261 1299 14859
internal_value=-0.000102058 -0.00996317 0.003328 -0.00741829 -0.0274215 0.00124376 0.00794133 -0.0242894 -0.000204224 0.0122614 -0.0129101 0.00674847 0.00400562 -0.0053025 0.000441348 2.37823e-05 0.00227621 -0.000654955 0.00323722 -0.00194148 -0.00316137 -0.00455979 -0.00184349 0.000989405 4.08721e-05 -0.00676604 -0.0054344 -0.0047097 -0.0139557 -0.00280706
internal_weight=51468.9 13281.6 38187.3 11594.4 1687.25 26305.4 11881.9 1415.82 14996.8 2566.91 3221.75 9314.96 2575.17 8372.62 1191.94 14657.3 3392.94 11264.3 1247.78 474.924 3401.94 2544.5 1579.7 857.449 1945.16 4970.68 3531.28 3251.48 279.799 2329.62
internal_count=292452 110115 182337 86022 24093 132989 49348 19177 80804 10330 29017 39018 10848 57005 5024 78939 18210 60729 6585 2518 23170 17328 10743 5842 10457 33835 24006 22121 1885 15860
cat_boundaries=0 1 2 3 4 5 6 7 8 9
cat_threshold=25829578 5329936 19 2639852 6307100 10095896 18629254 17846884 14815504
is_linear=0
shrinkage=0.05


Tree=38
num_leaves=31
num_cat=13
split_feature=3 3 3 11 3 3 3 16 11 16 6 14 3 14 16 14 2 16 6 1 16 2 16 5 16 16 3 14 16 0
split_gain=655.866 225.286 148.751 38.8494 36.201 32.5659 21.2875 14.4819 12.3789 12.9235 11.7774 10.9912 10.1791 9.9606 10.4272 16.6782 14.2201 13.8791 9.75384 9.68972 12.7041 11.2632 20.0568 13.1124 13.4349 10.6812 9.97261 9.78631 9.59315 10.2944
threshold=-1.625059127807617 -2.4386830329895015 -1.0544245243072508 2.0749999284744267 -2.0638686418533321 -0.75350496172904957 -1.2855879664421079 0 7.055000066757203 1 0.18500000238418582 0.014636312611401083 -2.8983117341995235 0.034880286082625396 2 -0.026291759684681889 3 4 0.19500000029802325 5 6 7 8 0.16031746566295627 9 10 -0.99311921000480641 -0.012206328101456164 11 12
decision_type=2 2 2 2 2 2 2 1 2 1 2 10 2 10 1 8 1 1 2 1 1 1 1 2 1 1 2 8 1 1
left_child=1 3 6 -1 -3 10 13 18 -6 -10 19 -9 -5 14 -2 17 -17 -16 -8 20 -4 22 26 24 -23 -25 -21 -27 29 -13
right_child=2 4 5 12 8 -7 7 11 9 -11 -12 28 -14 -15 15 16 -18 -19 -20 21 -22 23 -24 25 -26 27 -28 -29 -30 -31
leaf_value=-0.035741423109839764 -0.0023939024306803354 -0.01178915088378605 -0.0035555419809856596 -0.028598134127252834 -0.0055612083816799981 0.011072206202560239 0.0074107086772252865 0.002036064920649176 -0.0056177002224600103 0.019977842770253083 0.010191163588810722 0.012539782534330135 -0.01812525040599057 -0.010571809501303587 1.8355348831475901e-05 0.0022240551070097413 -0.0024585064554409142 0.021036062361807203 -0.0078302503997158546 -0.0026717698765707071 0.0044728496573001033 0.0022582049245550187 0.011035461283252251 -0.0059162559264712431 0.0094608892969755293 0.016621963924963706 0.0059813431711763267 0.0013819527353565657 -0.0078150888308130863 -0.0039114231318020274
leaf_weight=607.83213265240192 4823.1207596510649 2861.3985979780555 649.45663975179195 306.45383333414793 8227.9054279401898 3677.3509274423122 1635.3320866078138 7779.2627907544374 93.242095455527306 87.163714528083801 1302.2117113620043 142.20953820645809 1072.5653351694345 254.84980784356594 150.12979264557362 3551.9922550320625 2962.5764044672251 166.84344847500324 110.57482345402241 431.5918380022049 1952.1129186451435 1216.0874391794205 2260.2248815596104 460.68438436090946 1431.6703608036041 118.12241016328335 1440.6974048763514 859.95846958458424 552.7457332611084 239.29681622982025
leaf_count=10597 26702 25536 2782 4929 56240 14803 7714 37160 616 575 5577 684 12221 1435 799 19386 16299 885 522 1917 8362 5217 9625 1980 6127 504 6081 3708 2665 1151
internal_value=-9.09285e-05 -0.00967146 0.00323683 -0.0251875 -0.00693199 0.00695045 0.00061335 0.00225904 -0.00527666 0.0076196 0.00569853 0.00141888 -0.0204906 -0.000832097 -0.000617344 0.00063982 9.41446e-05 0.0118039 0.00640097 0.00515608 0.00246152 0.00599789 0.00785276 0.00410465 0.0062012 0.000271616 0.00396479 0.00321979 -0.00369848 0.00241629
internal_weight=51425.7 13256.6 38169.1 1986.85 11269.7 15800.2 22368.9 10459.4 8408.31 180.406 12122.8 8713.51 1379.02 11909.5 11654.7 6831.54 6514.57 316.973 1745.91 10820.6 2601.57 8219.04 4132.51 4086.52 2647.76 1438.77 1872.29 978.081 934.252 381.506
internal_count=292799 110714 182085 27747 82967 66683 115402 49896 57431 1191 51880 41660 17150 65506 64071 37369 35685 1684 8236 46303 11144 35159 17623 17536 11344 6192 7998 4212 4500 1835
cat_boundaries=0 1 2 3 4 5 6 7 8 9 10 11 12 13
cat_threshold=180480 20226982 1305984 42 11010062 40 5636240 38 16841894 6066796 919706 11274758 14
is_linear=0
shrinkage=0.05


Tree=39
num_leaves=31
num_cat=13
split_feature=3 3 3 3 3 3 3 6 16 14 3 16 6 16 1 16 14 11 7 16 16 14 16 16 14 2 16 16 2 13
split_gain=605.384 176.306 138.405 37.1178 31.6606 24.6928 23.0622 12.959 13.5386 12.0492 11.4532 11.6358 13.5359 11.1014 10.563 9.74873 9.47999 16.9263 9.2095 14.4489 12.5734 9.18735 14.0863 12.0873 9.08724 8.98458 9.02559 8.84761 9.76321 15.0052
threshold=-1.8825638890266416 -1.1679376959800718 -2.6408814191818233 -0.71981322765350331 -1.395572781562805 -2.1584883928298946 -3.3434716463088985 0.16499999910593036 0 0.005993093829602004 -0.95871108770370472 1 0.19500000029802325 2 3 4 -0.0028520415071398015 5.5250000953674325 0.011666666716337206 5 6 0.0093743125908076781 7 8 0.025646519847214225 9 10 11 12 -0.01916666608303785
decision_type=2 2 2 2 2 2 2 2 1 10 2 1 2 1 1 1 8 2 2 1 1 10 1 1 10 1 1 1 1 2
left_child=2 4 6 10 7 -4 -1 -2 -9 -6 11 12 -3 -11 18 24 17 -10 20 -20 -12 23 -23 -16 -7 26 -13 -5 29 -29
right_child=1 3 5 27 9 15 -8 8 16 13 14 25 -14 -15 21 -17 -18 -19 19 -21 -22 22 -24 -25 -26 -27 -28 28 -30 -31
leaf_value=-0.040884093954719536 -0.0040359306380360936 6.0966046119866307e-05 -0.013904214239883729 0.0069910649054264655 0.0022290829804851153 -0.0034521905886358696 -0.024636870129156017 0.0021960260294921212 -0.00019146487676746245 0.0019247978223768153 -0.0057812999324398633 0.0082937839460307423 0.015516565872989847 -0.0061878560679440951 0.002394319050732147 -0.009716793680924752 -0.0034948295597809088 0.021999968775683526 -0.0019824016495238266 0.017235684958261527 0.0039466401784838791 -0.0051587599868591644 0.0075119239311132752 0.0088047041171523451 -0.021349692600368824 0.0056052053463850858 -0.001109088954461684 0.016761756518883036 0.016108680456316221 0.001886762440810083
leaf_weight=295.08100556954741 6167.0282767340541 2711.4399094879627 2578.3871128931642 1062.2552782744169 7903.3774995356798 1436.4857884943485 918.9514969624579 2349.6062217578292 758.047751955688 782.26784294843674 456.88420107960701 321.0113610625267 147.47281531989574 895.88698691129684 903.89088439941406 2056.2309537753463 3873.9081808775663 94.908106833696365 166.3600754737854 231.9373719394207 1130.6019642651081 364.39708369970322 517.81413136422634 4736.360338062048 72.73121752589941 5412.8225300610065 1085.7511599510908 290.96769487857819 1095.651324942708 403.79939563572407
leaf_count=5814 37054 12356 25283 4274 39829 11013 13764 14311 4587 3969 1913 1453 672 4566 3786 15857 23858 553 693 967 4724 1539 2188 19708 564 24467 4936 1172 4409 1625
internal_value=3.99148e-05 0.00226634 -0.0132301 0.00556779 -0.000777067 -0.0101754 -0.0286466 -0.00236086 -0.000900341 0.00141208 0.00473507 0.0035573 0.000865485 -0.00243375 0.00607368 -0.00747257 -0.00243923 0.00232346 0.0028279 0.00961996 0.00113161 0.00704557 0.00230508 0.00779846 -0.00431327 0.00467705 0.00108857 0.0108696 0.0130486 0.00803136
internal_weight=51222.3 43864.4 7357.87 21039.4 22825 6143.84 1214.03 13243.5 7076.47 9581.53 18186.7 9678.5 2858.91 1678.15 8508.25 3565.45 4726.86 852.956 1985.78 398.297 1587.49 6522.46 882.211 5640.25 1509.22 6819.59 1406.76 2852.67 1790.42 694.767
internal_count=291904 219609 72295 90882 128727 52717 19578 80363 43309 48364 79402 43884 13028 8535 35518 27434 28998 5140 8297 1660 6637 27221 3727 23494 11577 30856 6389 11480 7206 2797
cat_boundaries=0 1 2 3 4 5 6 7 8 9 10 11 12 13
cat_threshold=265402 12127232 2516174 40 259424 15786432 395832 13611012 16793640 8 49248 2209328 24
is_linear=0
shrinkage=0.05


Tree=40
num_leaves=31
num_cat=8
split_feature=3 3 3 3 3 3 3 6 6 3 12 16 16 12 5 16 0 1 16 16 13 12 5 5 13 3 3 16 13 3
split_gain=504.86 174.563 134.92 38.0135 33.2487 22.4434 18.655 13.2459 11.9468 11.8024 11.536 17.9012 10.8827 10.7432 10.0517 9.66978 10.5435 9.62876 9.52727 9.36786 12.6805 8.93637 8.83191 8.57798 9.89779 8.61762 9.36449 8.57605 7.74267 12.9221
threshold=-1.8825638890266416 -1.0870085358619688 -2.6408814191818233 -1.395572781562805 -0.66172099113464344 -2.1584883928298946 -3.3434716463088985 0.15500000119209292 0.18500000238418582 -0.80863818526267994 0.40674999356269842 0 1 1.0000000180025095e-35 0.091757681220769896 2 3 4 5 6 -1.3322676295501877e-15 0.34874999523162847 0.20218399912118915 0.11737012863159181 0.044166667386889465 -2.0285437107086177 -1.9510560035705564 7 -0.025833333842456337 -1.5985671281814573
decision_type=2 2 2 2 2 2 2 2 2 2 2 1 1 2 2 1 1 1 1 1 2 2 2 2 2 2 2 1 2 2
left_child=2 3 6 7 8 -4 -1 13 9 -3 12 14 23 -2 -12 16 17 -9 -10 20 21 -15 28 24 -7 -25 -27 -11 29 -18
right_child=1 4 5 -5 -6 10 -8 15 18 27 11 -13 -14 19 -16 -17 22 -19 -20 -21 -22 -23 -24 25 -26 26 -28 -29 -30 -31
leaf_value=-0.039020749818906263 -0.017916816382521881 0.0037775626930048193 -0.012879950565746576 0.0012264157787419962 0.012483970152209088 -0.0035510658535885618 -0.024109109683431974 0.005484592966875197 0.013568381748258153 0.010712794530339326 -0.00048624824164103498 -0.008265666264382408 -0.0098205733874931513 -0.01324472573678704 0.020365338027564021 -0.00017739903754275245 -0.0098064225401584063 -0.0043792612494013275 0.005646677086862441 -0.0062260014815722535 0.0033793098701367253 0.00068733143663855573 -0.0002243808439210284 -0.0064749318822660846 -0.019800042228604438 0.01793880506316009 -0.0015494465054487288 0.0052768122521988604 -0.0078955093983320811 0.0073630576417599639
leaf_weight=282.724948823452 153.61243559420109 10639.511638194323 2559.1313929855824 13333.977870166302 1673.9804799705744 377.31196407973766 903.99796724319458 543.02170800417662 691.86610445380211 1144.8511000424623 107.58774250745773 270.46040237694979 2149.2536715492606 263.03753609955311 122.65801680088043 5457.4481982290745 199.83457192033529 435.28294463455677 959.56681954860687 2478.0461364835501 716.18413492292166 203.11944685876369 758.6659050360322 170.90200065821409 123.2457347214222 119.89664029330015 124.11297099292278 2234.280931994319 1818.9277376979589 237.77852229773998
leaf_count=5780 935 46023 25382 65872 6755 2892 13834 3337 2957 4631 835 2093 16675 1553 941 33184 1293 2686 4099 14876 4310 1191 4674 1402 956 880 896 9055 11224 1338
internal_value=-0.000138312 0.00188599 -0.0123022 -0.000658798 0.00578833 -0.00930643 -0.0277213 -0.00255372 0.00507155 0.00459646 -0.0067357 0.000299762 -0.00788458 -0.00504023 0.0102599 -0.00154942 -0.00341437 0.00109592 0.00909408 -0.00449036 -0.000789052 -0.00719708 -0.00487631 -0.00318618 -0.00761471 0.00209096 0.0080943 0.00717106 -0.00646033 -0.000486273
internal_weight=51254.3 43943 7311.28 26598.9 17344.1 6124.56 1186.72 13265 15670.1 14018.6 3565.43 500.706 3064.72 3814 230.246 9450.96 3993.51 978.305 1651.43 3660.39 1182.34 466.157 3015.21 915.469 500.558 414.912 244.01 3379.13 2256.54 437.613
internal_count=292559 219993 72566 146473 73520 52952 19614 80601 66765 59709 27570 3869 23701 22865 1776 57736 24552 6023 7056 21930 7054 2744 18529 7026 3848 3178 1776 13686 13855 2631
cat_boundaries=0 1 2 3 4 5 6 7 8
cat_threshold=22114886 570656 18018628 50 49 24660106 9454684 473664
is_linear=0
shrinkage=0.05


Tree=41
num_leaves=31
num_cat=12
split_feature=3 3 3 3 3 3 11 16 3 16 3 11 16 13 16 1 12 14 16 1 16 16 14 6 16 12 1 6 16 12
split_gain=497.432 149.732 138.125 37.2979 32.3258 24.2613 13.6207 13.5123 13.4801 12.8264 11.3879 10.9958 14.2422 9.69648 9.27666 14.1996 18.9923 9.25391 12.1902 10.794 10.2302 9.10764 9.04911 9.02171 10.2188 8.98373 8.94048 9.80377 8.93408 8.13797
threshold=-1.7475646138191221 -2.6050795316696163 -1.193994343280792 -0.86226671934127797 -2.0880131721496578 -3.3434716463088985 1.8650000095367434 0 -0.59814101457595814 1 -1.3459648489952085 4.305000066757203 2 0.034166667610406883 3 4 0.32635000348091131 -0.0080407839268445951 5 6 7 8 -0.012456455733627079 0.15500000119209292 9 0.20639999955892566 10 0.20499999821186068 11 0.33055000007152563
decision_type=2 2 2 2 2 2 2 1 2 1 2 2 1 2 1 1 2 8 1 1 1 1 8 2 1 2 1 2 1 2
left_child=1 5 10 -4 6 -1 -3 13 21 26 17 12 -12 -8 15 16 -13 18 19 -2 -19 -5 -11 -23 -25 -17 -6 -28 -10 -26
right_child=2 4 3 8 9 -7 7 -9 28 22 11 14 -14 -15 -16 25 -18 20 -20 -21 -22 23 -24 24 29 -27 27 -29 -30 -31
leaf_value=-0.03949300506852943 -0.014175512645085975 -0.027369637591034945 0.0036654530293726423 0.010449941587228983 0.0010821854008341149 -0.02247552027047639 -0.0031105746493049653 -0.013656780954916931 0.021661237320881696 0.00022665269863957331 0.0045390521332516649 0.0080434689682584905 -0.008020118487971897 -0.012985877810300129 0.00025592017364246253 -0.0046406335370986857 -0.017110572802658507 -0.00046804615728364792 0.0045410039638673419 0.0004829894947837195 -0.0035612312227631168 0.0038907029682671264 -0.0081914419567282667 0.014588246638347997 0.0099534948884167657 0.0073895785941971428 -0.0067852456766152904 0.012087989102895491 0.0098403877495624112 0.0033850392166019424
leaf_weight=272.40558045357466 175.39821669459343 133.10229130834341 15012.834888786077 1675.6448294371367 1014.8807694762945 974.14421531930566 724.9545441120863 1887.3853041380644 265.5536220818758 356.22086618095636 332.79683147370815 136.54771657288074 658.86537143588066 377.74154765158892 3383.4902949184179 170.41243954002857 162.18989276885986 4973.0191997289658 1218.343135625124 386.58156594634056 5800.6975599229336 2370.5567680746317 3064.3689293637872 504.34232021868229 888.39539310336113 1606.5249139964581 999.72126349806786 72.078509591519833 586.7617073059082 1009.2399595230818
leaf_count=5770 997 1588 67120 6805 7302 14896 6778 18127 1086 2561 1689 679 3361 3594 16949 852 802 28668 6863 2204 33886 9663 22410 2049 3616 7974 7185 533 2385 4103
internal_value=1.41883e-05 -0.0100651 0.00242399 0.0050918 -0.00772164 -0.0262516 -0.0117848 -0.0110732 0.00802316 -0.00541396 -0.000708465 0.000998763 -0.0038397 -0.00645245 0.00187876 0.00449842 -0.00545469 -0.00158573 0.00175223 -0.00429276 -0.00213754 0.00723776 -0.00729385 0.00607145 0.0082439 0.0061971 -0.00228248 -0.00544516 0.0139342 0.0064335
internal_weight=51195.2 9877 41318.2 22313.3 8630.45 1246.55 3123.18 2990.08 7300.49 5507.27 19004.9 6450.83 991.662 1102.7 5459.17 2075.67 298.738 12554 1780.32 561.98 10773.7 6448.18 3420.59 4772.53 2401.98 1776.94 2086.68 1071.8 852.315 1897.64
internal_count=292495 90744 201751 96827 70078 20666 30087 28499 29707 39991 104924 32306 5050 10372 27256 10307 1481 72618 10064 3201 62554 26236 24971 19431 9768 8826 15020 7718 3471 7719
cat_boundaries=0 1 2 3 4 5 6 7 8 9 10 11 12
cat_threshold=22097976 11121696 4749888 11715332 16 17914120 17 9242750 21170304 2105350 42 25841690
is_linear=0
shrinkage=0.05


Tree=42
num_leaves=31
num_cat=5
split_feature=3 3 3 3 3 3 2 12 5 11 1 4 13 3 1 5 11 5 7 11 10 4 3 11 1 2 4 7 13 10
split_gain=446.419 154.187 112.083 46.1676 22.1332 17.5296 13.5856 12.1992 11.255 11.1547 10.8194 10.7879 11.3166 10.7111 13.2037 12.0827 10.6184 9.45675 9.4498 9.18867 9.64758 15.0357 9.69787 9.26114 8.98686 10.7445 10.6336 8.89788 8.53244 8.96023
threshold=-1.9729580283164976 -1.0159750580787656 -2.8460912704467769 -1.5589764714241026 -0.67857912182807911 -2.3694097995758052 0 0.33390000462532049 0.028285114094614986 1.4450000524520876 1 0.80683085322380077 0.019166666083037857 -1.4186998009681699 2 0.014708177652209999 4.9749999046325692 0.14676428586244586 0.044999999925494201 6.9949998855590829 -1.0000000180025095e-35 0.62593233585357677 -1.7944641709327696 3.8449999094009404 3 4 0.066811952739954009 0.0083333333022892492 0.029166666790843013 1.0000000180025095e-35
decision_type=2 2 2 2 2 2 1 2 2 2 1 2 2 2 1 2 2 2 2 2 2 2 2 2 1 1 2 2 2 2
left_child=2 3 9 19 24 8 -5 13 -4 -1 -7 18 -13 -8 -15 -16 17 -12 28 20 21 -2 23 -22 27 26 -26 -3 -9 -30
right_child=1 4 5 6 -6 10 7 11 -10 -11 16 12 -14 14 15 -17 -18 -19 -20 -21 22 -23 -24 -25 25 -27 -28 -29 29 -31
leaf_value=-0.042105127950977594 -0.00015924841211399079 0.0012335539676779179 -0.028833995081194125 0.0027582015363149604 0.010957107291537585 -0.0033431370910119392 -0.0048905304273213325 0.0017533353444800564 -0.013595201091020963 -0.027554602791829669 -0.014636129690211802 0.003317608975494961 0.023589122522937562 0.0020193269717932679 0.0056940195128323398 -0.0038317476974780553 -0.005235950239828137 -0.0073387195687011422 0.0081768167111417583 0.006065181737157992 -0.019533840939521162 -0.0059100900057637894 -0.0036897426324286279 -0.0072588224233675492 0.018858171516725798 0.0042927716784016889 0.0072421367415658223 0.0078754347365750984 -0.00072381341570127984 -0.010626606954258707
leaf_weight=191.08148322999477 3408.2043510004878 2165.4620919376612 133.73962061479688 7426.1735983341932 2001.8857792168856 826.60526017099619 1593.5770467966795 4882.5775535851717 1321.233572229743 522.10530385747552 1257.9925485923886 182.98907539248466 109.14949317276478 3067.9676467329264 378.95583263039589 2646.2525717616081 815.94624944031239 696.56251279264688 454.03276604413986 257.37623250484467 181.49612522870302 1703.3480734601617 2542.7484586089849 987.05098970979452 205.14876064658165 4609.3812526166439 4436.0783531814814 655.72067651152611 1270.8397464305162 276.57394105195999
leaf_count=4253 22607 9112 1654 37223 8082 7125 9097 24366 15604 9580 11024 917 565 15031 1847 12949 6788 6080 2298 1629 1338 11266 15913 7005 863 19366 18547 2750 6597 1370
internal_value=7.74603e-05 0.00174047 -0.0130268 -0.000210404 0.00608827 -0.0103991 0.00101391 0.000140184 -0.0150336 -0.0315599 -0.00851719 0.00162259 0.0110004 -0.00124364 -0.000288557 -0.00262684 -0.0100092 -0.0120456 0.00122155 -0.00321528 -0.00348732 -0.00207719 -0.00542731 -0.00919547 0.00527918 0.00603352 0.0077468 0.00277198 0.000728034 -0.0025052
internal_weight=51208.3 45443 5765.27 31369.3 14073.7 5052.08 22289.1 14862.9 1454.97 713.187 3597.11 7176.16 292.139 7686.75 6093.18 3025.21 2770.5 1954.56 6884.02 9080.22 8822.85 5111.55 3711.3 1168.55 12071.8 9250.61 4641.23 2821.18 6429.99 1547.41
internal_count=292846 230738 62108 172018 58720 48275 112260 75037 17258 13833 31017 36113 1482 38924 29827 14796 23892 17104 34631 59758 58129 33873 24256 8343 50638 38776 19410 11862 32333 7967
cat_boundaries=0 1 2 3 4 5
cat_threshold=34 40 13 40 38
is_linear=0
shrinkage=0.05


Tree=43
num_leaves=31
num_cat=11
split_feature=3 3 3 3 3 11 3 3 7 16 14 16 16 4 16 2 6 12 16 16 6 1 16 3 7 1 14 6 16 11
split_gain=385.53 142.402 88.805 31.7804 28.6686 26.8653 14.2276 11.1714 10.4783 13.2095 11.278 9.88937 9.86041 11.1893 9.74059 9.59352 18.5585 9.39444 17.9251 15.1424 9.47063 11.5821 9.24369 9.87813 10.2395 9.16075 8.94216 8.23035 16.1373 11.8761
threshold=-1.6666071414947508 -2.6050795316696163 -1.1463666558265684 -2.1016114950180049 -0.86226671934127797 2.0749999284744267 -1.4186998009681699 -0.56384494900703419 0.07166666537523271 0 0.01538969809189439 1 2 0.091918759047985091 3 4 0.15500000119209292 0.35279999673366552 5 6 0.18500000238418582 7 8 -1.2209741473197935 0.0050000001210719356 9 -0.012738082092255352 0.15500000119209292 10 7.4249999523162851
decision_type=2 2 2 2 2 2 2 2 2 1 10 1 1 2 1 1 2 2 1 1 2 1 1 2 2 1 8 2 1 2
left_child=1 5 6 12 17 -1 -2 27 10 -10 -8 -5 26 -14 -9 -13 -17 19 -19 -4 -20 -22 25 24 -24 -12 -3 28 -6 -30
right_child=2 3 4 11 7 -7 8 14 9 -11 22 15 13 -15 -16 16 -18 18 20 -21 21 -23 23 -25 -26 -27 -28 -29 29 -31
leaf_value=-0.033844950526887206 -0.0017035903184592961 0.0096179508364741644 0.0043723818313328236 -0.0065319083029119268 0.00035333221976452015 -0.018312874918636556 0.0013959816763458111 0.021455469636106898 0.023394436889369527 -0.0012719371434023771 -5.7372857347586668e-05 -6.4308165197619928e-05 -0.024643622900682397 -0.011378691252301211 0.0073135341627274912 -0.01285859194183383 -0.0025743836679305355 0.0090759250691882006 0.0018234674426851052 -6.6826247608273471e-05 0.017337892653377044 0.00044944393435498282 -0.009562698498593307 0.0090820719694703015 0.0050792978749598814 -0.014754566316048989 -0.0075639649111629119 0.0083813214495988015 0.0066081859424856728 0.022338066410615087
leaf_weight=458.26288841664791 7752.4709370881319 81.813329055905342 3859.7777386754751 3145.2819181010127 1253.4761437028646 734.83578441664577 10113.788282230496 240.9266813993454 104.5650649368763 107.54946288466454 176.55719338357449 1832.7661421224475 174.05517366528511 1848.8807030692697 314.66844470798969 559.60500849038363 2011.2398291826248 1723.4652855694294 2990.1831528842449 3821.3422030806541 219.05145959556103 193.22374646365643 307.28721222281456 204.06459012627602 192.86851586401463 280.55464786291122 809.33536291122437 3382.5297218412161 1978.8640004694462 126.25734773278236
leaf_count=9511 44894 793 17002 22552 5109 11151 50879 995 522 540 898 12959 1736 18308 1289 3910 14325 7584 13180 16914 963 851 1598 988 1003 1432 7887 13724 8043 512
internal_value=1.32884e-05 -0.00797277 0.00237956 -0.00610379 0.00470326 -0.0243253 -4.87347e-05 0.00720464 0.00106819 0.0120259 0.000859953 -0.00438968 -0.0105381 -0.0124816 0.0140169 -0.00283606 -0.00480257 0.00327722 0.0049348 0.00217005 0.0027982 0.00989241 -0.00380258 -0.0001345 -0.00391875 -0.00922453 -0.00590246 0.00663919 0.0048807 0.00753615
internal_weight=50999.5 11656.1 39343.5 10463 20103.8 1193.1 19239.7 7296.72 11487.2 212.115 11275.1 7548.89 2914.08 2022.94 555.595 4403.61 2570.84 12807 5125.92 7681.12 3402.46 412.275 1161.33 704.22 500.156 457.112 891.149 6741.13 3358.6 2105.12
internal_count=292052 103132 188920 82470 86166 20662 102754 29672 57860 1062 56798 53746 28724 20044 2284 31194 18235 56494 22578 33916 14994 1814 5919 3589 2601 2330 8680 27388 13664 8555
cat_boundaries=0 1 2 3 4 5 6 7 8 9 10 11
cat_threshold=2012436 29491550 22249504 26891354 36 12878946 19616538 26 5322096 49 10543654
is_linear=0
shrinkage=0.05


Tree=44
num_leaves=31
num_cat=12
split_feature=3 3 3 3 3 3 5 11 16 1 16 16 16 16 4 1 16 12 12 16 14 5 14 16 1 14 16 4 11 12
split_gain=365.675 109.034 101.221 34.8368 20.0804 16.7647 15.0474 13.0269 12.7303 10.8405 10.5847 10.2178 9.74541 9.57275 8.76096 8.54099 16.7601 9.18305 8.49976 8.38375 15.8581 12.6907 8.31858 8.27493 12.6212 8.26691 8.31927 8.04521 7.86186 7.69217
threshold=-1.8825638890266416 -0.98761901259422291 -2.8460912704467769 -1.4597706794738767 -2.188755869865417 -0.70649015903472889 0.038349168375134475 1.4450000524520876 0 1 2 3 4 5 0.42557732760906225 6 7 0.4707500040531159 0.41625000536441809 8 0.015136813744902613 0.16344288736581805 0.030090852640569214 9 10 -0.037465739995241158 11 0.68064716458320629 6.5250000953674325 0.48575000464916235
decision_type=2 2 2 2 2 2 2 2 1 1 1 1 1 1 2 1 1 2 2 1 10 2 8 1 1 8 1 2 2 2
left_child=2 3 7 10 6 15 -4 -1 -8 13 -2 14 -5 -6 -7 19 18 -18 27 20 21 -3 -15 -11 -25 26 -14 -17 -23 -10
right_child=1 5 4 12 9 11 8 -9 29 23 -12 -13 25 22 -16 16 17 -19 -20 -21 -22 28 -24 24 -26 -27 -28 -29 -30 -31
leaf_value=-0.040733063200062015 -0.00027642663117616252 0.013090831336385398 -0.020822617357607934 -0.00049594563118297386 0.013061950181668997 0.017414127188542131 -0.0052526734268485108 -0.024690423205761335 -0.01411154792775441 -0.0098430032386423727 -0.0034998994756033431 0.0060066740775302323 0.017865082760979652 -0.018814517188301096 0.0087088777755976385 -0.0049986395255774228 0.0046126653201034118 0.018573318099779555 0.0071227819659868408 0.0043790076375506614 -0.0048428527239441892 0.0072661002298453486 0.0036060639965772127 -0.00023600615116812357 -0.0084966215621796303 0.0017380927468659017 0.0010121260046967091 0.0061343335345200763 -0.0052721204258014019 0.0063487019553147648
leaf_weight=179.7739131860435 4086.8457073643804 1128.2064750045538 414.12415869161487 5927.1544373035431 120.13064461201429 529.84889253973961 823.62510777264833 494.91831964999437 1349.8317101746798 1577.5134815573692 6790.8749171122909 1380.6347326785326 149.07848984003067 64.539041191339493 651.55864168703556 1028.7546034008265 1911.0159356445074 123.87035435438156 233.67942364513874 4570.7979838252068 206.75414346158504 632.62521429359913 108.03817005455494 841.24610831588507 1033.7252422571182 14146.317205309868 149.40149506926537 190.83755849301815 154.15128099918365 46.475040197372437
leaf_count=4281 25250 4681 4606 29125 947 2139 8929 9517 14882 12622 42609 5566 707 508 2633 4306 7982 517 976 19081 875 2630 858 6662 8210 68956 709 801 639 515
internal_value=-0.000113284 0.00158144 -0.01068 -8.1845e-06 -0.0087262 0.00547914 -0.0120721 -0.0290728 -0.0104224 -0.00636778 -0.00229256 0.00909445 0.00121168 0.00285778 0.01253 0.00456772 0.00253451 0.00545313 -0.00156336 0.00561418 0.00823549 0.00969406 -0.00463272 -0.00713875 -0.00481539 0.00191136 0.0101206 -0.0032494 0.00480238 -0.0133271
internal_weight=51046.3 43992.4 7053.94 31249.7 6379.25 12742.7 2634.06 674.692 2219.93 3745.19 10877.7 2562.04 20372 292.708 1181.41 10180.7 3488.16 2034.89 1453.27 6692.54 2121.74 1914.98 172.577 3452.48 1874.97 14444.8 298.48 1219.59 786.776 1396.31
internal_count=292719 220182 72537 167356 58739 52826 28932 13798 24326 29807 67859 10338 99497 2313 4772 42488 14582 8499 6083 27906 8825 7950 1366 27494 14872 70372 1416 5107 3269 15397
cat_boundaries=0 1 2 3 4 5 6 7 8 9 10 11 12
cat_threshold=7455784 32 9440952 26124490 10028192 31690896 7 4588282 1777810 32540762 10 16950026
is_linear=0
shrinkage=0.05


Tree=45
num_leaves=31
num_cat=13
split_feature=3 3 3 3 3 16 2 16 16 3 5 5 16 7 13 16 13 3 7 16 2 16 4 1 12 12 13 16 1 0
split_gain=329.139 117.45 88.7395 36.6697 17.8729 14.5226 11.936 16.9348 15.8302 12.5534 11.2606 10.7137 9.9079 9.6548 9.51696 9.19071 8.99467 8.92451 8.55774 9.39179 8.9163 11.8121 8.50921 8.36865 8.31434 8.20431 8.08617 11.8863 11.3651 8.08553
threshold=-1.9729580283164976 -1.2636047601699827 -2.8460912704467769 -0.83261695504188526 -2.3694097995758052 0 1 2 3 -1.625059127807617 0.038349168375134475 0.20616411417722705 4 -0.018333333544433113 0.015833333600312475 5 -0.077500000596046434 -3.7471996545791622 0.015000000596046449 6 7 8 0.098839074373245253 9 0.32434999942779547 0.52019998431205761 -0.022499999962747094 10 11 12
decision_type=2 2 2 2 2 1 1 1 1 2 2 2 1 2 2 1 2 2 2 1 1 1 2 1 2 2 2 1 1 1
left_child=2 6 17 26 10 11 7 -2 9 -8 -4 23 -12 -11 15 -7 -9 -1 20 -20 21 -5 -17 -6 -13 -10 27 -3 -29 -15
right_child=1 3 4 18 5 14 8 16 25 13 12 24 -14 29 -16 22 -18 -19 19 -21 -22 -23 -24 -25 -26 -27 -28 28 -30 -31
leaf_value=-0.043275258505472147 -0.0030672536968994499 0.0014169449184906731 -0.025306236374285519 0.014674880465306682 0.010805674303320556 -0.012255287458530426 -0.0083711396682915051 -0.0094963586976868006 -0.0013999411946954976 -0.0091154440860855574 -0.018938006484702959 -0.0019225570724226166 -0.0087376135750669697 0.0022577191862441855 -0.012219492316877245 -0.017397692173617221 0.0023578774316187932 -0.026174710462008022 0.019274577510343099 0.0078690506502754765 0.0047341654876136667 0.0050612215781165237 -0.0014165704467448991 -0.0067238010500018167 0.01723424093668843 0.010235571777529706 0.0017350187139357738 0.00031952320646379034 0.0074038440282975602 -0.0036601762518140134
leaf_weight=93.53153819963336 2750.4380934610963 2664.4952498227358 191.47831875830889 614.88292916119099 66.402872122824192 408.16522663086653 1638.9927594959736 164.27067917585373 7837.189604640007 526.92895776033401 384.17249520123005 113.43856979906559 827.04553422704339 857.45913116633892 1343.2217770963907 91.39783451706171 4292.8617246001959 572.57293644174933 257.62822808325291 771.52501899003983 3811.5921187251806 736.16937071084976 774.60029534995556 622.9689025580883 110.40767221152782 152.50612015277147 13191.34125970304 729.81405259668827 2675.2903022915125 1720.9781100749969
leaf_count=2311 16398 11888 2467 2489 567 3594 11257 953 46557 2896 4702 972 10039 4704 11976 804 25592 11647 1041 3119 15440 2982 6752 5405 935 891 59816 3255 11869 9505
internal_value=-0.000155165 0.00125583 -0.0115904 0.00350688 -0.0092698 -0.00736541 -0.00161739 1.03459e-05 -0.00253658 -0.00482268 -0.0140459 -0.00184485 -0.012227 -0.00296117 -0.00924634 -0.00617026 0.00191263 -0.0286983 0.00685366 0.0110193 0.00601931 0.00952721 -0.00310367 -0.00494988 0.0075951 -0.00117387 0.00243039 0.0039406 0.00589192 -0.00169739
internal_weight=50993.8 45394.4 5599.4 25452.7 4933.3 3530.6 19941.6 7207.57 12734.1 4744.36 1402.7 913.218 1211.22 3105.37 2617.39 1274.16 4457.13 666.104 6191.8 1029.15 5162.64 1351.05 865.998 689.372 223.846 7989.7 19260.9 6069.6 3405.1 2578.44
internal_count=292823 230652 62171 111899 48213 31005 118753 42943 75810 28362 17208 7879 14741 17105 23126 11150 26545 13958 25071 4160 20911 5471 7556 5972 1907 47448 86828 27012 15124 14209
cat_boundaries=0 1 2 3 4 5 6 7 8 9 10 11 12 13
cat_threshold=18944160 34 7354754 17269524 2232526 8441344 17129600 34 24156760 32 1394806 48 26
is_linear=0
shrinkage=0.05


Tree=46
num_leaves=31
num_cat=12
split_feature=2 7 13 0 16 14 0 10 16 5 13 16 14 16 16 16 10 14 12 6 13 5 16 10 2 12 7 12 16 14
split_gain=44.3882 57.7787 37.6749 31.9149 18.619 19.7514 18.1654 15.6896 13.7634 14.3202 12.4315 11.7266 11.7243 11.5955 10.8967 10.7865 10.6604 11.6849 9.90228 9.74548 9.50559 14.8661 10.4033 10.2195 9.31273 19.183 13.3563 13.3098 10.1676 9.576
threshold=0 -0.11500000208616255 0.015833333600312475 1 2 0.030090852640569214 3 1.0000000180025095e-35 4 0.16031746566295627 -0.0058333333581686011 5 -0.019402790814638134 6 7 8 1.0000000180025095e-35 -0.014619968831539152 0.24344999343156817 0.16499999910593036 0.045833334326744087 0.023928353562951091 9 1.0000000180025095e-35 10 0.37745000422000891 0.011666666716337206 0.39029999077320104 11 -0.0018161762272939084
decision_type=1 2 2 1 1 10 1 2 1 2 2 1 8 1 1 1 2 8 2 2 2 2 1 2 1 2 2 2 1 8
left_child=3 -2 6 15 -4 12 7 14 9 16 -9 24 -6 -12 -3 -1 17 -5 -10 -18 21 22 -14 -22 25 29 -26 -27 -29 -8
right_child=1 2 4 8 5 -7 11 10 18 -11 13 -13 20 -15 -16 -17 19 -19 -20 -21 23 -23 -24 -25 26 27 -28 28 -30 -31
leaf_value=-0.0049883274265249663 -0.022908772110049637 -0.0020674105026519708 -0.00090056406166321541 0.009284128856973493 0.0053775873161037062 -0.017606567128146924 0.0044596946395477378 0.01408542489619214 -0.0029246678073029542 0.0069244702421245368 0.012285644727466719 0.00080428119291476967 0.018403320119018126 -0.0081809899407223451 0.0043100980191881312 -0.00026489142031740654 0.0037719439454446703 0.00046581850363277617 0.0018980724776255454 0.013364826531475188 -0.0089467789678266546 -0.0045672086276279172 0.00071673591512232278 -6.6046452979055183e-05 -0.0018707132965749642 0.02227820137540229 -0.008532612508414689 0.013942462183678259 -0.00057580410312431385 -0.0045375491262064334
leaf_weight=1742.1310182027519 308.28554187715054 1131.9734719283879 4372.3682890683413 414.98625666648149 284.91088379547 299.66583153232932 378.61079452559352 527.19760370254517 1244.8257107846439 2860.7717623747885 109.7057570964098 7183.9375631958246 98.591471765190363 148.55593783408403 1612.748773150146 3905.491876181215 929.00434727221727 3793.0472744852304 7276.5796908177435 369.76840247958899 1959.6276595592499 3451.8257088251412 352.79061349108815 388.05828563123941 2683.653602309525 121.4347676821053 1044.3772362247109 165.15577178448439 382.60577703267336 1327.4053676985204
leaf_count=9443 5541 6638 28856 2057 1835 2061 1916 2383 6305 13644 511 42589 600 704 9298 21009 4063 19661 35880 1679 14258 22637 2189 2042 16130 616 8137 826 1930 6959
internal_value=-0.000133448 -0.0014504 -0.00121325 0.0015222 -0.00345861 -0.00508539 0.00028339 0.00346494 0.00260999 0.00405064 0.00969663 -0.000564472 -0.00451386 0.000698248 0.00168847 -0.00172942 0.00256307 0.00133946 0.00119164 0.00651945 -0.00496628 -0.0034512 0.00506572 -0.00748015 -0.00217401 0.000275569 -0.00373056 0.00743847 0.00407954 -0.00253794
internal_weight=50870.1 28333.5 28025.2 22536.6 11207.8 6835.47 16817.4 3530.18 16889 8367.58 785.459 13287.2 6535.8 258.262 2744.72 5647.62 5506.81 4208.03 8521.41 1298.77 6250.89 3903.21 451.382 2347.69 6103.24 2375.21 3728.03 669.196 547.762 1706.02
internal_count=292397 178656 173115 113741 74478 45622 98637 19534 83289 41104 3598 79103 43561 1215 15936 30452 27460 21718 42185 5742 41726 25426 2789 16300 36514 12247 24267 3372 2756 8875
cat_boundaries=0 1 2 3 4 5 6 7 8 9 10 11 12
cat_threshold=7 12 122388 12 14587960 14432788 10751390 22302220 2165062 8288 8 1056772
is_linear=0
shrinkage=0.05


Tree=47
num_leaves=31
num_cat=3
split_feature=3 3 3 3 3 11 11 5 13 13 14 6 14 5 2 6 5 0 14 2 11 4 4 14 4 7 4 13 13 14
split_gain=296.395 117.257 73.8235 33.5014 15.8405 14.2998 14.0189 13.4727 12.4735 13.0201 10.5455 10.3433 12.8961 9.88666 9.66654 9.63387 9.01428 7.63674 9.935 9.81411 8.52108 7.15219 8.95194 7.10826 7.055 7.01782 6.92277 6.79485 6.77561 6.69717
threshold=-2.075573086738586 -1.0706742405891416 -2.7988300323486324 -1.572165787220001 -0.66172099113464344 1.4450000524520876 1.8650000095367434 0.1124476194381714 0.085833333432674422 0.077500000596046462 -0.013235215563327072 0.16499999910593036 -0.037465739995241158 0.08958162367343904 0 0.19500000029802325 0.010867373086512091 1 -0.017970141954720017 2 4.1649999618530282 0.68352657556533825 0.65977105498313915 0.030090852640569214 0.098839074373245253 0.074999999254941954 0.39763870835304266 -0.094166666269302354 0.047499999403953559 0.018688317388296131
decision_type=2 2 2 2 2 2 2 2 2 2 8 2 8 2 1 2 2 1 8 1 2 2 2 10 2 2 2 2 2 8
left_child=2 3 5 7 15 -1 -4 17 9 11 -9 12 -5 -11 -14 -3 -13 18 -2 29 28 22 25 -8 -22 -18 -12 -16 -19 -20
right_child=1 4 6 8 -6 -7 23 10 -10 13 26 16 14 -15 27 -17 21 20 19 -21 24 -23 -24 -25 -26 -27 -28 -29 -30 -31
leaf_value=-0.04021918640052273 0.0097692708870968249 0.0035359681931655057 -0.023388140396537981 0.011864555244362926 0.0089172992651154349 -0.023349398951999441 -0.0086407784083244645 0.0063372491039582176 -0.0069715189556179506 0.022641162591483355 0.0033027120025157343 0.0077061960304107991 0.0024696988495720071 0.0023747793141370289 -0.013902503225097982 0.0098944120252361812 0.00046673042622239814 -0.0083424637843766518 -0.021779369981866692 -0.0015914255166541835 -0.010126732773595312 0.004062860328906198 -0.0086987746179338736 -0.020426988226796033 -0.0035672420395846216 0.009160388995844683 -0.0028448274681571587 -0.0015099865730005032 -0.019578256869474175 -0.0065562408340431371
leaf_weight=170.08144961670041 153.85049080103636 14330.185468792915 180.41863726824522 196.99799974262714 1682.9713992923498 545.04131904989481 3230.0879459008574 423.23462032526731 576.98344650864601 112.78480903804302 532.15303830057383 560.91081014275551 1678.1854037493467 127.60322637856007 110.12623727321625 620.32827469706535 6135.8326990455389 822.89196600019932 101.87607232481241 1537.7120294421911 501.85119286924601 1696.5258760750294 256.32029339671135 132.49379399418831 2227.6498459130526 239.27563971281052 3218.1370035707951 8391.210212379694 160.601049952209 247.07752700895071
leaf_count=4337 1024 60554 2528 965 6828 10622 33160 2842 3059 600 3654 2898 8616 673 548 2625 31607 5836 724 10474 3335 8729 1319 1382 14968 1229 22032 42603 1177 1759
internal_value=-0.000200316 0.000952696 -0.0128249 -0.000913719 0.00431975 -0.0274626 -0.00985656 -0.00328954 0.000260877 0.000475505 -0.00112603 0.000330579 -0.000741647 0.0119917 -0.00098789 0.00380108 0.00158214 -0.00485799 -0.00235763 -0.00336831 -0.00620703 0.00116792 0.000426299 -0.00911705 -0.00477981 0.000795798 -0.00197122 -0.00167179 -0.0102132 -0.0107919
internal_weight=50901.4 46643.3 4258.12 30009.8 16633.5 715.123 3543 9927.03 20082.8 19505.8 4173.52 19265.4 10376.5 240.388 10179.5 14950.5 8888.87 5753.51 2040.52 1886.67 3712.99 8327.95 6631.43 3362.58 2729.5 6375.11 3750.29 8501.34 983.493 348.954
internal_count=292707 240678 52029 170671 70007 14959 37070 67825 102846 99787 28528 98514 52732 1273 51767 63179 45782 39297 13981 12957 25316 42884 34155 34542 18303 32836 25686 43151 7013 2483
cat_boundaries=0 1 2 3
cat_threshold=32 50 16
is_linear=0
shrinkage=0.05


Tree=48
num_leaves=31
num_cat=14
split_feature=3 3 3 3 11 16 11 2 7 3 16 16 16 3 16 2 16 16 13 16 16 11 5 16 1 4 2 13 5 13
split_gain=253.065 120.882 57.6914 33.7114 12.1502 13.7379 12.0141 11.5161 16.1617 11.3237 11.8804 10.6055 9.59861 9.28553 9.93262 8.91329 16.6419 12.2861 10.0027 8.89462 8.69989 10.0141 9.21325 8.58859 8.31595 8.0333 11.5184 7.7202 9.3741 7.28106
threshold=-2.188755869865417 -1.3678897619247434 -2.8983117341995235 -0.88341516256332386 2.304999947547913 0 1.4450000524520876 1 -0.0050000001210719338 -1.9019438624382017 2 3 4 -0.67857912182807911 5 6 7 8 0.045833334326744087 9 10 3.7949999570846562 0.15724501758813861 11 12 0.6292104721069337 13 0.042500000447034843 0.1226746365427971 -0.010833333246409891
decision_type=2 2 2 2 2 1 2 1 2 2 1 1 1 2 1 1 1 1 2 1 1 2 2 1 1 2 1 2 2 2
left_child=2 9 6 7 12 -6 -1 11 20 10 27 -3 -4 14 -5 16 29 18 -17 -10 -9 -22 25 -24 -12 26 -23 -2 -29 -11
right_child=1 3 4 13 5 -7 -8 8 19 15 24 -13 -14 -15 -16 17 -18 -19 -20 -21 21 22 23 -25 -26 -27 -28 28 -30 -31
leaf_value=-0.040201527281461688 -1.0900774817168305e-05 0.011329585310883905 -0.006264050677532414 0.0071955882124481651 -0.0044445763747584027 -0.012477438635986732 -0.023465851767919519 0.0017419012361619653 -0.0010774645682236563 -0.015989417781618758 0.004199742017443729 0.0033181580956307081 -0.025926915446013245 0.0086345182601605987 0.003054787136158242 -0.0035185734945989791 0.0024069448944355159 -0.0011600091556366343 -0.01048656700217834 0.0033825460057811205 0.012160551370344691 -0.0073525270208972711 -0.0013877754987319923 -0.0089912929109953518 -0.0089336029211266425 0.0057886731897830446 0.00021823488779036467 -0.014084986096157846 0.0009708149220463224 -0.0031382564076751157
leaf_weight=154.90190654620528 1285.9018702059984 527.4249719530344 122.35423075780272 2409.183712542057 949.58321480080485 1334.3805032372475 400.81544951349497 3764.7499551028013 1278.6480206847191 172.77443346381187 128.12478662282228 1925.7255585342646 201.68301410228014 1968.2032547146082 3770.977832660079 3249.453546255827 2484.2607562318444 7748.5296663865447 611.22889779508114 8855.8448192030191 130.59620858728886 614.93518680334091 796.71391262114048 708.12422870099545 1533.948633544147 457.69916838407516 2533.3434875160456 245.03728825598955 177.37416724860668 301.91882129013538
leaf_count=4175 10342 2457 1761 9804 10358 14848 8514 17452 6009 1059 1032 9045 2923 7975 15407 19749 15342 46924 3844 41333 632 2834 3689 3286 12578 2120 11713 2034 1446 1886
internal_value=3.86834e-05 0.000947554 -0.0136509 0.00290266 -0.0105191 -0.00921852 -0.0282582 0.0018683 0.00145182 -0.00229398 -0.00490508 0.00508737 -0.0195737 0.00564267 0.00468736 -0.0016893 0.000760714 -0.00231245 -0.00461467 0.00282201 -8.86995e-05 -0.00140437 -0.00175836 -0.00504179 -0.00789834 -0.000386096 -0.00128689 -0.00192954 -0.00778814 -0.0077016
internal_weight=50844.4 47680.7 3163.72 29742.2 2608 2283.96 555.717 21593.8 19140.7 17938.6 3370.39 2453.15 324.037 8148.36 6180.16 14568.2 2958.95 11609.2 3860.68 10134.5 9006.16 5241.41 5110.82 1504.84 1662.07 3605.98 3148.28 1708.31 422.411 474.693
internal_count=292571 249992 42579 133756 29890 25206 12689 100570 89068 116236 27432 11502 4684 33186 25211 88804 18287 70517 23593 47342 41726 24274 23642 6975 13610 16667 14547 13822 3480 2945
cat_boundaries=0 1 2 3 4 5 6 7 8 9 10 11 12 13 14
cat_threshold=7701560 32 21706146 164288 17032512 9673088 32 5245184 3023680 73856 5858850 10784912 32 4
is_linear=0
shrinkage=0.05


Tree=49
num_leaves=31
num_cat=2
split_feature=3 3 3 11 3 3 11 5 4 3 11 11 6 12 13 5 1 1 14 3 14 12 11 13 14 5 6 4 5 14
split_gain=278.504 105.152 83.6491 21.2645 17.532 14.9657 12.4569 10.8394 10.8626 10.6936 10.4288 8.91606 8.73385 8.65788 8.49542 8.345 10.5233 9.49344 8.20722 8.10331 8.01128 10.1925 7.96609 7.92434 23.1271 8.69195 7.43543 9.74179 7.54991 7.15464
threshold=-1.8548154830932615 -2.5735499858856197 -1.0870085358619688 1.4450000524520876 -0.51566413044929493 -1.5589764714241026 1.544999957084656 0.1124476194381714 0.6292104721069337 -0.80863818526267994 6.9949998855590829 2.8850001096725468 0.14500000327825549 0.40545000135898596 -0.069166667759418474 0.099328074604272856 0 1 0.030611505731940273 -2.8460912704467769 -0.026291759684681889 0.35154999792575842 6.0450000762939462 0.040833333507180221 -0.010387240443378685 0.13296874612569812 0.16499999910593036 0.59765905141830455 0.019226461648941044 -0.0032814062433317299
decision_type=2 2 2 2 2 2 2 2 2 2 2 2 2 2 2 2 1 1 10 2 8 2 2 2 8 2 2 2 2 8
left_child=1 3 5 -1 9 7 -3 10 -9 12 26 -7 15 23 -14 17 -17 -4 -11 -5 21 -16 -19 -8 -25 -26 -2 28 -28 -13
right_child=2 6 4 19 -6 11 13 8 -10 18 -12 29 14 -15 20 16 -18 22 -20 -21 -22 -23 -24 24 25 -27 27 -29 -30 -31
leaf_value=-0.038272849765583358 -0.0067611431012266528 -0.027746417302395479 0.012394089107584473 -0.024694958133512416 0.016600709602599663 0.012720737522319382 -0.0057208993890971449 0.0029793631524073867 -0.0031495417228995046 0.0062091735400566722 0.010507544071861656 0.0023784744990925275 -0.0018048705302474381 -0.0014921967408641958 0.0033407088137177702 0.0009621553452888198 -0.0082139113175718741 0.007620495982053329 -0.0065958883579093248 -0.015468886948942953 0.0040118887880204067 0.020133177223222137 -0.00076655141187722121 0.0127124642794662 -0.014940631668607724 -0.0067389374883260779 -0.0064315615875704365 -0.012748006666478136 0.00035094304056144471 -0.000134460033870623
leaf_weight=185.79321482405066 1763.7642685770988 65.921654231846333 232.32365387678146 455.29716584831476 277.06922641396523 144.3020725697279 3759.8378401361406 1530.4439867064357 1366.6039498373866 4953.9961671233177 120.35892258584499 3471.7275975197554 601.62947264313698 847.06214229017496 184.92860586941242 989.45443269610405 444.18137991428375 396.51857313513756 126.81931619346142 535.77409576997161 8089.9399625509977 176.51883207261562 976.64103215932846 102.17505483329296 838.50264929607511 533.62288971990347 554.6819427087903 207.11846119910479 1559.6377315297723 15342.715825140476
leaf_count=4875 11361 821 994 9583 1164 805 32778 9824 8846 19984 746 17470 2569 7352 783 4250 1913 1711 513 7508 34788 747 4181 891 7510 4804 3593 1349 10159 78995
internal_value=-3.28524e-05 -0.00905197 0.00148562 -0.022733 0.00416457 -0.000308318 -0.0064262 -0.00226554 8.80399e-05 0.00396202 -0.0038861 0.000425088 0.00315232 -0.00618604 0.00393076 0.000832398 -0.00193885 0.00330635 0.00588708 -0.0197485 0.0043394 0.0116073 0.00165088 -0.0069448 -0.0100541 -0.0117654 -0.00431511 -0.00245246 -0.00143281 0.000329442
internal_weight=50835.4 7323.99 43511.4 1176.86 17450 26061.4 6147.12 7102.61 2897.05 17173 4205.56 18958.7 12092.1 6081.2 9053.02 3039.12 1433.64 1605.48 5080.82 991.071 8451.39 361.447 1373.16 5234.14 1474.3 1372.13 4085.2 2321.44 2114.32 18814.4
internal_count=292867 76122 216745 21966 73597 143148 54156 45878 18670 72433 27208 97270 51936 53335 38887 13049 6163 6886 20497 17091 36318 1530 5892 45983 13205 12314 26462 15101 13752 96465
cat_boundaries=0 1 2
cat_threshold=38 4
is_linear=0
shrinkage=0.05


Tree=50
num_leaves=31
num_cat=17
split_feature=3 3 3 3 3 14 12 16 6 16 2 3 16 16 14 0 16 2 1 5 16 1 2 3 2 3 0 2 16 16
split_gain=250.777 83.8891 71.4134 19.2019 17.1521 11.9496 13.9479 17.5259 11.0841 17.0624 10.7354 10.4991 10.3778 10.039 11.8968 10.0014 9.99966 12.0647 11.0214 9.90156 13.1551 11.9093 9.41855 9.41341 8.95843 8.40841 8.6046 11.4796 15.14 14.4531
threshold=-1.9019438624382017 -2.6408814191818233 -1.2050351500511167 -3.3434716463088985 -0.75350496172904957 0.012451350688934328 0.34295000135898596 0 0.14500000327825549 1 2 -2.2538912296295162 3 4 0.014636312611401083 5 6 7 8 0.11134396493434907 9 10 11 -0.51566413044929493 12 -1.4186998009681699 13 14 15 16
decision_type=2 2 2 2 2 10 2 1 2 1 1 2 1 1 10 1 1 1 1 2 1 1 1 2 1 2 1 1 1 1
left_child=1 3 5 -1 8 25 12 -8 9 15 -9 13 -7 14 -3 -4 17 18 -10 21 -21 -11 -14 -6 -22 26 27 28 -2 -29
right_child=2 11 4 -5 23 6 7 10 16 19 -12 -13 22 -15 -16 -17 -18 -19 -20 20 24 -23 -24 -25 -26 -27 -28 29 -30 -31
leaf_value=-0.035997810755863911 -0.0061089237463042532 -0.0027229877772125743 0.0064834076495475226 -0.018911079386749692 0.0056872033174420666 -0.0018435749746830859 -0.0081070843203739414 -0.0044809749788085702 0.004178240806720932 -0.0012470262404259214 0.0097180082034905857 -0.0053594667528310243 -0.016194797489688773 -0.013356998216680458 -0.022719616464133688 -0.0047265181891823806 0.0022384521424296806 0.0060450739648336225 -0.0054127085400493945 -0.0084211738899227697 0.0071386740201454585 0.0079558167075273519 -0.0058320971825923671 0.01535486298114939 -0.0030471077986223782 0.00097143087324843614 -0.00035988163607281767 -0.014784926232134777 0.0027925782907030658 -0.0019810760500088417
leaf_weight=213.52080044522882 880.32056403905153 594.35529314354062 218.6142376512289 759.03169071301818 3405.9684334844351 707.58229609578848 341.45172107219696 180.23543595522642 766.73734892904758 493.61376903951168 460.90747091174126 3829.410471662879 371.41782284528017 980.04222555086017 83.157317273318768 1546.1510269343853 8410.8079863786697 4827.0403062701225 474.92986340820789 358.49929136037827 496.30992530286312 1224.7915066480637 623.25597164779902 270.90509709715843 368.30880899727345 7704.6362007260323 8139.1992470994592 427.63340823352337 1018.3340652137995 467.85157822817564
leaf_count=5795 5495 6564 961 13796 13692 4171 1980 1070 3387 2164 2666 32163 2161 10990 916 6783 36879 21206 2095 1567 2152 5337 3680 1142 1626 39263 50585 2659 6295 2880
internal_value=-6.92978e-06 -0.00920741 0.00133845 -0.0227286 0.00327957 -0.000742956 -0.00386028 0.000882448 0.00267952 0.000571224 0.00571746 -0.0068034 -0.00659575 -0.0101288 -0.00516105 -0.00330345 0.0033646 0.00491234 0.000493068 0.00289788 -0.000530742 0.00535291 -0.00984852 0.00640746 0.00281744 -0.000293531 -0.00118495 -0.00357231 -0.00134709 -0.00821013
internal_weight=50645 6459.52 44185.5 972.552 22862.7 21322.8 2684.85 982.595 19185.8 4706.29 641.143 5486.97 1702.26 1657.55 677.513 1764.77 14479.5 6068.71 1241.67 2941.52 1223.12 1718.41 994.674 3676.87 864.619 18638 10933.3 2794.14 1898.65 895.485
internal_count=292120 70224 221896 19591 98991 122905 15728 5716 84157 20590 3736 50633 10012 18470 7480 7744 63567 26688 5482 12846 5345 7501 5841 14834 3778 107177 67914 17329 11790 5539
cat_boundaries=0 1 2 3 4 5 6 7 8 9 10 11 12 13 14 15 16 17
cat_threshold=25740322 32770180 17 769042 1176688 4 29034632 8 21 8778 48 12 38 12 50 7432642 16964934
is_linear=0
shrinkage=0.05


Tree=51
num_leaves=31
num_cat=4
split_feature=3 3 3 11 14 11 3 7 14 3 14 13 1 12 12 12 1 3 14 4 12 13 10 4 1 0 6 6 14 12
split_gain=228.16 97.9586 47.5057 27.7279 15.9748 13.279 12.0602 11.2346 13.6827 12.4522 10.171 10.7001 8.19488 8.10844 7.42398 10.9552 7.37274 7.2557 7.09834 6.73955 6.40962 8.49474 8.82216 8.35648 7.56652 10.7263 7.14979 7.05185 8.31533 8.4423
threshold=-1.7173771262168882 -2.5153878927230831 -0.96450448036193837 2.0749999284744267 0.034063687548041351 1.7450000047683718 -0.67857912182807911 -0.0016666667070239919 -0.023803694173693653 -1.1463666558265684 -0.019792696461081501 0.024166666902601722 0 0.47810000181198126 0.26254999637603765 0.35594999790191656 1 -1.4360548257827757 0.017541372217237953 0.80683085322380077 0.3952500075101853 -0.030833332799375054 -1.0000000180025095e-35 0.6292104721069337 2 3 0.16499999910593036 0.19500000029802325 -0.002625731634907424 0.2710500061511994
decision_type=2 2 2 2 10 2 2 2 8 2 8 2 1 2 2 2 1 2 10 2 2 2 2 2 1 1 2 2 8 2
left_child=1 3 4 -1 7 -3 12 8 14 -9 11 -7 13 -4 -2 -16 -17 -10 -5 -19 24 26 23 -23 -12 -26 -22 -27 -29 -30
right_child=2 5 6 18 -6 10 -8 9 17 -11 20 -13 -14 -15 15 16 -18 19 -20 -21 21 22 -24 -25 25 27 -28 28 29 -31
leaf_value=-0.03013344973868309 0.017570148588284616 -0.022103923268565279 0.00024715331415786667 -0.012878982322162247 -0.0070566912217454635 -0.0021560803980918966 0.0079757916707620096 0.00094031269403633026 -0.0026716271629326307 0.0043203575355281456 -0.0077446746437435619 0.013695873877512725 0.0044742494842801971 0.01310151176884522 -0.0029137385594345975 0.016456177178583959 0.0011069542352428008 -0.00018136504332739206 -0.027590462083303936 0.006604903211501572 -0.0044420861719625948 0.0036193961561816999 -0.0091839434008751351 -0.0078319316972584561 0.0042825489491963055 -0.0058730413770851086 0.015145060188983005 0.017523683954561452 0.0085631969117384889 -0.0063907622170216831
leaf_weight=413.75097939372063 121.68467599153519 107.36514279991388 2090.6627938300371 806.80276476964355 657.83657664060593 398.17886785417795 1971.2004063278437 10976.222867846489 3160.8149955123663 3623.4355308413506 2623.1108615025878 143.0994947552681 7483.1128163188696 128.33440205454826 292.26296615600586 186.75965748727322 144.58668941259384 9505.2104623019695 91.630872745066881 378.49764129519463 73.78199141472578 486.76301000267267 424.75156654417515 234.35310783237219 331.53629862517118 3278.2966878563166 121.06137498468161 60.643947668373585 132.73142912238836 313.51912250369787
leaf_count=10107 601 1262 8661 12594 3474 3136 8007 59727 18812 16156 21590 1142 30885 530 1433 909 711 45659 1462 1825 569 4000 3354 1929 2679 26541 975 505 1128 2649
internal_value=5.24838e-05 -0.00669716 0.00171714 -0.0194249 0.000634397 -0.0047799 0.00441081 0.000813098 -0.000210348 0.00177967 -0.0045591 0.00206974 0.00368501 0.000997216 0.00636953 0.00413477 0.0103321 -0.000587205 -0.0144373 7.97995e-05 -0.00500353 -0.00184269 -0.00348589 -0.000113501 -0.00563157 -0.00425289 0.00775816 -0.00501166 0.000461936 -0.00192454
internal_weight=50762 10041.4 40720.6 1312.18 29047.3 8729.19 11673.3 28389.5 13789.8 14599.7 8621.83 541.278 9702.11 2219 745.294 623.609 331.346 13044.5 898.434 9883.71 8080.55 1340.71 1145.87 721.116 6739.84 4116.73 194.843 3785.19 506.894 446.251
internal_count=293012 95622 197390 24163 149307 71459 48083 145833 69950 75883 70197 4278 40076 9191 3654 3053 1620 66296 14056 47484 65919 10827 9283 5929 55092 33502 1544 30823 4282 3777
cat_boundaries=0 1 2 3 4
cat_threshold=40 13 5 2
is_linear=0
shrinkage=0.05


Tree=52
num_leaves=31
num_cat=4
split_feature=11 11 14 13 14 2 7 10 5 13 13 12 12 11 12 12 5 11 2 5 4 4 13 2 11 14 12 1 7 13
split_gain=120.974 42.8525 18.613 17.1267 15.9417 15.4933 14.7306 16.9299 14.4378 13.7762 11.3892 11.3371 11.1821 10.8655 10.797 12.1627 10.6987 10.5472 10.5358 15.2783 10.3458 10.3262 9.15145 11.6756 8.77699 10.8899 8.53292 8.43966 8.41015 8.56715
threshold=2.0749999284744267 4.305000066757203 0.01538969809189439 0.044166667386889465 -0.026291759684681889 0 0.025000000372529033 -1.0000000180025095e-35 0.21394484490156176 -0.040833333507180207 0.059166666120290763 0.35594999790191656 0.3197499960660935 5.4349999427795419 0.39335000514984136 0.39865000545978552 0.14962788671255114 1.544999957084656 1 0.045090349391102798 0.11293540522456171 0.8269832730293275 0.027500000782310966 2 3.9450000524520878 -0.040020124986767762 0.23975000530481341 3 0.028333333320915702 -0.044166667386889451
decision_type=2 2 10 2 8 1 2 2 2 2 2 2 2 2 2 2 2 2 1 2 2 2 2 1 2 10 2 1 2 2
left_child=17 3 4 14 26 8 9 -8 13 -7 12 16 -10 20 18 -16 -11 -1 19 -2 -6 28 -4 -24 -17 -26 -3 -13 29 -15
right_child=1 2 22 -5 5 6 7 -9 10 11 -12 27 -14 21 15 24 -18 -19 -20 -21 -22 -23 23 -25 25 -27 -28 -29 -30 -31
leaf_value=-0.027903470722098679 -0.0093132526695444626 -0.0035237053237800707 -0.00026593610372260991 -0.0075238309328064289 -0.0047134105899428267 0.0031461547259094267 0.0081117285239872255 -0.00061891016892200764 0.002545723612062204 -0.001023605875600899 -0.0044534180822855809 0.0070709412886084235 0.0084798382741740307 -0.0018557627502563383 0.018279351731512933 -0.0030150298077215223 -0.0049489976859385561 -0.015193036464441227 -0.0038478318559134819 0.0044138248124488142 0.00074975964701634796 0.017864696574085896 0.00013171481062761173 -0.0084608214509951495 0.0091018199990945247 -0.0031117323144289385 0.0071800596848901185 5.9379140782749934e-06 0.007853173965951938 0.0026081073575784722
leaf_weight=301.25157820992172 257.10034109279513 209.40204061567783 2558.263897549361 1570.3029346950352 1043.0068073906004 2079.060848724097 1116.9980582222342 1101.6807477883995 1425.4879790320992 4846.1655122898519 290.63204107061028 463.56212950497866 1796.4617115221918 1265.9187341704965 102.44741789996624 797.93604156002402 2703.7824245505035 377.72956634312868 4714.0445961505175 929.69674030318856 5073.8406939581037 106.69250478968024 665.58537340909243 981.39218596369028 477.38124659284949 293.39746739715338 1603.8162613548338 3813.6871463656425 644.09211111068726 7073.4641582965851
leaf_count=6797 1695 1053 13407 12730 6242 9749 6411 5690 7699 25200 1797 2418 9527 5806 688 5544 14326 6130 34253 5433 29802 522 3479 6171 2848 1786 7941 19373 3181 35105
internal_value=3.4216e-05 0.000319259 0.00101161 -0.00277485 0.00137306 0.001135 -1.66478e-06 0.00377989 0.00211289 -0.000605453 0.00500243 -0.00126535 0.00585761 0.00144627 -0.00178826 0.00175801 -0.0024303 -0.0208978 -0.00279285 0.00141749 -0.000183022 0.00254244 -0.00213834 -0.00504292 0.000657161 0.0044567 0.0059414 0.000791117 0.00235652 0.00193021
internal_weight=50684.3 50005.3 40863 9142.31 36657.8 34844.5 16124.9 2218.68 18719.6 13906.3 3512.58 11827.2 3221.95 15207 7572 1671.16 7549.95 678.981 5900.84 1186.8 6116.85 9090.17 4205.24 1646.98 1568.71 770.779 1813.22 4277.25 8983.48 8339.38
internal_count=292803 279876 214899 64977 191842 182848 83167 12101 99681 71066 19023 61317 17226 80658 52247 10866 39526 12927 41381 7128 36044 44614 23057 9650 10178 4634 8994 21791 44092 40911
cat_boundaries=0 1 2 3 4
cat_threshold=38 2 7 8
is_linear=0
shrinkage=0.05


Tree=53
num_leaves=31
num_cat=7
split_feature=3 3 3 3 3 12 11 11 3 12 14 13 14 1 14 14 1 2 0 12 12 0 12 14 2 14 2 11 5 11
split_gain=180.451 78.4929 41.8669 17.1456 10.4279 9.04031 8.76358 8.57695 8.55781 9.96215 7.40022 7.32121 8.45161 10.8362 6.88469 6.81274 6.63385 13.4138 7.68631 7.65183 9.70609 10.9727 9.60859 8.56108 7.84363 10.3518 6.42756 6.2435 9.50209 9.46305
threshold=-1.6666071414947508 -2.8983117341995235 -1.0045675635337827 -2.2725716829299922 -0.59814101457595814 0.63684999942779552 1.4450000524520876 1.4450000524520876 -1.193994343280792 0.4902500063180924 0.007030417677015067 0.085833333432674422 0.042512267827987678 0 0.005567969987168909 0.018127531744539741 1 2 3 0.37475000321865087 0.38594999909400945 4 0.39745000004768377 -0.015519227366894482 5 0.017541372217237953 6 6.8150000572204599 0.028906576335430149 5.8450000286102304
decision_type=2 2 2 2 2 2 2 2 2 2 10 2 8 1 10 10 1 1 1 2 2 1 2 8 1 8 1 2 2 2
left_child=1 6 5 7 -4 8 -1 -3 11 -10 -8 14 -13 -14 27 -9 17 18 -5 23 21 -21 -22 -18 -24 -26 -16 29 -29 -2
right_child=2 3 4 16 -6 -7 10 15 9 -11 -12 12 13 -15 26 -17 19 -19 -20 20 22 -23 24 -25 25 -27 -28 28 -30 -31
leaf_value=-0.036320142051900157 0.00066534795520075199 -0.02806465154598833 0.0033776912374473573 5.6130663888464004e-06 0.0091396902948392249 0.013868599991632039 -0.017359967745831015 -0.007452454031198142 0.0018312440914951449 -0.0070538663356097212 -0.036087764148711197 0.0014023053781685299 0.00010930395188634573 -0.018570943779445966 0.0031533963016767428 -0.017493871617558707 0.0023494510404383443 -0.0012729497263259332 -0.012817967324173677 0.016144644897539095 -0.014681197622972819 -0.0071409622495085638 -0.0081709214999531581 -0.0071547920982294932 -0.0071284528372719431 0.0076957609467117345 -0.0034169307577695271 0.012291773423086768 0.00097813867485448667 -0.0027000636381814313
leaf_weight=131.42926631867886 9979.0457166135311 56.026914492249489 12743.638054490089 168.63355971127748 835.72466994822025 120.29872272908688 297.76848115772009 1689.835103366524 8521.401510104537 325.66396281123161 65.706524457782507 222.03086499869823 137.42434842884541 185.66719850897789 430.32308420538902 187.40887764841318 255.70855058729649 3649.3805700838566 431.46409268677235 129.36836745589972 165.47011548280716 72.931962721049786 267.86025387793779 3084.8281066566706 183.77016907185316 320.04817121475935 2462.175457328558 259.86026515066624 638.55486319959164 2639.6172329038382
leaf_count=4136 54406 1043 52837 1278 3456 613 6940 20692 38952 1486 1527 1248 774 1049 2377 2340 1891 27803 3230 979 1261 549 2020 23721 1386 2433 13490 1358 3366 13907
internal_value=-0.000101238 -0.00571554 0.0014848 -0.0048093 0.0037336 0.000306557 -0.0251427 -0.00906866 0.000242255 0.00150266 -0.0209244 -0.000415531 -0.00610535 -0.0112416 -0.000225795 -0.00847246 -0.00386414 -0.00242734 -0.00928495 -0.00520828 -0.00167802 0.00820286 -0.00382392 -0.0064263 -0.00146387 0.00223752 -0.00243886 0.000248065 0.00427056 -3.89572e-05
internal_weight=50659.1 11157.6 39501.4 10662.7 13579.4 25922.1 494.904 1933.27 25801.8 8847.07 363.475 16954.7 545.122 323.092 16409.6 1877.24 8729.46 4249.48 600.098 4479.99 1139.45 202.3 937.149 3340.54 771.679 503.818 2892.5 13517.1 898.415 12618.7
internal_count=292548 103229 189319 90626 56293 133026 12603 24075 132413 40438 8467 91975 3071 1823 88904 23032 66551 32311 4508 34240 8628 1528 7100 25612 5839 3819 15867 73037 4724 68313
cat_boundaries=0 1 2 3 4 5 6 7
cat_threshold=3 42 8 22 3 18 32
is_linear=0
shrinkage=0.05


Tree=54
num_leaves=31
num_cat=15
split_feature=13 7 16 2 14 6 13 16 12 6 16 0 16 7 14 0 16 16 7 13 7 16 10 16 5 2 16 16 0 5
split_gain=31.0675 16.8548 16.1847 13.3745 17.6259 12.7449 11.306 14.3663 11.2779 10.738 9.85539 9.55956 11.2728 9.7766 9.49523 9.34752 9.50325 9.01347 8.19737 7.48753 6.85997 11.8329 6.63255 16.2078 9.69422 11.0135 16.6456 11.456 12.3282 10.3595
threshold=0.025833333842456344 -0.074999999254941926 0 1 0.01538969809189439 0.10500000044703485 0.030833332799375061 2 0.23340000212192538 0.17500000447034839 3 4 5 -0.0383333321660757 -0.031814577057957642 6 7 8 0.058333333581686027 -0.039166666567325585 0.0083333333022892492 9 1.5000000000000002 10 0.022238896228373054 11 12 13 14 0.29283268749713903
decision_type=2 2 1 1 10 2 2 1 2 2 1 1 1 2 10 1 1 1 2 2 2 1 2 1 2 1 1 1 1 2
left_child=5 17 -3 6 8 19 7 -4 -5 10 -8 12 -10 -13 -14 16 -6 -2 -15 -1 21 -11 24 -24 -7 26 29 28 -27 -26
right_child=1 2 3 4 15 22 9 -9 11 20 -12 13 14 18 -16 -17 -18 -19 -20 -21 -22 -23 23 -25 25 27 -28 -29 -30 -31
leaf_value=0.0041556483938945997 0.00015738147325445771 0.00032902889710496229 -0.0048593639894938725 -0.0096540654505294348 0.011364243199549715 -0.0015428818673533611 0.0038508172642596887 0.011096962410685371 -0.0079230895148251559 0.011037158756979557 -0.0030582616900855192 0.0074830840809146735 0.0031532264895257965 -0.0046423383075082265 0.0208516407872874 -0.014577275349617806 -0.011182479377823247 -0.029766218682770618 0.008055783444391687 -0.014399923676776486 -0.0085761972743015839 -0.0094693190334863009 0.0082021868231793808 -0.00059150996082014018 0.0036083996617828004 0.0023307044322456415 0.00040852294670285947 0.00096317964877035828 -0.0032476593115080242 0.011810350538178587
leaf_weight=71.478541653603315 45.675929235294461 5164.5907957348973 214.33052389323711 659.84030816704035 75.808881832286716 4583.1236927304417 918.7130319327116 380.43675363063812 133.19286995753646 128.60041664168239 1146.7659030929208 189.51937038823962 232.43236733600497 3198.9801860265434 111.10228199511766 598.79729469120502 88.004984069615602 71.587141705676913 130.58262881822884 215.41423215903342 772.66718421876431 128.92571250349283 964.7461753487587 1134.4876062385738 4637.1907743029296 1323.962874121964 6139.6125818360597 12890.486397659406 3852.6233828682452 418.47464538738132
leaf_count=776 844 32160 1127 4724 514 25070 4843 2003 828 700 6042 1005 1436 22182 660 4271 588 1315 1045 3284 4703 705 4231 4978 22904 7425 30327 77014 23072 1915
internal_value=-0.00010053 -0.0020658 -0.00190911 -0.00317479 -0.0047558 0.00068011 -0.000845688 0.00545444 -0.0036072 -0.00206159 1.94422e-05 -0.00260433 0.00398425 -0.00350001 0.00871247 -0.0118023 -0.000684941 -0.0207859 -0.00413979 -0.00978009 -0.00622591 0.000837521 0.000764138 0.00349 0.000594873 0.000929775 0.00216101 0.000165394 -0.00181885 0.00428324
internal_weight=50622.2 14390.6 14273.3 9108.7 5418.26 36231.6 3690.44 594.767 4655.65 3095.67 2065.48 3995.81 476.728 3519.08 343.535 762.611 163.814 117.263 3329.56 286.893 1030.19 257.526 35944.7 2099.23 33845.5 29262.4 11195.3 18067.1 5176.59 5055.67
internal_count=292691 91695 89536 57376 37253 200996 20123 3130 31880 16993 10885 27156 2924 24232 2096 5373 1102 2159 23227 4060 6108 1405 196936 9209 187727 162657 55146 107511 30497 24819
cat_boundaries=0 1 2 3 4 5 6 7 8 9 10 11 12 13 14 15
cat_threshold=52780 7 528722 9961922 24 22028416 10 14225536 27310274 19726482 8550746 6 22947896 1222676 10
is_linear=0
shrinkage=0.05


Tree=55
num_leaves=31
num_cat=9
split_feature=3 3 3 3 3 2 7 16 16 12 12 12 3 16 11 5 5 5 14 7 16 14 6 16 7 3 2 16 3 16
split_gain=174.851 66.036 53.7614 16.2934 14.4749 12.8974 12.3276 16.1463 14.8178 11.1286 9.74646 12.844 10.3188 11.7557 9.38293 8.94527 10.8552 9.1506 8.93231 8.81004 8.79985 8.68228 9.71115 8.67582 11.0491 8.57156 8.52965 15.1173 12.2705 11.9255
threshold=-1.9943848848342893 -1.0974292755126951 -2.7145780324935909 -3.3434716463088985 -1.4242527484893797 0 -0.028333333320915696 1 2 0.42475000023841863 0.36225000023841863 0.37125000357627874 -0.91583839058876026 3 6.2950000762939462 0.025723011232912544 0.037010736763477332 0.01587402913719416 -0.0047760093584656707 -0.041666666045784943 4 0.0011413887259550395 0.15500000119209292 5 -0.028333333320915696 -0.9761584699153899 6 7 -1.4360548257827757 8
decision_type=2 2 2 2 2 1 2 1 1 2 2 2 2 1 2 2 2 2 8 2 1 8 2 1 2 2 1 1 2 1
left_child=2 4 3 -1 26 10 8 15 9 -7 23 -12 13 14 -13 17 -17 -8 -9 -10 -14 22 -20 24 -3 -26 29 28 -28 -2
right_child=1 5 -4 -5 -6 6 7 18 19 -11 11 12 20 -15 -16 16 -18 -19 21 -21 -22 -23 -24 -25 25 -27 27 -29 -30 -31
leaf_value=-0.0335623611976507 0.0034594282839443035 0.013453603046077473 -0.0065723246141309744 -0.016639429936964233 0.00067528636343492548 0.0046943663378265759 0.0059772855585026631 0.0058195635044214471 0.00087368064078554783 -0.009359085486255813 0.019466756050774556 0.0040600973716459245 0.0045784609126667082 -0.0029390112752990961 0.020745628618398394 0.019478829290247274 0.0066652828725929482 -0.0098011005057333667 -0.017364393411259227 -0.0074664833656664696 0.015240545152998601 0.0017217277058882909 -0.00018074766026580246 0.0013981961483133466 -0.0011283276682662348 0.0073863265189903788 0.00068327541478984094 -0.0042152867984562633 -0.016929720806752202 -0.0016769441097259628
leaf_weight=192.65214899368584 1669.2788095846772 424.99968354403973 4203.7473598383367 571.08577912859619 14015.390392497182 1276.105032786727 214.21148236095905 1291.8012138158083 519.35595969855785 156.4454430192709 228.57695314288139 282.87684828042984 378.35774652659893 425.16399639844894 118.83081325888634 176.32442434132099 2396.2111360430717 157.81949263811111 125.95463690161705 807.71172817051411 467.76681520044804 5325.9231510907412 230.15537185966969 1731.4019514769316 478.63097655773163 768.83026543259621 3124.8142425566912 5312.4340444207191 100.11576630175114 3434.885012820363
leaf_count=5812 10572 1783 42562 11499 69621 5354 908 5421 2178 656 961 1226 1544 1843 511 748 10109 667 532 3402 1911 22572 971 7296 2100 3169 19935 34256 561 21976
internal_value=0.000110745 0.00108047 -0.00879575 -0.0209847 -0.000453183 0.00343887 0.00256499 0.00338928 -0.000388617 0.00312692 0.00551014 0.00838751 0.00685235 0.00286957 0.0088549 0.00648869 0.00755799 -0.000732691 0.00206686 -0.0041747 0.0107285 0.00121558 -0.00632157 0.0039149 0.00646853 0.00412281 -0.00161251 -0.00257754 0.000125948 7.04238e-06
internal_weight=50607.9 45640.4 4967.49 763.738 27656.9 17983.5 12678 9918.4 2759.62 1432.55 5305.44 1901.57 1673 826.872 401.708 2944.57 2572.54 372.031 6973.83 1327.07 846.125 5682.03 356.11 3403.86 1672.46 1247.46 13641.5 8537.36 3224.93 5104.16
internal_count=292656 232783 59873 17311 156921 75862 53518 41928 11590 6010 22344 7996 7035 3580 1737 12432 10857 1575 29496 5580 3455 24075 1503 14348 7052 5269 87300 54752 20496 32548
cat_boundaries=0 1 2 3 4 5 6 7 8 9
cat_threshold=34 8679938 1789796 6260328 22746274 24746072 34 16262304 17080884
is_linear=0
shrinkage=0.05


Tree=56
num_leaves=31
num_cat=13
split_feature=3 3 3 3 5 6 16 3 16 4 3 7 16 12 16 12 7 7 16 1 6 1 16 2 3 2 12 16 16 0
split_gain=142.709 53.5632 38.4544 11.6823 13.5829 10.8457 11.4503 10.5379 11.0508 12.3496 10.11 10.0558 11.067 11.1121 9.16192 8.79418 14.7633 8.72946 12.8947 10.5388 8.80511 8.68857 8.42956 10.5813 8.00052 7.91678 8.4844 15.8194 7.73132 7.8299
threshold=-2.1584883928298946 -1.236631393432617 -3.1634954214096065 -1.572165787220001 0.11737012863159181 0.15500000119209292 0 -0.96450448036193837 1 0.073508609086275115 -2.6408814191818233 -0.0016666667070239919 2 0.4707500040531159 3 0.31675000488758093 -0.018333333544433113 -0.021666666492819783 4 5 0.13499999791383746 6 7 8 -1.7944641709327696 9 0.26254999637603765 10 11 12
decision_type=2 2 2 2 2 2 1 2 1 2 2 2 1 2 1 2 2 2 1 1 2 1 1 1 2 1 2 1 1 1
left_child=2 3 -1 4 17 6 -3 8 -8 -10 -4 14 -13 -14 -6 -16 24 18 21 -19 -20 -2 23 -7 -17 26 27 -24 -21 -30
right_child=1 5 10 -5 11 22 7 -9 9 -11 -12 12 13 -15 15 16 -18 19 20 28 -22 -23 25 -25 -26 -27 -28 -29 29 -31
leaf_value=-0.0281984388567262 0.011660677802207885 -0.0011150766567384659 -0.014357976131994769 -0.00016266961966479715 -0.0072947462182433413 0.0050261835903244127 0.0042068072455348649 0.0041047130261635777 0.009012006621641297 -0.0034055703570679526 -0.0071489076421142918 -0.0025421910689158176 0.0050616731936318424 -0.014195013187369439 -0.0052329187163977775 0.0041854921145572438 -0.0022542480369960064 -0.0060507404533244567 -0.0040814056729244685 -0.0045794308148170348 -0.019380042754757555 -0.0089655469880542318 0.012073409290714494 -0.00085031509690041947 0.024709279085333314 0.0026158859714387095 0.0065381356671931172 -0.0035324253658885287 0.0067007706301393218 -0.0011279426889724312
leaf_weight=274.84212393499911 94.522246494889259 4059.9222236722708 618.62431746721268 12471.336780920625 760.02171180397272 1104.5899445414543 1072.9161389023066 3571.0816743373871 223.03409834206104 1818.6042476892471 2308.8024516031146 981.05053500831127 1582.0220395550132 76.737306237220764 413.98285643011332 88.13586837798357 303.05026188492775 2137.3033954054117 140.69596110284328 1322.2674317583442 289.69797144085169 86.702488832175732 212.38990795612335 2434.2790880799294 103.46277749538422 5750.436418056488 3508.1572681814432 576.4394583851099 376.1575838252902 1791.4254764169455
leaf_count=8131 657 17633 11462 67018 5364 4797 4890 14700 1011 8314 25411 7008 11225 538 2945 677 2120 15295 1006 9377 2035 603 939 10653 659 25047 15383 2551 2649 12627
internal_value=-0.000160736 0.000530304 -0.0103728 -0.00119862 -0.0024233 0.00216588 0.000978624 0.0022483 0.000125731 -0.00203161 -0.00868109 -0.000263868 0.00165629 0.00412993 -0.0032999 0.000128943 0.004622 -0.00391403 -0.00957976 -0.00329504 -0.0140949 0.00184862 0.00310461 0.000994708 0.0154091 0.0038426 0.00547238 0.000797306 -0.00158299 0.000260047
internal_weight=50552.7 47350.4 3202.27 23018.6 10547.2 24331.9 10745.6 6685.64 3114.55 2041.64 2927.43 4308.46 2639.81 1658.76 1668.65 908.632 494.649 6238.77 611.619 5627.15 430.394 181.225 13586.3 3538.87 191.599 10047.4 4296.99 788.829 3489.85 2167.58
internal_count=292725 247721 45004 141803 74785 105918 46548 28915 14215 9325 36873 30536 18771 11763 11765 6401 3456 44249 4301 39948 3041 1260 59370 15450 1336 43920 18873 3490 24653 15276
cat_boundaries=0 1 2 3 4 5 6 7 8 9 10 11 12 13
cat_threshold=11589638 16843312 673732 4077594 9458784 5 49 590688 36 50 17832960 17971276 34
is_linear=0
shrinkage=0.05


Tree=57
num_leaves=31
num_cat=4
split_feature=3 3 3 14 3 3 3 6 14 5 12 3 6 5 4 10 14 10 6 14 3 5 14 2 5 12 2 1 2 5
split_gain=143.468 67.4736 43.5517 15.2015 11.9538 11.0468 10.5162 10.0826 11.5939 9.06579 8.36026 7.82727 15.8832 9.97913 9.87458 9.21507 7.69525 7.39066 7.36798 6.82799 10.4888 6.59195 6.57328 7.23257 6.33553 6.32058 13.0329 8.29626 8.01081 14.64
threshold=-1.6805534362792967 -2.6408814191818233 -1.0489082336425779 0.031228315085172657 -3.3434716463088985 -2.1735420227050777 -0.51566413044929493 0.16499999910593036 0.0021705880062654619 0.042052032425999648 0.33390000462532049 -1.1303491592407224 0.18500000238418582 0.0092323445715010184 0.6292104721069337 -1.0000000180025095e-35 0.034063687548041351 -1.0000000180025095e-35 0.17500000447034839 0.0068247246090322742 -2.2725716829299922 0.32576827704906469 -0.037465739995241158 0 0.018619381822645668 0.26725000143051153 1 2 3 0.16643416136503222
decision_type=2 2 2 10 2 2 2 2 8 2 2 2 2 2 2 2 10 2 2 10 2 2 10 1 2 2 1 1 1 2
left_child=1 4 7 5 21 9 25 8 22 -3 -9 13 14 -12 17 -14 -10 -13 -6 -11 -21 -1 23 -2 -7 -4 -27 28 -28 -30
right_child=2 3 6 -5 18 24 -8 10 16 19 11 12 15 -15 -16 -17 -18 -19 -20 20 -22 -23 -24 -25 -26 26 27 -29 29 -31
leaf_value=-0.032667603492322374 0.018637895861758836 -0.013615233391754387 0.005372768203571467 -0.014488531939166039 -0.020964679943660487 -0.0065123590240964563 0.013238961428041297 -0.00010255077676940512 -0.0014187865342716178 -0.0064626221209772867 0.011357940234044043 -0.0020791595573299098 0.026167023723855699 0.0012940939812086983 -0.0090518954466188486 0.0070225629073379708 -0.0093681648088417818 0.012248813398335449 -0.010523624784256648 -0.0043197391735753307 0.017522412801673878 0.00065892790683473568 0.0011764331585456039 0.0010372524795419866 -0.0020493549797781859 0.0047567045516944198 0.0044762605485618228 -0.00055030918055475931 0.0043249976497931452 -0.0057153035705257912
leaf_weight=166.26022246852517 105.87595489621162 386.73728378862143 3056.5995294749737 324.46989589184523 312.86000970192254 905.53948783129454 271.13253234326839 5828.9371392726898 9457.0866225659847 1449.4750412143767 258.87216794490814 150.45461991429329 137.17697858810425 4436.5512088090181 139.86482092738152 118.21559545397758 312.65510065853596 220.12760065495968 383.10223091579974 177.24550570175052 77.320599965751171 16.187183745205402 2821.2034330815077 131.08987165987492 6465.5947565585375 5131.3143695145845 2746.6491743326187 3008.2391146570444 821.02679976820946 647.65841124951839
leaf_count=5325 516 4409 12779 2827 6157 6742 1154 30821 49106 16017 1385 683 615 23770 632 531 1678 992 7574 2040 773 501 14346 652 48646 21416 11406 12617 3421 2706
internal_value=7.86652e-05 -0.00507092 0.00145871 -0.00387727 -0.0183304 -0.0035104 0.00350964 0.000124924 -0.000834104 -0.00671714 0.00121452 0.00261979 0.00730067 0.00185354 0.00218496 0.0174289 -0.00167505 0.00645179 -0.0152639 -0.00513747 0.00239936 -0.0297357 0.00185176 0.00981471 -0.00259925 0.00333677 0.00283228 0.00145572 0.0028848 -0.000103605
internal_weight=50465.5 10664.8 39800.7 9786.38 878.41 9461.91 15682.6 24118.1 12827.9 2090.78 11290.2 5461.26 765.84 4695.42 510.447 255.393 9769.74 370.582 695.962 1704.04 254.566 182.447 3058.17 236.966 7371.13 15411.5 12354.9 7223.57 4215.33 1468.69
internal_count=292237 101011 191226 81454 19557 78627 65499 125727 66298 23239 59429 28608 3453 25155 2307 1146 50784 1675 13731 18830 2813 5826 15514 1168 55388 64345 51566 30150 17533 6127
cat_boundaries=0 1 2 3 4
cat_threshold=35 35 3 20
is_linear=0
shrinkage=0.05


Tree=58
num_leaves=31
num_cat=10
split_feature=3 3 11 3 3 14 13 16 11 16 16 14 14 16 13 13 7 1 13 11 14 0 12 16 11 12 16 16 1 5
split_gain=131.199 43.1655 42.5389 16.3042 11.6802 11.1739 10.1427 13.7526 15.4913 9.48573 8.69672 8.26361 7.80492 17.3852 10.3701 8.92209 7.69694 7.51237 10.6576 8.71791 8.4145 8.12818 7.47369 10.463 7.03806 6.79455 10.6368 9.12178 10.1286 12.1609
threshold=-2.0638686418533321 -1.2907828092575071 2.0749999284744267 -0.8404196798801421 -3.1634954214096065 0.027893773280084137 0.012500000186264517 0 5.8250000476837167 1 2 0.0072606552857905635 -0.020174082368612286 3 -0.052500000223517411 -0.050833333283662789 -0.0050000001210719338 4 0.0224999999627471 6.2249999046325692 -0.01492806989699602 5 0.36165000498294836 6 7.4849998950958261 0.34155000746250158 7 8 9 0.059394914656877525
decision_type=2 2 2 2 2 10 2 1 2 1 1 10 8 1 2 2 2 1 2 2 10 1 2 1 2 2 1 1 1 2
left_child=2 12 4 22 -1 10 7 8 11 -8 17 -4 13 14 -2 -15 -9 18 19 -5 -21 -19 25 -24 -25 26 -3 28 29 -27
right_child=1 3 6 5 -6 -7 9 16 -10 -11 -12 -13 -14 15 -16 -17 -18 21 -20 20 -22 -23 23 24 -26 27 -28 -29 -30 -31
leaf_value=-0.032824032714719432 -0.018971110770217139 0.0030514378379987847 -0.0026457774855010428 0.0031214628391516004 -0.016610742356467374 -0.0074638151827983576 -0.014121904505191255 -0.014978092469490917 0.029573916214649026 -0.0065738304215733987 0.0027582401333720442 0.014775749803493145 -0.0013933863693081517 0.020099515218825737 -0.0010358422659428293 0.0051834282770757932 -0.0047340965038596382 -0.0071578510821803292 0.018546549667883598 0.015885108080756945 0.0024059778390439924 0.0051568533389869473 0.0058679286430859262 0.0017216494692012547 -0.010423899678853262 0.0043105576809386028 -0.00016326219850231678 -0.0050647367543825437 0.0048543080712027294 -0.016004510278468321
leaf_weight=174.00538903288543 95.715481087565422 4108.8388617634773 455.85148345306516 623.10214245319366 328.63728101551533 199.41981674730778 652.00626706331968 249.16730097681284 46.086135990917683 1365.6758579984307 3390.7511120289564 77.953603845089674 18420.854739457369 117.3713353946805 461.5337099134922 644.30837181210518 692.07799365743995 139.5651767551899 250.21313983201981 379.08605568110943 167.47060053050518 1336.1332328170538 1778.1773905158043 5258.2818659096956 120.07464227080345 139.68740892410278 6855.8821905702353 1136.4911420792341 676.7699461877346 152.28351984918118
leaf_count=5898 562 18597 5090 2516 6024 810 7763 2771 441 16266 13739 876 114270 671 2746 3813 7983 565 1013 1536 679 5412 7955 23699 534 632 31038 5131 3044 685
internal_value=-0.000106222 0.000645692 -0.00874467 0.00195587 -0.0223313 0.00413699 -0.00680334 -0.00371322 0.00235195 -0.009127 0.00450726 -5.59881e-05 -0.00112729 0.00258567 -0.0041 0.00743124 -0.00739352 0.00652005 0.00914206 0.00718005 0.0117788 0.00394384 0.00125615 0.00255478 0.00144404 0.000544787 0.00104436 -0.00205568 0.00151418 -0.00611401
internal_weight=50493.5 46452 4041.46 26712.2 502.643 6485.74 3538.82 1521.14 579.891 2017.68 6286.32 533.805 19739.8 1318.93 557.249 761.68 941.245 2895.57 1419.87 1169.66 546.557 1475.7 20226.5 7156.53 5378.36 13070 10964.7 2105.23 968.741 291.971
internal_count=292759 239647 53112 117585 11922 26270 41190 17161 6407 24029 25460 5966 122062 7792 3308 4484 10754 11721 5744 4731 2215 5977 91315 32188 24233 59127 49635 9492 4361 1317
cat_boundaries=0 1 2 3 4 5 6 7 8 9 10
cat_threshold=24191052 25166286 25635028 11618604 21 18 165634 19427976 21332318 17
is_linear=0
shrinkage=0.05


Tree=59
num_leaves=31
num_cat=9
split_feature=3 3 11 3 3 16 16 1 12 3 16 16 5 13 4 16 7 13 7 16 16 12 4 11 11 12 3 11 16 5
split_gain=113.718 62.7909 28.0888 13.7831 11.5149 12.305 10.5688 8.90878 8.78518 8.14067 7.74253 7.25943 7.22272 6.99663 7.2335 6.93126 8.91412 7.6711 6.91604 7.75397 6.85982 15.6988 9.15718 7.86091 8.88502 8.60779 8.18179 7.09382 7.19902 6.85455
threshold=-2.3694097995758052 -1.193994343280792 1.7450000047683718 -1.5589764714241026 -0.70649015903472889 0 1 2 0.16724999994039538 -3.3434716463088985 3 4 0.27678284049034124 0.059166666120290763 0.13244237005710605 5 0.074999999254941954 0.10416666418313981 -0.021666666492819783 6 7 0.28955000638961798 0.057291399687528617 4.1849999427795419 4.0450000762939462 0.20059999823570254 -1.7705647945404051 6.0950000286102304 8 0.030103851109743122
decision_type=2 2 2 2 2 1 1 1 2 2 1 1 2 2 2 1 2 2 2 1 1 2 2 2 2 2 2 2 1 2
left_child=2 3 9 18 -3 7 13 -6 10 -1 -5 -11 -7 14 -4 16 -10 -17 19 -2 23 27 -23 24 25 -20 -27 29 -29 -22
right_child=1 4 6 8 5 12 -8 -9 15 11 -12 -13 -14 -15 -16 17 -18 -19 20 -21 21 22 -24 -25 -26 26 -28 28 -30 -31
leaf_value=-0.038180172765841944 -0.010119270503594161 0.0019555971864171347 0.0069486073708767112 0.0044029724417917497 0.017490404030800499 0.0010307613272526395 -0.0059123828653959362 0.0067280432201591023 0.001069117053911571 0.0039258898563835961 -0.0071508752875138644 -0.023837897924111302 0.011568335327355928 -0.026440559578052789 -0.014202100357607184 -0.00078660688424076202 0.015824002351307327 -0.014685852283473881 -0.01838031653839085 -0.0023001902673913869 -0.0043573090055455243 -0.011360020413291934 -0.0020369468495455151 -0.0021612949297022946 -0.014943646730749117 -0.0065745226615188598 0.0027676169817178868 -0.00012881170467629314 0.020267786767402814 0.003375079830981394
leaf_weight=103.88723654858768 584.69284036010504 19902.702175170183 43.027968401089311 174.5537810921669 264.0094648450613 1247.6973921656609 868.33178276568651 851.58747956156731 6499.5217289477587 31.090575579553843 726.28736621141434 142.89594477601349 185.07750016450882 108.66982964240015 470.43531533144414 6353.2025493830442 102.0174239128828 98.855361878871918 102.94391293078661 723.28498034924269 358.51207409799099 279.42917634546757 4143.8334386795759 3179.8565038591623 261.41753593087196 673.25339160859585 357.54794379323721 81.151674151420593 97.28120057284832 1398.7185783088207
leaf_count=3867 4309 86305 624 928 1074 5057 13296 3464 34391 746 3883 3485 751 1689 7293 33574 538 542 838 5331 2663 2006 30613 23085 1989 5939 2335 563 678 10565
internal_value=-3.20871e-05 0.000420888 -0.01248 -0.00124205 0.00236118 0.00552472 -0.00973405 0.00943402 -0.000167761 -0.0270337 -0.00493776 -0.0200199 0.00238952 -0.0147017 -0.0124096 0.000162127 0.00129989 -0.0010025 -0.00246639 -0.0059004 -0.0020546 -0.000986092 -0.00263078 -0.00352879 -0.00666329 -0.00473106 -0.00333499 0.00276599 0.0122089 0.00179435
internal_weight=50415.8 48647.4 1768.34 26196.4 22451.1 2548.37 1490.46 1115.6 13954.4 277.874 900.841 173.987 1432.77 622.133 513.463 13053.6 6601.54 6452.06 12241.9 1307.98 10933.9 6358.93 4423.26 4575.02 1395.16 1133.75 1030.8 1935.66 178.433 1757.23
internal_count=292421 261421 31000 164770 96651 10346 22902 4538 73856 8098 4811 4231 5808 9606 7917 69045 34929 34116 90914 9640 81274 47088 32619 34186 11101 9112 8274 14469 1241 13228
cat_boundaries=0 1 2 3 4 5 6 7 8 9
cat_threshold=25862362 17760654 33 401480 10878984 20477828 8830340 29901650 400424
is_linear=0
shrinkage=0.05


Tree=60
num_leaves=31
num_cat=7
split_feature=3 3 3 3 2 6 7 14 5 5 2 1 0 14 5 4 12 4 3 5 4 12 3 0 3 1 5 7 12 2
split_gain=109.484 47.0917 32.799 20.1991 10.1949 9.04186 8.92024 9.95271 8.85832 8.44954 10.5128 8.82379 10.1619 10.9621 11.347 7.805 8.31448 7.38621 7.25468 7.0759 10.7327 6.63469 8.74855 6.63352 6.64142 7.22945 10.6826 9.78426 6.86903 7.78564
threshold=-2.188755869865417 -0.90907531976699818 -2.8460912704467769 -1.5520189404487608 0 0.19500000029802325 -0.021666666492819783 0.014139927458018066 0.038349168375134475 0.16806801408529284 1 2 3 -0.0018161762272939084 0.048087615519762046 0.6954246759414674 0.35095000267028814 0.44845007359981542 -3.5836449861526485 0.0075390839483588943 0.057291399687528617 0.50104999542236339 -0.59814101457595814 4 -1.4186998009681699 5 0.038349168375134475 -0.021666666492819783 0.35535000264644628 6
decision_type=2 2 2 2 1 2 2 8 2 2 1 1 1 10 2 2 2 2 2 2 2 2 2 1 2 1 2 2 2 1
left_child=2 3 18 6 -5 19 7 -2 -4 11 15 -8 13 14 -13 -11 -17 -7 -1 -3 -21 22 -22 -6 25 26 -25 -27 -26 -30
right_child=1 5 8 4 23 17 9 -9 -10 10 -12 12 -14 -15 -16 16 -18 -19 -20 20 21 -23 -24 24 28 27 -28 -29 29 -31
leaf_value=-0.033584943745172145 0.00082319082503228339 -0.0080169456126493559 -0.014190538461217589 0.0018516654411753033 0.0011487223045581272 0.0041364871187619156 -0.0046160441359664149 -0.0090238450177436511 -0.0057560063822657955 0.0072022613021784148 -0.0021236401997067598 0.0034364282638123661 -0.0020655085431705257 -0.0064230561252774836 0.019736259140728796 -0.0059926383850814778 0.0072736463898463374 0.019797923860575578 -0.01805684064936483 0.014769392722196248 0.0025253622615166054 0.010689574120785165 0.0080801509787100118 0.012028200673081774 -0.0013919959621965193 0.0057828615156367506 -0.003911058380234189 -0.0067263239206562034 0.0048707899726693439 -0.00011585363937159906
leaf_weight=95.80605130456388 365.57823354750872 131.61978116631508 368.65705170482397 8907.3597998470068 5975.2446771115065 148.33406254649162 2839.9381525367498 856.40392938256264 1997.8832716755569 788.83406568318605 1423.6213610246778 372.86317540705204 3824.5874193161726 170.21641608327627 148.26519571244717 300.40786918252707 191.81535783410072 153.70351485908031 406.4455233309418 207.52027024328709 7539.0000785589218 292.5435903519392 781.10228884220123 166.13345383107662 6316.9431934952736 175.78704209625721 278.71675522625446 1317.0093863010406 1075.1129706650972 2802.1816835552454
leaf_count=3450 2554 538 4647 43205 29143 604 20425 6096 24157 5517 10232 2614 27120 1219 1039 2147 1364 626 10476 846 30722 1192 3250 943 30014 1027 1589 7597 5185 13074
internal_value=-7.29262e-05 0.000499532 -0.00955528 -0.000273988 0.00046812 0.00370012 -0.00205063 -0.00608139 -0.0070808 -0.00155993 0.000829272 -0.00243841 -0.00105496 0.00447534 0.00813159 0.00409364 -0.000814362 0.0121842 -0.0211403 0.0034112 0.00358352 0.00331063 0.00304867 -0.000213516 -0.000884923 -0.00356741 0.00202352 -0.00521264 -0.000375323 0.00128092
internal_weight=50419.6 47550.8 2868.79 38297 27014.5 9253.82 11282.5 1221.98 2366.54 10060.5 2704.68 7355.87 4515.93 691.345 521.128 1281.06 492.223 302.038 502.252 8951.79 8820.17 8612.65 8320.1 18107.1 12131.9 1937.65 444.85 1492.8 10194.2 3877.29
internal_count=292612 249882 42730 212104 131777 37778 80327 8650 28804 71677 19260 52417 31992 4872 3653 9028 3511 1230 13926 36548 36010 35164 33972 88572 59429 11156 2532 8624 48273 18259
cat_boundaries=0 1 2 3 4 5 6 7
cat_threshold=34 38 5 34 26 48 16
is_linear=0
shrinkage=0.05


Tree=61
num_leaves=31
num_cat=7
split_feature=3 3 3 1 7 3 2 1 1 13 7 11 0 11 3 4 0 14 3 6 11 10 11 13 14 14 14 7 0 3
split_gain=107.544 50.3457 26.3388 11.8965 11.4033 10.3416 9.12045 18.8163 14.5803 11.7064 11.525 9.78127 12.5767 9.92876 11.9729 9.35307 9.00429 8.71477 9.38593 8.368 9.19857 7.75972 7.55676 7.92446 11.4017 8.73772 7.88819 7.52497 7.40699 10.8829
threshold=-1.7475646138191221 -2.7988300323486324 -1.1083717346191404 0 0.081666667014360442 -3.7471996545791622 1 2 3 0.062500000000000014 -0.028333333320915696 6.2550001144409189 4 6.3650000095367441 -1.0544245243072508 0.76880627870559703 5 -0.017970141954720017 -2.3913018703460689 0.16499999910593036 6.8150000572204599 1.0000000180025095e-35 3.9450000524520878 0.030833332799375061 0.016161899082362655 -0.0085316584445536119 -0.013812277000397442 -0.048333333805203431 6 -0.99311921000480641
decision_type=2 2 2 1 2 2 1 1 1 2 2 2 1 2 2 2 1 8 2 2 2 2 2 2 10 8 8 2 1 2
left_child=1 5 4 22 19 -1 7 28 9 21 27 12 -9 -13 -15 -16 -6 -5 -19 20 -2 -8 -3 25 26 -24 -25 -10 -4 -30
right_child=2 3 6 17 16 -7 8 11 10 -11 -12 13 -14 14 15 -17 -18 18 -20 -21 -22 -23 23 24 -26 -27 -28 -29 29 -31
leaf_value=-0.039193041367349329 -0.0017994344824564428 -0.0058196979573023654 0.00085110259311856453 0.0021224556329745487 0.0020795775513348098 -0.017158190430031944 0.0057700017577948307 0.0048920770113091106 0.0027777396591314044 0.019577294172512735 0.0010001376112811066 0.015414414010790198 -0.001028773577036532 0.017316752111257883 0.0056877169582816058 -0.0083143548534409962 0.021525345827599029 -0.013019386179228307 -0.0057057059671614847 0.00066631337188909252 0.0023373068615814281 -0.00042156816851194977 -0.0072280062775642168 0.014070041433986644 -0.016230786302269012 0.0023963042635819064 -0.0033945759509980754 -0.0061506607405323122 0.0045225665404819287 -0.013185038632458516
leaf_weight=59.591256219893694 10252.070299632847 1078.761686142534 2301.0539220273495 305.07361665740609 159.23101499676704 497.70074826665223 1488.1784005910158 3393.2276857495308 301.69773495197296 120.04766252636909 4982.4670573174953 320.55907440185547 1218.4278666079044 209.7831512093544 1871.6023121625185 125.63967582583427 93.339964099228382 502.05322948470712 3480.5361030735075 10850.139605648816 1544.7453039884567 765.851717248559 273.41294394806027 67.605783268809319 167.05609795823693 1639.9435783475637 913.03684399276972 1065.4182569682598 134.40941859781742 238.67833496630192
leaf_count=2269 55121 10848 9696 2657 866 12766 6333 14262 1268 519 21177 1336 5164 932 7747 521 507 6963 29095 59210 8036 3208 2250 568 1526 13843 8089 4497 595 990
internal_value=-0.000158659 -0.00511702 0.000916666 -0.0041518 -0.000217532 -0.0196461 0.00231766 0.00336269 0.00113642 0.00446926 -0.000115786 0.00470234 0.00333636 0.00720859 0.00600386 0.00479946 0.0103058 -0.00599606 -0.00663376 -0.000335794 -0.00125744 0.00366778 -0.00221988 -0.00095552 -0.00423652 0.00101491 -0.00216437 -0.00417915 -0.000218822 -0.00663857
internal_weight=50421.3 8984.77 41436.6 8427.48 22899.5 557.292 18537 9813.38 8723.66 2374.08 6349.58 7139.24 4611.66 2527.58 2207.03 1997.24 252.571 4287.66 3982.59 22647 11796.8 2254.03 4139.82 3061.06 1147.7 1913.36 980.643 1367.12 2674.14 373.088
internal_count=292859 90874 201985 75839 123740 15035 78245 41243 37002 10060 26942 29962 19426 10536 9200 8268 1373 38715 36058 122367 63157 9541 37124 26276 10183 16093 8657 5765 11281 1585
cat_boundaries=0 1 2 3 4 5 6 7
cat_threshold=42 38 40 9 37 5 37
is_linear=0
shrinkage=0.05


Tree=62
num_leaves=31
num_cat=15
split_feature=3 11 3 3 3 16 13 16 14 16 16 16 3 16 6 2 16 11 16 14 6 12 16 11 6 0 16 2 2 1
split_gain=90.3575 33.9037 32.431 13.6844 12.8799 10.3361 9.68303 10.7628 10.4187 11.0159 8.50974 8.24459 7.44969 10.0042 7.26936 7.52664 7.51994 7.53848 7.26933 9.19596 7.07191 6.7894 15.4516 6.58835 7.51709 6.49913 7.15887 7.15641 6.46164 7.3809
threshold=-2.1584883928298946 1.4450000524520876 -1.3844408392906187 -0.88341516256332386 -2.6050795316696163 0 0.045833334326744087 1 0.025646519847214225 2 3 4 -0.51566413044929493 5 0.15500000119209292 6 7 6.3150000572204599 8 0.016976263374090198 0.18500000238418582 0.51240000128746044 9 3.3349999189376835 0.18500000238418582 10 11 12 13 14
decision_type=2 2 2 2 2 1 2 1 10 1 1 1 2 1 2 1 1 2 1 8 2 2 1 2 2 1 1 1 1 1
left_child=1 -1 6 5 11 -4 7 -2 10 -10 -8 -3 21 -14 15 16 17 -9 19 23 -7 25 -23 -6 -25 26 -5 -28 29 -21
right_child=2 4 3 12 18 20 8 14 9 -11 -12 -13 13 -15 -16 -17 -18 -19 -20 28 -22 22 -24 24 -26 -27 27 -29 -30 -31
leaf_value=-0.030262169072132434 -0.0021426480249719776 -0.0047610530683484106 0.0024219179259337004 0.011826797402551444 -0.0084391500022036325 -0.00029360555467570685 -0.00012624254600990113 0.0029230669425449416 0.0021758798006703737 -0.019406466668845386 -0.005498678821029405 -0.016290031203937964 -8.9408762886938702e-05 0.019492750449390701 0.0016574233511789942 -0.0044757756072839119 -0.0015085280565672232 0.02060276703627454 -0.0074354400182395104 0.0063169364290970205 0.0028632536951997724 0.022441095697941425 -0.002113889396238204 0.0041949967793791917 0.024679132867976291 0.0021550006267536371 0.010144650503010536 -0.00057254841681933153 -0.014397938018079655 -0.0065809501011318775
leaf_weight=164.09290857613087 6176.2233150452375 266.9188888091594 7473.1530480533838 380.894276663661 62.331133812665939 12813.831443190575 1499.9928584694862 190.4803766310215 89.068087659776211 182.45713970810175 1448.7088654339314 499.55482335761189 120.11357985436916 147.27742782235146 5330.6210255324841 1158.3134391084313 608.21217365562916 86.787359222769737 1254.3261254653335 161.44221579283476 2057.0899209082127 125.07101970911026 123.7879386395216 169.11071069538593 59.48382756114006 6566.7577995061874 227.98742453753948 447.67576083540916 129.60733126476407 299.88712214678526
leaf_count=5283 40423 5548 34632 1546 745 59665 10194 1232 630 1307 9929 10412 512 636 34909 7312 3929 537 14126 1772 9642 506 501 1775 627 26657 926 1819 1408 3328
internal_value=3.48283e-05 -0.00827915 0.000574722 0.00154625 -0.00701643 0.000906706 -0.00119116 -0.000605236 -0.00365482 -0.0129926 -0.00278674 -0.0125719 0.00330124 0.0114812 0.000684587 -0.00184856 0.00162264 0.0082688 -0.0050132 -0.00145824 0.000143312 0.00302054 0.0111177 0.00577715 0.0096931 0.00275337 0.00638064 0.00315765 -0.00505238 -0.00202162
internal_weight=50321.3 3066.76 47254.5 30483.6 2902.66 22344.1 16770.9 13550.6 3220.23 271.525 2948.7 766.474 8139.57 267.391 7374.41 2043.79 885.48 277.268 2136.19 881.862 14870.9 7872.17 248.859 290.926 228.595 7623.32 1056.56 675.663 590.937 461.329
internal_count=292468 45024 247444 137042 39741 103939 110402 88342 22060 1937 20123 15960 33103 1148 47919 13010 5698 1769 23781 9655 69307 31955 1007 3147 2402 30948 4291 2745 6508 5100
cat_boundaries=0 1 2 3 4 5 6 7 8 9 10 11 12 13 14 15
cat_threshold=1360646 2421586 23572 8509006 3173900 6564276 34 8519716 5370152 15347346 36 497802 40 50 34
is_linear=0
shrinkage=0.05


Tree=63
num_leaves=31
num_cat=14
split_feature=3 11 3 14 16 14 3 3 16 16 13 2 12 1 16 3 7 16 13 16 1 16 5 2 16 2 5 16 3 12
split_gain=66.4073 38.8805 27.9089 11.8851 11.5896 11.2825 10.8882 10.5394 10.0402 9.30752 8.31376 8.05613 11.2729 7.48443 7.80968 7.41303 7.39337 11.4125 9.63106 18.9621 8.12682 15.4598 9.52375 8.92748 8.20383 11.9022 11.6066 12.3994 7.73226 7.48908
threshold=-1.9019438624382017 1.544999957084656 -1.193994343280792 0.041145503520965583 0 0.030611505731940273 -0.70649015903472889 -3.1634954214096065 1 2 0.12083333358168603 3 0.35394999384880071 4 5 -3.3434716463088985 0.02166666649281979 6 0.080833330750465407 7 8 9 0.16494972258806231 10 11 12 0.15724501758813861 13 -0.9761584699153899 0.29144999384880071
decision_type=2 2 2 10 1 10 2 2 1 1 2 1 2 1 1 2 2 1 2 1 1 1 2 1 1 1 2 1 2 2
left_child=1 15 3 -2 11 7 16 -6 -5 -8 -9 -3 13 14 -13 -1 18 29 20 -20 21 22 -4 28 -22 26 -26 -28 -24 -18
right_child=2 4 6 8 5 -7 9 10 -10 -11 -12 12 -14 -15 -16 -17 17 -19 19 -21 24 -23 23 -25 25 -27 27 -29 -30 -31
leaf_value=-0.038586886713599056 -0.00055512375945269597 0.0013684492964798208 0.010143805664652126 -0.024285723423657066 -0.022224472728299659 -0.019511804513884626 0.0082773321736098488 -0.0045642275766084889 -0.0031879205580562426 0.00213575586325997 -0.024880442594727908 -0.013477748059202894 0.0037246303799223406 -0.013157740310566976 0.0085000553939438839 -0.018616267884759952 0.014254067401943264 0.0012212102263156586 0.017010690765015355 -0.0052750512984456183 0.0015151450892480758 1.9717568306771354e-05 0.001231454328194509 -0.0022697202149302505 -0.0018797194060372906 -2.1991693288944861e-07 -0.0020231395727896978 -0.019930305836700871 0.015961977229783268 0.0051787953803174493
leaf_weight=73.334276806563139 21506.848838232458 1250.9304913375527 868.00774574279785 83.766989015042782 87.659358559176326 142.91934500075877 1127.4209196865559 3580.4307652153075 166.82150944322348 1401.5879150927067 49.191306136548519 52.226490495726466 238.07025174796581 357.41574631258845 97.1010682284832 144.34725809283555 315.30296537280083 1764.4614008069038 240.91761159896851 149.82399787008762 6521.6472135335207 2068.0226653963327 180.72185295820236 435.62875214219093 728.56738850474358 5310.5065173357725 183.80217222869396 222.49897336959839 174.3923238068819 817.94471164047718
leaf_count=3143 124117 13845 3750 505 2635 1630 4595 37420 1012 5692 533 550 2401 3686 1018 3451 1367 7618 1067 664 28191 8934 808 1913 3179 22999 806 972 718 3533
internal_value=-7.75657e-05 -0.00497938 0.000595153 -0.000681815 -0.00420309 -0.00579644 0.00182931 -0.00527449 -0.0114647 0.00491916 -0.00485312 -0.00108406 -0.00515948 -0.00943293 0.000382679 -0.0256342 0.0014378 0.00377232 0.00104144 0.00878102 0.000859259 0.00291293 0.00649396 0.00255391 0.000266216 -0.00099796 -0.00561794 -0.0124167 0.00828239 0.00765702
internal_weight=50342.3 6073.63 44268.7 21757.4 5855.94 3860.2 22511.3 3717.28 250.588 2529.01 3629.62 1995.74 744.814 506.743 149.328 217.682 19982.2 2897.71 17084.5 390.742 16693.8 3726.77 1658.75 790.743 12967 6445.38 1134.87 406.301 355.114 1133.25
internal_count=292752 70312 222440 125634 63718 42218 96806 40588 1517 10287 37953 21500 7655 5254 1568 6594 86519 12518 74001 1731 72270 16123 7189 3439 56147 27956 4957 1778 1526 4900
cat_boundaries=0 1 2 3 4 5 6 7 8 9 10 11 12 13 14
cat_threshold=21066784 22905348 26091726 42 2 90112 12065322 2517692 4 7954616 34 23446978 8 8397340
is_linear=0
shrinkage=0.05


Tree=64
num_leaves=31
num_cat=12
split_feature=3 3 11 14 16 1 2 16 16 5 16 4 6 1 16 2 16 6 4 14 11 4 14 7 11 2 3 16 3 11
split_gain=67.9199 31.7293 28.4132 11.0266 11.2523 9.10152 15.3462 21.0111 13.426 11.1955 10.5911 10.3038 9.36957 8.92132 11.4026 14.3613 10.5566 9.31535 8.88541 8.27229 7.98652 9.08126 10.205 9.64015 7.72529 9.50293 7.41787 7.25934 7.10873 7.76566
threshold=-2.2905598878860469 -1.2907828092575071 1.544999957084656 0.018688317388296131 0 1 2 3 4 0.16643416136503222 5 0.63546830415725719 0.13499999791383746 6 7 8 9 0.15500000119209292 0.20368484407663348 0.025646519847214225 4.3849999904632577 0.24125806987285617 0.020192953757941726 -0.031666667200624936 2.6550000905990605 10 -1.8457341790199278 11 -0.80863818526267994 6.4549999237060556
decision_type=2 2 2 10 1 1 1 1 1 2 1 2 2 1 1 1 1 2 2 10 2 2 10 2 2 1 2 1 2 2
left_child=2 13 -1 4 -4 6 7 -3 9 28 11 -7 -12 -2 26 16 -16 20 -6 -19 27 -22 23 -23 25 -20 -15 -17 29 -8
right_child=1 5 3 -5 18 10 8 -9 -10 -11 12 -13 -14 14 15 17 -18 19 24 -21 21 22 -24 -25 -26 -27 -28 -29 -30 -31
leaf_value=-0.027218100651342642 0.00025578010074307257 0.00051234091204565896 -0.012076460836054485 -0.018634104125157629 -0.011698916437662653 -0.0031741524502071983 0.00095066492423004291 0.005789622870346213 0.0026012823365678026 -0.004729718209625134 -0.004057217792852205 0.0026646679807557482 0.0024452679058391395 -0.0072539147123679652 0.008099066327631228 0.00062748912427988365 0.00036899253177162869 -0.00021134284848185167 0.0062147440411626448 -0.010095952735357031 -0.0087216059812843492 0.012127443919550205 0.015997780872914005 -0.0044197730659818859 0.0010372406906965373 -0.016502223992448821 -0.0026585987433449909 -0.019112626267206129 0.0057711902362279398 -0.0065125258560423246
leaf_weight=187.04236176796257 8487.4782845154405 2999.2264081090689 483.77709864266217 179.53802399896085 242.25517739355564 2903.6052873879671 1639.9714186191559 5120.4005176723003 4942.9124235808849 1485.8914181292057 620.79877600073814 1019.4242763966322 5023.7357288748026 1153.007124684751 667.07303047180176 72.435045138001442 1279.7879988625646 4295.3674272671342 62.818645911291242 220.64049204438925 543.22402736544609 99.273233205080032 82.872871875762939 672.69858156144619 831.21837347373366 136.76171144284308 3685.5681944638491 156.79410982131958 544.93071611225605 440.50575715303421
leaf_count=6277 54510 13062 7335 2791 3474 12818 7429 22218 21777 6597 2732 4524 22230 9933 4569 510 8842 27898 1337 1515 3260 597 521 4102 11548 2966 21941 1092 2204 1942
internal_value=4.36656e-05 0.000429701 -0.00870354 -0.0068889 -0.00566878 0.00157819 0.0022661 0.00384393 0.000847917 -0.00126155 0.00034045 -0.0016521 0.00172587 -0.00100438 -0.00183034 -0.000679308 0.00305102 -0.00186512 -0.00309963 -0.000698535 -0.00510919 -0.00367931 -0.000462221 -0.00226601 -0.00108992 -0.0098716 -0.00374844 -0.0137228 0.000698626 -0.000634276
internal_weight=50281 48157.6 2123.41 1936.37 1756.83 26741.4 17173.8 8119.63 9054.21 4111.3 9567.56 3923.03 5644.53 21416.2 12928.7 8090.17 1946.86 6143.31 1273.05 4516.01 1627.3 1398.07 854.845 771.972 1030.8 199.58 4838.58 229.229 2625.41 2080.48
internal_count=292551 256823 35728 29451 26660 117533 75229 35280 39949 18172 42304 17342 24962 139290 84780 52906 13411 39495 19325 29413 10082 8480 5220 4699 15851 4303 31874 1602 11575 9371
cat_boundaries=0 1 2 3 4 5 6 7 8 9 10 11 12
cat_threshold=16908686 7 38 2192422 7047288 16008752 56 1198032 32 27295748 16 16885760
is_linear=0
shrinkage=0.05


Tree=65
num_leaves=31
num_cat=14
split_feature=3 3 3 16 11 14 16 7 1 16 16 3 16 16 0 2 11 0 5 13 11 13 13 16 16 7 5 2 16 5
split_gain=72.5082 27.8811 26.854 12.4471 10.2853 10.2083 14.8078 8.45639 8.4277 14.7581 8.48567 8.38354 8.62123 8.61821 9.54314 8.54206 12.7234 9.11922 8.22827 8.0828 8.1927 7.76446 10.2224 10.3404 9.88087 9.10718 8.35591 7.3868 7.34343 7.21353
threshold=-2.0880131721496578 -0.98761901259422291 -3.1634954214096065 0 1.7450000047683718 -0.0032814062433317299 1 -0.041666666045784943 2 3 4 -1.6805534362792967 5 6 7 8 5.4549999237060556 9 0.053477117791771896 0.052500000223517425 3.9650000333786015 -0.01916666608303785 -0.025833333842456337 10 11 0.055000001564621932 0.086463708430528655 12 13 0.37613458931446081
decision_type=2 2 2 1 2 8 1 2 1 1 1 2 1 1 1 1 2 1 2 2 2 2 2 1 1 2 2 1 1 2
left_child=2 5 3 4 -1 6 -2 -8 9 18 27 13 15 14 -7 16 -13 -18 -4 20 -11 22 24 -24 -9 -23 -26 -10 -22 -3
right_child=1 29 8 -5 -6 11 7 21 10 19 -12 12 -14 -15 -16 -17 17 -19 -20 -21 28 25 23 -25 26 -27 -28 -29 -30 -31
leaf_value=-0.020588682621034509 0.0044614875662211508 0.0022667353716635664 -0.02017985298717917 -0.029859920075115801 0.018870821115696844 0.0034691692837882089 0.012640671532555301 0.0051729976505648671 -0.013161697617481552 0.00010047094698822759 -0.0096411690968172085 0.0046674016778058035 -0.0011784844654757613 -0.0010502525651786912 -0.0067100494365742377 -0.000686669592438762 0.0044751487362146378 -0.0020777902780764307 -0.003316273246758936 -0.0089534047511634334 -6.4518676304308164e-05 -0.0034466832292873056 0.02260804978453566 0.00085956903938205244 0.00085264324323563458 0.011812672906040586 -0.011043563879110083 -0.0021879163515240545 0.022135265365881313 0.010134199694777933
leaf_weight=32.312789240851998 2543.3057102039456 12466.619700238109 107.3267141263932 163.95870868675411 29.848954010754824 265.4431512132287 116.51664609462023 510.00371201336384 171.35441039316356 147.68695748783648 1460.2983325794339 2628.4599035829306 11848.301775366068 3795.0673667415977 1569.7755244225264 4945.864483371377 723.78998762369156 1895.1709558665752 216.79345181211829 76.912609398365021 61.621503330767155 2119.4373951256275 99.656810387969017 120.60748112201691 342.89624530076981 100.57601751387119 256.83590716868639 1036.6243842020631 120.63875886797905 296.5264306217432
leaf_count=1366 13762 51405 1320 5866 861 2009 609 2679 2097 2121 18516 14000 61100 28107 11792 25189 3611 9615 2669 954 668 11781 533 645 1789 570 1353 12998 1303 1222
internal_value=-6.99511e-05 0.000459564 -0.0068793 -0.0234944 -0.00142175 -0.000290735 0.00154103 -0.000496894 -0.00576089 -0.000931424 -0.00705234 -0.000701882 -0.000261941 -0.00242347 -0.00522477 0.000803806 0.00220699 -0.000255605 -0.0087224 0.00534725 0.00887576 -0.000936362 0.00208277 0.0118702 0.000122265 -0.00274536 -0.00419203 -0.00385872 0.0159082 0.00245108
internal_weight=50270.2 46644.9 3625.38 226.12 62.1617 33881.7 6209.84 3666.53 3399.26 730.98 2668.28 27671.9 22041.6 5630.29 1835.22 10193.3 5247.42 2618.96 324.12 406.86 329.947 3550.01 1330 220.264 1109.74 2220.01 599.732 1207.98 182.26 12763.1
internal_count=292510 241771 50739 8093 2227 189144 33721 19959 42646 9035 33611 155423 113515 41908 13801 52415 27226 13226 3989 5046 4092 19350 6999 1178 5821 12351 3142 15095 1971 52627
cat_boundaries=0 1 2 3 4 5 6 7 8 9 10 11 12 13 14
cat_threshold=16867846 19718816 40 4811310 5977116 12590430 5245274 2 50 12 4264986 13828416 8 1472
is_linear=0
shrinkage=0.05


Tree=66
num_leaves=31
num_cat=13
split_feature=3 11 3 6 16 11 4 16 14 16 14 11 16 3 16 10 16 11 16 12 16 2 6 12 16 2 4 16 4 2
split_gain=67.5983 30.3157 18.6111 10.6852 8.33382 13.6675 8.50364 10.4277 8.70456 8.36204 8.11398 8.77925 8.7617 7.98836 10.9035 8.47769 12.8457 11.5828 11.6734 10.3394 12.119 9.25282 8.66828 11.4021 9.38625 7.95099 11.8211 7.97287 7.92732 10.9426
threshold=-1.9214987158775327 1.7450000047683718 -0.94713327288627613 0.16499999910593036 0 4.2049999237060556 0.039189931005239494 1 0.017541372217237953 2 0.013659547083079817 5.5450000762939462 3 -1.395572781562805 4 1.0000000180025095e-35 5 6.6349999904632577 6 0.35684999823570257 7 8 0.15500000119209292 0.20639999955892566 9 10 0.16226138919591906 11 0.12744168937206271 12
decision_type=2 2 2 2 1 2 2 1 10 1 8 2 1 2 1 2 1 2 1 2 1 1 2 2 1 1 2 1 2 1
left_child=1 -1 3 13 10 9 7 -7 -8 -6 -5 -12 -13 14 -2 16 22 18 -17 20 -19 -18 -15 -24 -25 26 -20 -27 29 -23
right_child=2 -3 -4 4 5 6 8 -9 -10 -11 11 12 -14 15 -16 17 21 19 25 -21 -22 28 23 24 -26 27 -28 -29 -30 -31
leaf_value=-0.020596311478312396 -0.0046173718900767912 -0.0043428443294700522 0.0023623491398310423 0.0049104792611655984 0.0040854619258250541 -0.0024063743480883318 0.0012729972155349121 0.017953177718825018 -0.0052136416163910447 -0.0045478372602442037 -1.3111082999709597e-05 0.010261651300723065 0.00063817844103293206 0.0010531084572426408 -0.00041452743350311257 -0.0084750740296634288 0.0053551190236012965 0.0089755752859314447 0.012892237374095559 0.011569363951306498 -0.0073117783044536009 0.01290412009186705 -0.0080526740796332073 0.012877000802215315 0.003930670799880717 -0.01167415896068787 -0.0022436728723075612 -0.0011017662650716299 -0.0030007427487692608 -0.0016256037600707416
leaf_weight=301.19177385047078 2779.4273136034608 5405.7847341150045 10939.345331385732 2040.9003598764539 318.42803554981947 106.58182945102453 6172.7588279247284 146.37472598254681 562.49569630622864 1998.1410745158792 3598.9851293936372 456.37029226869345 494.09804382920265 2823.8158859759569 3471.8234566599131 896.56069797277451 464.9649683535099 172.93645063042641 208.06136494874954 242.81935878098011 287.34710270166397 186.09254866838455 133.1607621461153 463.29979608952999 856.98508144915104 239.66509407758713 333.03114682435989 640.57839046418667 3214.8941499143839 372.78443153202534
leaf_count=8849 17358 59061 44841 10987 1849 580 32832 788 3106 11760 20199 2289 2496 13359 21581 4167 2234 782 971 1093 1306 906 638 2190 4067 1114 1547 2954 15279 1771
internal_value=-8.46423e-05 -0.00520755 0.000570751 -1.12117e-05 0.000930806 -3.39703e-05 0.0010694 0.010033 0.000729878 -0.00336063 0.00228913 0.00111657 0.0053852 -0.000852985 -0.00229212 -7.2937e-05 0.00073438 -0.00234769 -0.00405217 0.00326698 -0.00114399 -0.00121583 0.00266331 0.00580422 0.00721186 -0.0011864 0.00353731 -0.00409862 -0.00203984 0.00344229
internal_weight=50329.7 5706.98 44622.7 33683.4 15895.1 9304.78 6988.21 252.957 6735.25 2316.57 6590.35 4549.45 950.468 17788.2 6251.25 11537 8516 3021 2317.9 703.103 460.284 4238.74 4277.26 1453.45 1320.28 1421.34 541.093 880.243 3773.77 558.877
internal_count=292954 67910 225044 180203 86886 50915 37306 1368 35938 13609 35971 24984 4785 93317 38939 54378 40444 13934 10753 3181 2088 20190 20254 6895 6257 6586 2518 4068 17956 2677
cat_boundaries=0 1 2 3 4 5 6 7 8 9 10 11 12 13
cat_threshold=2411224 656642 4195328 2114184 2422552 14980902 24577664 16974700 32 6291716 40 8423488 20
is_linear=0
shrinkage=0.05


Tree=67
num_leaves=31
num_cat=12
split_feature=11 14 11 4 16 12 16 2 6 16 0 16 4 14 14 12 2 16 2 13 12 14 16 6 16 11 12 12 5 16
split_gain=45.0882 11.9661 10.2617 9.13403 8.66138 7.71233 11.55 15.7687 11.137 9.90905 10.9712 10.4356 8.18319 7.9841 7.93532 9.61376 7.00134 12.751 6.93788 7.99764 8.88702 6.82865 15.3541 8.81078 16.354 8.71234 8.05185 6.93623 7.31165 6.74783
threshold=2.0749999284744267 0.031228315085172657 4.305000066757203 0.049980696290731437 0 0.37745000422000891 1 2 0.15500000119209292 3 4 5 0.28044207394123083 0.010253814980387689 0.005567969987168909 0.40674999356269842 6 7 8 0.039166666567325599 0.29639999568462377 -0.026833583600819107 9 0.20499999821186068 10 4.8250000476837167 0.31344999372959143 0.35825000703334814 0.097116723656654372 11
decision_type=2 10 2 2 1 2 1 1 2 1 1 1 2 8 8 2 1 1 1 2 2 8 1 2 1 2 2 2 2 1
left_child=4 2 3 -2 -1 6 8 29 -5 -7 14 -12 13 -13 15 -11 17 -3 -6 20 -20 22 -4 -23 -25 -26 -24 28 -28 -8
right_child=1 16 21 5 18 9 7 -9 -10 10 11 12 -14 -15 -16 -17 -18 -19 19 -21 -22 23 26 24 25 -27 27 -29 -30 -31
leaf_value=-0.023836539198281961 -0.0097035397128195644 -0.011075630304306007 -0.0016844887610763691 -0.0080163175062762191 -0.014447773807000745 0.0063751491498079032 -0.0063312919890790567 -0.0081273166596829254 0.0013798436400569774 0.021595946083722437 0.0075960283256050285 -0.016399990609707746 -0.018842568929286176 0.0013682130291399093 -0.00054869091111770006 0.0028821004556211834 -0.0063709978265428209 0.0080400448531744387 0.023488699929456666 -0.022960624215320899 -0.0043171823639833237 0.00037257134076931926 0.0012786210861283379 0.015234866455310079 -0.0082200052524799769 0.007373494768723227 0.027495647471975505 0.0074242894359938241 0.0086224429323953754 0.00087952897403085909
leaf_weight=160.13762471824884 308.41759040951729 120.05908203683794 766.03452241793275 354.95353862643242 245.68405108526349 705.77998864836991 417.94293126836419 1332.7744761556387 2704.6790909264237 99.716517578810453 100.33647751621902 93.92113708332181 161.26776312291622 184.67040404304862 731.02119887620211 213.32429000549018 1067.2489468771964 246.41335403732955 40.670415624976158 30.470121661201119 86.546463128179312 37085.096334595233 322.84669398516417 271.79872423037887 189.53204311430454 166.29718145728111 106.69137839227915 463.13114959001541 102.22837628424168 1315.7347207963467
leaf_count=3725 2163 805 3793 2665 5925 4774 2936 10521 19862 685 688 616 1079 1291 5051 1421 6228 1638 805 727 1660 195410 1612 1593 1210 894 529 2254 512 9351
internal_value=-2.25468e-05 0.000137403 0.000271384 -0.00128027 -0.0140611 -0.000969355 -0.00189462 -0.00405519 0.000284325 0.00150531 -0.000705228 -0.00641217 -0.00972445 -0.00469615 0.00228684 0.00894249 -0.00436079 0.001625 -0.00926519 -0.000739791 0.00479815 0.00061438 0.003656 0.00047217 0.00633736 -0.000906551 0.00770274 0.0108901 0.01843 -0.000890378
internal_weight=50195.4 49631.9 48198.2 8724.54 563.509 8416.12 6126.08 3066.45 3059.63 2290.04 1584.26 540.196 439.859 278.592 1044.06 313.041 1433.72 366.472 403.371 157.687 127.217 39473.7 1760.93 37712.7 627.628 355.829 994.898 672.051 208.92 1733.68
internal_count=292423 279581 270910 63103 12842 60940 45335 22808 22527 15605 10831 3674 2986 1907 7157 2106 8671 2443 9117 3192 2465 207807 8700 199107 3697 2104 4907 3295 1041 12287
cat_boundaries=0 1 2 3 4 5 6 7 8 9 10 11 12
cat_threshold=659762 15666204 22 22047232 41 322 33 6599048 40 10295046 306518 16785410
is_linear=0
shrinkage=0.05


Tree=68
num_leaves=31
num_cat=13
split_feature=3 3 11 2 16 3 12 16 3 12 11 13 16 16 7 5 0 16 12 16 16 3 16 0 7 3 16 3 16 12
split_gain=68.4556 39.2183 15.2419 9.11253 18.8975 11.0729 8.94029 8.24201 7.73257 7.44841 7.21597 13.4715 10.5389 9.9997 10.5135 9.85496 10.4837 11.437 10.5666 13.2111 8.94792 8.30102 7.39502 7.17159 7.35693 7.30326 8.04629 6.97747 6.93919 7.3577
threshold=-2.4386830329895015 -1.2907828092575071 1.3450000286102297 0 1 -0.67857912182807911 0.25814999639987951 2 -3.3434716463088985 0.23340000212192538 4.1649999618530282 0.045833334326744087 3 4 -0.021666666492819783 0.17256113886833194 5 6 0.33134999871253973 7 8 -2.075573086738586 9 10 -0.021666666492819783 -1.2316956520080564 11 -0.78231894969940174 12 0.34385000169277197
decision_type=2 2 2 1 1 2 2 1 2 2 2 2 1 1 2 2 1 1 2 1 1 2 1 1 2 2 1 2 1 2
left_child=2 10 8 4 6 -6 9 23 -1 -3 11 15 -13 14 -12 16 18 -18 19 -2 -20 -19 -17 -5 -25 26 -26 -9 29 -4
right_child=1 3 28 7 5 -7 -8 27 -10 -11 13 12 -14 -15 -16 22 17 21 20 -21 -22 -23 -24 24 25 -27 -28 -29 -30 -31
leaf_value=-0.044733916514387226 0.0069849406150958235 -0.0027083568931791178 -0.009602133504926634 0.0021418374268710031 0.0039594440642854506 0.013866720037990424 0.00065279730345073198 0.00097233018048534399 -0.016174281322106993 -0.016713382107244861 -0.0068621082925590972 -0.0022822587918869932 -0.013659354349913392 0.00017195525057507691 -0.001526064029378358 -0.0021830277867540666 -0.0014275037824498802 -0.016706779753572203 5.5193509091783376e-05 -0.016095394750076226 0.019698115716428499 -0.0061819752842129658 0.0056861030827566189 -0.0050117331848267043 0.0034777121686181108 0.00033350496959349288 -0.012701219564103583 0.0040252142612080431 -0.013049598636685873 0.002263016984323421
leaf_weight=45.806791372597218 123.08868179097772 303.59017771482468 360.33924986235797 1598.3765454441309 5166.4565145373344 296.7668371796608 2275.8335534632206 10282.538430839777 54.264162404462695 136.8071621209383 1070.4975894242525 378.29915894567966 473.77833858132362 9248.7433241903782 6643.52682903409 562.83634101226926 1370.3208535648882 228.59735509008169 114.1256392262876 104.74668761342764 119.16257676482201 1031.5253882557154 615.00161474943161 1246.3001018166542 113.30364713072777 2859.1267302632332 219.14425176382065 2286.7451523989439 696.57271383702755 203.32800201512873
leaf_count=2271 938 1333 6663 7037 22728 1214 9959 45939 1738 599 6740 3009 3808 59224 43174 4045 10089 2512 838 808 869 6918 4406 5419 564 12507 1088 9270 13056 3776
internal_value=-0.000182911 0.000125266 -0.0112381 0.00141137 0.00280127 0.00449427 -0.00060868 0.000798163 -0.0298676 -0.00711484 -0.00143458 -0.00307911 -0.00881206 -0.000937747 -0.00226521 -0.00193136 -0.00341351 -0.00462263 0.00349828 -0.00407029 0.0110104 -0.00805093 0.00195816 -0.000719683 -0.00175331 -0.000484048 -0.00747514 0.00152708 -0.00971381 -0.00523665
internal_weight=50229.6 48869.2 1360.31 26785 8179.45 5463.22 2716.23 18605.5 100.071 440.397 22084.3 5121.48 852.077 16962.8 7714.02 4269.41 3091.57 2630.44 461.124 227.835 233.288 1260.12 1177.84 6036.25 4437.87 3191.57 332.448 12569.3 1260.24 563.667
internal_count=292539 265035 27504 117657 35833 23942 11891 81824 4009 1932 147378 38240 6817 109138 49914 31423 22972 19519 3453 1746 1707 9430 8451 26615 19578 14159 1652 55209 23495 10439
cat_boundaries=0 1 2 3 4 5 6 7 8 9 10 11 12 13
cat_threshold=34 8679970 7375896 380144 6808960 48 7981228 750878 18424622 20646438 50 1048 20112908
is_linear=0
shrinkage=0.05


Tree=69
num_leaves=31
num_cat=11
split_feature=3 3 3 14 2 16 16 5 16 13 5 14 16 14 1 13 0 13 5 2 13 11 16 13 11 16 0 13 10 13
split_gain=58.8135 26.8352 14.2264 8.41969 7.60151 17.9582 8.18012 7.87218 13.0304 9.95571 9.31275 15.1942 9.13959 9.41206 7.72727 7.46451 7.42365 7.41881 7.1275 8.81643 7.09084 7.06557 7.61207 6.98347 6.89793 6.78367 6.5291 10.8119 8.64463 8.09882
threshold=-2.129303932189941 -3.3434716463088985 -1.0974292755126951 0.031228315085172657 0 1 2 0.17105510085821155 3 0.014166666660457851 0.22603783756494525 -0.013812277000397442 4 -0.0020165049936622377 5 -1.0000000180025095e-35 6 0.060833333060145385 0.059394914656877525 7 -0.045833334326744073 1.4450000524520876 8 0.019166666083037857 1.9750000238418581 9 10 -0.01916666608303785 1.0000000180025095e-35 -0.030833332799375054
decision_type=2 2 2 10 1 1 1 2 1 2 2 10 1 8 1 2 1 2 2 1 2 2 1 2 2 1 1 2 2 2
left_child=1 21 4 24 5 17 26 12 10 -10 -9 15 13 -7 -11 -12 -15 -2 19 -14 -21 -1 -23 -24 -3 -5 27 29 -29 -6
right_child=2 3 -4 25 6 7 -8 8 9 14 11 -13 18 16 -16 -17 -18 -19 -20 20 -22 22 23 -25 -26 -27 -28 28 -30 -31
leaf_value=-0.041947118530169039 0.004563410625126346 -0.01283005902970985 0.0015680134190721154 0.0017354946611496263 0.00079023211296586331 0.0074541322388162346 -0.0015681584026838705 0.012974988392931971 0.0022709928437221658 -0.020271635755610265 0.016356950669157808 -0.0098213182153659238 0.002829611429398784 -0.0059301066414822398 -0.0035488315576091833 0.0015815546850892854 0.0011952703520032987 -0.0032025234016099581 -0.0060767657028389169 -0.016558766525302176 -0.0028788006407542907 -0.028039166045769517 0.02374197929773697 -0.017168163415116879 -0.0042804575391629154 -0.026205879423589547 0.0028158151832265131 -0.0011140211445709646 -0.0098920667103365029 0.010599784101420567
leaf_weight=53.345906080678105 3129.8231124654412 257.42497774586082 18050.029315546155 35.899399334564805 621.58861551433802 427.36720152944326 12374.247255906463 348.90624784678221 564.88335496932268 87.679231196641922 157.33977677673101 168.76385498791933 731.9249841272831 493.27876579761505 278.06104186177254 185.43814040720463 1313.2439157068729 339.60498491674662 1373.0817127898335 108.33146864175797 680.14930767565966 50.466372009366751 17.955929534509778 19.887008510529995 2689.0238039102405 71.028102062642574 2227.9373242333531 2689.4385708272457 311.234166264534 316.35772872716188
leaf_count=2734 18200 6098 75885 503 3433 2443 72273 2047 3286 520 918 1001 4438 2993 1683 1107 7746 2136 8081 587 3875 1772 617 686 33887 1024 12968 16072 1667 1772
internal_value=2.00328e-05 -0.00654201 0.000466578 -0.00554431 -0.000220722 0.000861573 -0.000827147 -0.000611439 0.00223972 -0.00186994 0.00662347 0.00238662 -0.00160907 0.000796222 -0.008294 0.00841921 -0.000780931 0.00379091 -0.00345613 -0.00110726 -0.00473556 -0.0276709 -0.018309 0.00196685 -0.00503561 -0.0192118 0.000659976 -0.000564355 -0.00203048 0.00411439
internal_weight=50173.7 3195.03 46978.7 3053.38 28928.7 10387.9 18540.8 6918.45 1791.07 930.624 860.448 511.542 5127.38 2233.89 365.74 342.778 1806.52 3469.43 2893.49 1520.41 788.481 141.655 88.3093 37.8429 2946.45 106.928 6166.56 3938.62 3000.67 937.946
internal_count=292452 47321 245131 41512 169246 61061 108185 40725 10562 5489 5073 3026 30163 13182 2203 2025 10739 20336 16981 8900 4462 5809 3075 1303 39985 1527 35912 22944 17739 5205
cat_boundaries=0 1 2 3 4 5 6 7 8 9 10 11
cat_threshold=34 1213748 13130368 11338250 20998280 40 10 32 5086116 4281636 5
is_linear=0
shrinkage=0.05


Tree=70
num_leaves=31
num_cat=14
split_feature=11 11 14 16 6 11 16 16 2 5 11 16 14 12 1 16 14 16 12 7 16 14 2 4 2 16 16 0 14 15
split_gain=32.5755 12.6532 8.63386 10.1412 9.36055 11.84 10.8188 10.1545 9.81394 10.2929 8.52926 8.4608 9.53692 8.28514 8.18843 8.05543 7.86047 8.78954 7.90787 7.63194 7.67156 7.26019 7.81646 7.3618 7.08871 17.1352 9.98134 8.72917 8.93269 8.15713
threshold=1.7450000047683718 3.5449999570846562 -0.017008705064654347 0 0.18500000238418582 5.0150001049041757 1 2 3 0.18754409998655322 1.0000000180025095e-35 4 0.0049969987012445935 0.24554999917745593 5 6 0.0072606552857905635 7 0.3173500001430512 0.025000000372529033 8 0.023251958191394809 9 0.25858244299888616 10 11 12 13 0.034063687548041351 1.5000000000000002
decision_type=2 2 8 1 2 2 1 1 1 2 2 1 10 2 1 1 10 1 2 2 1 8 1 2 1 1 1 1 10 2
left_child=10 11 3 -3 5 7 21 13 -8 19 -1 -2 -13 -4 -5 -12 17 18 -11 20 -10 23 -23 -6 26 -26 -7 -27 -29 -28
right_child=1 2 4 14 6 24 8 -9 9 16 15 12 -14 -15 -16 -17 -18 -19 -20 -21 -22 22 -24 -25 25 27 29 28 -30 -31
leaf_value=0.0048636540500813343 -0.0067699396430974381 0.0051358995065323917 -0.0044527794596539777 -0.009752808149992527 0.0017979372027993592 0.0035782339650636016 0.0026886165792442372 -0.0028534101554934413 0.0049678597364557018 -0.012033346671572621 -0.0076067919705567174 0.0010875908028290294 -0.01020527690160572 0.0010129259621565832 0.0011213386594576486 -0.026454229863693821 -0.0094754853357204641 0.013431536633890651 0.0078969334412264166 -0.0071828532374368301 -0.0054830349421076509 0.0072290713654999386 5.0687176950774608e-05 0.013140226857737209 0.0019006507349359884 0.00062508160882971265 0.00049203429254319597 -0.0021857883754629825 -0.013614875243048788 -0.012727628417195361
leaf_weight=43.419763594865799 1019.7900597713888 1970.7333168946207 822.05311783403158 177.31571974232793 218.19434710964561 3679.5274632573128 2293.6604693252593 6181.7125906385481 349.48967873305082 88.25891362503171 136.11946594715118 1145.2721344344318 221.36572570353746 4369.1313903778791 2012.753167334944 147.73334735631943 86.224092699587345 221.38173106685281 108.97893577441573 869.78174801170826 329.47739371284842 622.04283160343766 954.37473976239562 417.4335721116513 6193.0743417143822 3405.3202808387578 5244.8176434338093 6534.0951465144753 173.6534935683012 117.34549851715565
leaf_count=897 9642 10164 5388 908 1311 19457 14266 39234 1942 529 3790 10989 2268 27267 10437 4381 516 1277 636 5395 1831 3368 6244 2533 30054 16299 27939 31815 904 614
internal_value=9.08558e-05 0.000194433 0.000373193 0.00254809 0.000163998 -0.000146813 0.00190351 -0.00148704 0.000447242 -0.00205723 -0.0155841 -0.00335656 -0.000748381 0.000145739 0.00019258 -0.0187241 0.00412156 0.00695391 -0.00100232 -0.0040873 -0.000112344 0.00473905 0.00293492 0.00926457 0.00045458 -0.000168416 0.00157635 -0.00143623 -0.00248194 0.000197729
internal_weight=50154.5 49827.3 47440.8 4160.8 43280 36720.7 6559.3 11372.9 4347.25 2053.59 327.273 2386.43 1366.64 5191.18 2190.07 283.853 504.844 418.62 197.238 1548.75 678.967 2212.05 1576.42 635.628 25347.8 16306.1 9041.69 10113.1 6707.75 5362.16
internal_count=292295 283227 260328 21509 238819 198971 39848 71889 26392 12126 9068 22899 13257 32655 11345 8171 2958 2442 1165 9168 3773 13456 9612 3844 127082 79072 48010 49018 32719 28553
cat_boundaries=0 1 2 3 4 5 6 7 8 9 10 11 12 13 14
cat_threshold=19966634 1842216 12703830 42 607098 32 28984522 25199428 25174358 6 34 10770178 23298140 22
is_linear=0
shrinkage=0.05


Tree=71
num_leaves=31
num_cat=10
split_feature=3 11 3 3 7 16 13 16 4 16 13 6 4 12 12 16 7 11 1 16 6 16 7 13 11 16 13 1 16 13
split_gain=50.6548 35.3216 14.7181 11.5932 9.04351 13.9785 12.6958 17.2788 10.5775 10.3159 9.90901 8.46796 9.0221 8.15326 7.38867 8.53575 8.9935 6.73777 6.62789 9.79119 6.53966 7.50535 11.0986 8.22946 7.65282 7.05903 6.39574 7.4315 6.32458 6.16042
threshold=-1.6805534362792967 1.4450000524520876 -1.0045675635337827 -2.4386830329895015 -0.025000000372529026 0 -0.077500000596046434 1 0.098839074373245253 2 0.034166667610406883 0.19500000029802325 0.17094485461711886 0.63684999942779552 0.32164999842643743 3 -0.031666667200624936 5.9849998950958261 4 5 0.17500000447034839 6 0.015000000596046449 0.042500000447034843 1.9750000238418581 7 0.0041666666511446246 8 9 0.13083332777023318
decision_type=2 2 2 2 2 1 2 1 2 1 2 2 2 2 2 1 2 2 1 1 2 1 2 2 2 1 2 1 1 2
left_child=1 -1 13 20 5 -4 7 -6 -7 11 14 12 26 -2 15 -10 17 -17 19 -14 25 22 -22 -23 -24 -3 -8 -28 -12 -5
right_child=2 3 4 29 6 8 9 -9 10 -11 28 -13 18 -15 -16 16 -18 -19 -20 -21 21 23 24 -25 -26 -27 27 -29 -30 -31
leaf_value=-0.026481808680269382 0.00018820782554548307 -0.0041562676871370252 0.0040272999294300171 -0.0018836957344410756 0.006855635910307226 0.0070456183292846482 0.0030074158292323436 -0.011838705238362602 -0.0080610767780437877 0.0017530818145654896 0.0097579462662151645 0.013862165641860694 0.0078764171074232579 0.013212215869742503 -0.0074250126731066918 -0.0014156133506170567 -0.0074451284826303962 0.012275713442793349 0.0066133903726621037 -0.0049022552778469376 0.022357738351231636 -0.0034407248157222446 -0.025640656091981403 -0.018621906248009579 0.0017117593182596356 -0.016133632035430095 -0.014660927696784731 0.0015175023398923955 -0.0036715059456839377 -0.017071988424280628
leaf_weight=155.54935817979276 26127.363463997841 243.43363142572343 1522.9500221461058 8898.6981408670545 194.47371099889278 281.4235768020153 558.56267601251602 304.18798814713955 270.05272187292576 4343.3599417060614 206.95171241462231 261.76490840315819 255.87140275537968 118.72202587127686 1051.0859323740005 147.50559712946415 152.28187310695648 226.43642820417881 3087.7581945359707 328.74979902803898 56.042484441772103 305.68400218524039 28.364336900413036 124.82895518653095 160.76657342724502 305.76083725504577 123.50296510756016 151.29790416359901 140.81219430267811 65.30218543857336
leaf_count=5527 134551 4273 6276 72780 803 1165 2303 1254 1119 17962 862 1076 1058 601 4343 613 630 933 12739 1359 1002 5875 808 2366 2798 5553 514 629 590 568
internal_value=0.00013087 -0.00298638 0.000940064 -0.00262256 0.00227429 0.000276189 0.00310568 -0.00464934 -0.00203996 0.00353106 -0.0032194 0.00513499 0.00463345 0.000248123 -0.00467669 -0.00103939 0.00268277 0.00689622 0.00569874 0.000736522 -0.00718161 -0.00387008 0.00310201 -0.00772961 -0.00261572 -0.011227 -6.33846e-05 -0.00628175 0.00450438 -0.00199812
internal_weight=50199.5 10344.4 39855.1 10188.9 13609 3999.5 9609.53 498.662 2476.55 9110.87 2195.13 4767.51 4505.74 26246.1 1847.36 796.277 526.224 373.942 3672.38 584.621 1224.88 675.686 245.173 430.513 189.131 549.194 833.364 274.801 347.764 8964
internal_count=292930 101550 191380 96023 56228 16531 39697 2057 10255 37640 9090 19678 18602 135152 7638 3295 2176 1546 15156 2417 22675 12849 4608 8241 3606 9826 3446 1143 1452 73348
cat_boundaries=0 1 2 3 4 5 6 7 8 9 10
cat_threshold=569154 2511032 33303682 20971668 8 17049728 3642368 1599228 1 8601784
is_linear=0
shrinkage=0.05


Tree=72
num_leaves=31
num_cat=8
split_feature=11 11 16 13 16 2 16 13 16 6 16 11 5 4 12 16 12 14 16 4 4 12 12 5 4 13 4 11 11 11
split_gain=28.0163 9.96834 11.0569 8.75121 16.7916 7.12043 14.2691 10.6665 21.372 11.8147 12.4764 8.59671 9.1731 8.74122 8.19391 8.0298 7.51582 6.98576 6.96837 8.51714 7.10053 6.91184 9.13543 9.59508 7.0705 6.98771 6.87498 9.74017 10.4474 9.02458
threshold=1.7450000047683718 3.5849999189376835 0 0.10416666418313981 1 2 3 0.015833333600312475 4 0.15500000119209292 5 6.4149999618530282 0.01587402913719416 0.31554153561592108 0.44465000927448278 6 0.41625000536441809 0.035724142566323287 7 0.58498001098632824 0.39017228782176977 0.4707500040531159 0.37475000321865087 0.24923432618379596 0.40581281483173376 -0.054166667163372033 0.59765905141830455 4.9249999523162851 5.7850000858306894 4.8849999904632577
decision_type=2 2 1 2 1 1 1 2 1 2 1 2 2 2 2 1 2 10 1 2 2 2 2 2 2 2 2 2 2 2
left_child=18 2 -2 5 -5 6 11 9 14 10 -7 13 -13 16 -9 21 -3 -10 19 20 -1 22 24 25 -11 -24 29 -28 -29 -15
right_child=1 3 -4 4 -6 7 -8 8 17 15 -12 12 -14 26 -16 -17 -18 -19 -20 -21 -22 -23 23 -25 -26 -27 27 28 -30 -31
leaf_value=-0.0023452871628195371 0.0010456527537145181 0.00079407763787700525 -0.0056404074065209142 -0.020281667456310083 -0.0009082851771370162 -0.0032149331097737956 -0.00024661955572672468 -0.0044628432296840185 0.00083916601167203933 0.0047581938355111576 0.00093393928280839514 0.017157833500749727 0.0047227257048729964 0.0093765203979817059 0.003803809393736072 0.00060974823170327117 -0.0067862347533528978 -0.0085042573543220989 -0.020163202976111936 0.01867074165790614 -0.031809080566525198 -0.0043570334424715999 0.016423700604004991 0.019444093860469788 1.480784139867527e-05 0.0040885818616450739 -0.0032438278135039546 0.0083635351162866019 -0.0015334857068986778 0.0026511872782933252
leaf_weight=67.074520269408822 1049.3850991632789 2214.6928787268698 1493.1592417750508 136.19085242971778 475.30033112689853 3277.4593985043466 8082.3798261024058 4313.3371765725315 6390.8494277559221 1586.2869012989104 4028.0160847343504 164.27709437161684 1411.5697613619268 841.32313260622323 320.6464990451932 7471.2169328220189 381.58451281487942 204.52117929235101 195.81550813093781 29.124087862670422 27.644939512014389 275.89299676567316 132.09896529465914 148.73041260614991 1554.5848707519472 818.37156749516726 738.49110988341272 629.27791750617325 460.71610228344798 1226.7812548391521
leaf_count=1672 9949 13186 14110 942 3169 15629 47412 24854 36269 8304 19257 792 6865 5749 1739 38852 2133 1226 5696 935 811 1378 630 746 8154 4224 4962 3697 2506 6533
internal_value=5.33513e-05 0.000148299 -0.00290027 0.000312339 -0.00562056 0.000390307 0.00123881 -5.91277e-05 -0.00128418 0.000653944 -0.000930864 0.00272492 0.00603915 0.00192312 -0.00388107 0.00161978 -0.000324395 0.00054611 -0.0146556 -0.00385641 -0.0114246 0.00328117 0.00378772 0.00770738 0.00241194 0.00583384 0.00342003 0.00118445 0.00418514 0.00539353
internal_weight=50146.8 49827.1 2542.54 47284.6 611.491 46673.1 16151.1 30522 11229.4 19292.7 7305.48 8068.71 1575.85 6492.87 4633.98 11987.2 2596.28 6595.37 319.659 123.844 94.7195 4515.97 4240.07 1099.2 3140.87 950.471 3896.59 1828.49 1089.99 2068.1
internal_count=292381 283267 24059 259208 4111 255097 93835 161262 64088 97174 34886 46423 7657 38766 26593 62288 15319 37495 9114 3418 2483 23436 22058 5600 16458 4854 23447 11165 6203 12282
cat_boundaries=0 1 2 3 4 5 6 7 8
cat_threshold=31626372 22816834 34 1738620 22418736 11585724 11563394 27100170
is_linear=0
shrinkage=0.05


Tree=73
num_leaves=31
num_cat=15
split_feature=3 3 3 10 10 5 0 14 6 13 16 16 12 12 16 16 0 16 2 16 13 16 0 11 16 2 16 11 3 16
split_gain=46.5056 21.7219 19.7713 11.2977 10.5384 11.9177 9.65244 8.74913 8.05315 11.8836 11.5709 10.7141 10.5721 13.8802 16.6797 9.96657 9.86264 8.39954 8.03412 7.67511 7.02841 13.3244 9.64439 9.1696 12.7998 12.0723 8.30073 9.57624 8.04089 6.99686
threshold=-2.4386830329895015 -1.5788782835006712 -3.1634954214096065 -2.4999999999999996 1.5000000000000002 0.01812055800110102 0 0.049185009673237808 0.16499999910593036 0.057500001043081291 1 2 0.25935000181198126 0.27815000712871557 3 4 5 6 7 8 0.015833333600312475 9 10 3.6750000715255742 11 12 13 4.4049999713897714 -2.2538912296295162 14
decision_type=2 2 2 2 2 2 1 10 2 2 1 1 2 2 1 1 1 1 1 1 2 1 1 2 1 1 1 2 2 1
left_child=2 4 -1 -3 5 6 -2 8 29 10 -10 18 15 14 -14 16 -12 -15 -11 -4 23 -22 -23 24 -7 -26 -25 -28 -29 -5
right_child=1 3 19 7 -6 20 -8 -9 9 11 12 -13 13 17 -16 -17 -18 -19 -20 -21 21 22 -24 26 25 -27 27 28 -30 -31
leaf_value=-0.023625055131841086 -0.0001208999648952465 0.013403774411247358 -0.011063833828925212 -0.0010293141550611017 0.015841600674421318 0.0042862555560924769 -0.0090945431975800305 -0.010928417180975541 0.0048753185843578538 0.0096566716229700335 0.013060137067627573 -0.0067453881231708118 0.017255669676697023 -0.00041736337950276035 0.00084163668745042156 -0.0057960366512736618 -0.00073142405314343924 0.0027914908731504913 -0.0040446240836382137 -0.0026417103659369485 -7.3061241211263864e-05 0.0068370634920549862 -0.0061103222791543434 0.0031501908936710566 0.0042912867783113711 -0.012503935906103764 0.0034663832482920813 0.011532106641785465 -0.0041844798702960163 0.00082337687387972099
leaf_weight=203.00672260299325 452.30693091452122 173.75813561677933 521.40640035271645 8098.2318730503321 82.903885424137115 270.35748521238565 921.14841137453914 159.15217688679695 2861.7176940739155 215.95331723988056 142.60988216102123 743.85725399851799 304.9008371680975 3456.8288855552673 317.16937865316868 917.04783636331558 800.29174380004406 4964.350324884057 194.03195029497147 596.25003449246287 2516.1264938414097 145.84102046117187 2238.7805613391101 2139.5921583250165 136.01994400843978 463.0286964699626 760.39551474899054 84.101852335035801 1513.2468374446034 13701.042330682278
leaf_count=8064 3455 861 9080 37654 558 2318 6836 786 13650 1073 680 3751 1456 16403 1521 4418 3839 23549 995 10408 19846 1194 18026 15809 1171 4042 5804 889 10716 63412
internal_value=-8.74751e-05 0.000163384 -0.00933846 0.000756937 -0.00171223 -0.00183995 -0.00621081 0.000696624 0.000747605 0.00164261 0.00205127 -0.0032276 0.00130363 0.0020109 0.0092063 -0.00212664 0.0014924 0.00147731 0.0032417 -0.00670593 -0.00125417 -0.00262272 -0.0052882 -3.94489e-06 -0.00469847 -0.00868103 0.000905266 -0.0011414 -0.0033436 0.000134993
internal_weight=50095.5 48774.8 1320.66 37050.9 11723.8 11640.9 1373.46 36877.2 36718 14918.8 13764.9 1153.84 10903.2 9043.25 622.07 1859.95 942.902 8421.18 409.985 1117.66 10267.5 4900.75 2384.62 5366.74 869.406 599.049 4497.34 2357.74 1597.35 21799.3
internal_count=292264 264712 27552 174048 90664 90106 10291 173187 172401 71335 65516 5819 51866 42929 2977 8937 4519 39952 2068 19488 79815 39066 19220 40749 7531 5213 33218 17409 11605 101066
cat_boundaries=0 1 2 3 4 5 6 7 8 9 10 11 12 13 14 15
cat_threshold=34 1581200 21413912 21142088 8706346 2 4492330 38 21319910 10574910 48 6407176 8 20191200 2760890
is_linear=0
shrinkage=0.05


Tree=74
num_leaves=31
num_cat=5
split_feature=3 3 7 3 6 11 14 2 7 3 2 11 14 5 11 13 13 13 12 12 12 2 5 0 12 12 0 12 3 13
split_gain=41.8855 25.0684 12.3188 12.0747 13.9155 11.506 11.4435 9.2957 8.06697 7.50175 7.39051 7.25859 7.97248 7.14091 10.2221 7.59724 7.44029 7.02574 6.73007 10.8445 10.9713 11.6742 8.11424 7.86496 6.39122 6.02493 9.21568 11.6879 6.46826 8.83214
threshold=-2.8983117341995235 -1.9019438624382017 -0.091666668653488145 -0.78231894969940174 0.15500000119209292 5.0150001049041757 -0.0032814062433317299 0 0.058333333581686027 -0.85491105914115895 1 1.4450000524520876 -0.00039280176861211652 0.013092547189444305 6.3150000572204599 0.047499999403953559 0.012500000186264517 0.077500000596046462 0.33894999325275427 0.37475000321865087 0.40674999356269842 2 0.013092547189444305 3 0.38105000555515295 0.38285000622272497 4 0.41335000097751623 -1.0159750580787656 -0.069166667759418474
decision_type=2 2 2 2 2 2 8 1 2 2 1 2 10 2 2 2 2 2 2 2 2 1 2 1 2 2 1 2 2 2
left_child=11 -2 -3 4 5 7 8 -4 9 17 13 -1 24 14 -7 -15 -16 18 22 -20 21 -21 -6 -24 -13 28 -27 -28 -8 -30
right_child=1 2 3 -5 6 10 25 -9 -10 -11 -12 12 -14 15 16 -17 -18 -19 19 20 -22 -23 23 -25 -26 26 27 -29 29 -31
leaf_value=-0.029662189198171797 -0.0029507629111033989 0.017960484486571265 -0.00080875099908925003 0.003027114730787765 0.015080808259093871 -0.00085904351820012938 -0.00049591557700409195 -0.0070839698548579022 0.011662860851576307 0.011208698089135289 -0.0016921293190441918 -0.012166408316296276 -0.027485972954960358 0.0009822161669583902 0.0066878586353237655 -0.0042261372862322632 0.023130421377769078 -0.010709099428389771 -0.0046183542784231394 0.017761035382463149 -0.0004583424936638131 0.0023037886343334592 -0.0039053938729874515 0.0049864475687010973 0.0089697551102234877 0.0035563266016763735 0.0039485049944947065 -0.0045368887198736487 -0.0086279317842393507 0.0026788055306383994
leaf_weight=82.24274083878845 5526.3837264236063 100.19000417739153 1138.7685561925173 4522.8439051359892 166.80455899983644 281.88728968799114 12432.527327649295 1239.5805341005325 266.25226699560881 244.29414315521717 5351.167523778975 175.45692178048193 67.813794521614909 5264.7635345607996 206.71679244935513 805.51266115903854 103.11482149362564 100.49110683053732 682.28699094802141 202.78435499966145 825.13175891339779 311.28127473592758 287.63212748616934 1585.1104764714837 43.234377589076757 3273.0541037991643 692.39657807350159 974.67577239125967 181.3268857896328 3001.2792993932962
leaf_count=4198 57671 585 6452 18321 884 1491 69140 6596 1340 988 26031 5176 2017 25359 995 4160 532 561 3506 1064 4220 1559 1490 8186 1281 16863 3621 5057 757 12546
internal_value=9.8968e-05 0.000223691 0.000620337 0.000580167 0.000300688 -0.000939884 0.00100842 -0.00411572 0.00324155 0.00272758 -0.000310556 -0.0166447 -0.0127283 0.000800688 0.00603543 0.000289915 0.0122733 0.00222456 0.00254972 0.000504167 0.00311696 0.00883524 0.00457469 0.00362382 -0.00794445 0.000500576 0.0020221 -0.00100606 1.90172e-05 0.0020296
internal_weight=50137 49768.3 44241.9 44141.7 39618.8 14391.5 25227.3 2378.35 4672.07 4405.82 12013.2 368.748 286.505 6662 591.719 6070.28 309.832 4161.52 4061.03 2021.48 1339.2 514.066 2039.55 1872.74 218.691 20555.3 4940.13 1667.07 15615.1 3182.61
internal_count=292647 279975 222304 221719 203398 71616 131782 13048 23798 22458 58568 12672 8474 32537 3018 29519 1527 21470 20909 10349 6843 2623 10560 9676 6457 107984 25541 8678 82443 13303
cat_boundaries=0 1 2 3 4 5
cat_threshold=52 42 24 24 41
is_linear=0
shrinkage=0.05


Tree=75
num_leaves=31
num_cat=12
split_feature=3 3 11 14 1 7 16 16 13 4 12 11 16 11 3 16 16 12 16 3 4 16 7 16 16 13 3 16 11 16
split_gain=33.6559 15.3592 15.3234 8.87182 8.50164 9.49809 14.8942 8.07974 8.63179 9.26482 7.94462 7.84556 7.82837 8.29455 7.77307 7.82407 6.95635 7.13385 6.88216 6.84755 7.67273 6.65359 6.60041 12.0467 10.1526 9.98574 8.35213 10.4868 7.6803 8.56449
threshold=-2.2905598878860469 -1.4778949618339536 1.4450000524520876 0.018688317388296131 0 -0.028333333320915696 1 2 0.064166665077209487 0.63852545619010936 0.29444999992847448 2.8850001096725468 3 6.8550000190734872 -0.51566413044929493 4 5 0.43125000596046453 6 -1.9729580283164976 0.31554153561592108 7 -0.0083333333022892458 8 9 0.079166665673255934 -1.4302265644073484 10 3.5449999570846562 11
decision_type=2 2 2 10 1 2 1 1 2 2 2 2 1 2 2 1 1 2 1 2 2 1 2 1 1 2 2 1 2 1
left_child=2 4 -1 7 5 6 -2 8 10 -10 -4 -3 13 -6 22 -16 -12 -18 -7 20 -20 -22 24 25 26 -24 27 -13 29 -25
right_child=1 11 3 -5 12 18 -8 -9 9 -11 16 14 -14 -15 15 -17 17 -19 19 -21 21 -23 23 28 -26 -27 -28 -29 -30 -31
leaf_value=-0.023215148216793439 0.0089928192793787606 0.012868786276070958 -0.010005739112869776 -0.015798614488978135 -0.0038794072730353756 -0.0015157654924626005 -0.016878965637617132 -0.0069491193383816909 0.0037175286832173645 0.034525462845178871 0.011787702858314812 0.0043649533251215022 -0.00062444663150242497 0.0089989180650424296 0.018404444600376556 0.0011473261532040019 0.00057266933874385452 -0.022292165849119767 0.00056754905134179202 0.0020190971821910232 0.0036086253579610964 0.020565927873447989 -0.00011227237791128714 0.0036781716637994373 -0.0010494646820754766 -0.013248994927345518 0.0018504633165312987 -0.016330879163573779 0.0025174775433199127 -0.015448846135671363
leaf_weight=122.00248486828059 76.675105690956116 136.78131294250488 220.79259272105992 172.53230457194149 3780.3480422496796 1074.7656396478415 154.5759043879807 960.68959566392004 93.201544675976038 31.348090237006545 109.72556309401989 104.03968922793865 6635.0976567044854 127.45808063447475 115.61456894874573 151.81920193135738 259.0964633077383 37.270368795841932 168.45239935442805 1904.9148424714804 116.68757182359695 151.71360800415277 5123.5695729702711 105.87285810709 8372.7924638241529 146.86340732872486 6785.3984013348818 130.70296756923199 12683.679851695895 114.83522935211658
leaf_count=5240 534 711 3489 2906 27273 7595 1086 15582 1502 503 1699 592 47351 832 502 657 4155 596 1549 12442 1073 1354 23807 529 37889 719 30339 742 58906 577
internal_value=0.000162813 0.000427262 -0.00617845 -0.00505215 -0.000954169 0.00112488 -0.00863529 -0.00395205 -1.96044e-05 0.0118947 -0.00241736 0.00100433 -0.00167307 -0.00344616 0.000955612 0.00941467 0.00173727 -0.00235401 0.00179346 0.00330461 0.0089507 0.014169 0.000887662 0.00153285 0.000125777 -0.000482306 0.00152669 -0.00770439 0.00235437 -0.00685158
internal_weight=50169.3 48162.7 2006.66 1884.66 14190.7 3647.79 231.251 1712.12 751.435 124.55 626.885 33972 10542.9 3907.81 33835.2 267.434 406.092 296.367 3416.53 2341.77 436.854 268.401 33567.8 18174.8 15392.9 5270.43 7020.14 234.743 12904.4 220.708
internal_count=292731 257059 35672 30432 101089 25633 1620 27526 11944 2005 9939 155970 75456 28105 155259 1159 6450 4751 24013 16418 3976 2427 154100 84538 69562 24526 31673 1334 60012 1106
cat_boundaries=0 1 2 3 4 5 6 7 8 9 10 11 12
cat_threshold=40 14450760 3272212 7389528 8644362 1056772 21899272 8423298 5350912 4304722 43280 27394188
is_linear=0
shrinkage=0.05


Tree=76
num_leaves=31
num_cat=14
split_feature=3 3 3 16 6 13 6 0 16 1 16 13 16 7 5 16 7 13 5 16 11 16 11 16 16 13 2 11 16 16
split_gain=39.3966 17.8349 12.2133 10.3866 8.62593 8.52986 7.87629 10.1327 13.5164 8.93086 8.87394 9.73808 9.78409 9.08365 10.7066 8.26179 8.10086 12.7946 8.00124 7.83808 7.54738 11.167 10.8152 9.89104 9.68415 7.15367 14.1748 13.6724 13.1929 10.7218
threshold=-2.075573086738586 -2.8983117341995235 -1.2636047601699827 0 0.18500000238418582 0.015833333600312475 0.16499999910593036 1 2 3 4 0.057500001043081291 5 0.0050000001210719356 0.022238896228373054 6 -0.0050000001210719338 0.010833333246409895 0.17565383762121203 7 6.0750000476837167 8 5.6749999523162851 9 10 0.032500000670552261 11 4.3450000286102304 12 13
decision_type=2 2 2 1 2 2 2 1 1 1 1 2 1 2 2 1 2 2 2 1 2 1 2 1 1 2 1 2 1 1
left_child=1 3 6 -1 -4 -5 19 8 -8 15 13 25 -13 -11 -15 -9 17 -10 -18 -2 22 -22 23 -6 -24 -12 -27 29 -29 -28
right_child=2 -3 4 5 20 -7 7 9 16 10 11 12 -14 14 -16 -17 18 -19 -20 -21 21 -23 24 -25 -26 26 27 28 -30 -31
leaf_value=-0.025165464608412721 0.00016512097227795524 -0.0038053056319023713 0.00083319212269486378 0.0029618856028971611 0.007125436586351579 -0.016908408891233653 0.0088069067493604519 0.00099843026887635263 0.020933554274078912 -0.0023985990655652004 -0.0011884032566482588 0.0060261733117627529 -0.010614653619034095 -0.0067965419640059815 0.0057776986038781666 -0.0083403729799897564 0.00052873808628409484 -0.0021283200314275246 -0.014639390569202056 -0.0026914396366605445 0.0075021272134389435 -0.011599068702823881 0.00033076328604583847 0.00050540313555598286 0.018253091056218557 -0.0085699527683884835 0.011784761935912656 0.0020448398193449817 0.021466454035287581 -0.010402021057186295
leaf_weight=149.28333294950426 4148.1553207561374 3252.8006824329495 22630.907889023423 103.27427794691175 963.78314210474491 110.06208081915975 741.18447831273079 381.89451339095831 119.46617109328508 654.4574763327837 3563.8768660351634 105.14570735394955 428.10517527908087 187.31665927916765 1621.0750818327069 619.98014110326767 1642.7119114920497 118.46002661436796 89.795962080359459 5701.7907293587923 120.92542327940464 173.08097702264786 120.36610621213913 1356.5120470225811 231.44604955613613 161.240109577775 75.429431773722172 163.14290178567171 208.85101622343063 133.88838254660368
leaf_count=5448 25101 39298 98624 3610 4259 3716 4663 2389 711 4042 21959 698 2834 1176 10107 3916 10348 742 560 34776 512 737 517 5993 993 1036 509 1024 1307 912
internal_value=4.25157e-05 -0.00498346 0.000433799 -0.015473 0.00116567 -0.00702497 -0.000464037 0.000454518 0.00310078 -0.000413336 0.000196897 -0.00104627 -0.00740891 0.00263303 0.00446917 -0.00481092 0.000914091 0.00952935 -0.0002734 -0.00149122 0.00370013 -0.00388351 0.00453682 0.0032918 0.0126831 -0.000257758 0.00420007 0.00777303 0.013634 -0.00230553
internal_weight=50078.4 3615.42 46463 362.62 25597 213.336 20866 11016 2711.62 8304.4 7302.53 4839.68 533.251 2462.85 1808.39 1001.87 1970.43 237.926 1732.51 9849.95 2966.11 294.006 2672.11 2320.3 351.812 4306.43 742.552 581.312 371.994 209.318
internal_count=292517 52072 240445 12774 111635 7326 128810 68933 17024 51909 45604 30279 3532 15325 11283 6305 12361 1453 10908 59877 13011 1249 11762 10252 1510 26747 4788 3752 2331 1421
cat_boundaries=0 1 2 3 4 5 6 7 8 9 10 11 12 13 14
cat_threshold=697780 50 17068176 1 19147786 49408 595066 12127812 2753520 18372878 25246288 8 4358832 8393508
is_linear=0
shrinkage=0.05


Tree=77
num_leaves=31
num_cat=10
split_feature=11 12 13 16 14 13 16 4 14 16 11 11 0 16 0 12 15 4 12 16 7 16 11 13 16 16 12 13 12 12
split_gain=18.4612 11.1729 11.917 18.2021 12.3325 8.62477 8.60487 7.94393 7.77106 16.7812 7.70402 6.53985 14.0467 6.42242 6.7049 6.43016 14.5962 10.3355 6.30657 7.27883 7.50462 6.29663 6.25939 7.36479 6.24804 6.18473 6.17894 5.97201 6.459 9.54976
threshold=1.4450000524520876 0.36165000498294836 0.045833334326744087 0 0.026534323580563072 0.070833332836627974 1 0.15372346341609958 0.030611505731940273 2 1.0000000180025095e-35 4.3450000286102304 3 4 5 0.28955000638961798 1.0000000180025095e-35 0.67483437061309826 1.0000000180025095e-35 6 -0.0383333321660757 7 4.5150001049041757 0.030833332799375061 8 9 0.42119999229907995 0.025833333842456344 0.3408499956130982 0.3530499935150147
decision_type=2 2 2 1 10 2 1 2 10 1 2 2 1 1 1 2 2 2 2 1 2 1 2 2 1 1 2 2 2 2
left_child=6 2 13 11 7 -6 10 -5 24 -10 -1 12 -4 14 -2 16 -15 22 -9 -20 -21 -13 25 -24 26 -18 -3 -16 -29 -30
right_child=1 8 3 4 5 -7 -8 18 9 -11 -12 21 -14 15 27 -17 17 -19 19 20 -22 -23 23 -25 -26 -27 -28 28 29 -31
leaf_value=0.023338371665030611 0.0029437107287345562 0.0033883997853479623 0.008595882655355741 -0.0044599766832299579 -0.019224074296638277 -0.0014931962683839579 -0.025791383673820598 -0.0070997104747999255 0.0070241400188438127 -0.013648152354730332 -0.011737825186210074 -0.011738053325682384 -0.015205901331832434 -0.0015006231706465784 0.00064588267794533157 -0.0018289764196786679 0.0043655348547174356 0.0112007947501475 -0.0010254246673960389 0.019611447566338227 0.0040950731716388068 -0.0033411521594437082 0.005425892391993252 -0.006729347397843765 0.0003259934556748646 -0.006801004405421255 0.00049956527141627931 -0.0011201493607779099 -0.015397257478756763 0.0026608620636526395
leaf_weight=19.812965054996312 2582.1003611478955 4781.1884312480688 68.742586204782128 596.62315171211958 136.38436945341527 136.69967766478658 89.312582157552242 173.08869995363057 152.30916560441256 242.44005123339593 53.515503316186368 267.95078489743173 384.11584580130875 3723.245227150619 9708.6902392692864 7664.249931268394 191.60556066595018 376.24767188541591 786.53211299329996 81.506362188607454 1214.5948010012507 1296.5537480097264 1068.9658790752292 139.30459979921579 8853.0960406120867 312.78176956064999 3020.7912463769317 1680.8257106337696 201.22702303528786 113.62527018785477
leaf_count=379 14511 26761 598 3896 924 970 3293 1162 923 1427 1969 1645 3561 21170 54374 43083 1402 2190 5280 469 8085 7866 5364 760 49266 2373 16464 10475 1238 698
internal_value=-2.12806e-05 3.38079e-05 -0.00050444 -0.00271475 -0.000312183 -0.0104238 -0.0167367 0.000661436 0.00107255 -0.00584376 -0.00167063 -0.00639974 -0.0117163 -9.48352e-05 0.000643548 -0.000877409 0.000376074 0.00371932 0.00201877 0.00278269 0.00506056 -0.00488869 0.00206459 0.00401568 0.00123716 -0.00260669 0.0022674 0.000133614 -0.00235598 -0.0089047
internal_weight=50118.1 49955.5 32905.7 5142.79 3125.43 273.084 162.641 2852.35 17049.8 394.749 73.3285 2017.36 452.858 27762.9 14286.5 13476.4 5812.15 2088.91 2255.72 2082.63 1296.1 1564.5 1712.66 1208.27 16655.1 504.387 7801.98 11704.4 1995.68 314.852
internal_count=292576 286935 192094 34456 20786 1894 5641 18892 94841 2350 2348 13670 4159 157638 81296 76342 33259 12089 14996 13834 8554 9511 9899 6124 92491 3775 43225 66785 12411 1936
cat_boundaries=0 1 2 3 4 5 6 7 8 9 10
cat_threshold=7221704 30640154 17158680 40 30345442 20 1148932 131136 3319748 8220
is_linear=0
shrinkage=0.05


Tree=78
num_leaves=31
num_cat=10
split_feature=3 3 16 3 3 7 16 16 7 7 0 16 3 16 16 14 5 12 12 16 12 4 16 12 7 16 13 14 4 3
split_gain=33.4299 17.5464 11.0154 7.85405 7.17183 6.69862 11.3799 9.40998 8.62531 8.29463 8.00157 7.39882 7.22741 8.21554 8.11366 7.22538 13.7817 6.66104 18.1646 9.11336 7.5711 8.21132 6.58867 8.06794 6.56918 11.0982 10.7789 8.47256 6.36745 6.31828
threshold=-2.5153878927230831 -0.96450448036193837 0 -3.7471996545791622 -1.6805534362792967 -0.0050000001210719338 1 2 -0.011666666716337202 -0.015000000596046446 3 4 -1.8193989992141721 5 6 -0.017008705064654347 0.11876285821199419 0.38785000145435339 0.40884999930858618 7 0.37045000493526464 0.1034621372818947 8 0.33894999325275427 0.055000001564621932 9 0.0041666666511446246 -0.0016271882341243324 0.49789051711559301 -3.3434716463088985
decision_type=2 2 1 2 2 2 1 1 2 2 1 1 2 1 1 8 2 2 2 1 2 2 1 2 2 1 2 8 2 2
left_child=2 4 29 -4 5 6 10 -7 9 12 -2 -11 14 -14 -8 16 -9 20 -19 -20 21 -5 23 -23 -6 26 -26 -27 -29 -1
right_child=1 -3 3 17 24 7 8 15 -10 11 -12 -13 13 -15 -16 -17 -18 18 19 -21 -22 22 -24 -25 25 27 -28 28 -30 -31
leaf_value=-0.030067801590484389 0.015744114149533712 0.001839804181030311 -0.031156825410206979 -0.030847973962219322 -0.00014018589752810368 -0.0027717424776622888 -0.0023930048407728578 -0.00094034070810863142 -0.01009374511769591 0.014350624474936152 -6.1422393867878019e-05 -0.0019680579625240158 -0.0076054848997530178 0.0063553471444715934 -0.013028485528393719 0.00037064692295411388 0.021465053890036428 0.040403430187410605 0.013232013850645138 -0.019117815137697676 -0.027894504714439779 -0.00014192396065905116 -0.0080789135858611479 0.024498587433567365 0.0025746905451471945 0.010676758861613921 0.01867831009534187 -0.0060283786351466749 0.0044055411342294641 -0.012423208312812994
leaf_weight=57.3304349379614 84.065228685736656 11768.489900395274 23.197946026921272 23.298370788805187 26951.574587419629 3002.9075328409672 365.7412696890533 158.3727445229888 668.75785017758608 101.93947413563728 490.05507659912109 176.51007606461644 174.74783996492624 229.89904902130365 376.23173349350691 3236.8072080127895 118.9113240018487 29.663021597079933 29.304972760379314 36.293720594607294 31.919988280162215 159.73491634428501 179.0327427610755 39.935728820972145 216.45822836458683 150.66354431211948 199.18780228495598 420.63581666350365 221.82292534410954 425.89026816375554
leaf_count=2767 698 48293 1191 537 137127 25441 3333 1263 5521 819 4062 1460 1227 1610 3434 27315 955 671 644 806 677 3445 3865 843 1078 739 1038 2154 1135 8719
internal_value=-3.11767e-05 0.00015645 -0.0089126 -0.00380598 -0.000374089 -0.00158717 -0.00369659 -0.000722738 -0.00539043 -0.00320998 0.00252785 0.00450742 -0.00508868 0.000287828 -0.00801374 0.00103373 0.00875296 -0.00256585 0.00927983 -0.00557293 -0.00519706 -0.00326565 -0.0014156 0.00474516 2.16603e-05 0.00362457 0.0101025 8.47129e-05 -0.00242335 -0.0143364
internal_weight=50149.4 49113.8 1035.6 552.381 37345.3 9184.95 2667.95 6517 2093.83 1425.07 574.12 278.45 1146.62 404.647 741.973 3514.09 277.284 529.183 95.2617 65.5987 433.922 402.002 378.703 199.671 28160.3 1208.77 415.646 793.122 642.459 483.221
internal_count=292867 268702 24165 12679 220409 77138 22164 54974 17404 11883 4760 2279 9604 2837 6767 29533 2218 11488 2121 1450 9367 8690 8153 4288 143271 6144 2116 4028 3289 11486
cat_boundaries=0 1 2 3 4 5 6 7 8 9 10
cat_threshold=12784102 6422596 15352172 2 644112 16813872 17893170 19668992 1345048 451842
is_linear=0
shrinkage=0.05


Tree=79
num_leaves=31
num_cat=8
split_feature=3 11 3 11 16 16 13 7 11 0 13 5 13 12 16 6 3 6 16 1 16 13 13 3 4 16 12 5 5 13
split_gain=38.2659 16.0071 11.5502 11.7554 9.47946 8.8286 10.0511 6.66109 6.4109 8.39386 8.19543 6.05275 6.33594 6.00522 18.3275 8.59026 6.2787 6.00513 9.19589 5.98969 11.9988 12.0059 7.54188 6.68119 6.58557 7.68805 6.12901 6.1177 5.97427 6.02379
threshold=-2.2538912296295162 1.3450000286102297 -1.1515212059020994 6.7249999046325692 0 1 0.047499999403953559 0.011666666716337206 4.2449998855590829 2 -0.0058333333581686011 0.038349168375134475 0.065833333879709258 0.14365000277757647 3 0.16499999910593036 -1.6116256117820738 0.19500000029802325 4 5 6 0.0091666667722165602 -0.029166666790843006 -1.7705647945404051 0.23071108013391498 7 0.38785000145435339 0.028906576335430149 0.21967539936304095 0.037499999627470977
decision_type=2 2 2 2 1 1 2 2 2 1 2 2 2 2 1 2 2 2 1 1 1 2 2 2 2 1 2 2 2 2
left_child=1 -1 3 13 8 7 -7 -5 9 10 -3 -11 -13 14 15 -2 -17 -4 -19 20 22 24 -15 -23 25 -22 -26 -25 29 -6
right_child=2 4 17 5 28 6 -8 -9 -10 11 -12 12 -14 19 -16 16 -18 18 -20 -21 21 23 -24 27 26 -27 -28 -29 -30 -31
leaf_value=-0.026542299488997237 -0.017287299815844131 -0.012430006745013817 0.0012622002019583741 0.0019147433173882051 -0.0077554537003113565 0.008701424379175501 -0.004327372672377928 -0.0090925217513736917 0.0024304033719381654 -0.02865877570789125 0.0099781939737664041 -0.0098740696233998657 0.010450470491519937 0.015462686296801179 0.00096044666166132078 -0.013060536811588683 0.00055025302607781146 -0.0034359506672524427 0.0082905131536300577 -0.00047394797977297597 0.0083414959638457072 -0.0052154192429938271 0.0042611203551756096 0.014314964331047918 -0.013320228258208331 -0.008784612179362496 0.0015512473666068624 0.0021753298291768736 -0.0018797074403622553 -0.017067273619324547
leaf_weight=90.687142263166606 253.88672221079469 55.906459311023355 19702.506674125791 742.33205274492502 536.39609785564244 918.85788639634848 175.11203134804964 166.5720013231039 471.38237782567739 35.789424657821655 136.6790566528216 326.82960962690413 41.756800762377679 183.20168147236109 939.23954910039902 143.86571725457907 201.79937039315701 217.83240684866905 669.13747002184391 21567.520314387977 132.46707209944725 141.77613658457994 812.96080466732383 176.80325004458427 298.1944061294198 108.01853400468826 89.564126081764698 249.42042112350464 244.25188025552779 260.30737289786339
leaf_count=4208 1563 964 83728 4140 8681 5067 1044 945 6187 593 2414 6082 799 1036 5880 1117 1080 926 2843 132864 771 1166 4995 1006 1758 628 517 1415 4113 4253
internal_value=0.000253334 -0.00619145 0.000549636 -0.000124693 -0.00529218 0.00356073 0.00655203 -0.000116776 -0.00190505 -0.00535697 0.00324553 -0.00930075 -0.00752755 -0.000416722 -0.00344169 -0.0101652 -0.0051571 0.00144372 0.00546395 -0.000220539 0.00226235 -0.00111669 0.00628506 0.00413444 -0.00588005 0.000621708 -0.00989489 0.00725435 -0.00865683 -0.010833
internal_weight=50091.1 2199.99 47891.1 27301.6 2109.3 2002.87 1093.97 908.904 1068.34 596.961 192.586 404.376 368.586 25298.7 1538.79 599.552 345.665 20589.5 886.97 23759.9 2192.41 1196.24 996.162 568 628.244 240.486 387.759 426.224 1040.96 796.703
internal_count=292783 38294 254489 166992 34086 11196 6111 5085 17039 10852 3378 7474 6881 155796 9640 3760 2197 87497 3769 146156 13292 7261 6031 3587 3674 1399 2275 2421 17047 12934
cat_boundaries=0 1 2 3 4 5 6 7 8
cat_threshold=24247312 2276620 22 27804306 230272 32 15090160 17898498
is_linear=0
shrinkage=0.05


Tree=80
num_leaves=31
num_cat=10
split_feature=3 3 3 3 16 13 5 16 5 16 16 7 2 12 12 16 16 13 14 7 16 1 7 3 12 1 12 3 3 14
split_gain=29.4852 14.1093 9.62686 8.26501 7.91659 10.5594 6.96821 7.45237 6.40768 11.2413 6.3933 8.76888 8.10011 9.80343 7.84616 11.636 7.62058 10.1854 10.7255 9.59594 7.11933 6.63256 6.53716 9.69191 6.21932 6.86255 9.26651 6.02864 8.73118 6.00255
threshold=-2.3913018703460689 -1.4597706794738767 -3.7471996545791622 -0.62182891368865956 0 -0.0025000000605359669 0.031525706872344024 1 0.013652597088366749 2 3 -0.0383333321660757 4 0.36379998922348028 0.39435000717639929 5 6 -0.050833333283662789 -0.024260601960122582 -0.0383333321660757 7 8 -0.044999999925494187 -0.9761584699153899 0.35009999573230749 9 0.38684999942779547 -1.0706742405891416 -1.1782065033912656 -0.026291759684681889
decision_type=2 2 2 2 1 2 2 1 2 1 1 2 1 2 2 1 1 2 8 2 1 1 2 2 2 1 2 2 2 10
left_child=2 8 -1 10 5 -5 -4 -8 9 -2 11 21 13 -12 15 -15 17 -14 -19 -18 27 -3 -23 -24 -20 26 -26 28 -16 -22
right_child=1 3 6 4 -6 -7 7 -9 -10 -11 12 -13 16 14 20 -17 19 18 24 -21 29 22 23 -25 25 -27 -28 -29 -30 -31
leaf_value=-0.030298278674991443 -0.011330516482732854 -0.011668964903209325 -0.017728011337650992 0.0055371566125322087 0.0079319437077201762 -0.011875315515340138 0.0021366956533664843 -0.0071903194594677535 -0.00082219349680525105 -0.0014798466091536205 0.00099583027150628323 7.6760011827730476e-05 -0.0051968069047210888 0.012653927102390201 -0.00072464999970135258 0.0025164169389505636 0.0057083452756124852 0.01843876895912892 0.0049415089351998731 -0.0012863555378674414 0.0072513084652603872 0.0015983999916385609 -0.016561711253418876 0.00031712853484180996 -0.00371149890139793 -0.005697804644189005 0.0088679818159489374 0.003491252226010419 -0.016919351471204078 4.6953021893089903e-05
leaf_weight=41.558103628456593 398.56128489971161 246.79035298526287 121.93396662827581 225.51820385456085 722.71737568080425 139.06539788842201 269.07909485511482 1024.6132325762883 13864.834982775152 1021.5312961451709 5785.0955513268709 12387.532545357943 385.09188993275166 579.27581110596657 278.82182031869888 579.17331966757774 528.93394939601421 113.1127594858408 1369.9237954169512 6413.6005848199129 854.40939046442509 449.2007908821106 157.69096979498863 181.79379552602768 271.65120531618595 356.09575505554676 313.35048109292984 339.76348592340946 116.75867070257664 436.52094700932503
leaf_count=2302 2735 1096 2469 938 3018 575 5145 20002 100541 7063 26816 56896 1707 2654 1414 2669 2322 503 6292 29311 3905 1978 759 747 1237 1633 1419 1420 537 2007
internal_value=-0.000103624 0.000106992 -0.0071066 0.000685255 0.00496864 -0.00110305 -0.00638398 -0.00528906 -0.00115017 -0.00434665 0.000540068 -0.000292822 0.00113675 0.00222044 0.00444991 0.00772942 0.000138452 0.00233012 0.00353873 -0.000750875 0.0025692 -0.00470863 -0.00232959 -0.00757419 0.00279414 -0.000335566 0.00298302 -0.00136434 -0.00556571 0.00478205
internal_weight=49974 48516.8 1457.18 33231.9 1087.3 364.584 1415.63 1293.69 15284.9 1420.09 32144.6 13423 18721.6 8969.82 3184.72 1158.45 9751.76 2809.23 2424.13 6942.53 2026.27 1035.48 788.686 339.485 2311.02 941.097 585.002 735.344 395.58 1290.93
internal_count=292110 262192 29918 151853 4531 1513 27616 25147 110339 9798 147322 61476 85846 41422 14606 5323 44424 12791 11084 31633 9283 4580 3484 1506 10581 4289 2656 3371 1951 5912
cat_boundaries=0 1 2 3 4 5 6 7 8 9 10
cat_threshold=5277504 8398344 789518 29899424 50 1082708 360450 1376324 40 22
is_linear=0
shrinkage=0.05


Tree=81
num_leaves=31
num_cat=13
split_feature=3 11 2 16 0 16 16 7 3 14 10 16 7 11 16 14 11 11 16 3 6 16 14 2 12 16 14 16 13 16
split_gain=27.7872 20.2964 9.32797 14.7027 10.8307 11.8991 10.2066 9.26295 9.16219 8.6282 8.44357 8.1124 8.11205 15.7182 18.8668 7.8937 7.83845 7.5789 7.46726 9.49983 7.65081 7.39275 7.4038 7.03773 8.03951 10.6716 7.58314 12.4279 9.18807 8.04141
threshold=-1.6050903797149656 1.3450000286102297 0 1 2 3 4 -0.071666665375232683 -0.83261695504188526 0.026021542958915237 1.5000000000000002 5 0.01833333354443312 4.305000066757203 6 -0.017351927235722538 6.7149999141693124 6.1150000095367441 7 -2.7988300323486324 0.18500000238418582 8 -0.014619968831539152 9 0.34655000269413 10 0.027893773280084137 11 0.0025000000605359678 12
decision_type=2 2 1 1 1 1 1 2 2 10 2 1 2 2 1 8 2 2 1 2 2 1 10 1 2 1 8 1 2 1
left_child=1 -1 3 -2 5 -5 10 -4 -9 12 -6 -10 18 21 -15 -16 17 -7 19 -3 -20 22 -14 -13 26 -26 29 28 -28 -25
right_child=2 9 7 4 6 16 -8 8 11 -11 -12 23 13 14 15 -17 -18 -19 20 -21 -22 -23 -24 24 25 -27 27 -29 -30 -31
leaf_value=-0.023954037417960067 0.009998864747639391 -0.020405632229267296 0.013738895239561545 -0.00060267775340771418 0.0046812192598412157 0.010262810917195083 -0.0031278936591496265 -0.0001989143918307678 -0.00041791125335687143 -0.007899377666129517 -0.0067530258015648399 0.0067490669293770143 0.0041866819425287315 -0.0034414625882643207 -0.0066085753539006564 0.0083607949137444165 0.021276680162011702 -0.0024336812773090976 -0.0018851381919553171 -0.0039466546136987524 0.0056940260854676005 -0.0053650744323936253 -0.0068504260042155903 -0.00087674041452296845 -0.0076184473576008981 0.0025429093938033665 0.0014797013587225358 0.0062650275684768128 -0.016135974204015437 0.012538909691697606
leaf_weight=104.54222761653364 580.09209372103214 88.126955893822014 124.41068129241467 508.55839304625988 1096.4937137961388 484.34676133096218 1435.8755885660648 27538.880513057113 2153.3467504531145 593.9487017551437 187.46347458660603 1116.9873921275139 524.11609466746449 641.64748023450375 94.187363669276237 1109.5058033000678 116.20457880198956 154.1140810996294 3831.685837186873 3415.070015091449 362.70299829915166 1201.425116026774 211.67822761740535 159.18787643313408 399.20143577456474 685.63140989840031 156.30207623541355 471.51793731749058 138.09689180552959 402.20386765897274
leaf_count=4370 2793 2556 583 2436 5418 2386 6991 133211 8728 5756 846 4512 5749 5297 723 9134 520 701 33143 28223 3393 13162 2308 646 1618 2781 633 1912 560 1632
internal_value=-0.000147151 -0.00222472 0.000520373 0.00263749 0.00153857 0.0053423 -0.000243779 0.000229659 0.000178314 -0.00203265 0.00298068 0.00200589 -0.0017278 0.000168232 0.00346872 0.00712138 0.00929526 0.00720005 -0.0026593 -0.00435967 -0.00122442 -0.00297605 0.000988098 0.00347555 0.00193378 -0.00125015 0.00454858 0.00130599 -0.00661347 0.00895217
internal_weight=50087.6 12178.6 37908.9 4563.15 3983.06 1263.22 2719.83 33345.8 33221.4 12074.1 1283.96 5682.48 11480.1 3782.56 1845.34 1203.69 754.665 638.461 7697.59 3503.2 4194.39 1937.22 735.794 3529.13 2412.14 1084.83 1327.31 765.917 294.399 561.392
internal_count=292721 113814 178907 22091 19298 6043 13255 156816 156233 109444 6264 23022 103688 36373 15154 9857 3607 3087 67315 30779 36536 21219 8057 14294 9782 4399 5383 3105 1193 2278
cat_boundaries=0 1 2 3 4 5 6 7 8 9 10 11 12 13
cat_threshold=32 34880 12 21309058 19342984 13164644 10618692 21535640 4771368 3 269336 3409930 2490880
is_linear=0
shrinkage=0.05


Tree=82
num_leaves=31
num_cat=13
split_feature=3 14 16 14 2 3 16 16 1 2 16 12 16 12 16 7 12 3 5 7 3 16 7 2 11 14 1 5 4 0
split_gain=18.3301 13.6056 13.4486 10.9559 9.98802 9.60655 9.55433 8.86042 7.88131 6.94485 17.637 6.91871 10.6516 7.5744 8.15168 6.43906 6.75068 7.25978 6.4146 6.95285 6.11055 11.5027 9.24498 12.0506 9.1532 8.61501 11.9443 8.7051 8.09219 7.3129
threshold=-2.8983117341995235 0.031228315085172657 0 0.0068247246090322742 1 -0.71981322765350331 2 3 4 5 6 0.40884999930858618 7 0.38684999942779547 8 0.035000000149011619 0.30224999785423284 -3.1634954214096065 0.14815375208854678 -0.0016666667070239919 -1.7173771262168882 9 0.025000000372529033 10 5.1349999904632577 -0.01521667232736945 11 0.16806801408529284 0.84003180265426647 12
decision_type=2 10 1 10 1 2 1 1 1 1 1 2 1 2 1 2 2 2 2 2 2 1 2 1 2 8 1 2 2 1
left_child=2 5 -1 15 7 20 18 8 -3 10 -7 13 -13 14 -11 -4 -17 -18 19 -6 21 22 25 -24 -25 -2 29 -28 -23 -27
right_child=1 4 3 -5 6 9 -8 -9 -10 11 -12 12 -14 -15 -16 16 17 -19 -20 -21 -22 28 23 24 -26 26 27 -29 -30 -31
leaf_value=-0.027939731619421343 0.0076311382103113031 0.0039682607749147603 -0.0054563728442546594 -0.026764354113502538 -0.00043950094748232096 0.015817934239396963 -0.0041091560459750659 0.0044586775802175444 -0.014220437020555041 -0.0030939581455172132 -0.00056818949965605143 -0.015085052768022734 0.0018034356402405749 0.013364565955515407 0.0044058383910298565 -0.0082411398747944519 0.0057820482778126719 0.051861234581717611 -0.025624603704019935 -0.019708016435837885 0.00014631862174728434 -0.0034095812965743212 0.013305123051183202 -0.00039711141548466898 0.017548986118152764 0.020310847154897477 -0.0046025723076295218 0.0013937933413563845 0.014099935802735273 0.0018179479990003888
leaf_weight=82.119201492518187 272.33835138753057 91.632910119369626 160.30960548296571 46.49326195102185 91.621761780232191 309.8965802192688 494.5460132136941 390.55334273353219 150.28161205351353 548.76418422162533 342.23034919798374 136.5719201862812 250.46843218803406 153.53941294550896 1021.7810027003288 19.974661501124501 19.038268879987299 14.41020482778549 110.95536341890693 93.937682792544365 36815.280737027526 4294.3620521575212 274.13924450241029 737.73583859205246 76.614452764391899 81.078259283676744 1790.3757478687912 912.68447957187891 65.082570567727089 147.10651189275086
leaf_count=3302 2341 564 5735 1757 513 1264 2987 2385 931 2233 1393 557 1020 627 4169 728 783 412 659 654 179978 40040 2878 6870 582 685 16179 8396 620 1265
internal_value=-0.000182694 -0.000102964 -0.0116789 -0.00511307 -0.00491707 3.93243e-05 -0.00860184 -0.000157677 -0.00746894 0.00290064 0.00736376 0.0014745 -0.00454418 0.00283787 0.00179307 -0.000435818 0.0142829 0.0274398 -0.0156437 -0.0103001 -0.000134693 -0.00133025 0.000509184 0.00448694 0.00131403 -0.000842717 -0.00163468 -0.00256888 -0.00313465 0.00907529
internal_weight=49995.9 49653.6 342.345 260.226 1423.53 48230.1 791.061 632.468 241.915 2763.25 652.127 2111.12 387.04 1724.08 1570.55 213.733 53.4231 33.4485 296.515 185.559 45466.8 8651.52 4292.07 1088.49 814.35 3203.58 2931.24 2703.06 4359.44 228.185
internal_count=292507 279790 12717 9415 8693 271097 4813 3880 1495 11263 2657 8606 1577 7029 6402 7658 1923 1195 1826 1167 259834 79856 39196 10330 7452 28866 26525 24575 40660 1950
cat_boundaries=0 1 2 3 4 5 6 7 8 9 10 11 12 13
cat_threshold=557488 37 26886226 12943756 52 34 22350046 853968 6586546 7713848 32 32 22
is_linear=0
shrinkage=0.05


Tree=83
num_leaves=31
num_cat=11
split_feature=3 3 3 16 13 1 16 12 12 13 16 4 13 0 3 4 16 6 14 16 4 4 1 16 12 16 7 16 7 12
split_gain=21.9754 12.6672 9.85975 12.1126 10.0076 8.47265 10.5668 11.2872 7.76644 7.07526 11.0073 7.3645 7.02131 7.52896 6.97725 7.37913 6.16832 6.08038 6.06142 16.7656 8.28425 7.22166 6.7733 9.03411 10.3131 8.04053 9.22512 7.05584 7.66192 9.36722
threshold=-2.4386830329895015 -1.2907828092575071 -3.3434716463088985 0 0.017500000074505809 1 2 0.38285000622272497 0.39029999077320104 -0.029166666790843006 3 0.2272460758686066 0.029166666790843013 4 -1.0544245243072508 0.66601908206939708 5 0.14500000327825549 -0.026291759684681889 6 0.30000168085098272 0.12290967628359796 7 8 0.38105000555515295 9 -0.0050000001210719338 10 -0.018333333544433113 0.31904999911785131
decision_type=2 2 2 1 2 1 1 2 2 2 1 2 2 1 2 2 1 2 8 1 2 2 1 1 2 1 2 1 2 2
left_child=2 18 3 4 -1 9 14 -8 -9 10 11 16 13 -10 -7 -16 -3 -18 19 21 -21 -2 23 24 -20 -24 27 28 -27 -30
right_child=1 5 -4 -5 -6 6 7 8 12 -11 -12 -13 -14 -15 15 -17 17 -19 22 20 -22 -23 25 -25 -26 26 -28 -29 29 -31
leaf_value=0.026512216852929191 0.024155576897829753 -0.001138622121066376 -0.0049919903157488879 -0.030596520980396853 -0.018383013948957458 -0.00067063301133369051 -0.0031639834982803111 0.012938291706192177 0.013771461728199652 0.0010475890149030469 0.0056466753653825232 -0.001525055895710635 -0.0078725557410463352 0.00082377067238269947 0.001863219214906203 0.0083780656020159914 0.017340736358826079 0.0046573802801239891 -0.0062339656468217899 -0.0094038080920102948 0.0030624417400616187 0.0076494077625544141 -0.0022215186662601113 0.0045090375513130981 0.0087961811061017612 -0.0011535110864073692 0.00090002301546705267 -0.00098051686867108262 -0.0029799076771317773 -0.017527630469283753
leaf_weight=21.824961334466934 83.994420524686575 294.70508444309235 1137.1561589166522 71.522884775884449 23.957619678229094 1965.7337559014559 3761.6963359117508 147.23270697891712 117.60254675149918 12711.814591526985 2411.9165346771479 1347.9967160820961 191.91663372516632 876.04658542573452 1977.7665480077267 555.75580444931984 130.33366444706917 338.97064439952374 495.45109560340643 238.52263692766428 297.25538473576307 305.47446119785309 8592.1923137679696 1248.247861623764 146.22864914312959 388.88975274190307 6959.795312717557 2747.1156759001315 208.27323064208031 236.46324991807342
leaf_count=1018 504 1271 21807 3691 1132 9266 16627 647 514 55886 10358 5785 859 3824 8248 2323 559 1478 3280 1498 1890 1942 58416 8152 930 2542 47272 18055 1396 1542
internal_value=9.20432e-05 0.000260212 -0.00643688 -0.0201251 0.00267335 0.00098895 -0.000202554 -0.00176006 0.00218802 0.00165127 0.00335 0.000694325 0.000833422 0.00252736 0.00156099 0.0032978 0.00461296 0.00806723 -0.000630619 0.00332583 -0.00245606 0.0110326 -0.000805049 0.0020428 -0.00274943 -0.00108704 -0.000160793 -0.00222247 -0.00621691 -0.0107587
internal_weight=50031.9 48777.4 1254.46 117.305 45.7826 26829.5 9593.75 5094.49 1332.8 17235.7 4523.92 2112.01 1185.57 993.649 4499.26 2533.52 764.009 469.304 21947.9 925.247 535.778 389.469 21022.7 1889.93 641.68 19132.7 10540.5 3580.74 833.626 444.736
internal_count=292712 265064 27648 5841 2150 117645 42308 22471 5844 75337 19451 9093 5197 4338 19837 10571 3308 2037 147419 5834 3388 2446 141585 12362 4210 129223 70807 23535 5480 2938
cat_boundaries=0 1 2 3 4 5 6 7 8 9 10 11
cat_threshold=26502170 7 27867522 27648014 40 16826372 5157600 32 1124040 5686104 4256
is_linear=0
shrinkage=0.05


Tree=84
num_leaves=31
num_cat=13
split_feature=3 3 11 2 16 3 16 6 14 1 11 16 16 0 16 5 6 16 3 13 11 16 4 3 5 16 6 16 5 0
split_gain=26.0394 12.0968 9.73462 10.215 15.7202 9.50532 9.29685 8.15644 10.1148 9.40765 9.94507 8.73256 8.42989 7.78083 8.36977 7.41789 7.65115 13.4297 7.03595 8.03359 6.99975 11.0764 6.7881 6.70588 6.63739 10.5117 9.46801 7.66771 7.44869 6.61836
threshold=-2.4633804559707637 -1.5520189404487608 2.8850001096725468 0 1 -3.7471996545791622 2 0.18500000238418582 0.0029928728472441439 3 5.2550001144409189 4 5 6 7 0.019226461648941044 0.15500000119209292 8 -1.3678897619247434 1.0000000180025095e-35 7.1949999332427987 9 0.57173117995262157 -1.5854620933532713 0.097116723656654372 10 0.17500000447034839 11 0.038349168375134475 12
decision_type=2 2 2 1 1 2 1 2 8 1 2 1 1 1 1 2 2 1 2 2 2 1 2 2 2 1 2 1 2 1
left_child=5 15 -3 4 -4 -1 -5 9 -9 10 12 -11 -6 -12 -15 16 -2 -18 19 -10 -17 -22 -13 -19 25 26 -7 -26 -28 -8
right_child=1 2 3 6 7 24 29 8 18 11 13 22 -14 14 -16 20 17 23 -20 -21 21 -23 -24 -25 27 -27 28 -29 -30 -31
leaf_value=-0.031155180879880891 -0.010030332512112874 0.01255488928679007 -0.00075230732319158614 0.0032670157688975961 0.00092291747954664587 -0.01459307017076218 0.0011756466275410146 -0.0016595457355600676 0.012363482491326112 0.0066410005498958331 0.0037922480419794015 8.0441684307811531e-05 -0.0089454362850528227 0.0053629224172899196 -0.011869825992298678 -0.00079174798392095543 -0.009887102174598969 3.7880945260414901e-05 0.013227610194176002 -0.0079794665628935835 0.022055212817386566 -0.0037828582801783094 0.0057911139900547548 0.015789092361868741 0.0023066946458592387 -0.017513529979226613 -0.011004432683207525 -0.0079315667726183176 0.020751125932640949 -0.00074990529715220251
leaf_weight=38.520754992030561 423.6013037674129 170.24983079731464 3827.5291279107332 2064.0834395885468 420.29333624243736 63.183477866463363 6105.5675047934055 230.30456708371639 93.431182637810707 1806.5377000719309 1473.0281636565924 1552.1717411726713 437.2927825152874 108.65935608744621 169.29754173755646 10753.708603821695 371.53835441172123 730.7351745441556 542.74098140001297 96.832864835858345 73.511122204363346 79.940050080418587 780.85724486410618 72.458455294370651 314.3758730404079 249.61286497674882 25.522084156051278 417.99230248946697 56.269339034333825 16487.118576586246
leaf_count=2284 3066 910 17890 9670 2030 1422 28430 1076 510 8328 6669 7193 2117 501 783 83520 2799 5616 2448 539 506 558 3611 429 6483 5687 541 8866 1188 76971
internal_value=5.89016e-05 0.000235182 0.000696476 0.000640008 0.00186694 -0.00732074 6.49371e-05 0.00316613 0.00747048 0.00255433 0.000193302 0.00403114 -0.0042115 0.00235411 -0.00519002 -0.00110616 -0.00428512 -0.0021999 0.0103358 0.00203485 -0.000639613 0.00989487 0.0019866 0.0014762 -0.0064523 -0.0116663 -0.000286272 -0.00361898 0.010816 -0.000229186
internal_weight=50037 48871.5 36366 36195.7 11539 1165.48 24656.8 7711.45 963.31 6748.14 2608.57 4139.57 857.586 1750.99 277.957 12505.5 1598.33 1174.73 733.005 190.264 10907.2 153.451 2333.03 803.194 1126.96 394.588 144.975 732.368 81.7914 22592.7
internal_count=292641 266170 169676 168766 53695 26471 115071 35805 4573 31232 12100 19132 4147 7953 1284 96494 11910 8844 3497 1049 84584 1064 10804 6045 24187 8838 3151 15349 1729 105401
cat_boundaries=0 1 2 3 4 5 6 7 8 9 10 11 12 13
cat_threshold=34 9793538 16386 24 4228188 690460 21 21659840 4489422 14261568 28706056 126584 10
is_linear=0
shrinkage=0.05


Tree=85
num_leaves=31
num_cat=7
split_feature=3 3 16 13 13 16 6 15 16 13 3 4 6 16 13 14 3 16 14 5 14 3 14 12 16 13 4 5 13 16
split_gain=21.8684 13.7729 9.83213 8.02581 6.73836 16.2492 6.64829 6.45775 6.30088 9.53589 6.98662 6.31133 6.71513 6.29824 12.1981 10.5281 5.97718 9.81554 6.49734 7.7238 7.35607 5.96011 7.8669 7.44679 5.92124 5.86977 9.97685 6.89449 7.45105 5.81912
threshold=-2.8983117341995235 -1.1782065033912656 0 -0.0091666667722165567 0.10416666418313981 1 0.17500000447034839 1.0000000180025095e-35 2 0.0041666666511446246 -0.56384494900703419 0.79429084062576305 0.16499999910593036 3 0.014166666660457851 -0.011403123848140238 -2.1735420227050777 4 0.015644003637135032 0.055967114865779884 0.012000505812466146 -0.87673231959342945 -0.028390244580805298 0.20059999823570254 5 0.0041666666511446246 0.68958702683448803 0.043636232614517219 0.019166666083037857 6
decision_type=2 2 1 2 2 1 2 2 1 2 2 2 2 1 2 8 2 1 10 2 10 2 8 2 1 2 2 2 2 1
left_child=2 4 -1 7 16 -6 -7 -4 11 10 29 12 21 14 -11 -16 17 -2 20 -20 -19 22 -3 -24 -21 -14 27 -27 -29 -10
right_child=1 8 3 -5 5 6 -8 -9 9 13 -12 -13 25 -15 15 -17 -18 18 19 24 -22 -23 23 -25 -26 26 -28 28 -30 -31
leaf_value=-0.022083465253172299 0.0024832742193496488 0.012439448726086962 -0.0019342648668359546 -0.010255876863079123 -0.02101289304561298 -0.00598682000775162 0.0083334998001553424 0.035603754338985272 0.0023781009869683805 0.0086311049512662677 0.0095952553495047103 -0.0045766023070518821 0.0025360848127626689 -0.0023699963248044222 0.012488958958290233 -0.0023988214585375211 -0.00044774731614641056 -0.0046038921406737487 -0.031622964129648538 0.003766060244107246 0.014719236701952527 0.0035567738718421528 0.0076615629347364465 -0.0016659490257887408 -0.016002178962630557 0.014460167785319356 0.020455554989468761 0.010715608130726828 -0.00034405087547622514 -0.00023047881948737929
leaf_weight=144.80740877147764 579.46248701401055 115.36078062653542 27.298250867053866 140.6679060747847 127.60519301332533 215.92366231791675 127.05062298290431 17.506300668232143 4376.4369284361601 419.8801746070385 247.59487022459507 333.71170149743557 1482.2462625056505 3993.3863074034452 128.66874508559704 1300.9195393770933 25090.002336926758 1463.3400361891836 44.311842115595937 64.303046459332108 49.055628973990679 1724.7554175853729 233.87570461630821 2305.1160817891359 76.224468735978007 171.54245711863041 127.73370739817619 224.82944132387638 463.0777870118618 4171.9052890986204
leaf_count=5725 7386 493 1088 5186 1000 1568 1041 590 18565 1802 1061 1429 6297 17266 551 5643 152876 19569 636 880 632 7010 1029 10110 1057 747 551 959 2007 17706
internal_value=-0.000121067 -3.55211e-05 -0.0129054 -0.00417961 -0.000772741 -0.00669249 -0.000645755 0.0136275 0.000904941 0.000308636 0.00134881 0.00211653 0.00244699 -0.00125666 0.00115379 -0.00104329 -0.000670467 -0.00312237 -0.00502196 -0.0138565 -0.00395852 0.00127028 -0.000217011 -0.000801404 -0.00788916 0.00453098 0.00751512 0.00554885 0.00329117 0.00110777
internal_weight=49988.6 49658.3 330.28 185.472 27837.3 470.579 342.974 44.8046 21821 14638.8 8795.94 7182.25 6848.54 5842.85 1849.47 1429.59 27366.7 2276.7 1697.24 184.839 1512.4 4379.11 2654.35 2538.99 140.528 2469.43 987.183 859.45 687.907 8548.34
internal_count=292460 279871 12589 6864 186645 3609 2609 1678 93226 62594 37332 30632 29203 25262 7996 6194 183036 30160 22774 2573 20201 18642 11632 11139 1937 10561 4264 3713 2966 36271
cat_boundaries=0 1 2 3 4 5 6 7
cat_threshold=5019056 21276866 360920 17827874 3212328 25217794 15340036
is_linear=0
shrinkage=0.05


Tree=86
num_leaves=31
num_cat=11
split_feature=3 16 3 7 16 1 7 13 14 13 2 12 16 16 13 16 15 12 16 14 12 5 14 16 7 3 2 16 13 3
split_gain=15.9295 12.8048 9.35027 13.0759 8.93335 9.91461 11.9277 8.63115 8.60486 7.95745 8.99756 8.89349 8.11431 7.13866 7.10978 19.2433 8.78013 6.93124 6.97146 6.68614 6.89346 7.29904 6.23386 6.2368 7.45816 7.64185 6.09095 21.5819 8.91066 11.1068
threshold=-2.8460912704467769 0 -1.8283498883247373 -0.085000000894069658 1 2 -0.0050000001210719338 -0.0091666667722165567 -0.01492806989699602 0.0091666667722165602 3 0.2661499977111817 4 5 -0.087499998509883867 6 1.0000000180025095e-35 0.2710500061511994 7 0.018688317388296131 0.28599999845027929 0.2352588772773743 0.031228315085172657 8 1.0000000180025095e-35 -1.9019438624382017 9 10 0.0008333333535128774 -1.0159750580787656
decision_type=2 1 2 2 1 1 2 2 8 2 1 2 1 1 2 1 2 2 1 10 2 2 10 1 2 2 1 1 2 2
left_child=1 -1 4 -4 -2 9 -7 17 -8 10 -6 12 -11 -12 15 16 -5 -3 -19 20 21 -9 23 24 -10 -26 27 -16 -29 -30
right_child=2 7 3 14 5 6 8 19 22 11 13 -13 -14 -15 26 -17 -18 18 -20 -21 -22 -23 -24 -25 25 -27 -28 28 29 -31
leaf_value=-0.023308943099395948 -0.0037325095366912767 0.040275152383072402 0.017649096260431239 0.009643312843124207 0.017559734542506047 -0.0068749776175888958 0.011214914885240334 -0.029070556551896654 0.019497639090562388 -0.0025054881549910661 -0.01010619315342688 -0.0031962062509686626 0.021988573793240276 0.0093208332237939198 0.0023083791141476173 -0.0094422848148673355 -0.0044246594304503022 0.017032589702537206 -0.013499406021075508 -0.035151075800244763 0.0015032858408124891 0.0090347933030213573 -0.016318888455925089 -0.0018653250389388384 -0.00075155419513306171 0.0163554805225005 0.00056205719719709115 -0.0077279862788554926 -0.0049840354086121037 0.0075394741639113264
leaf_weight=114.15956537332386 2981.6079492587596 14.345697795972226 106.42749772965908 277.06834091246128 184.23890226520598 752.08249443396926 169.40403519757092 44.486976450309157 70.995827220380306 61.886037584394217 68.489766580983996 383.12929301150143 67.27510678768158 103.32454827427864 1922.3837928622961 613.68149612098932 182.5242628455162 26.119290949776769 25.187044885009527 19.495674547739327 119.18927126377821 16.137485021725297 58.229037260636687 1259.2038924079388 371.54081220924854 77.156788796186447 37907.364468842745 1241.9470951035619 552.58214664459229 258.08975999057293
leaf_count=4451 29922 518 579 1290 1722 7451 1612 1573 673 615 635 3719 650 963 8983 2868 868 930 916 744 4184 541 636 12661 3844 570 189095 5761 2890 1076
internal_value=-3.93966e-05 -0.0102225 3.87363e-05 0.000307502 -0.00171213 -3.9706e-05 -0.00150831 -0.00344942 0.000500545 0.00458281 0.0103543 0.00063597 0.0118787 0.0014225 0.000263717 -0.00375084 0.00397522 0.0119079 0.00276266 -0.00874747 -0.00552957 -0.0189628 -0.000498564 3.70313e-05 0.00458376 0.00224965 0.000366767 -0.00149261 -0.00504516 -0.000988243
internal_weight=50049.8 379.121 49670.6 43062.1 6608.56 3626.96 2758.61 264.961 2006.53 868.344 356.053 512.29 129.161 171.814 42955.6 1073.27 459.593 65.652 51.3063 199.309 179.814 60.6245 1837.13 1778.9 519.693 448.698 41882.4 3975 2052.62 810.672
internal_count=292940 13857 279083 213410 65673 35751 27447 9406 19996 8304 3320 4984 1265 1598 212831 5026 2158 2364 1846 7042 6298 2114 18384 17748 5087 4414 207805 18710 9727 3966
cat_boundaries=0 1 2 3 4 5 6 7 8 9 10 11
cat_threshold=4882848 13127438 40 42 17182848 18948224 3163308 11553306 77840 1 31269776
is_linear=0
shrinkage=0.05


Tree=87
num_leaves=31
num_cat=9
split_feature=3 3 14 6 16 12 16 11 16 1 7 3 6 16 11 5 12 16 11 16 10 12 0 3 3 15 12 3 16 11
split_gain=18.2031 9.20518 6.98583 9.58498 13.2039 11.7948 8.87672 8.94696 8.62726 10.0088 8.39238 6.58116 8.41114 6.45423 7.11179 6.2325 6.06522 17.5619 13.1399 7.59045 6.81444 7.948 6.75562 6.68259 7.78081 6.02726 5.8713 7.4216 6.47139 5.82786
threshold=-2.6050795316696163 -0.51566413044929493 -0.027305234223604199 0.18500000238418582 0 0.32694999873638159 1 4.6150000095367441 2 3 0.0050000001210719356 -1.0159750580787656 0.19500000029802325 4 4.8650000095367441 0.25929471850395208 0.2661499977111817 5 5.7449998855590829 6 -1.4999999999999998 0.091749999672174468 7 -0.92225992679595936 -0.83261695504188526 1.0000000180025095e-35 0.35394999384880071 -1.027206242084503 8 7.4049999713897714
decision_type=2 2 10 2 1 2 1 2 1 1 2 2 2 1 2 2 2 1 2 1 2 2 1 2 2 2 2 2 1 2
left_child=2 11 3 6 25 -6 -1 -8 9 -4 -11 26 16 14 -14 -10 17 23 20 -20 -19 -22 -21 -13 -25 -5 28 -28 -2 -30
right_child=1 -3 8 4 5 -7 7 -9 15 10 -12 12 13 -15 -16 -17 -18 18 19 22 21 -23 -24 24 -26 -27 27 -29 29 -31
leaf_value=-0.018526577473677922 0.00027911005850180865 0.0094423106916694255 -0.015070753850661324 0.0056974277431044188 -0.023487802865159477 0.0097553642236046408 -0.0072258133832587669 0.022102335249969518 -0.025447300007841955 0.037052610802127732 -0.0014145880499198745 0.016416744416888444 0.020938473873339067 0.0017075563123895904 0.004332019177029669 6.5733244731350205e-05 0.00036340684007134678 0.0053244704583524033 0.011233873042525344 -0.0076348099433393704 -0.018120200071799056 -0.0041143778534309091 0.0035155293004388959 -0.0016646055357458012 0.010669955404630463 0.032883618131924079 0.00084475286776828978 -0.0087074894042872882 -0.001575229882933139 0.0076559853166221249
leaf_weight=127.27044082246721 10193.444613244385 269.96087795495987 57.028821083717048 38.506765303201973 53.692796643823385 49.607663626782596 108.99375812616199 31.961493195965886 145.16372352745384 21.548194491304457 35.284544388763607 232.90379041433334 136.83498296141624 289.06991781294346 122.79616242647171 28.57518376223743 10757.906079038978 130.39151740074158 247.09117351472378 156.29280149936676 128.9177184253931 456.26460711658001 701.95916219055653 197.03910654783249 359.6088702827692 43.867847958579659 12839.861062217504 204.62428270280361 11669.430072195828 171.56635748594999
leaf_count=3414 62753 1180 1547 1029 1517 1373 3214 595 4282 643 906 988 564 1190 502 805 44430 544 1018 645 535 1897 2894 815 1452 1269 76666 894 72051 904
internal_value=0.000151703 0.000268881 -0.00761345 -0.00372265 0.00497901 -0.00697872 -0.00973851 -0.000335993 -0.0136859 -0.00175222 0.0119097 0.000217953 0.00113787 0.00719393 0.0126923 -0.0201515 0.000888266 0.00304931 0.000317987 0.00373476 -0.00495115 -0.00725112 0.00140771 0.00921136 0.00631351 0.0184275 -0.000147057 0.000693598 -0.000644747 -0.00143899
internal_weight=50007.5 49266 741.501 453.901 185.675 103.3 268.226 140.955 287.6 113.862 56.8327 48996 13917.1 548.701 259.631 173.739 13368.4 2610.47 1820.92 1105.34 715.574 585.182 858.252 789.552 556.648 82.3746 35078.9 13044.5 22034.4 11841
internal_count=292516 271922 20594 12411 5188 2890 7223 3809 8183 3096 1549 270742 57474 2256 1066 5087 55218 10788 7533 4557 2976 2432 3539 3255 2267 2298 213268 77560 135708 72955
cat_boundaries=0 1 2 3 4 5 6 7 8 9
cat_threshold=18898840 20191122 11865602 3 30976268 1581872 4280320 34 27938344
is_linear=0
shrinkage=0.05


Tree=88
num_leaves=31
num_cat=16
split_feature=3 3 1 14 16 11 16 16 0 11 2 16 16 2 5 16 14 5 11 1 16 16 14 14 13 5 1 16 16 14
split_gain=16.6192 11.594 9.59231 8.95099 10.2968 8.80453 11.377 7.233 7.4055 11.4702 8.33417 13.496 8.63629 7.11203 15.5462 14.7568 11.7832 9.85855 10.5863 8.84587 8.53307 8.40609 8.30772 8.3068 8.04361 7.61137 8.77173 14.0468 7.5745 11.4893
threshold=-3.3434716463088985 -1.3353726863861082 0 0.031840138137340553 1 1.3450000286102297 2 3 4 5.9349999427795419 5 6 7 8 0.14815375208854678 9 -0.02962889056652784 0.14676428586244586 3.9450000524520878 10 11 12 0.016717089340090755 0.031228315085172657 0.074166666716337218 0.33731308579444891 13 14 15 0.012944431975483896
decision_type=2 2 1 10 1 2 1 1 1 2 1 1 1 1 2 1 8 2 2 1 1 1 10 10 2 2 1 1 1 10
left_child=5 3 -3 -2 -5 -1 -7 -4 9 10 12 -12 -9 14 24 19 20 21 -19 -16 -15 22 -18 25 28 26 27 -20 -10 -30
right_child=1 2 7 4 -6 6 -8 8 13 -11 11 -13 -14 16 15 -17 17 18 23 -21 -22 -23 -24 -25 -26 -27 -28 -29 29 -31
leaf_value=-0.041377948360775761 -0.00075474529336547278 -0.0025601169920892301 -0.00055965531799280033 -0.014679557344321937 -0.0014192509509260215 0.015376967552618196 -0.020339035169146171 0.0025006130526275157 0.0022436208221822333 0.0073823508659216072 0.010758363827083095 -0.0012085558502868601 -0.0075034926183609602 0.015505364012540882 0.012501158122356044 0.0019936757499593003 0.0025620873139070655 0.0083940981087712221 -0.015304149035186716 0.0023574776694690529 0.0011967366032812829 -0.00044410646904110738 0.012941270205432296 -0.014616589261070033 0.012645577602053558 0.0038173111908595975 -0.0012402369908682464 -0.0028229873782095877 -0.0039090955511976713 0.0091373624699023111
leaf_weight=30.358459999784827 20627.302253731526 2193.0747092217207 6607.312783613801 238.80157618131489 374.53077447973192 24.214223392307758 56.495034497231245 425.06239521503448 1495.4926728904247 1218.0752905458212 426.41991366446018 510.74811320006847 419.39289775490761 197.89698387682438 775.90105874836445 1559.4709948003292 2222.4259345382452 237.33089524507523 314.29716049134731 321.93468467891216 224.8650034070015 3196.0361075699329 209.35764509439468 133.01468375325203 120.88128112256527 493.24440288543701 2753.3158443719149 783.94112998247147 1627.0844644457102 186.34767924249172
leaf_count=2280 154981 9844 29304 1957 3082 1007 2592 1905 6587 5282 1937 2316 1892 852 3351 6814 9832 1104 1404 1424 974 14177 945 613 554 2203 12113 3487 7186 838
internal_value=-9.02864e-05 -4.68926e-05 0.000609332 -0.000932093 -0.00687472 -0.0192379 -0.0101108 0.000872838 0.00134965 0.00363513 0.00108817 0.00430367 -0.00250338 0.000940552 0.00230506 0.00517801 0.000167329 -0.000167672 -0.00185372 0.00958423 0.00832936 0.0012451 0.00345137 -0.00240037 8.41833e-05 -0.00201983 -0.00276894 -0.00652169 -0.00038207 -0.00254583
internal_weight=50004.6 49893.6 28652.9 21240.6 613.332 111.068 80.7093 26459.9 19852.5 2999.7 1781.62 937.168 844.455 16852.8 6087.11 2657.31 10765.7 10343 4715.14 1097.84 422.762 5627.82 2431.78 4477.81 3429.81 4344.8 3851.55 1098.24 3308.92 1813.43
internal_count=292837 286958 126938 160020 5039 5879 3599 117094 87790 13332 8050 4253 3797 74458 26754 11589 47704 45878 20924 4775 1826 24954 10777 19820 15165 19207 17004 4891 14611 8024
cat_boundaries=0 1 2 3 4 5 6 7 8 9 10 11 12 13 14 15 16
cat_threshold=32 7865300 25256018 5252132 36 3 10701314 17731864 36 9355328 6 52176 28184592 2 9064448 234312
is_linear=0
shrinkage=0.05


Tree=89
num_leaves=31
num_cat=12
split_feature=3 16 11 6 3 6 5 6 16 16 12 6 16 14 0 4 3 3 1 16 16 12 12 2 16 14 2 16 4 12
split_gain=16.9306 8.91426 8.83631 12.706 8.734 9.1467 7.49451 8.35347 15.6253 8.77919 10.3396 8.93345 9.17536 8.68917 7.65737 7.28586 7.23447 6.51406 6.40178 14.3385 7.68425 7.83717 9.92502 7.69294 6.58396 8.41637 6.10484 14.1966 9.46424 7.82284
threshold=-3.3434716463088985 0 1.4450000524520876 0.18500000238418582 -1.891784608364105 0.095000002533197417 0.13296874612569812 0.20499999821186068 1 2 0.23975000530481341 0.14500000327825549 3 -0.0039430831093341103 4 0.68064716458320629 -2.1016114950180049 -2.5444154739379878 5 6 7 0.35095000267028814 0.36644999682903295 8 9 -0.0020165049936622377 10 11 0.075898498296737685 0.091749999672174468
decision_type=2 1 2 2 2 2 2 2 1 1 2 2 1 10 1 2 2 2 1 1 1 2 2 1 1 8 1 1 2 2
left_child=1 2 -1 -4 6 -6 18 9 -9 13 15 12 -12 14 -8 -11 17 -15 19 -2 -20 24 -23 -24 25 -22 27 28 -7 -29
right_child=4 -3 3 -5 5 26 7 8 -10 10 11 -13 -14 16 -16 -17 -18 -19 20 -21 21 22 23 -25 -26 -27 -28 29 -30 -31
leaf_value=-0.02822374507974177 -0.014553898893635678 -0.02856861692753453 -0.017145023819509397 0.04717509011322063 0.01533573053581423 0.012819037224140947 -0.0088515573290038618 0.023507483652411176 -0.0038539142048784505 0.020460200771096379 0.021402892432317903 -0.0015217814081819093 -0.0022426791893322877 0.013548019431775053 0.0068804001175745829 0.00084705273359956439 0.013251028864141579 -0.0096330850507752915 -0.004877834354553843 -0.0027906041137231116 0.023505165472741774 0.02326478679710748 0.017123173524139033 -0.0013705942721288589 -0.005589995518920113 0.00045034133746364258 8.3857475189630666e-05 -0.012673947719306715 0.0032901726181496791 -0.00011950897904934543
leaf_weight=13.621886746957896 345.67301968112588 66.448842036537826 12.68820257484913 14.768640073947607 99.650249511003494 285.85677182674408 618.25397407077253 93.01346436329186 103.20972908660769 117.86997576057911 81.269428632222116 952.05798849277198 76.482548247091472 39.435096155852079 81.744371425360441 78.563567385077477 110.26687904447317 111.44648091867566 868.03809826076031 1004.6081000482664 45.337063238024712 75.13160515576601 61.807165984995663 234.65211209096014 418.30927764810622 242.2636581743136 37935.059562012553 127.69045481830835 2791.6313029304147 2870.4045420885086
leaf_count=987 3976 3725 509 582 566 1550 7040 1290 1411 1360 935 10556 863 826 958 890 923 1265 9690 11657 470 824 726 2541 4607 2704 188441 692 14791 15296
internal_value=7.22066e-05 -0.0195645 0.00185243 0.0183058 0.00011533 0.000354451 -0.00171554 0.000370607 0.0102137 -0.000489479 0.00217466 0.000311141 0.0112537 -0.00408731 -0.00702812 0.0127035 0.0036336 -0.00347639 -0.0032742 -0.00590369 -0.0014075 0.00141115 0.00728124 0.00310177 -0.00167078 0.00408099 0.000319834 0.00178964 0.00416949 -0.000660101
internal_weight=49977.3 107.528 41.0787 27.4568 49869.7 44110.3 5759.43 2463.61 196.223 2267.39 1306.24 1109.81 157.752 961.147 699.998 196.434 261.148 150.882 3295.82 1350.28 1945.54 1077.5 371.591 296.459 705.91 287.601 44010.6 6075.58 3077.49 2998.09
internal_count=292651 5803 2078 1091 286848 221336 65512 28317 2701 25616 14604 12354 1798 11012 7998 2250 3014 2091 37195 15633 21562 11872 4091 3267 7781 3174 220770 32329 16341 15988
cat_boundaries=0 1 2 3 4 5 6 7 8 9 10 11 12
cat_threshold=20079690 3812770 11436234 21056768 1 5 527896 30739234 16 17548 32 19130476
is_linear=0
shrinkage=0.05


Tree=90
num_leaves=31
num_cat=11
split_feature=3 16 15 3 5 1 16 3 12 16 16 5 4 16 10 16 7 5 5 7 11 7 1 16 2 5 13 11 11 16
split_gain=15.5114 13.033 10.7305 9.94727 8.71694 9.38291 15.1066 9.00304 8.65994 12.6204 10.7158 8.08779 15.1742 19.4547 11.3016 11.0446 9.12111 17.6381 8.43815 7.29688 7.02679 6.9992 6.89054 6.77376 7.83152 7.23868 7.06842 6.49052 7.38208 6.48388
threshold=-2.7988300323486324 0 1.0000000180025095e-35 -1.6805534362792967 0.01812055800110102 1 2 -1.9729580283164976 0.33824999630451208 3 4 0.19479478895664218 0.68064716458320629 5 -1.0000000180025095e-35 6 -0.021666666492819783 0.045090349391102798 0.1252427473664284 -0.0050000001210719338 4.8849999904632577 -0.07833333313465117 7 8 9 0.032233914360404022 -0.047499999403953545 4.305000066757203 4.8650000095367441 10
decision_type=2 1 2 2 2 1 1 2 2 1 1 2 2 1 2 1 2 2 2 2 2 2 1 1 1 2 2 2 2 1
left_child=1 2 -1 4 8 6 -6 29 10 -10 -2 16 13 19 -15 20 17 -7 22 -13 -14 -5 -19 -18 25 -25 -26 -21 -29 -8
right_child=3 -3 -4 21 5 11 7 -9 9 -11 -12 12 15 14 -16 -17 23 18 -20 27 -22 -23 -24 24 26 -27 -28 28 -30 -31
leaf_value=-0.0074172609500863648 0.0062247222043957584 -0.015185523895295566 0.020618361703478392 0.012742913160871411 0.0076869208560223128 0.0090531197181249363 0.0085298066699648119 -0.0049909456972686631 0.0023077794545248898 -0.016541680604074328 -0.0074514979764922929 -0.012424201417624552 -0.0023290170595935147 0.016863050228971554 0.0018609667800473424 -0.0068980793279177603 -0.0042903746238027703 -0.005772824595003073 -0.0051248254971802149 -0.007088453426937296 0.013286556520975457 0.00039002093066562164 -0.027007255476907518 0.0096530927837454195 -0.01039077916091069 -0.0074299069004771252 0.0023344557594857113 0.021710564166142917 -8.7410424739250286e-05 -0.0022587238971183221
leaf_weight=85.928231602534652 236.44870600663126 289.02599611598998 53.866099359467626 113.00420414656401 750.90109041146934 98.755694102495909 287.41276470944285 701.43200840055943 127.94968798570335 295.54985986836255 328.12309959344566 133.59418179281056 156.49340074509382 357.23303601518273 193.81143854185939 677.45715242810547 1963.7340451106429 80.828165480867028 143.93393455259502 120.14003178104758 130.71148011833429 39782.20526304096 138.07791386917233 68.911349849775434 115.28869914263487 504.77662555500865 1571.5506718214601 60.242562636733055 103.2626737318933 256.57654177956283
leaf_count=3095 2037 10306 1684 555 6529 950 3115 5084 1078 2486 2812 1199 1503 3292 1681 6169 17856 762 1289 1172 1135 190820 1302 613 992 4616 14151 550 885 2758
internal_value=-4.33334e-06 -0.00945071 0.00329183 7.78821e-05 -0.00136665 -0.000855813 0.00214152 -0.00124342 -0.00581001 -0.0111972 -0.00174365 -0.0017608 0.000957166 0.00537353 0.0114061 -0.00347773 -0.00288566 -0.00954454 -0.0146282 -0.00281501 0.0046595 0.000425648 -0.0207739 -0.00215386 -0.00027552 -0.00526012 0.00144491 0.00166758 0.00810923 0.00356654
internal_weight=49927.2 428.82 139.794 49498.4 9603.2 8615.13 1996.32 1245.42 988.071 423.5 564.572 6618.8 1932.95 968.284 551.044 964.662 4685.86 461.596 362.84 417.239 287.205 39895.2 218.906 4224.26 2260.53 573.688 1686.84 283.645 163.505 543.989
internal_count=292476 15085 4779 277391 86016 77603 17486 10957 8413 3564 4849 60117 17586 8779 4973 8807 42531 4303 3353 3806 2638 191375 2064 38228 20372 5229 15143 2607 1435 5873
cat_boundaries=0 1 2 3 4 5 6 7 8 9 10 11
cat_threshold=10643984 40 11571846 2793492 32248032 15405700 14828040 1 31591212 17 787832
is_linear=0
shrinkage=0.05


Tree=91
num_leaves=31
num_cat=15
split_feature=3 16 14 3 12 16 12 2 1 0 7 16 15 16 16 1 5 7 16 7 16 14 12 16 12 2 16 16 14 12
split_gain=15.0933 11.1992 8.24761 8.18638 8.2745 12.8254 8.33248 15.0527 9.06885 8.9596 8.91556 9.81216 8.60705 11.5456 8.97821 8.04101 7.80296 7.82736 8.50995 10.5909 10.1266 7.40174 7.46885 7.37434 8.30839 7.2863 12.2093 10.8361 9.45639 9.15279
threshold=-2.8460912704467769 0 0.006199153373017908 -1.5520189404487608 0.36095000803470617 1 0.39029999077320104 2 3 4 -0.011666666716337202 5 1.0000000180025095e-35 6 7 8 0.16806801408529284 -0.021666666492819783 9 -0.0383333321660757 10 -0.0352224763482809 0.51240000128746044 11 0.36505000293254858 12 13 14 -0.01580056548118591 0.41865000128746038
decision_type=2 1 10 2 2 1 2 1 1 1 2 1 2 1 1 1 2 2 1 2 1 10 2 1 2 1 1 1 8 2
left_child=1 -1 -3 16 -5 15 7 10 -9 -8 11 -7 14 -14 -11 -6 17 18 -2 20 -20 22 -17 -10 -25 26 -18 -27 -29 -28
right_child=3 2 -4 4 5 6 9 8 23 12 -12 -13 13 -15 -16 21 25 -19 19 -21 -22 -23 -24 24 -26 27 29 28 -30 -31
leaf_value=-0.022092767485503279 -0.00072883174792761523 0.0008162265024205151 -0.022495064301958249 -8.7640702306385283e-05 0.0023369546328687995 0.0043072394333188253 -0.00016595122137267584 -0.0057142303130599875 0.010319254815458766 0.000744137137991188 0.0056952844592515466 0.019736336891221243 0.0090850077738102251 -0.0047514042993321605 0.0097907282316890953 -0.004085654076521018 -0.002629554399286459 -0.0012704662523777251 -0.013825884015539414 -0.015179720810747345 0.010482675409179749 0.0011788867993322749 0.0067487328563313777 0.013178183449833514 -0.0015976807815547018 0.0040708160051357491 0.004238708971450361 0.010029297157935282 -0.0053519790288545114 0.017012886820160843
leaf_weight=115.86378229688853 430.36386734060943 204.61910955235362 44.545627042651176 23388.136587709188 1973.0513949990273 184.29975533485413 2761.1619852036238 321.01667773723602 293.41307927668095 426.6810864508152 705.80101503431797 307.55685721337795 210.93442329764366 453.83098660409451 812.66538237035275 2211.1216099411249 641.61156633682549 8462.4884346667677 60.971449971199036 359.80569630116224 91.820520535111427 1494.1711154282093 169.60371573269367 112.5400018543005 559.88694199919701 613.43621653318405 1184.2175660114735 107.64251742884517 1143.2034516595304 157.54700395651162
leaf_count=4691 3621 7372 1742 109591 9163 843 12699 1487 1333 1980 3351 1410 979 2115 3763 10245 5500 69116 639 2801 935 6903 775 512 2548 4991 10065 833 9492 1311
internal_value=1.22627e-05 -0.0100899 -0.00336339 8.69538e-05 0.000474476 0.00148581 0.00290378 0.00524587 0.00143235 0.00166099 0.00924519 0.0144827 0.00428604 -0.000281944 0.00676726 -0.000252758 -0.000976883 -0.00175275 -0.00606913 -0.0103178 0.000513089 -0.00157455 -0.00330879 0.00384863 0.00089376 0.000919626 0.00301882 -0.00132359 -0.00398265 0.00571915
internal_weight=50004 365.029 249.165 49639 36385.9 12997.7 7149.79 2484.51 1286.86 4665.27 1197.66 491.857 1904.11 664.765 1239.35 5847.95 13253.1 9405.45 942.962 512.598 152.792 3874.9 2380.73 965.84 672.427 3847.66 1983.38 1864.28 1250.85 1341.76
internal_count=292806 13805 9114 279001 169697 60106 33020 11484 5880 21536 5604 2253 8837 3094 5743 27086 109304 77112 7996 4375 1574 17923 11020 4393 3060 32192 16876 15316 10325 11376
cat_boundaries=0 1 2 3 4 5 6 7 8 9 10 11 12 13 14 15
cat_threshold=1614256 17652010 50 24 17 6456320 12714048 8527876 20 13661482 16843284 9437824 38 13158532 29366412
is_linear=0
shrinkage=0.05


Tree=92
num_leaves=31
num_cat=15
split_feature=14 16 7 7 6 11 1 12 16 14 16 2 5 7 2 1 16 12 16 14 16 16 7 12 16 4 5 0 0 16
split_gain=9.37229 12.2489 12.9963 9.8974 10.948 9.65985 9.1671 8.21439 6.90769 6.58364 9.73756 8.32778 6.1855 6.1698 8.92111 14.9388 12.5155 8.17546 11.3983 8.06673 13.514 7.59035 7.11895 7.09431 10.6559 11.208 11.9991 12.2811 9.5261 9.09432
threshold=-0.0020165049936622377 0 0.025000000372529033 -0.031666667200624936 0.13499999791383746 1.4450000524520876 1 0.34155000746250158 2 0.031228315085172657 3 4 0.04954041168093682 -0.0083333333022892458 5 6 7 0.43844999372959143 8 -0.00079912037472240616 9 10 -0.048333333805203431 0.37745000422000891 11 0.12517853826284411 0.029501230455935005 12 13 14
decision_type=8 1 2 2 2 2 1 2 1 10 1 1 2 2 1 1 1 2 1 8 1 1 2 2 1 2 2 1 1 1
left_child=1 2 -1 4 8 -2 -4 -6 -3 13 -11 12 -12 14 15 -7 -17 -18 -19 20 -15 22 -16 29 25 26 27 -25 -26 -21
right_child=5 3 6 -5 7 9 -8 -9 -10 10 11 -13 -14 19 21 16 17 18 -20 23 -22 -23 -24 24 28 -27 -28 -29 -30 -31
leaf_value=0.002303726579214085 -0.014901000784999008 -0.0072123900716499906 0.015598336406412158 0.00073423744027069273 -0.0041619640707983357 -0.0025977628131538342 0.0036795946830126287 -0.019251575969637526 0.0075502058815215961 0.00058801430628938175 -0.0087578858042426707 -0.010867535243675598 0.0098034225764971894 0.0056029061116216403 0.0070417218502463108 -0.001639359507462715 0.0042838976103982667 0.0085824967091206687 -0.010524581247528079 0.0011693934256589761 -0.015361474676756026 -0.0013318781236645516 -0.006363770327740461 0.0084700319083017787 -0.0016745088310633552 -0.0023787108369204826 0.020950242778889301 -0.012325039217683915 0.0047497862181164387 -0.0011464295735458365
leaf_weight=3322.8809506939724 110.34862849488854 126.97121400944889 336.22544594760984 5217.8138939375058 185.41037838160992 2979.1613677255809 343.79446526430547 176.26589692384005 173.24172705318779 713.08762782160193 77.311127606779337 521.4140152214095 101.49981119669974 119.46837511286139 105.09295179322362 1748.4719894453883 3236.7235183538869 109.94249482639134 212.16648161038756 8345.3948328346014 189.50513727217913 5466.5195879638195 1373.9865311328322 198.10594023577869 704.06994817778468 1864.7853980734944 107.40747766569257 95.4940464515239 3149.8415078949183 8591.5827435608953
leaf_count=18033 4488 805 2145 29388 863 15712 2246 810 1178 4419 455 3173 819 727 600 9544 17482 572 1085 52218 1157 28336 7116 1135 4071 11044 625 549 18509 53471
internal_value=7.94975e-05 0.00145858 0.00358677 2.88315e-06 -0.00574734 -0.000260251 0.00988375 -0.0115814 0.00131132 -0.00021913 -0.00356845 -0.00768976 0.00167734 -9.63112e-05 -0.000879198 0.000229596 0.00181896 0.00351786 -0.00405014 0.000414084 -0.00758525 -0.0021989 -0.00536681 0.000521929 0.00198071 -0.000743568 0.00681588 0.00153835 0.00357458 -5.33203e-06
internal_weight=50004 9882.6 4002.9 5879.7 661.889 40121.4 680.02 361.676 300.213 40011 1413.31 700.225 178.811 38597.7 15232.1 8286.47 5307.3 3558.83 322.109 23365.7 308.974 6945.6 1479.08 23056.7 6119.7 2265.79 401.007 293.6 3853.91 16937
internal_count=292775 55468 22424 33044 3656 237307 4391 1673 1983 232819 8866 4447 1274 223953 80447 44395 28683 19139 1657 143506 1884 36052 7716 141622 35933 13353 2309 1684 22580 105689
cat_boundaries=0 1 2 3 4 5 6 7 8 9 10 11 12 13 14 15
cat_threshold=20539432 28 4200068 23615274 33 38 24 17068674 8980528 13374052 20447240 25790640 28 20 31918744
is_linear=0
shrinkage=0.05


Tree=93
num_leaves=31
num_cat=2
split_feature=11 6 14 12 11 3 11 5 2 3 12 10 14 3 2 4 5 6 14 14 12 14 6 11 5 11 11 12 12 5
split_gain=16.5834 9.69112 9.62217 8.93209 8.68691 8.58374 8.20789 9.05921 9.18193 8.79429 8.61357 8.60643 10.2608 8.91023 9.67714 7.88687 7.76654 7.45895 6.95531 7.94568 6.63303 10.7355 6.47393 7.55817 7.47703 6.3659 6.3629 7.00414 6.21054 6.15706
threshold=2.0749999284744267 0.15500000119209292 0.014636312611401083 0.28135000169277197 6.2550001144409189 -1.508145749568939 6.3150000572204599 0.0428543258458376 0 -0.51566413044929493 0.42830000817775732 1.5000000000000002 0.0017363005899824204 -1.3404875993728635 1 0.39393647015094763 0.044352771714329726 0.18500000238418582 0.011759900022298099 0.02252882439643145 0.29735000431537634 0.0235941531136632 0.17500000447034839 6.3450000286102304 0.057758644223213203 4.1050000190734872 4.5750000476837167 0.25814999639987951 0.40884999930858618 0.088556289672851576
decision_type=2 2 10 2 2 2 2 2 1 2 2 2 10 2 1 2 2 2 10 10 2 10 2 2 2 2 2 2 2 2
left_child=5 6 4 15 -3 -1 11 8 28 -9 -10 13 -13 14 26 17 25 -4 29 -20 21 -18 23 -6 -24 -5 -2 -28 -8 -16
right_child=1 2 3 16 22 -7 7 9 10 -11 -12 12 -14 -15 18 -17 20 -19 19 -21 -22 -23 24 -25 -26 -27 27 -29 -30 -31
leaf_value=-0.010946038013030733 -0.014954190106054081 0.00067862930181194125 0.0029236378230048177 -0.020883622196514042 0.011207046824940912 0.016430131657492485 0.0094468316548213076 -0.0010047883178221394 -0.00059293807067293354 0.013283519560393446 0.01082418965947253 -0.011566090332176945 0.0055119305475074066 -0.00015393975817865567 -0.0035280812479384798 -0.0024182943897973889 -0.024299404549098201 0.017128220701521125 -0.014625638238567447 -0.00096528143237660426 -0.00079569933323790209 0.00059366594294058038 -0.0094188324012537197 0.0034342660067398704 0.0034288889478555269 -0.0063355100562578447 0.0063354632773125093 -0.0080372634600908294 -0.0022665285500689902 0.0012520123069851344
leaf_weight=445.94689538888633 243.95382218435407 25472.433306105435 352.50957746431231 87.24405968002975 369.84125064313412 28.84653328359127 662.98390966653824 4977.6525372490287 1367.3782699219882 108.07635726034641 185.87551747262478 410.25450385734439 110.50072143226862 6065.0770692825317 1281.7668736856431 474.54430855438113 79.790057629346848 123.81311634741724 214.14086488634348 210.35201532393694 1487.3337278477848 91.866429468616843 188.39578042924404 1994.9947490878403 277.70057645440102 504.80086466670036 104.32031186297536 422.46602230519056 135.5463420599699 1415.895886041224
leaf_count=12556 1785 152978 2151 693 1743 155 3222 23976 6424 474 847 1870 523 27114 8946 3051 502 868 1618 1672 9188 614 873 9358 1299 2898 661 2628 638 10917
internal_value=5.93699e-05 0.000148894 0.000676876 -0.00192028 0.000970802 -0.00922083 -0.000779521 0.000490702 0.00305546 -0.000696046 0.000780476 -0.00168101 -0.00793503 -0.00135243 -0.00321862 0.00213985 -0.0036357 0.00667209 -0.00195274 -0.00789269 -0.00187646 -0.0111238 0.00359741 0.00465831 -0.00178221 -0.00854242 -0.00819684 -0.00517781 0.00736584 -0.00102013
internal_weight=49896.3 49421.5 31505.3 3201.9 28303.4 474.793 17916.2 7437.51 2351.78 5085.73 1553.25 10478.7 520.755 9957.97 3892.9 950.867 2251.04 476.323 3122.16 424.493 1658.99 171.656 2830.93 2364.84 466.096 592.045 770.74 526.786 798.53 2697.66
internal_count=292242 279531 186216 19965 166251 12711 93315 35581 11131 24450 7271 57734 2393 55341 28227 6070 13895 3019 23153 3290 10304 1116 13273 11101 2172 3591 5074 3289 3860 19863
cat_boundaries=0 1 2
cat_threshold=34 9
is_linear=0
shrinkage=0.05


Tree=94
num_leaves=31
num_cat=4
split_feature=3 3 7 14 14 3 7 5 4 2 5 13 4 14 2 3 14 12 13 5 7 12 14 12 14 2 10 5 2 12
split_gain=16.856 9.81032 7.57619 6.43525 6.14825 6.03626 5.47947 7.95278 12.3612 10.7416 6.43696 10.1522 9.88763 7.46441 7.09634 6.86361 8.28965 6.63909 5.80702 5.30191 5.29775 4.99225 5.77885 4.94903 4.84173 4.8223 4.77513 7.3982 10.3603 5.62254
threshold=-2.1735420227050777 -3.7471996545791622 -0.15166667103767392 0.049185009673237808 0.031228315085172657 -1.1463666558265684 -0.015000000596046446 0.16806801408529284 0.72166314721107494 0 0.032883841544389732 -0.032500000670552247 0.094293329864740386 -0.063003424555063234 1 -0.94713327288627613 -0.036275254562497132 0.33894999325275427 -0.090833336114883409 0.016964954324066642 -0.025000000372529026 0.42119999229907995 0.012451350688934328 0.63684999942779552 -0.011657718569040297 2 1.0000000180025095e-35 0.012487548869103195 3 0.091749999672174468
decision_type=2 2 2 10 10 2 2 2 2 1 2 2 2 10 1 2 10 2 2 2 2 2 8 2 10 1 2 2 1 2
left_child=1 -1 -2 5 -3 23 7 8 21 -9 11 15 -12 18 17 16 -8 -15 -14 -17 -11 -7 25 26 -16 -23 29 28 -28 -4
right_child=2 4 3 -5 -6 6 10 9 -10 20 12 -13 13 14 24 19 -18 -19 -20 -21 -22 22 -24 -25 -26 -27 27 -29 -30 -31
leaf_value=-0.02982194472799218 0.013708140167393934 -0.0029745309101583584 -0.0035621982123617384 -0.0083391717469005113 -0.016342651962864045 0.0010860164135247416 0.014715847239939336 0.00055736944016423291 0.011597229788879976 -0.0089243302531129311 0.015240900073489973 -0.0036751608563962979 -0.009446723990691722 0.017660774312256582 0.005617218025627025 -0.0093488045590089854 -0.00043407639096640344 0.0030125565596618893 0.0010291309764089622 0.0041641924668452159 -0.0017955757570628115 -0.0017203838674540229 -7.5027618203405512e-05 0.010250607980392051 0.0018026198375466049 -0.015494787728400442 0.0077468736343080692 -0.0033386069068426375 -0.0039162796944094301 0.00019729032132756246
leaf_weight=33.745505968108773 103.27468871697783 2520.1545150056481 1038.8403863012791 213.57710912823677 87.188384229317307 4862.6219973862171 217.33447809517384 1382.3796726465225 260.39135007560253 660.39442536234856 140.60976700484753 1238.8293087631464 133.58456769585609 169.87879352271557 1191.5083671808243 127.02189216017723 153.28344674408436 142.43315105140209 5454.4389322698116 164.13282245397568 431.67816933989525 135.94204019010067 500.29172693192959 111.36705833673477 2756.2612391263247 130.37447257339954 395.74338688701391 2473.0613621398807 348.26666045188904 22346.854529038072
leaf_count=2284 709 39975 6496 1224 1509 20563 949 5809 1115 2821 599 5316 566 723 5002 519 669 604 23147 670 1848 571 2111 639 11742 548 2120 13565 1863 136239
internal_value=9.25996e-05 -0.00379321 0.000309795 0.000279887 -0.00343374 0.000319434 0.000970383 -1.01765e-05 0.000989169 -0.00238767 0.00166009 -0.00100618 0.00216751 0.00197779 0.00355388 0.00398615 0.00848131 0.0107015 0.00077541 -0.00175468 -0.0060595 0.000494527 -0.00325038 -0.00017412 0.00294873 -0.00917044 -0.000218528 -0.00202401 0.00234291 2.99958e-05
internal_weight=49925.5 2641.09 47284.4 47181.1 2607.34 46967.5 20253.4 8364.07 5889.62 2474.45 11889.3 1900.6 9988.71 9848.11 4260.08 661.773 370.618 312.312 5588.02 291.155 1092.07 5629.23 766.608 26714.1 3947.77 266.317 26602.8 3217.07 744.01 23385.7
internal_count=292515 43768 248747 248038 41484 246814 85892 35386 24908 10478 50506 8123 42383 41784 18071 2807 1618 1327 23713 1189 4669 23793 3230 160922 16744 1119 160283 17548 3983 142735
cat_boundaries=0 1 2 3 4
cat_threshold=38 1 42 42
is_linear=0
shrinkage=0.05


Tree=95
num_leaves=31
num_cat=15
split_feature=11 14 16 11 2 16 14 16 16 12 16 4 6 11 6 7 16 12 0 2 14 16 12 2 12 14 16 16 2 2
split_gain=10.3308 9.55021 9.45042 11.6024 10.1026 7.32962 9.17616 8.10784 7.27873 7.85835 6.57456 7.66599 6.4584 7.27246 6.59257 6.68886 9.26203 6.0088 5.74454 8.21939 5.71616 7.65874 6.77896 8.137 6.50499 8.36667 7.67502 6.48387 5.62441 5.60651
threshold=1.4450000524520876 0.012700874824076893 0 4.5050001144409189 1 2 0.011110463179647924 3 4 0.34724999964237219 5 0.28426378965377813 0.13499999791383746 6.8750000000000009 0.15500000119209292 0.0083333333022892492 6 0.36955000460147863 7 8 0.0081201237626373785 9 0.34655000269413 10 0.32164999842643743 -0.019792696461081501 11 12 13 14
decision_type=2 10 1 2 1 1 10 1 1 2 1 2 2 2 2 2 1 2 1 1 8 1 2 1 2 10 1 1 1 1
left_child=10 5 3 4 -3 12 29 -8 -6 -10 11 -1 20 -14 15 16 -15 -16 19 -5 24 -22 -23 -24 26 -26 -2 -27 -18 -7
right_child=1 2 -4 18 8 6 7 -9 9 -11 -12 -13 13 14 17 -17 28 -19 -20 -21 21 22 23 -25 25 27 -28 -29 -30 -31
leaf_value=-0.018414217979123109 -0.0015987665679675406 0.0065614052984598898 -0.0031895277687175143 -0.0023753578612100059 0.0012417122317223658 0.0017662696269746985 -0.0028030171766486975 0.014249983357580299 -0.0094178692676613867 -0.030338308010715298 -0.019477840068364619 0.022559372578347756 -0.00044434379611088385 0.01249478699320138 0.014557860298402626 -0.0086392585403428836 -0.0097347925577741211 0.00015959644449436609 0.00090884770416044714 0.011941118058607904 -0.0065152265344068441 -0.0021612789091636896 0.016949790174383562 0.00032399718230479032 0.0089606393176893725 0.0032650176383780365 -0.019894655863345052 -0.012395884979439028 0.0027624209939411826 0.00014605895219490934
leaf_weight=18.375779716297984 105.02608348522335 107.14122575707734 4178.50318914745 141.52576008066535 89.543248026631773 8168.1183643825352 100.93583341967314 217.8189792316407 128.20710012689233 69.600392969325185 97.61391493678093 24.096008649095893 17170.739158316515 182.02827280759811 214.50492372736335 138.34310548007488 112.23972995579243 108.98083455860615 839.97467305883765 337.7709325235337 411.55580422095954 412.60835859179497 120.77833639923483 177.07272450998425 104.78031629975885 96.879323583096266 150.25137471593916 189.54848042502999 315.85492306947708 15397.946505806409
leaf_count=613 550 878 25227 741 719 50083 593 1273 1042 518 4003 1023 100011 862 1004 716 519 496 4630 1817 2281 2361 779 819 553 505 812 997 1450 84690
internal_value=-6.07264e-05 -2.23047e-05 -0.00191205 0.00121431 -0.00628181 0.000231436 0.000822595 0.00922311 -0.0109317 -0.0161982 -0.0135238 0.00391956 -0.000474342 -0.000194738 0.00379688 0.00121006 0.00346428 0.00973794 0.00347112 0.00775901 -0.00335776 -0.00119556 0.00195961 0.00770991 -0.00709513 -0.00301636 -0.0132737 -0.00742952 -0.000690249 0.000708546
internal_weight=49928.4 49788.3 5892.27 1713.76 394.492 43896 23884.8 318.755 287.351 197.807 140.086 42.4718 20011.2 18242.7 1071.95 748.466 610.123 323.486 1319.27 479.297 1768.5 1122.02 710.459 297.851 646.486 391.208 255.277 286.428 428.095 23566.1
internal_count=292565 286926 35572 10345 3157 251354 136639 1866 2279 1560 5639 1636 114715 105058 5047 3547 2831 1500 7188 2558 9657 6240 3959 1598 3417 2055 1362 1502 1969 134773
cat_boundaries=0 1 2 3 4 5 6 7 8 9 10 11 12 13 14 15
cat_threshold=9079048 17 23869970 8405280 34816 26348042 16783360 14 10 18876418 48 18880512 2621968 17 34
is_linear=0
shrinkage=0.05


Tree=96
num_leaves=31
num_cat=9
split_feature=11 2 16 3 7 16 16 7 12 12 6 14 16 16 3 11 11 12 1 12 12 11 1 12 7 14 16 13 3 3
split_gain=11.0784 9.27958 17.1794 9.80734 7.54869 11.3907 8.83463 8.94872 7.36827 6.92107 6.693 6.57274 11.3031 10.7341 9.57255 7.40295 6.90926 6.44412 7.81898 6.97305 6.35857 6.229 6.13893 10.3576 6.67877 9.62566 14.8376 7.45749 7.3113 6.62813
threshold=4.1649999618530282 0 1 -1.5024728775024412 -0.0083333333022892458 2 3 -0.051666667684912675 0.091749999672174468 0.48164999485015875 0.21499999612569812 -0.014619968831539152 4 5 -3.0177211761474605 3.9250000715255742 3.185000061988831 0.23975000530481341 6 0.30365000665187841 0.31675000488758093 5.6749999523162851 7 0.2286999970674515 -0.015000000596046446 0.0053955535404384145 8 0.062500000000000014 -1.2528190612792967 -1.0974292755126951
decision_type=2 1 1 2 2 1 1 2 2 2 2 8 1 1 2 2 2 2 1 2 2 2 1 2 2 8 1 2 2 2
left_child=11 2 9 8 6 17 7 -3 -4 -2 -7 12 15 14 -13 16 -1 18 21 -19 -21 -6 23 -9 27 29 -27 -24 -28 -26
right_child=1 4 3 -5 5 10 -8 22 -10 -11 -12 13 -14 -15 -16 -17 -18 19 -20 20 -22 -23 24 -25 25 26 28 -29 -30 -31
leaf_value=0.0027914408385242969 0.0046599694497064378 0.0092197402503201055 -0.018417275950012302 0.0018909782715691597 -0.013231701062454346 -0.00044571848541595163 -0.0020074349758690893 0.012243420210488595 -0.0026305426296525528 -0.0055394306818168284 0.0099777166824771453 -0.017552950974941264 -0.0018930013081917799 -0.0041047646213760646 0.000489558876346603 -0.00039381723357659787 0.023500000750838808 0.006140081632115095 0.0016443255024241963 -0.0041764799584022164 0.0025295235637514705 0.0020421780744070413 -0.0033829329001368092 0.00095146857096839454 0.0022036199581474195 0.006081614293814046 0.0015019269515662498 0.008537429331640289 -0.015124128816869822 0.019305085194975185
leaf_weight=61.286092082038522 3535.6218389123678 279.60457772761583 75.366101700812578 1832.6682971715927 204.65911158919334 14161.755125736818 9001.2674437910318 227.50721197202802 1699.5552828349173 172.90352827683091 153.70147947594523 73.623808360658586 562.86432661116123 3941.0384457232431 2633.8734722360969 99.335952691733837 118.92675522714853 1261.4018174782395 609.46001723408699 389.30310918949544 3672.5810615457594 97.887401036918163 2204.229202862829 1767.384482037276 107.7473720125854 354.40891098976135 101.85578544437885 137.6160971596837 184.73170962929726 118.86265577375889
leaf_count=840 22641 1255 697 8594 1176 74881 43238 1129 14731 1020 907 3453 4504 35337 20581 619 785 6799 3317 2085 19123 471 10335 8594 600 1772 639 744 802 495
internal_value=-0.000146018 0.00016751 0.00178556 -0.00067178 -0.00017091 0.000445195 -0.00104506 0.000537399 -0.00332085 0.00417047 -0.000332194 -0.0019182 0.00223861 -0.00244541 -1.36076e-05 0.0102162 0.0165655 0.00222648 -0.00165051 0.00289525 0.00188506 -0.0080448 6.8608e-05 0.00223902 -0.00128398 0.00245547 -0.000684005 -0.00267576 -0.00893598 0.0112642
internal_weight=49843 42352.1 7316.12 3607.59 35036 20550.7 14485.2 5483.95 1774.92 3708.53 14315.5 7490.95 842.413 6648.54 2707.5 279.549 180.213 6235.29 912.007 5323.29 4061.88 302.547 5204.34 1994.89 3209.45 867.606 640.996 2341.85 286.587 226.61
internal_count=292164 226045 47683 24022 178362 108759 69603 26365 15428 23661 75788 66119 6748 59371 24034 2244 1625 32971 4964 28007 21208 1647 25110 9723 15387 4308 3213 11079 1441 1095
cat_boundaries=0 1 2 3 4 5 6 7 8 9
cat_threshold=32 3400308 27332738 5399874 15255584 6299352 9 49 5267458
is_linear=0
shrinkage=0.05


Tree=97
num_leaves=31
num_cat=10
split_feature=3 5 16 3 16 3 11 11 5 5 5 5 11 3 5 16 16 13 16 13 6 6 16 13 5 1 16 0 16 14
split_gain=15.4988 9.28866 7.30212 6.6997 5.68151 6.5007 6.08281 9.25943 7.84586 7.03248 5.8992 5.8468 5.85015 5.19172 6.59968 11.3962 7.87268 9.5741 8.93811 6.07 5.61179 5.57537 11.0476 9.76032 7.00239 9.74061 8.17848 6.72902 8.19669 6.54751
threshold=-3.3434716463088985 0.32576827704906469 0 -0.9761584699153899 1 -0.56384494900703419 6.6549999713897714 6.4549999237060556 0.032233914360404022 0.0428543258458376 0.016433472745120529 0.064611166715621962 7.0350000858306894 -2.2725716829299922 0.038349168375134475 2 3 0.065833333879709258 4 -0.010833333246409891 1.0000000180025095e-35 0.18500000238418582 5 -0.007500000298023223 0.03907903470098973 6 7 8 9 0.02252882439643145
decision_type=2 2 1 2 1 2 2 2 2 2 2 2 2 2 2 1 1 2 1 2 2 2 1 2 2 1 1 1 1 10
left_child=1 2 -1 13 5 6 7 8 10 -10 -5 12 -8 14 15 -2 19 -18 -19 -16 -15 -22 23 -23 25 -24 -27 28 -26 -25
right_child=3 -3 -4 4 -6 -7 11 -9 9 -11 -12 -13 -14 20 16 -17 17 18 -20 -21 21 22 24 29 27 26 -28 -29 -30 -31
leaf_value=0.0066040129739613684 -0.02166055351181518 0.022662971286753868 -0.029207880553842158 0.0032683786034568203 0.00021041138459209553 0.011767546886329435 -0.0029828977276799957 0.011306970749991317 0.014120997947574843 0.0024997648525665137 -0.010089731251431259 -0.0052884993994414759 0.010395962256720695 0.010554661561269029 0.0025496071006344215 -0.00021805611419561545 -0.00079299227603740134 -0.0041637037539684106 0.022788538612237546 -0.0086752340460992949 -0.00056774213997983771 0.0069090629002326754 -0.011164672807669458 0.0018033427120851013 0.014355875806055133 0.0098598172473179334 -0.0039150360968566158 -0.00070951598314889831 0.00062821171068826805 -0.01050018602434495
leaf_weight=18.563791062682867 107.33794338535517 10.224373761564491 73.388729813508689 134.23267224431038 8155.6720341295004 178.78584751486778 170.76019756495953 305.40378649532795 135.99127990007401 2344.3070657551289 209.86711399257183 481.65097047388554 153.48968183994293 118.13688650354743 156.99943276774138 139.83305380959064 852.46211190801114 48.104887803085148 76.399472289718688 504.49281158857048 29030.814171161503 1146.5635024085641 338.91363409161568 1734.0555021651089 167.14736125618219 132.46001850068569 412.42218291014433 2235.0225810445845 292.11527165770531 113.33138860762119
leaf_count=1060 1891 529 4292 552 33522 772 699 1247 558 9604 863 1967 628 883 2628 2482 13687 795 1231 8443 164585 6644 2123 10910 1022 815 2568 13551 1814 753
internal_value=-7.79311e-05 -0.0193434 -0.0243972 -3.769e-05 0.000976723 0.0024883 0.00206733 0.00306443 0.00216578 0.0031478 -0.00488998 -0.001803 0.00337514 -0.000368704 -0.00292427 -0.010507 -0.00176896 0.00109878 0.013946 -0.0059222 -0.000233645 -0.000270033 0.00104482 0.00327856 -0.000831888 -0.00469083 -0.000426084 0.000433399 0.00586269 0.00103802
internal_weight=49978.9 102.177 91.9525 49876.8 12270.2 4114.49 3935.7 3129.8 2824.4 2480.3 344.1 805.901 324.25 37606.6 1885.63 247.171 1638.46 976.966 124.504 661.492 35721 35602.8 6572.03 2993.95 3578.08 883.796 544.882 2694.29 459.263 1847.39
internal_count=293118 5881 5352 287237 50412 16890 16118 12824 11577 10162 1415 3294 1327 236825 31157 4373 26784 15713 2026 11071 205668 204785 40200 18307 21893 5506 3383 16387 2836 11663
cat_boundaries=0 1 2 3 4 5 6 7 8 9 10
cat_threshold=57370 10176640 1657530 25297390 901120 10334624 33 2066 18 20988480
is_linear=0
shrinkage=0.05


Tree=98
num_leaves=31
num_cat=4
split_feature=11 6 11 11 14 14 6 7 13 13 12 13 4 11 13 13 4 2 0 5 14 14 4 4 7 1 2 12 12 14
split_gain=11.962 8.04747 9.81334 10.9878 9.8651 9.10974 8.92712 7.81857 7.7991 8.12315 6.10506 6.09044 6.04432 6.03558 5.92018 9.49639 7.01777 5.51498 10.9377 6.28327 9.66577 5.95367 5.54602 5.30312 5.11236 8.79189 6.00687 5.89107 8.64774 5.06401
threshold=1.8650000095367434 0.18500000238418582 6.055000066757203 5.4549999237060556 -0.0022018703166395421 -0.011923024430871008 0.19500000029802325 0.015000000596046449 -0.059166666120290749 -0.050833333283662789 0.42004999518394476 -0.047499999403953545 0.60979351401329052 6.4449999332427987 -0.064166665077209459 0.0091666667722165602 0.13004687428474429 0 1 0.27678284049034124 0.0029928728472441439 -0.013812277000397442 0.23071108013391498 0.10823465511202814 -0.044999999925494187 2 3 0.26099999248981481 0.21065000444650653 -0.01088079623878002
decision_type=2 2 2 2 10 8 2 2 2 2 2 2 2 2 2 2 2 1 1 2 10 10 2 2 2 1 1 2 2 8
left_child=14 5 3 17 6 8 12 -4 10 -10 -2 -11 -5 -9 -1 16 -16 18 19 20 21 -3 23 -20 25 27 -27 28 -7 -26
right_child=1 2 7 4 -6 24 -8 13 9 11 -12 -13 -14 -15 15 -17 -18 -19 22 -21 -22 -23 -24 -25 29 26 -28 -29 -30 -31
leaf_value=-0.034944254803720286 -0.00099934402030242976 0.0074209228836003482 0.0058607044684521369 0.0028077658200053885 -0.0030312375644721288 0.0018880554662488 0.02028146873007465 -0.014391978597545544 0.011711132893031294 -0.010164711657076489 -0.013130345346787857 0.0022521375775175928 0.01568211229879965 -0.00047206469203258647 -0.020371458515444304 -0.016933277339380107 0.0053686503746954786 0.00049409513873154823 -0.0084664364141276236 -0.0031223435290206997 0.01901249806780779 -0.0048478808569059686 -0.014814090911666781 0.0084317384205493881 -0.0074038070364107703 0.0061121387236391551 -0.0054668329661796819 0.0029363200467560743 0.021737182135909972 -0.00067036221210042043
leaf_weight=19.590074125677347 522.63997672870755 641.45943401753902 107.81220195069909 307.36045872420073 173.49530879408121 107.1343889106065 165.91169842332602 219.72930620238185 222.79458655416965 99.307261630892754 127.51344217546284 3999.2440278995782 128.33051480352879 120.24186166375875 30.746792173944414 146.14090012572706 136.38732420373708 5687.5047606267035 88.878723949193954 148.22341145575047 160.54430433362722 115.40635487064719 91.510921154171228 92.927475161850452 279.53720849938691 136.9493200648576 460.33228639885783 857.64397483877838 111.39129558950663 34400.712954252958
leaf_count=417 2510 3577 468 1488 879 578 837 1078 1084 488 604 21250 666 571 701 5232 4039 40303 566 759 937 632 569 586 1509 649 2396 4430 592 192210
internal_value=-9.92086e-05 -3.55881e-05 0.00139005 0.00180367 0.00744565 -0.000320227 0.0104671 -0.00579224 0.00168681 0.00245509 -0.00341155 0.00194647 0.00665417 -0.0095003 -0.00951758 -0.00771599 0.00044848 0.00117935 0.00405116 0.00633538 0.00793581 0.00554234 -0.00474663 0.000168573 -0.000594774 0.00210289 -0.00274383 0.00477412 0.0121113 -0.00072506
internal_weight=49907.4 49574.5 8249.34 7801.55 775.098 41325.2 601.603 447.783 4971.5 4321.35 650.153 4098.55 435.691 339.971 332.865 313.275 167.134 7026.46 1338.95 1065.63 917.41 756.866 273.317 181.806 36353.7 1673.45 597.282 1076.17 218.526 34680.3
internal_count=292605 282216 53916 51799 3870 228300 2991 2117 25936 22822 3114 21738 2154 1649 10389 9972 4740 47929 7626 5905 5146 4209 1721 1152 202364 8645 3045 5600 1170 193719
cat_boundaries=0 1 2 3 4
cat_threshold=2 37 7 9
is_linear=0
shrinkage=0.05


Tree=99
num_leaves=31
num_cat=10
split_feature=3 16 3 6 11 16 11 6 11 11 11 10 16 14 2 3 3 16 16 11 2 16 7 0 12 14 5 11 16 3
split_gain=9.65056 11.0245 8.5147 7.14708 6.44493 5.49762 7.28171 6.70059 10.6454 10.5089 8.54052 6.42832 11.3934 9.04812 9.23778 6.23927 8.99553 6.90924 6.67507 6.19674 6.01284 8.45492 7.62608 7.33431 7.45683 7.22812 7.02974 10.5833 11.6875 11.2877
threshold=-3.3434716463088985 0 -1.0159750580787656 0.17500000447034839 1.8650000095367434 1 7.1349999904632577 0.14500000327825549 6.5250000953674325 5.1949999332427987 6.9749999046325692 -2.4999999999999996 2 -0.012983858119696377 3 -1.6460379958152769 -1.2691207528114317 4 5 6.0250000953674325 6 7 -0.0050000001210719338 8 0.2177500054240227 0.026021542958915237 0.028285114094614986 6.4149999618530282 9 -1.0706742405891416
decision_type=2 1 2 2 2 1 2 2 2 2 2 2 1 10 1 2 2 1 1 2 1 1 2 1 2 10 2 2 1 2
left_child=1 3 5 -1 -5 7 11 8 19 -9 -10 12 -7 14 -14 -8 18 -18 -17 -2 26 23 -23 -22 -25 -26 27 29 -29 -13
right_child=2 -3 -4 4 -6 6 15 9 10 -11 -12 20 13 -15 -16 16 17 -19 -20 -21 21 22 -24 24 25 -27 -28 28 -30 -31
leaf_value=-0.016091494474567907 -0.0030345679724669266 -0.02758627842726363 0.00091779720272692805 -0.0042436648648905345 0.044185150855483434 0.017917812343876283 0.015748734407808617 -0.00034235735025709134 0.0076835617413706274 0.003291247405034134 -0.0032649210604211915 -0.0033752633433848525 0.015644268651020986 -0.016206350976837598 -0.0094739301915008345 0.0056119216870383756 0.013262303123053971 -0.00057294118039591824 -0.010035809858916146 -0.011399154207887743 -0.00059088449676596361 -0.0031186816131703425 0.00021132518432836198 -0.012316331126827547 -0.0037439297373363899 -0.016924813018665878 0.00013804663556935587 0.015363517879127715 -0.0024541061898092189 -0.021905752367305725
leaf_weight=19.548972527496517 771.61716520506889 54.853584660217166 14142.123341888189 11.956664450466635 13.189370051026343 110.97898390702903 95.639135099947453 5244.7345819249749 368.53482067212462 3204.0172281768173 341.37598596513271 2099.13983460702 78.786931892856956 67.282040007412434 52.495129042305052 98.715204328298569 197.24686425924301 165.58413033187389 177.77447149157524 309.86706299334764 1194.9996476070955 2710.3266641274095 4695.3952375780791 333.67591263912618 2288.3625362999737 107.19697429426014 10551.642975192517 145.97820235043764 218.43587357550859 83.632737219333649
leaf_count=1195 5242 3453 58459 710 489 1223 710 36977 2007 17594 1839 13602 876 770 654 532 909 755 959 1681 7232 16069 30576 2217 14668 763 68505 752 1138 364
internal_value=-0.000151871 -0.01555 -0.000120503 0.00467699 0.0225417 -0.000531686 -0.000924779 0.000446624 -0.00232893 0.00103607 0.00242437 -0.00107097 0.00606651 -0.00148903 0.00607188 0.00397285 0.00216761 0.00732764 -0.00460777 -0.00544781 -0.0011619 -0.00200466 -0.00100654 -0.00387949 -0.00531052 -0.00434738 -0.000430886 -0.00278762 0.00508055 -0.00410466
internal_weight=49955.1 99.5486 49855.6 44.695 25.146 35713.4 25473.3 10240.1 1791.4 8448.75 709.911 24738.3 309.543 198.564 131.282 734.96 639.321 362.831 276.49 1081.48 24428.8 11330 7405.72 3924.24 2729.24 2395.56 13098.8 2547.19 364.414 2182.77
internal_count=292920 5847 287073 2394 1199 228614 163274 65340 10769 54571 3846 159409 3523 2300 1530 3865 3155 1664 1491 6923 155886 71525 46645 24880 17648 15431 84361 15856 1890 13966
cat_boundaries=0 1 2 3 4 5 6 7 8 9 10
cat_threshold=25650202 282796 21176384 26 28910096 25201920 38 17997840 26 20056144
is_linear=0
shrinkage=0.05


Tree=100
num_leaves=31
num_cat=10
split_feature=3 14 11 3 14 16 16 2 14 1 12 11 11 15 14 1 16 12 3 11 16 12 7 4 16 7 4 2 13 16
split_gain=17.3627 9.6446 9.32137 6.98191 6.90401 6.52478 6.22136 6.90305 8.5613 7.20711 7.24628 5.80383 11.4374 6.26691 9.9734 7.09727 8.46446 8.96266 7.53292 5.64505 6.46822 6.82882 5.62419 6.88535 10.7016 6.5932 8.75551 8.06984 5.59909 5.45881
threshold=-1.6666071414947508 0.049185009673237808 1.4450000524520876 -0.88341516256332386 -0.040020124986767762 0 1 2 -0.018689638003706929 3 0.40039999783039099 4.9949998855590829 4.4049999713897714 1.0000000180025095e-35 -0.0043576641473919145 4 5 0.34295000135898596 -0.83261695504188526 6.5950000286102304 6 0.31590001285076147 0.035000000149011619 0.54084765911102306 7 0.0050000001210719356 0.32284326851367956 8 0.014166666660457851 9
decision_type=2 10 2 2 8 1 1 1 8 1 2 2 2 2 8 1 1 2 2 2 1 2 2 2 1 2 2 1 2 1
left_child=2 3 29 5 -5 -2 7 9 -9 -6 19 12 -8 15 -15 16 17 -13 -18 20 21 -11 23 25 -25 26 -10 -28 -17 -1
right_child=1 -3 -4 4 6 -7 11 8 22 10 -12 13 -14 14 -16 28 18 -19 -20 -21 -22 -23 -24 24 -26 -27 27 -29 -30 -31
leaf_value=-0.0012048407112290609 -0.0010925029215081133 -0.011541238422204668 -0.0018164179001858708 -0.0087303855605914988 0.0087003840515132852 0.00049722131074075556 -0.0038224722304548674 0.013398236080955656 -0.00057468740785038828 0.0009176003891887218 0.010959495718400887 0.0058322967192210211 0.010660689456950999 -0.012135298613617243 -0.00084729632801399551 0.0010647821717026018 -0.0018768862144832154 -0.009517251537343497 0.011555742207788648 -0.006395117515637626 -0.0015968942323450076 0.017362983601077086 0.0098795174242521239 0.005773590377491894 -0.010970885834580573 -0.0074345693089216212 0.017738805625210775 0.001348027883498601 -0.005835192469947942 -0.024155984198572018
leaf_weight=53.376830706372857 9081.4983889758587 168.54374952614307 10210.558768140152 154.24167142808437 907.23644073307514 22229.065541528165 216.51589323580265 128.59661595523357 547.20313464105129 126.2530642747879 201.43769979476929 205.16856561601162 362.21276287734509 237.69896806776524 1067.5516683608294 1068.3600327074528 134.48414693772793 173.84751431643963 456.38717930018902 220.14654015004635 341.99889999628067 124.71784603595734 132.18146575987339 130.26521384716034 304.78958694636822 172.79787400364876 148.37353713810444 158.60202670097351 403.41008266806602 62.692813101224601
leaf_count=2385 45178 867 97772 626 3693 110288 881 522 2223 512 816 834 1473 966 4346 4344 553 706 1851 896 1386 506 536 531 1241 700 604 648 1646 3162
internal_value=-0.000152595 0.000323539 -0.00197832 0.000374831 0.0016807 3.5898e-05 0.00188432 0.00340212 0.00108425 0.00546037 0.00249525 0.000595259 0.0052477 -0.000124161 -0.00291837 0.00137072 0.00465993 -0.00119002 0.00836138 0.000407222 0.00294567 0.00881423 8.22015e-05 -0.000815855 -0.00607265 0.00141854 0.00322268 0.00995163 -0.000826237 -0.0159486
internal_weight=49930.2 39603.6 10326.6 39435 8124.48 31310.6 7970.24 3644.6 1722.81 1921.79 1014.55 4325.64 578.729 3746.91 1305.25 2441.66 969.887 379.016 590.871 813.116 592.97 250.971 1594.21 1462.03 435.055 1026.98 854.179 306.976 1471.77 116.07
internal_count=292692 189373 103319 188506 33040 155466 32414 14814 7005 7809 4116 17600 2354 15246 5312 9934 3944 1540 2404 3300 2404 1018 6483 5947 1772 4175 3475 1252 5990 5547
cat_boundaries=0 1 2 3 4 5 6 7 8 9 10
cat_threshold=19015824 11221192 38 3 5 4227334 143432 12416 17 15927386
is_linear=0
shrinkage=0.05


Tree=101
num_leaves=31
num_cat=13
split_feature=3 16 11 6 13 16 16 2 5 2 16 3 13 16 10 16 3 3 7 13 16 16 12 14 2 16 16 12 12 4
split_gain=8.15671 12.6365 7.98222 6.81153 9.42402 18.9715 9.22785 10.5589 9.11698 8.54163 11.5123 11.3066 8.12188 15.7838 8.01218 9.32066 7.48361 9.62789 7.59954 7.46297 12.0994 9.37111 6.73577 6.59133 6.06618 11.5548 6.37567 6.79107 8.60573 8.31471
threshold=-3.1634954214096065 0 1.7450000047683718 0.18500000238418582 0.057500001043081291 1 2 3 0.2797237783670426 4 5 -1.1303491592407224 0.10750000178813936 6 -1.4999999999999998 7 -0.93458181619644154 -1.4963819384574888 0.035000000149011619 0.010833333246409895 8 9 0.40545000135898596 -0.063003424555063234 10 11 12 0.34789998829364782 0.38594999909400945 0.62258684635162365
decision_type=2 1 2 2 2 1 1 1 2 1 1 2 2 1 2 1 2 2 2 2 1 1 2 10 1 1 1 2 2 2
left_child=1 2 -1 12 6 -6 7 8 14 10 -8 24 -2 -14 15 -5 17 18 -16 20 -13 -21 -9 -4 25 -11 27 29 -29 -26
right_child=3 -3 23 4 5 -7 9 22 -10 11 -12 19 13 -15 16 -17 -18 -19 -20 21 -22 -23 -24 -25 26 -27 -28 28 -30 -31
leaf_value=-0.012925329652384056 -0.00025173439515565005 -0.022221100452984855 0.037462193712488774 0.020214112226046854 -0.012935868699168313 0.002448981828635715 0.005890432341118728 0.0050705315176966534 -0.011902518581959644 0.001929481584691295 -0.010818159166627962 0.0087847843139977327 0.002319367535859514 -0.016265091106323609 0.0093113949080820355 0.00029687285550731261 0.013734957517123385 -0.0094189559504860732 -0.0054837754951030963 0.0030780921494648621 -0.0040179590842507268 0.020881193985430632 0.013461890202028357 -0.0042290509890107898 0.0087479300976998475 -0.011903854131772959 -0.0020386316724194968 -0.0086033835247394663 0.0038655141130380616 -0.0023533674735029672
leaf_weight=28.386222133412957 40914.643914713524 88.77131343446672 22.181557113304734 100.95043353922665 326.31030172482133 487.6962826885283 140.31538007967174 1490.1219490300864 135.82605078630149 305.94811785966158 334.25956984609365 384.35819363594055 229.69250959716737 215.70641434565187 199.37144544348121 133.77462850511074 76.887970164418221 283.04812562465668 150.78379611298442 168.04284203052521 337.10989573597908 143.55078369379044 284.4541875552386 14.984093077480791 626.43473937548697 285.3483109716326 1150.3772724959999 233.32607079856098 334.02183621004224 229.55888393893838
leaf_count=1940 225871 4806 773 821 2557 3749 731 9349 892 1984 1731 1610 1571 1502 1700 1059 314 1389 1384 715 1418 607 1696 546 4960 1854 8823 1798 2493 1745
internal_value=-9.79962e-05 -0.0115014 0.00569059 -6.21276e-05 0.00124106 -0.00386344 0.0017939 0.00402618 0.000111543 0.000419216 -0.00585457 0.00114311 -0.000325013 -0.00702526 0.00186135 0.00982773 -0.000792196 -0.00259388 0.00294534 0.00568226 0.00287395 0.0121248 0.00639327 0.0212959 -0.000337516 -0.00485021 0.000718252 0.00294484 -0.00127462 0.00577226
internal_weight=49856.2 154.323 65.5519 49701.9 8341.88 814.007 7527.87 2855.22 1080.64 4672.65 474.575 4198.08 41360 445.399 944.816 234.725 710.091 633.203 350.155 1033.06 721.468 311.594 1774.58 37.1657 3165.02 591.296 2573.72 1423.34 567.348 855.994
internal_count=292388 8065 3259 284323 55379 6306 49073 18604 7559 30469 2462 28007 228944 3073 6667 1880 4787 4473 3084 4350 3028 1322 11045 1319 23657 3838 19819 10996 4291 6705
cat_boundaries=0 1 2 3 4 5 6 7 8 9 10 11 12 13
cat_threshold=29574214 5189972 6033720 24 1 25165892 14841620 1839104 2286210 8562306 4 19049474 25265856
is_linear=0
shrinkage=0.05


Tree=102
num_leaves=31
num_cat=11
split_feature=3 16 7 4 3 5 6 16 16 14 15 2 12 12 10 2 3 16 6 0 4 2 16 10 12 16 15 14 0 3
split_gain=10.7838 9.00148 8.76927 7.07894 6.31435 6.4245 5.66393 11.1448 7.66482 6.85812 10.4202 7.71854 6.99041 8.52011 6.83755 11.4776 7.62671 15.4369 7.47737 6.43425 6.37478 7.54368 6.15758 6.05923 5.7885 8.17827 5.7189 5.65865 7.31973 7.2881
threshold=-1.9729580283164976 0 -0.10833333432674407 0.066811952739954009 -3.3434716463088985 0.28608337044715887 0.16499999910593036 1 2 0.014139927458018066 1.5000000000000002 3 0.41335000097751623 0.39335000514984136 -1.0000000180025095e-35 4 -1.0159750580787656 5 0.13499999791383746 6 0.73956727981567394 7 8 -2.4999999999999996 0.3376500010490418 9 1.0000000180025095e-35 0.015136813744902613 10 -0.97044584155082692
decision_type=2 1 2 2 2 2 2 1 1 8 2 1 2 2 2 1 2 1 2 1 2 1 1 2 2 1 2 10 1 2
left_child=1 -1 -2 -3 5 -5 8 9 -4 10 12 24 13 -8 16 -16 18 20 22 -19 21 -18 -10 -9 25 26 -11 -25 -29 -30
right_child=2 3 6 4 -6 -7 7 23 14 11 -12 -13 -14 -15 15 -17 17 19 -20 -21 -22 -23 -24 27 -26 -27 -28 28 29 -31
leaf_value=-0.0048709528982898674 0.014659731856162261 -0.011493822575873121 -0.0015727559105118958 -0.023492255840605564 0.00055294372445155438 0.018673230970648023 0.0060841892623461902 0.011587400022508475 0.0012026141223553948 0.0021462913884365219 -0.010330023364840266 -7.90053811476767e-05 -0.0010570203361833781 0.019575543003784085 -0.0055998005856034844 0.00011235270728009399 0.016601185361445329 0.011196764697951344 0.0012461670064395271 -0.00048406628259317912 0.020134458091187045 0.0030428974303146868 -0.011599975079297917 0.00032044982563247888 0.0073727662959997657 -0.0032172068267994334 0.013947990789489322 0.0035701944131042527 -0.0076679816396002815 0.0036534556549545245
leaf_weight=1869.9388363137841 104.45120552927256 134.4279164550826 7268.775708027184 47.17739028763026 2587.6600304767489 9.4892896860837919 1506.5333017036319 111.60896131396294 168.66161426156759 291.81408409029245 103.21119856089354 2827.7591758146882 308.35955393314362 125.52392216771841 943.21883078664541 11081.201141037047 156.32805891335011 122.18456713855267 3978.7133320719004 968.62949219346046 145.0939305126667 306.19138690829277 205.47440713644028 11926.739293761551 777.89227629452944 454.72787142544985 157.12597744911909 291.15054947882891 738.15160863101482 174.66413640975952
leaf_count=25270 626 1635 36145 2933 31751 503 7881 658 931 1595 542 14975 1597 634 4233 53591 650 506 22384 4015 601 1268 1135 62490 4150 2504 854 1601 4276 723
internal_value=9.01015e-05 -0.00220262 0.000325758 -0.000385877 0.000185612 -0.0160354 0.000291942 0.000925637 -0.000203038 0.00260989 0.00501541 0.00152375 0.00584143 0.00714452 0.000348557 -0.000341139 0.00171928 0.00455889 0.000609712 0.000931928 0.0108525 0.00810013 -0.00612925 8.98777e-05 0.00419147 0.001489 0.00618323 -9.53083e-06 -0.0032735 -0.00543896
internal_weight=49892.9 4648.69 45244.2 2778.75 2644.33 56.6667 45139.7 19795.3 25344.5 6552.95 2043.63 4509.32 1940.42 1632.06 18075.7 12024.4 6051.28 1698.43 4352.85 1090.81 607.613 462.519 374.136 13242.3 1681.56 903.668 448.94 13130.7 1203.97 912.816
internal_count=292657 62092 230565 36822 35187 3436 229939 104480 125459 34732 10654 24078 10112 8515 89314 57824 31490 7040 24450 4521 2519 1918 2066 69748 9103 4953 2449 69090 6600 4999
cat_boundaries=0 1 2 3 4 5 6 7 8 9 10 11
cat_threshold=846474 1067674 3166360 20 1 13173792 4 49 4859424 18562 10
is_linear=0
shrinkage=0.05


Tree=103
num_leaves=31
num_cat=10
split_feature=3 16 14 16 2 12 16 13 3 12 3 7 12 15 1 16 7 14 12 1 7 16 3 7 3 5 12 16 3 16
split_gain=7.59173 7.64993 7.05294 6.15552 9.80799 7.27551 8.99311 10.5795 11.1222 10.1551 9.69505 8.36074 7.73453 7.4347 6.83636 17.9347 7.38191 6.67452 7.00116 6.46766 8.34909 6.41041 6.99603 6.29886 12.1498 10.7456 9.80136 11.2115 7.79638 7.30003
threshold=-3.1634954214096065 0 0.0025720417033880953 1 2 0.34945000708103185 3 -0.015833333600312468 -1.3899106979370115 0.44245000183582311 -1.236631393432617 0.015000000596046449 0.39335000514984136 1.0000000180025095e-35 4 5 -0.0083333333022892458 0.032609004527330405 0.34945000708103185 6 -0.0050000001210719338 7 -1.1568799018859861 0.028333333320915702 -1.625059127807617 0.027654261328279976 0.24145000427961352 8 -1.9943848848342893 9
decision_type=2 1 10 1 1 2 1 2 2 2 2 2 2 2 1 1 2 10 2 1 2 1 2 2 2 2 2 1 2 1
left_child=1 -1 -3 4 5 14 7 8 -7 11 12 -9 -8 -12 15 -2 -16 -6 21 -14 -21 -19 -23 25 28 -18 27 -27 29 -25
right_child=3 2 -4 -5 17 6 10 9 -10 -11 13 -13 19 -15 16 -17 23 18 -20 20 -22 22 -24 24 -26 26 -28 -29 -30 -31
leaf_value=-0.022447860427860261 0.007255268055489034 0.0072265665601713635 -0.026229594606421516 -0.00052909346189550417 0.0002780115565644441 -0.008536349921151893 -0.0066524810258567395 0.014180131169609462 0.011284351810986425 0.0012464802365768012 0.014762896347538166 0.033285994506831763 0.012095098547978533 -0.00085722097315987116 0.0053476389360505687 -0.014812453814226601 -0.015140357671129104 -0.0083915636151621342 -0.014361033633369916 0.0097202427215890563 -0.0093819785210161842 -0.0034187576034375357 0.015371537893781132 -0.0097345564553259004 -0.0074237835680532258 0.019937649750622483 -0.0035112948710706825 -0.0037472561264412819 0.031142546117140929 0.017007370083871542
leaf_weight=63.588659251108766 154.29026416316628 69.844271304085851 18.176902958191931 25140.159566980787 19910.609117873944 133.86217684671283 336.03663190733641 273.50522378645837 145.81660187244415 115.34426729939878 210.86749128997326 73.24192276969552 132.15777749475092 118.30764122307301 950.60216397419572 200.72978395409882 140.39255163259804 173.94189711473882 152.74234533682466 95.924287362024188 135.61944402568042 115.36130402423441 84.068052470684052 35.721978101879358 89.202372968196869 99.401656612753868 552.24980139546096 89.886709239333868 51.309140309691429 47.798632917925715
leaf_count=3705 1012 3395 986 144110 108319 1051 2757 1811 645 789 912 637 1008 512 5987 1350 945 1069 871 702 1125 827 364 517 436 813 4451 718 370 685
internal_value=-1.31524e-05 -0.0111116 -0.000100425 2.11084e-05 0.000582933 0.0027855 0.00522409 0.00937383 0.00180435 0.0141297 0.00210866 0.0183835 -0.0012034 0.00917765 0.00100368 -0.00529827 0.00211114 0.00013082 -0.00541708 0.00384004 -0.00139316 -0.00170118 0.0043597 -0.000656282 0.00679364 -0.00255984 -0.000143695 0.00961528 0.0161708 0.00646002
internal_weight=49910.8 151.61 88.0212 49759.2 24619 4182.27 1770.68 741.77 279.679 462.091 1028.91 346.747 699.738 329.175 2411.59 355.02 2056.57 20436.7 526.114 363.702 231.544 373.371 199.429 1105.96 224.032 881.931 741.538 189.288 134.83 83.5206
internal_count=292879 8086 4381 284793 140683 29233 11949 4933 1696 3237 7016 2448 5592 1424 17284 2362 14922 111450 3131 2835 1827 2260 1191 8935 2008 6927 5982 1531 1572 1202
cat_boundaries=0 1 2 3 4 5 6 7 8 9 10
cat_threshold=1620396 3254652 32 41048 16 2097272 9 1116180 1155140 32876
is_linear=0
shrinkage=0.05


end of trees

feature_importances:
lq3=707
jcd=699
mot_pure=240
n_win=214
tenji_dev=196
m_2ren=195
lane=166
q2ab=149
avg_st_vs_oth=139
avg_st=99
second=97
q1a=96
winner=77
cls_gap=35
f_count=11

parameters:
[boosting: gbdt]
[objective: binary]
[metric: binary_logloss]
[tree_learner: serial]
[device_type: cpu]
[data_sample_strategy: bagging]
[data: ]
[valid: ]
[num_iterations: 2000]
[learning_rate: 0.05]
[num_leaves: 31]
[num_threads: 0]
[seed: 42]
[deterministic: 0]
[force_col_wise: 0]
[force_row_wise: 0]
[histogram_pool_size: -1]
[max_depth: -1]
[min_data_in_leaf: 500]
[min_sum_hessian_in_leaf: 0.001]
[bagging_fraction: 0.8]
[pos_bagging_fraction: 1]
[neg_bagging_fraction: 1]
[bagging_freq: 1]
[bagging_seed: 400]
[bagging_by_query: 0]
[feature_fraction: 0.8]
[feature_fraction_bynode: 1]
[feature_fraction_seed: 30056]
[extra_trees: 0]
[extra_seed: 12879]
[early_stopping_round: 0]
[early_stopping_min_delta: 0]
[first_metric_only: 0]
[max_delta_step: 0]
[lambda_l1: 0]
[lambda_l2: 2]
[linear_lambda: 0]
[min_gain_to_split: 0]
[drop_rate: 0.1]
[max_drop: 50]
[skip_drop: 0.5]
[xgboost_dart_mode: 0]
[uniform_drop: 0]
[drop_seed: 17869]
[top_rate: 0.2]
[other_rate: 0.1]
[min_data_per_group: 100]
[max_cat_threshold: 32]
[cat_l2: 10]
[cat_smooth: 10]
[max_cat_to_onehot: 4]
[top_k: 20]
[monotone_constraints: ]
[monotone_constraints_method: basic]
[monotone_penalty: 0]
[feature_contri: ]
[forcedsplits_filename: ]
[refit_decay_rate: 0.9]
[cegb_tradeoff: 1]
[cegb_penalty_split: 0]
[cegb_penalty_feature_lazy: ]
[cegb_penalty_feature_coupled: ]
[path_smooth: 0]
[interaction_constraints: ]
[verbosity: -1]
[saved_feature_importance_type: 0]
[use_quantized_grad: 0]
[num_grad_quant_bins: 4]
[quant_train_renew_leaf: 0]
[stochastic_rounding: 1]
[linear_tree: 0]
[max_bin: 255]
[max_bin_by_feature: ]
[min_data_in_bin: 3]
[bin_construct_sample_cnt: 200000]
[data_random_seed: 175]
[is_enable_sparse: 1]
[enable_bundle: 1]
[use_missing: 1]
[zero_as_missing: 0]
[feature_pre_filter: 1]
[pre_partition: 0]
[two_round: 0]
[header: 0]
[label_column: ]
[weight_column: ]
[group_column: ]
[ignore_column: ]
[categorical_feature: 0,1,2,16]
[forcedbins_filename: ]
[precise_float_parser: 0]
[parser_config_file: ]
[objective_seed: 16083]
[num_class: 1]
[is_unbalance: 0]
[scale_pos_weight: 1]
[sigmoid: 1]
[boost_from_average: 1]
[reg_sqrt: 0]
[alpha: 0.9]
[fair_c: 1]
[poisson_max_delta_step: 0.7]
[tweedie_variance_power: 1.5]
[lambdarank_truncation_level: 30]
[lambdarank_norm: 1]
[label_gain: ]
[lambdarank_position_bias_regularization: 0]
[eval_at: ]
[multi_error_top_k: 1]
[auc_mu_weights: ]
[num_machines: 1]
[local_listen_port: 12400]
[time_out: 120]
[machine_list_filename: ]
[machines: ]
[gpu_platform_id: -1]
[gpu_device_id: -1]
[gpu_use_dp: 0]
[num_gpu: 1]

end of parameters

pandas_categorical:null
